{"type":"FeatureCollection","features":[{"type":"Feature","properties":{"DATA_ULT_A":"2009/10/09","DATA_CRIAC":"2009/10/09","id":17,"name":"Campo Limpo","area":36.7,"pop_2010":607105,"pop_density_2010":16542,"budget_2015":60360531},"geometry":{"type":"Polygon","coordinates":[[[-46.79825401942419,-23.69670537384869],[-46.798207899520335,-23.696575052565418],[-46.79816177961648,-23.696509891923785],[-46.798069539808765,-23.696379570640513],[-46.797977300001044,-23.696184088715604],[-46.79788506019333,-23.696053767432332],[-46.79783894028947,-23.695988606790696],[-46.79783894028947,-23.69592344614906],[-46.79783894028947,-23.695858285507427],[-46.79788506019333,-23.69579312486579],[-46.79788506019333,-23.695727964224155],[-46.79793118009719,-23.69566280358252],[-46.79793118009719,-23.695597642940882],[-46.79793118009719,-23.69546732165761],[-46.79788506019333,-23.695337000374337],[-46.79783894028947,-23.695206679091065],[-46.79783894028947,-23.695141518449432],[-46.79783894028947,-23.695076357807796],[-46.79783894028947,-23.69501119716616],[-46.79783894028947,-23.694946036524524],[-46.79788506019333,-23.694880875882887],[-46.79793118009719,-23.69481571524125],[-46.798069539808765,-23.694620233316343],[-46.798069539808765,-23.694555072674707],[-46.79811565971262,-23.694489912033074],[-46.79811565971262,-23.694424751391438],[-46.79811565971262,-23.6943595907498],[-46.79816177961648,-23.694294430108165],[-46.7980234199049,-23.69422926946653],[-46.797977300001044,-23.694164108824893],[-46.79793118009719,-23.694164108824893],[-46.79783894028947,-23.69403378754162],[-46.79774670048176,-23.693968626899984],[-46.7977005805779,-23.693903466258348],[-46.79765446067404,-23.693903466258348],[-46.79765446067404,-23.693838305616715],[-46.7977005805779,-23.693707984333443],[-46.79779282038562,-23.693382181125262],[-46.79783894028947,-23.69325185984199],[-46.79788506019333,-23.693056377917085],[-46.797977300001044,-23.692730574708904],[-46.798069539808765,-23.692404771500726],[-46.79816177961648,-23.692078968292545],[-46.79825401942419,-23.691818325726004],[-46.79830013932805,-23.691622843801095],[-46.79839237913576,-23.691427361876187],[-46.79848461894348,-23.691297040592914],[-46.7985768587512,-23.69110155866801],[-46.798622978655054,-23.691036398026373],[-46.798853578174345,-23.690645434176556],[-46.79917641750135,-23.690254470326742],[-46.79936089711678,-23.68992866711856],[-46.79954537673221,-23.689733185193656],[-46.799914335963074,-23.689211900060567],[-46.79996045586693,-23.689211900060567],[-46.80000657577079,-23.689211900060567],[-46.800052695674644,-23.689211900060567],[-46.8000988155785,-23.68914673941893],[-46.8000988155785,-23.689081578777298],[-46.8000988155785,-23.68901641813566],[-46.800052695674644,-23.688951257494026],[-46.800283295193935,-23.688625454285845],[-46.80046777480936,-23.688364811719303],[-46.800698374328654,-23.688039008511122],[-46.800836734040224,-23.68777836594458],[-46.80088285394408,-23.687713205302945],[-46.8009750937518,-23.687713205302945],[-46.801067333559516,-23.687582884019672],[-46.801205693271086,-23.687322241453128],[-46.801344052982664,-23.687191920169855],[-46.801482412694234,-23.68699643824495],[-46.80157465250195,-23.686866116961678],[-46.80166689230966,-23.68667063503677],[-46.80175913211738,-23.686540313753497],[-46.801851371925096,-23.686409992470228],[-46.80189749182895,-23.686344831828592],[-46.80203585154052,-23.68621451054532],[-46.80125181317494,-23.68575838605387],[-46.801067333559516,-23.685628064770597],[-46.80111345346337,-23.68556290412896],[-46.80111345346337,-23.68543258284569],[-46.80111345346337,-23.685367422204052],[-46.80111345346337,-23.685171940279144],[-46.801067333559516,-23.685171940279144],[-46.801067333559516,-23.685106779637508],[-46.801067333559516,-23.685041618995875],[-46.801067333559516,-23.68497645835424],[-46.801067333559516,-23.684911297712603],[-46.801067333559516,-23.68478097642933],[-46.80102121365566,-23.68478097642933],[-46.80102121365566,-23.684715815787694],[-46.80102121365566,-23.684650655146058],[-46.80102121365566,-23.68458549450442],[-46.80102121365566,-23.684520333862785],[-46.80102121365566,-23.68445517322115],[-46.8009750937518,-23.68445517322115],[-46.8009750937518,-23.684259691296244],[-46.8009750937518,-23.684194530654608],[-46.80092897384794,-23.684194530654608],[-46.80088285394408,-23.684194530654608],[-46.800836734040224,-23.684129370012972],[-46.800698374328654,-23.684064209371336],[-46.800836734040224,-23.683933888088063],[-46.80102121365566,-23.683738406163158],[-46.801205693271086,-23.68354292423825],[-46.80115957336723,-23.683477763596613],[-46.801067333559516,-23.683412602954977],[-46.80092897384794,-23.683282281671705],[-46.8009750937518,-23.68321712103007],[-46.80102121365566,-23.683151960388432],[-46.8009750937518,-23.683151960388432],[-46.80102121365566,-23.683086799746796],[-46.801067333559516,-23.683086799746796],[-46.80102121365566,-23.683021639105164],[-46.8009750937518,-23.682956478463527],[-46.80092897384794,-23.68289131782189],[-46.80088285394408,-23.682826157180255],[-46.80088285394408,-23.68276099653862],[-46.800836734040224,-23.68276099653862],[-46.800836734040224,-23.682695835896983],[-46.800836734040224,-23.68276099653862],[-46.80079061413637,-23.682630675255346],[-46.80074449423251,-23.682630675255346],[-46.800698374328654,-23.68256551461371],[-46.80074449423251,-23.68256551461371],[-46.800698374328654,-23.682500353972074],[-46.800698374328654,-23.682435193330438],[-46.80060613452094,-23.682239711405533],[-46.80060613452094,-23.68230487204717],[-46.800560014617076,-23.682239711405533],[-46.800560014617076,-23.68210939012226],[-46.80051389471322,-23.682044229480624],[-46.80051389471322,-23.681979068838988],[-46.80046777480936,-23.68191390819735],[-46.80046777480936,-23.681848747555716],[-46.800421654905506,-23.681718426272447],[-46.80046777480936,-23.681718426272447],[-46.80046777480936,-23.68165326563081],[-46.80046777480936,-23.681588104989174],[-46.80046777480936,-23.681522944347538],[-46.80046777480936,-23.681457783705902],[-46.80051389471322,-23.681457783705902],[-46.800421654905506,-23.681392623064266],[-46.80032941509779,-23.68132746242263],[-46.800283295193935,-23.68132746242263],[-46.80023717529007,-23.68132746242263],[-46.800191055386215,-23.68132746242263],[-46.800191055386215,-23.681262301780993],[-46.79996045586693,-23.681197141139357],[-46.79982209615535,-23.68113198049772],[-46.79982209615535,-23.681066819856085],[-46.79986821605921,-23.681066819856085],[-46.799914335963074,-23.681066819856085],[-46.799914335963074,-23.681001659214452],[-46.799914335963074,-23.680936498572816],[-46.79996045586693,-23.680806177289544],[-46.79996045586693,-23.680741016647907],[-46.79996045586693,-23.68067585600627],[-46.80000657577079,-23.68067585600627],[-46.80000657577079,-23.680610695364635],[-46.800052695674644,-23.680610695364635],[-46.800052695674644,-23.680545534723],[-46.800052695674644,-23.680480374081363],[-46.800052695674644,-23.680415213439726],[-46.800052695674644,-23.680350052798094],[-46.80000657577079,-23.680350052798094],[-46.80000657577079,-23.680284892156457],[-46.800052695674644,-23.680284892156457],[-46.8000988155785,-23.680284892156457],[-46.80014493548236,-23.68021973151482],[-46.8000988155785,-23.680154570873185],[-46.80014493548236,-23.680154570873185],[-46.80014493548236,-23.68008941023155],[-46.80014493548236,-23.680024249589913],[-46.80014493548236,-23.679959088948277],[-46.80014493548236,-23.67989392830664],[-46.80014493548236,-23.679828767665004],[-46.80014493548236,-23.679763607023368],[-46.80014493548236,-23.679698446381735],[-46.80014493548236,-23.6796332857401],[-46.80014493548236,-23.679568125098463],[-46.80014493548236,-23.679502964456827],[-46.80014493548236,-23.67943780381519],[-46.80014493548236,-23.679372643173554],[-46.80014493548236,-23.679307482531918],[-46.800191055386215,-23.679307482531918],[-46.800191055386215,-23.679242321890282],[-46.800191055386215,-23.679177161248646],[-46.80023717529007,-23.67911200060701],[-46.800191055386215,-23.67911200060701],[-46.800191055386215,-23.679046839965373],[-46.80023717529007,-23.67898167932374],[-46.80023717529007,-23.678916518682104],[-46.800191055386215,-23.678916518682104],[-46.800191055386215,-23.67885135804047],[-46.800191055386215,-23.678786197398832],[-46.800191055386215,-23.678721036757196],[-46.800191055386215,-23.67865587611556],[-46.800191055386215,-23.678590715473923],[-46.800191055386215,-23.678525554832287],[-46.800191055386215,-23.67846039419065],[-46.800191055386215,-23.678395233549015],[-46.80014493548236,-23.678330072907382],[-46.8000988155785,-23.678264912265746],[-46.800052695674644,-23.67819975162411],[-46.80000657577079,-23.678134590982474],[-46.80000657577079,-23.678069430340837],[-46.79996045586693,-23.6780042696992],[-46.799914335963074,-23.677939109057565],[-46.79986821605921,-23.67787394841593],[-46.79982209615535,-23.677808787774293],[-46.79972985634764,-23.677678466491024],[-46.79959149663607,-23.67754814520775],[-46.79954537673221,-23.677482984566115],[-46.79945313692449,-23.677352663282843],[-46.799407017020634,-23.677352663282843],[-46.79936089711678,-23.677287502641207],[-46.79931477721292,-23.677287502641207],[-46.79931477721292,-23.67722234199957],[-46.799268657309064,-23.677157181357934],[-46.799268657309064,-23.677092020716298],[-46.79922253740521,-23.677026860074665],[-46.79917641750135,-23.67696169943303],[-46.799130297597486,-23.67696169943303],[-46.799130297597486,-23.676896538791393],[-46.79903805778977,-23.676831378149757],[-46.798991937885916,-23.67676621750812],[-46.79894581798206,-23.67676621750812],[-46.79894581798206,-23.676701056866484],[-46.7988996980782,-23.676635896224848],[-46.798853578174345,-23.676570735583212],[-46.79880745827049,-23.676505574941576],[-46.798761338366624,-23.67644041429994],[-46.798761338366624,-23.676375253658303],[-46.798761338366624,-23.67631009301667],[-46.798761338366624,-23.676244932375035],[-46.79880745827049,-23.676114611091762],[-46.79880745827049,-23.676049450450126],[-46.79880745827049,-23.675853968525217],[-46.798761338366624,-23.675723647241945],[-46.798761338366624,-23.675593325958676],[-46.798761338366624,-23.67552816531704],[-46.79871521846277,-23.675463004675404],[-46.79871521846277,-23.67533268339213],[-46.79871521846277,-23.675267522750495],[-46.79871521846277,-23.67520236210886],[-46.79866909855891,-23.675137201467223],[-46.798622978655054,-23.675072040825587],[-46.7985768587512,-23.675072040825587],[-46.79848461894348,-23.675072040825587],[-46.79843849903963,-23.675006880183954],[-46.798346259231906,-23.674941719542318],[-46.79825401942419,-23.674941719542318],[-46.798207899520335,-23.67487655890068],[-46.79816177961648,-23.674811398259045],[-46.79811565971262,-23.674811398259045],[-46.798069539808765,-23.67474623761741],[-46.7980234199049,-23.67474623761741],[-46.797977300001044,-23.674615916334137],[-46.79793118009719,-23.6745507556925],[-46.79788506019333,-23.674420434409228],[-46.79774670048176,-23.67429011312596],[-46.79765446067404,-23.674224952484323],[-46.797562220866325,-23.674159791842687],[-46.79746998105861,-23.674029470559415],[-46.797423861154755,-23.674029470559415],[-46.7973777412509,-23.67396430991778],[-46.797423861154755,-23.673899149276142],[-46.79746998105861,-23.673833988634506],[-46.79751610096247,-23.673833988634506],[-46.7973777412509,-23.673703667351234],[-46.79746998105861,-23.6736385067096],[-46.797423861154755,-23.673573346067965],[-46.79728550144318,-23.673443024784692],[-46.79723938153932,-23.673377864143056],[-46.797193261635464,-23.67331270350142],[-46.79714714173161,-23.673247542859784],[-46.79714714173161,-23.673182382218148],[-46.79710102182775,-23.67311722157651],[-46.79705490192389,-23.673052060934875],[-46.797008782020036,-23.673052060934875],[-46.79696266211618,-23.673052060934875],[-46.796916542212315,-23.67311722157651],[-46.79687042230846,-23.67311722157651],[-46.7968243024046,-23.67311722157651],[-46.796778182500745,-23.673052060934875],[-46.79673206259689,-23.672986900293242],[-46.79673206259689,-23.672921739651606],[-46.79673206259689,-23.67285657900997],[-46.796778182500745,-23.67285657900997],[-46.796778182500745,-23.672791418368334],[-46.7968243024046,-23.672726257726698],[-46.7968243024046,-23.67266109708506],[-46.7968243024046,-23.672595936443425],[-46.796778182500745,-23.67253077580179],[-46.79673206259689,-23.672465615160153],[-46.79668594269303,-23.672400454518517],[-46.796639822789174,-23.67233529387688],[-46.79659370288532,-23.67233529387688],[-46.796547582981454,-23.672270133235248],[-46.7965014630776,-23.67220497259361],[-46.79645534317374,-23.67220497259361],[-46.79645534317374,-23.672139811951975],[-46.79645534317374,-23.67207465131034],[-46.79645534317374,-23.671944330027067],[-46.79645534317374,-23.67187916938543],[-46.79645534317374,-23.671814008743794],[-46.79640922326988,-23.671814008743794],[-46.79640922326988,-23.67174884810216],[-46.796363103366026,-23.671683687460522],[-46.79627086355831,-23.67161852681889],[-46.796224743654456,-23.671553366177253],[-46.79617862375059,-23.671488205535617],[-46.79608638394288,-23.671357884252345],[-46.79608638394288,-23.67129272361071],[-46.79608638394288,-23.671227562969072],[-46.79604026403902,-23.671162402327436],[-46.795994144135165,-23.6710972416858],[-46.79594802423131,-23.671032081044164],[-46.79590190432745,-23.67096692040253],[-46.79590190432745,-23.670901759760895],[-46.795855784423594,-23.670771438477622],[-46.79580966451973,-23.670706277835986],[-46.79576354461587,-23.670575956552714],[-46.79567130480816,-23.67044563526944],[-46.79567130480816,-23.670380474627805],[-46.7956251849043,-23.67031531398617],[-46.7956251849043,-23.670250153344536],[-46.7956251849043,-23.6701849927029],[-46.795579065000446,-23.670119832061264],[-46.795579065000446,-23.670054671419628],[-46.795579065000446,-23.66998951077799],[-46.795579065000446,-23.669924350136355],[-46.795579065000446,-23.66985918949472],[-46.7956251849043,-23.669728868211447],[-46.7956251849043,-23.66966370756981],[-46.7956251849043,-23.669598546928178],[-46.795579065000446,-23.669533386286542],[-46.795579065000446,-23.669468225644906],[-46.79548682519273,-23.669272743719997],[-46.79548682519273,-23.66920758307836],[-46.79553294509659,-23.669142422436725],[-46.79553294509659,-23.66907726179509],[-46.79553294509659,-23.669012101153452],[-46.79553294509659,-23.66894694051182],[-46.79553294509659,-23.668881779870183],[-46.79553294509659,-23.668816619228547],[-46.79548682519273,-23.66875145858691],[-46.79548682519273,-23.668686297945275],[-46.79544070528887,-23.668686297945275],[-46.79539458538501,-23.668686297945275],[-46.79539458538501,-23.66862113730364],[-46.79539458538501,-23.668555976662002],[-46.795348465481155,-23.668555976662002],[-46.7953023455773,-23.668490816020366],[-46.79525622567344,-23.668490816020366],[-46.795210105769584,-23.66842565537873],[-46.795210105769584,-23.668360494737094],[-46.79516398586573,-23.668360494737094],[-46.79516398586573,-23.66829533409546],[-46.79516398586573,-23.668230173453825],[-46.79516398586573,-23.66816501281219],[-46.795210105769584,-23.668099852170553],[-46.7953023455773,-23.668034691528916],[-46.795348465481155,-23.66796953088728],[-46.79539458538501,-23.667904370245644],[-46.79539458538501,-23.667839209604008],[-46.795348465481155,-23.66777404896237],[-46.795348465481155,-23.667708888320735],[-46.7953023455773,-23.6676437276791],[-46.7953023455773,-23.667578567037467],[-46.795210105769584,-23.667448245754194],[-46.795210105769584,-23.667383085112558],[-46.79511786596186,-23.66731792447092],[-46.79511786596186,-23.667252763829286],[-46.79511786596186,-23.66718760318765],[-46.79511786596186,-23.667122442546013],[-46.79516398586573,-23.66699212126274],[-46.79516398586573,-23.666926960621108],[-46.795210105769584,-23.666861799979472],[-46.79525622567344,-23.666861799979472],[-46.7953023455773,-23.666796639337836],[-46.79539458538501,-23.6667314786962],[-46.79544070528887,-23.6667314786962],[-46.79548682519273,-23.666666318054563],[-46.79553294509659,-23.666601157412927],[-46.795579065000446,-23.66653599677129],[-46.7956251849043,-23.666470836129655],[-46.795579065000446,-23.666470836129655],[-46.795579065000446,-23.66640567548802],[-46.79553294509659,-23.666340514846382],[-46.79553294509659,-23.66627535420475],[-46.79553294509659,-23.666210193563114],[-46.79553294509659,-23.666145032921477],[-46.79548682519273,-23.666145032921477],[-46.79553294509659,-23.66607987227984],[-46.79553294509659,-23.666014711638205],[-46.795579065000446,-23.665884390354933],[-46.7956251849043,-23.665884390354933],[-46.7956251849043,-23.665819229713296],[-46.7956251849043,-23.66575406907166],[-46.7956251849043,-23.665688908430024],[-46.7956251849043,-23.665623747788388],[-46.7956251849043,-23.665558587146755],[-46.7956251849043,-23.66549342650512],[-46.7956251849043,-23.665428265863483],[-46.795579065000446,-23.66529794458021],[-46.79553294509659,-23.665232783938574],[-46.79548682519273,-23.665167623296938],[-46.79544070528887,-23.6651024626553],[-46.795348465481155,-23.6651024626553],[-46.79525622567344,-23.66497214137203],[-46.79525622567344,-23.664906980730397],[-46.795210105769584,-23.664906980730397],[-46.79511786596186,-23.66484182008876],[-46.79507174605801,-23.664711498805488],[-46.79502562615415,-23.664646338163852],[-46.79502562615415,-23.664581177522216],[-46.79507174605801,-23.66451601688058],[-46.79507174605801,-23.664385695597307],[-46.79502562615415,-23.66425537431404],[-46.79497950625029,-23.66425537431404],[-46.794933386346436,-23.664125053030766],[-46.79484114653872,-23.664125053030766],[-46.794748906731,-23.66405989238913],[-46.794702786827145,-23.66405989238913],[-46.79465666692329,-23.663994731747493],[-46.79465666692329,-23.66386441046422],[-46.79461054701943,-23.663668928539312],[-46.794564427115574,-23.663538607256044],[-46.794564427115574,-23.66340828597277],[-46.79451830721172,-23.6632779646895],[-46.79451830721172,-23.663212804047863],[-46.79447218730786,-23.663147643406226],[-46.79447218730786,-23.66308248276459],[-46.794426067404004,-23.662952161481318],[-46.79437994750014,-23.662887000839685],[-46.79437994750014,-23.66282184019805],[-46.79437994750014,-23.662756679556413],[-46.794426067404004,-23.662561197631504],[-46.79447218730786,-23.662365715706596],[-46.79451830721172,-23.66217023378169],[-46.794564427115574,-23.662039912498418],[-46.79461054701943,-23.661909591215146],[-46.79465666692329,-23.66184443057351],[-46.79465666692329,-23.661779269931873],[-46.79461054701943,-23.661779269931873],[-46.79461054701943,-23.661714109290237],[-46.79461054701943,-23.6616489486486],[-46.79461054701943,-23.661583788006965],[-46.794564427115574,-23.661518627365332],[-46.794564427115574,-23.661453466723696],[-46.79451830721172,-23.661323145440424],[-46.79451830721172,-23.661257984798787],[-46.79447218730786,-23.66119282415715],[-46.79447218730786,-23.661127663515515],[-46.794426067404004,-23.66106250287388],[-46.794426067404004,-23.660997342232243],[-46.79437994750014,-23.660997342232243],[-46.79437994750014,-23.660867020948974],[-46.79433382759628,-23.660867020948974],[-46.79433382759628,-23.660801860307338],[-46.79433382759628,-23.6607366996657],[-46.794287707692426,-23.660671539024065],[-46.794287707692426,-23.66060637838243],[-46.79424158778857,-23.660541217740793],[-46.79424158778857,-23.660476057099157],[-46.79424158778857,-23.66041089645752],[-46.79424158778857,-23.660345735815884],[-46.79424158778857,-23.660280575174248],[-46.79424158778857,-23.660215414532615],[-46.794287707692426,-23.66015025389098],[-46.79433382759628,-23.66015025389098],[-46.79433382759628,-23.660085093249343],[-46.794426067404004,-23.660085093249343],[-46.794426067404004,-23.660019932607707],[-46.79447218730786,-23.660019932607707],[-46.79451830721172,-23.65995477196607],[-46.79451830721172,-23.659889611324434],[-46.794564427115574,-23.659889611324434],[-46.794564427115574,-23.659824450682798],[-46.794564427115574,-23.659759290041162],[-46.79461054701943,-23.659694129399526],[-46.794564427115574,-23.659694129399526],[-46.794564427115574,-23.65962896875789],[-46.79451830721172,-23.65962896875789],[-46.79451830721172,-23.659563808116253],[-46.79447218730786,-23.659563808116253],[-46.79447218730786,-23.65949864747462],[-46.794426067404004,-23.65949864747462],[-46.794426067404004,-23.659433486832985],[-46.79437994750014,-23.65936832619135],[-46.79437994750014,-23.659303165549712],[-46.79437994750014,-23.659238004908076],[-46.79437994750014,-23.65917284426644],[-46.79437994750014,-23.659107683624804],[-46.79433382759628,-23.659107683624804],[-46.79433382759628,-23.659042522983167],[-46.794287707692426,-23.65897736234153],[-46.79424158778857,-23.658912201699895],[-46.794149347980856,-23.658847041058262],[-46.794103228077,-23.658847041058262],[-46.79401098826928,-23.658781880416626],[-46.79396486836542,-23.658781880416626],[-46.793918748461564,-23.65871671977499],[-46.79387262855771,-23.658651559133354],[-46.793780388749994,-23.658586398491718],[-46.79373426884614,-23.65852123785008],[-46.79373426884614,-23.658456077208445],[-46.79368814894228,-23.658456077208445],[-46.79359590913456,-23.65839091656681],[-46.7935497892307,-23.658325755925173],[-46.793503669326846,-23.658260595283537],[-46.79345754942299,-23.658195434641904],[-46.79345754942299,-23.658130274000268],[-46.79345754942299,-23.65806511335863],[-46.79345754942299,-23.657999952716995],[-46.79345754942299,-23.65793479207536],[-46.79345754942299,-23.657869631433723],[-46.793503669326846,-23.657674149508814],[-46.793503669326846,-23.657543828225542],[-46.7935497892307,-23.65747866758391],[-46.7935497892307,-23.657413506942273],[-46.7935497892307,-23.657283185659],[-46.793503669326846,-23.65715286437573],[-46.7935497892307,-23.657087703734092],[-46.7935497892307,-23.657022543092456],[-46.793642029038416,-23.65682706116755],[-46.79368814894228,-23.656761900525915],[-46.79368814894228,-23.65669673988428],[-46.79368814894228,-23.656566418601006],[-46.79368814894228,-23.65650125795937],[-46.79368814894228,-23.656436097317734],[-46.793642029038416,-23.656436097317734],[-46.7935497892307,-23.65650125795937],[-46.79345754942299,-23.656566418601006],[-46.79341142951913,-23.656566418601006],[-46.793365309615275,-23.656631579242642],[-46.79331918971142,-23.656631579242642],[-46.793273069807555,-23.656566418601006],[-46.7932269499037,-23.656566418601006],[-46.79318082999984,-23.65650125795937],[-46.79318082999984,-23.656370936676097],[-46.793134710095984,-23.656370936676097],[-46.793134710095984,-23.65630577603446],[-46.79318082999984,-23.656240615392825],[-46.7932269499037,-23.656110294109556],[-46.7932269499037,-23.65604513346792],[-46.7932269499037,-23.655914812184648],[-46.793134710095984,-23.65584965154301],[-46.79308859019213,-23.655784490901375],[-46.79304247028827,-23.655784490901375],[-46.79304247028827,-23.65571933025974],[-46.79308859019213,-23.65571933025974],[-46.79308859019213,-23.655654169618103],[-46.793134710095984,-23.655589008976467],[-46.793134710095984,-23.65552384833483],[-46.793134710095984,-23.655458687693198],[-46.793134710095984,-23.655328366409925],[-46.79304247028827,-23.655132884485017],[-46.79295023048056,-23.655002563201744],[-46.792857990672836,-23.65480708127684],[-46.792857990672836,-23.654741920635203],[-46.79281187076898,-23.65461159935193],[-46.79281187076898,-23.654546438710295],[-46.79276575086512,-23.65428579614375],[-46.79276575086512,-23.654220635502114],[-46.79262739115355,-23.653764511010664],[-46.79253515134583,-23.653438707802486],[-46.79244291153812,-23.653308386519214],[-46.79239679163426,-23.653112904594305],[-46.792350671730404,-23.652917422669397],[-46.79225843192269,-23.652656780102856],[-46.79221231201883,-23.652461298177947],[-46.79216619211497,-23.652330976894675],[-46.7920278324034,-23.652005173686497],[-46.79198171249954,-23.65194001304486],[-46.791935592595685,-23.65180969176159],[-46.791935592595685,-23.651744531119952],[-46.791935592595685,-23.651679370478316],[-46.791935592595685,-23.651549049195044],[-46.79198171249954,-23.651549049195044],[-46.7920278324034,-23.651483888553408],[-46.79216619211497,-23.651418727911775],[-46.792350671730404,-23.651288406628503],[-46.79239679163426,-23.651288406628503],[-46.79239679163426,-23.651092924703594],[-46.79244291153812,-23.65083228213705],[-46.79239679163426,-23.650441318287236],[-46.79244291153812,-23.650310997003963],[-46.792581271249695,-23.650050354437422],[-46.792719630961265,-23.64992003315415],[-46.792719630961265,-23.649854872512513],[-46.792719630961265,-23.64972455122924],[-46.79267351105741,-23.649659390587605],[-46.792581271249695,-23.649398748021063],[-46.792489031441974,-23.649203266096155],[-46.79253515134583,-23.649072944812882],[-46.792581271249695,-23.648877462887974],[-46.79276575086512,-23.64848649903816],[-46.79281187076898,-23.648356177754888],[-46.792857990672836,-23.648225856471615],[-46.79290411057669,-23.647834892621802],[-46.79290411057669,-23.64750908941362],[-46.79290411057669,-23.647443928771985],[-46.79290411057669,-23.647313607488716],[-46.79281187076898,-23.64724844684708],[-46.792719630961265,-23.647183286205443],[-46.79092095471081,-23.645880073372727],[-46.790090796441376,-23.645293627598004],[-46.789721837210514,-23.644967824389823],[-46.789629597402794,-23.644902663748187],[-46.78958347749894,-23.644772342464915],[-46.789445117787366,-23.64425105733183],[-46.78935287797965,-23.64392525412365],[-46.78916839836422,-23.64359945091547],[-46.78898391874879,-23.643273647707293],[-46.78889167894107,-23.642947844499112],[-46.78889167894107,-23.642752362574203],[-46.78889167894107,-23.64268720193257],[-46.788937798844934,-23.64268720193257],[-46.788937798844934,-23.6425568806493],[-46.788937798844934,-23.642491720007662],[-46.788937798844934,-23.642426559366026],[-46.788937798844934,-23.64236139872439],[-46.78870719932564,-23.64190527423294],[-46.78852271971021,-23.641514310383123],[-46.788430479902495,-23.641383989099854],[-46.788015400767776,-23.6409278646084],[-46.78792316096006,-23.640797543325128],[-46.787784801248485,-23.64066722204186],[-46.78746196192149,-23.640406579475314],[-46.78713912259448,-23.64014593690877],[-46.78695464297905,-23.6400156156255],[-46.78677016336362,-23.63988529434223],[-46.786585683748186,-23.639820133700592],[-46.786447324036615,-23.639820133700592],[-46.78630896432504,-23.639820133700592],[-46.78617060461347,-23.63988529434223],[-46.78612448470961,-23.63988529434223],[-46.7860322449019,-23.63988529434223],[-46.78598612499804,-23.63988529434223],[-46.78584776528646,-23.63988529434223],[-46.785801645382605,-23.63988529434223],[-46.78575552547875,-23.639820133700592],[-46.785663285671035,-23.639754973058956],[-46.78561716576718,-23.639754973058956],[-46.785571045863314,-23.63968981241732],[-46.78552492595946,-23.639624651775684],[-46.7854788060556,-23.639559491134047],[-46.785432686151744,-23.639429169850775],[-46.78538656624789,-23.639298848567506],[-46.78534044634403,-23.639103366642598],[-46.78529432644017,-23.638842724076053],[-46.785248206536316,-23.638647242151148],[-46.785155966728595,-23.638516920867875],[-46.78510984682474,-23.63845176022624],[-46.78492536720931,-23.638386599584603],[-46.78469476769002,-23.638386599584603],[-46.78446416817073,-23.63825627830133],[-46.78409520893987,-23.638125957018058],[-46.78386460942058,-23.63799563573479],[-46.783403410382,-23.63780015380988],[-46.78312669095886,-23.637734993168245],[-46.78289609143957,-23.63766983252661],[-46.78271161182414,-23.63766983252661],[-46.78234265259328,-23.63766983252661],[-46.78206593317013,-23.63766983252661],[-46.781512494323835,-23.637734993168245],[-46.78142025451612,-23.637604671884972],[-46.78128189480455,-23.637409189960064],[-46.78118965499683,-23.63734402931843],[-46.78114353509297,-23.63721370803516],[-46.78082069576597,-23.637083386751886],[-46.78049785643897,-23.636887904826978],[-46.78022113701582,-23.636757583543705],[-46.779944417592674,-23.636627262260436],[-46.7798060578811,-23.636431780335528],[-46.7794832185541,-23.636301459052255],[-46.77911425932324,-23.636105977127347],[-46.778883659803945,-23.635975655844078],[-46.778653060284654,-23.635845334560805],[-46.77851470057308,-23.635715013277533],[-46.777961261726794,-23.63545437071099],[-46.7777306622075,-23.63532404942772],[-46.77763842239979,-23.635193728144447],[-46.77759230249593,-23.635193728144447],[-46.77759230249593,-23.635063406861175],[-46.77759230249593,-23.63499824621954],[-46.77763842239979,-23.63499824621954],[-46.77763842239979,-23.634933085577902],[-46.777684542303646,-23.634933085577902],[-46.77777678211136,-23.634867924936266],[-46.77777678211136,-23.63480276429463],[-46.77782290201522,-23.634737603652994],[-46.777869021919074,-23.634607282369725],[-46.777869021919074,-23.634476961086452],[-46.77791514182293,-23.634281479161544],[-46.77791514182293,-23.634216318519908],[-46.777869021919074,-23.63415115787827],[-46.77782290201522,-23.634020836595],[-46.77777678211136,-23.63389051531173],[-46.7777306622075,-23.633825354670094],[-46.777684542303646,-23.633629872745185],[-46.77763842239979,-23.63356471210355],[-46.77759230249593,-23.633434390820277],[-46.777453942784355,-23.6331085876121],[-46.77726946316893,-23.632847945045555],[-46.77717722336121,-23.632587302479013],[-46.77713110345735,-23.63245698119574],[-46.77708498355349,-23.63232665991247],[-46.77708498355349,-23.632261499270832],[-46.77708498355349,-23.63213117798756],[-46.77699274374578,-23.631805374779383],[-46.77685438403421,-23.631544732212838],[-46.77671602432263,-23.63121892900466],[-46.776669904418775,-23.631088607721388],[-46.776669904418775,-23.63102344707975],[-46.77662378451492,-23.630958286438116],[-46.77643930489948,-23.63069764387157],[-46.77639318499563,-23.63069764387157],[-46.77634706509177,-23.630632483229938],[-46.776254825284056,-23.630632483229938],[-46.77616258547634,-23.630632483229938],[-46.776024225764765,-23.630567322588302],[-46.77593198595705,-23.630502161946666],[-46.77583974614934,-23.63043700130503],[-46.7756552665339,-23.630306680021757],[-46.775609146630046,-23.630306680021757],[-46.77556302672619,-23.63024151938012],[-46.77551690682233,-23.630176358738485],[-46.77542466701462,-23.630176358738485],[-46.7753324272069,-23.63011119809685],[-46.77514794759147,-23.630046037455212],[-46.774963467976036,-23.629980876813576],[-46.774686748552895,-23.629850555530307],[-46.77436390922589,-23.629720234247035],[-46.7741333097066,-23.629589912963763],[-46.77385659028345,-23.62945959168049],[-46.77334927134102,-23.629394431038854],[-46.773164791725584,-23.629264109755585],[-46.77307255191787,-23.62919894911395],[-46.772841952398586,-23.629068627830677],[-46.772749712590866,-23.628938306547404],[-46.772749712590866,-23.628873145905768],[-46.77265747278315,-23.62880798526413],[-46.77251911307158,-23.628742824622496],[-46.77251911307158,-23.62867766398086],[-46.772380753360004,-23.628482182055954],[-46.77233463345615,-23.628417021414318],[-46.77228851355229,-23.628351860772682],[-46.772196273744576,-23.628286700131046],[-46.77215015384072,-23.628286700131046],[-46.772057914033,-23.628286700131046],[-46.77187343441757,-23.628286700131046],[-46.77150447518671,-23.628286700131046],[-46.77145835528285,-23.62822153948941],[-46.771412235378996,-23.628156378847773],[-46.77127387566742,-23.628091218206137],[-46.77122775576356,-23.628091218206137],[-46.77099715624428,-23.627960896922865],[-46.77067431691727,-23.62776541499796],[-46.770535957205695,-23.627700254356323],[-46.770397597494124,-23.627635093714687],[-46.77007475816712,-23.627635093714687],[-46.76984415864783,-23.62756993307305],[-46.769751918840115,-23.627504772431415],[-46.769613559128544,-23.62743961178978],[-46.76956743922469,-23.627374451148142],[-46.76942907951311,-23.627309290506506],[-46.769336839705396,-23.627244129864874],[-46.76924459989768,-23.6271138085816],[-46.769198479993825,-23.627048647939965],[-46.769198479993825,-23.626918326656693],[-46.76901400037839,-23.62652736280688],[-46.76892176057068,-23.626201559598698],[-46.76887564066682,-23.626136398957062],[-46.768829520762964,-23.625940917032153],[-46.7684605615321,-23.625289310615795],[-46.76822996201281,-23.62489834676598],[-46.76809160230124,-23.624702864841073],[-46.767907122685806,-23.624377061632895],[-46.76781488287809,-23.624181579707987],[-46.76763040326266,-23.623920937141442],[-46.7675842833588,-23.62385577649981],[-46.767538163454944,-23.623790615858173],[-46.76744592364723,-23.623725455216537],[-46.76707696441637,-23.623399652008356],[-46.76680024499322,-23.62320417008345],[-46.76661576537779,-23.623008688158542],[-46.766339045954645,-23.622813206233634],[-46.766108446435354,-23.622617724308725],[-46.76597008672378,-23.622487403025456],[-46.765831727012205,-23.622357081742184],[-46.765693367300635,-23.62222676045891],[-46.76560112749292,-23.62209643917564],[-46.76550888768521,-23.621966117892367],[-46.765462767781344,-23.621835796609098],[-46.76541664787749,-23.62177063596746],[-46.76541664787749,-23.621705475325825],[-46.765462767781344,-23.62144483275928],[-46.76541664787749,-23.621314511476008],[-46.76537052797363,-23.62118419019274],[-46.76532440806977,-23.621119029551103],[-46.76523216826206,-23.62098870826783],[-46.76509380855048,-23.62098870826783],[-46.76463260951191,-23.620793226342922],[-46.764494249800336,-23.620728065701286],[-46.76435589008876,-23.62066290505965],[-46.7643097701849,-23.620597744418014],[-46.764263650281045,-23.620597744418014],[-46.76417141047333,-23.620337101851472],[-46.76407917066562,-23.6202067805682],[-46.76394081095404,-23.62001129864329],[-46.76380245124247,-23.619815816718386],[-46.763710211434756,-23.619620334793478],[-46.763617971627035,-23.619490013510205],[-46.763479611915464,-23.619294531585297],[-46.76324901239617,-23.61896872837712],[-46.7631106526846,-23.618838407093847],[-46.763064532780746,-23.618838407093847],[-46.76301841287689,-23.61877324645221],[-46.76297229297303,-23.61877324645221],[-46.762833933261454,-23.618708085810574],[-46.76264945364603,-23.61864292516894],[-46.762557213838306,-23.618577764527302],[-46.76209601479973,-23.618251961319125],[-46.76195765508816,-23.61818680067749],[-46.7615886958573,-23.617860997469307],[-46.761496456049585,-23.617795836827675],[-46.761265856530294,-23.617600354902766],[-46.76121973662644,-23.61753519426113],[-46.76112749681872,-23.617404872977858],[-46.76108137691486,-23.61720939105295],[-46.76108137691486,-23.617144230411316],[-46.76112749681872,-23.61688358784477],[-46.76108137691486,-23.6167532665615],[-46.76108137691486,-23.61655778463659],[-46.760850777395575,-23.61597133886187],[-46.760712417684,-23.615384893087146],[-46.76066629778014,-23.615124250520605],[-46.760620177876284,-23.61505908987897],[-46.760620177876284,-23.614993929237333],[-46.76057405797243,-23.614928768595696],[-46.760435698260856,-23.61486360795406],[-46.759974499222274,-23.614733286670788],[-46.75992837931842,-23.61466812602915],[-46.75988225941456,-23.61466812602915],[-46.75979001960685,-23.614602965387515],[-46.75979001960685,-23.614472644104247],[-46.75974389970299,-23.61440748346261],[-46.75974389970299,-23.614342322820974],[-46.75969777979913,-23.614277162179338],[-46.7595133001837,-23.614146840896066],[-46.75923658076055,-23.613951358971157],[-46.75905210114512,-23.613821037687888],[-46.75895986133741,-23.613755877046252],[-46.75882150162583,-23.61362555576298],[-46.75840642249111,-23.613039109988257],[-46.758129703067965,-23.61284362806335],[-46.7577607438371,-23.61264814613844],[-46.7574379045101,-23.612582985496804],[-46.75697670547152,-23.6123875035719],[-46.75688446566381,-23.612322342930263],[-46.75665386614452,-23.612257182288626],[-46.75651550643295,-23.612126861005354],[-46.756423266625234,-23.612061700363718],[-46.75637714672138,-23.61199653972208],[-46.756146547202086,-23.61173589715554],[-46.75596206758665,-23.611475254588996],[-46.75586982777894,-23.61141009394736],[-46.755777587971224,-23.611344933305723],[-46.75573146806737,-23.611344933305723],[-46.75563922825965,-23.611344933305723],[-46.75559310835579,-23.611344933305723],[-46.755500868548076,-23.611344933305723],[-46.75545474864422,-23.611344933305723],[-46.755362508836505,-23.61141009394736],[-46.75517802922107,-23.611475254588996],[-46.75508578941336,-23.611540415230632],[-46.75494742970179,-23.611540415230632],[-46.754855189894066,-23.611605575872268],[-46.754716830182495,-23.611605575872268],[-46.754486230663204,-23.611605575872268],[-46.75439399085549,-23.611605575872268],[-46.75430175104778,-23.611605575872268],[-46.75420951124006,-23.611540415230632],[-46.75411727143234,-23.611540415230632],[-46.754071151528485,-23.611540415230632],[-46.753702192297624,-23.611279772664087],[-46.75291815393204,-23.610693326889365],[-46.75277979422047,-23.61062816624773],[-46.752733674316616,-23.610563005606092],[-46.752641434508895,-23.610432684322824],[-46.75254919470118,-23.61017204175628],[-46.752503074797325,-23.609781077906465],[-46.75245695489347,-23.60971591726483],[-46.752364715085754,-23.609585595981557],[-46.75231859518189,-23.60952043533992],[-46.75213411556646,-23.609129471490103],[-46.75199575585489,-23.60873850764029],[-46.75194963595103,-23.608673346998653],[-46.751719036431744,-23.609911399189734],[-46.75125783739317,-23.6123875035719],[-46.750658278643016,-23.615124250520605],[-46.750519918931445,-23.615906178220232],[-46.75047379902758,-23.61610166014514],[-46.750012599989006,-23.617013909128044],[-46.74992036018129,-23.61720939105295],[-46.74955140095043,-23.617144230411316],[-46.749228561623426,-23.617144230411316],[-46.74895184220028,-23.61707906976968],[-46.74881348248871,-23.61707906976968],[-46.748582882969416,-23.61688358784477],[-46.748444523257845,-23.616818427203135],[-46.747937204315406,-23.61655778463659],[-46.747660484892265,-23.61629714207005],[-46.747245405757546,-23.61610166014514],[-46.74683032662282,-23.6158410175786],[-46.74664584700739,-23.615710696295327],[-46.746599727103536,-23.61564553565369],[-46.74655360719968,-23.615580375012055],[-46.74655360719968,-23.61551521437042],[-46.74650748729582,-23.615450053728782],[-46.74650748729582,-23.615384893087146],[-46.74650748729582,-23.61531973244551],[-46.74650748729582,-23.615189411162238],[-46.74646136739196,-23.615124250520605],[-46.7464152474881,-23.61505908987897],[-46.746369127584245,-23.61505908987897],[-46.74632300768039,-23.614993929237333],[-46.74627688777653,-23.614993929237333],[-46.746230767872675,-23.614993929237333],[-46.74618464796882,-23.614993929237333],[-46.7460924081611,-23.614993929237333],[-46.74600016835338,-23.61505908987897],[-46.74586180864181,-23.61505908987897],[-46.745585089218665,-23.61505908987897],[-46.74553896931481,-23.61505908987897],[-46.74535448969937,-23.615124250520605],[-46.74498553046851,-23.615124250520605],[-46.744801050853084,-23.615124250520605],[-46.74461657123765,-23.615124250520605],[-46.74406313239136,-23.615189411162238],[-46.74332521392964,-23.615254571803874],[-46.743094614410346,-23.615254571803874],[-46.742725655179484,-23.615254571803874],[-46.74267953527563,-23.61531973244551],[-46.74267953527563,-23.615384893087146],[-46.742725655179484,-23.615450053728782],[-46.7424950556602,-23.615450053728782],[-46.742448935756336,-23.615450053728782],[-46.74240281585248,-23.615384893087146],[-46.74212609642934,-23.615189411162238],[-46.742079976525474,-23.615189411162238],[-46.74203385662162,-23.615124250520605],[-46.74198773671776,-23.615124250520605],[-46.741941616813904,-23.61505908987897],[-46.74189549691005,-23.61505908987897],[-46.74184937700619,-23.61505908987897],[-46.741664897390756,-23.614993929237333],[-46.7416187774869,-23.614993929237333],[-46.741388177967615,-23.614993929237333],[-46.74120369835218,-23.614993929237333],[-46.74115757844832,-23.614993929237333],[-46.74092697892903,-23.614993929237333],[-46.74092697892903,-23.61505908987897],[-46.740880859025175,-23.615124250520605],[-46.74083473912132,-23.615124250520605],[-46.74083473912132,-23.615189411162238],[-46.74078861921746,-23.615189411162238],[-46.74069637940975,-23.615254571803874],[-46.74037354008274,-23.615450053728782],[-46.74005070075574,-23.61564553565369],[-46.739958460948024,-23.61564553565369],[-46.739036062870866,-23.61610166014514],[-46.73871322354386,-23.616231981428413],[-46.738390384216856,-23.61642746335332],[-46.73815978469757,-23.616492623994958],[-46.738021424985995,-23.61655778463659],[-46.737744705562854,-23.616688105919863],[-46.7371451468127,-23.617013909128044],[-46.73705290700499,-23.617013909128044],[-46.736960667197266,-23.617013909128044],[-46.73691454729341,-23.61707906976968],[-46.73686842738955,-23.61707906976968],[-46.73677618758184,-23.61707906976968],[-46.73673006767798,-23.61707906976968],[-46.736683947774125,-23.61707906976968],[-46.73663782787027,-23.61707906976968],[-46.736591707966404,-23.61707906976968],[-46.736453348254834,-23.61707906976968],[-46.73636110844712,-23.61707906976968],[-46.73626886863941,-23.617013909128044],[-46.736176628831686,-23.617013909128044],[-46.73613050892783,-23.617013909128044],[-46.73608438902397,-23.617013909128044],[-46.736038269120115,-23.616948748486408],[-46.73599214921626,-23.616948748486408],[-46.73585378950468,-23.61688358784477],[-46.735807669600824,-23.616818427203135],[-46.73576154969697,-23.616818427203135],[-46.73571542979311,-23.6167532665615],[-46.7356231899854,-23.616688105919863],[-46.73530035065839,-23.616362302711686],[-46.73497751133139,-23.61597133886187],[-46.73488527152367,-23.615906178220232],[-46.734608552100525,-23.615580375012055],[-46.73428571277352,-23.615254571803874],[-46.73423959286966,-23.615189411162238],[-46.734193472965806,-23.615124250520605],[-46.73423959286966,-23.61505908987897],[-46.73428571277352,-23.614993929237333],[-46.733962873446515,-23.614928768595696],[-46.733824513734945,-23.61486360795406],[-46.73377839383109,-23.61486360795406],[-46.73373227392723,-23.61486360795406],[-46.733686154023374,-23.614798447312424],[-46.73364003411951,-23.614798447312424],[-46.73359391421565,-23.614798447312424],[-46.73350167440794,-23.614798447312424],[-46.73345555450408,-23.614733286670788],[-46.73336331469637,-23.614733286670788],[-46.73331719479251,-23.614733286670788],[-46.73327107488865,-23.614733286670788],[-46.733178835080935,-23.614733286670788],[-46.73313271517708,-23.614733286670788],[-46.733040475369364,-23.614733286670788],[-46.73299435546551,-23.614733286670788],[-46.73294823556164,-23.614733286670788],[-46.73290211565779,-23.614733286670788],[-46.73285599575393,-23.614733286670788],[-46.73271763604236,-23.614733286670788],[-46.73257927633078,-23.614733286670788],[-46.73244091661921,-23.614733286670788],[-46.732394796715354,-23.614733286670788],[-46.73221031709992,-23.614798447312424],[-46.73184135786906,-23.61486360795406],[-46.731749118061344,-23.61486360795406],[-46.73170299815749,-23.61486360795406],[-46.73165687825363,-23.61486360795406],[-46.73165687825363,-23.614798447312424],[-46.731610758349774,-23.614798447312424],[-46.73156463844592,-23.61466812602915],[-46.73156463844592,-23.61453780474588],[-46.731472398638196,-23.61440748346261],[-46.73142627873434,-23.614277162179338],[-46.73128791902277,-23.614146840896066],[-46.73128791902277,-23.61408168025443],[-46.7311495593112,-23.61388619832952],[-46.731103439407335,-23.61388619832952],[-46.73105731950348,-23.613821037687888],[-46.73101119959962,-23.613755877046252],[-46.730965079695764,-23.613690716404616],[-46.73091895979191,-23.613690716404616],[-46.73087283988805,-23.61362555576298],[-46.730826719984194,-23.61362555576298],[-46.730826719984194,-23.613560395121343],[-46.730550000561045,-23.613364913196435],[-46.730411640849475,-23.6132997525548],[-46.730411640849475,-23.613234591913162],[-46.730181041330184,-23.613104270629893],[-46.729904321907036,-23.612908788704985],[-46.72962760248389,-23.612713306780076],[-46.7293970029646,-23.612582985496804],[-46.7293970029646,-23.612517824855168],[-46.72916640344531,-23.6123875035719],[-46.72902804373374,-23.612322342930263],[-46.728889684022164,-23.61219202164699],[-46.72875132431059,-23.612126861005354],[-46.72865908450288,-23.612061700363718],[-46.728566844695166,-23.61199653972208],[-46.7285207247913,-23.611931379080445],[-46.728474604887445,-23.611931379080445],[-46.72842848498359,-23.61186621843881],[-46.72838236507973,-23.611801057797177],[-46.72829012527202,-23.61173589715554],[-46.72829012527202,-23.611670736513904],[-46.72824400536816,-23.611605575872268],[-46.72810564565658,-23.611605575872268],[-46.72801340584887,-23.611605575872268],[-46.7278750461373,-23.611605575872268],[-46.72750608690644,-23.611605575872268],[-46.727275487387146,-23.611670736513904],[-46.72681428834857,-23.61173589715554],[-46.72644532911771,-23.61173589715554],[-46.72616860969456,-23.611801057797177],[-46.726122489790704,-23.611801057797177],[-46.72603024998299,-23.611801057797177],[-46.725615170848265,-23.611801057797177],[-46.72501561209812,-23.61186621843881],[-46.72478501257883,-23.611931379080445],[-46.724416053347966,-23.611931379080445],[-46.72418545382868,-23.61199653972208],[-46.72409321402096,-23.61199653972208],[-46.72395485430939,-23.61199653972208],[-46.723770374693956,-23.61199653972208],[-46.72358589507853,-23.612061700363718],[-46.72335529555924,-23.612061700363718],[-46.72321693584767,-23.612061700363718],[-46.722986336328376,-23.612061700363718],[-46.722709616905234,-23.612126861005354],[-46.72266349700137,-23.612126861005354],[-46.7225251372898,-23.612126861005354],[-46.72238677757823,-23.612126861005354],[-46.722340657674366,-23.612126861005354],[-46.72224841786665,-23.612126861005354],[-46.721971698443504,-23.61219202164699],[-46.72192557853965,-23.61219202164699],[-46.72178721882808,-23.61219202164699],[-46.72160273921264,-23.61219202164699],[-46.721556619308785,-23.61219202164699],[-46.72151049940493,-23.61219202164699],[-46.72146437950107,-23.612126861005354],[-46.72137213969336,-23.612126861005354],[-46.7213260197895,-23.612126861005354],[-46.721279899885644,-23.612126861005354],[-46.72123377998178,-23.612126861005354],[-46.72114154017407,-23.612126861005354],[-46.72109542027021,-23.612126861005354],[-46.72095706055864,-23.612061700363718],[-46.72086482075092,-23.61199653972208],[-46.72081870084706,-23.61199653972208],[-46.72058810132778,-23.61186621843881],[-46.72031138190463,-23.611670736513904],[-46.720219142096916,-23.611605575872268],[-46.72017302219306,-23.611605575872268],[-46.72008078238534,-23.611540415230632],[-46.72003466248148,-23.611540415230632],[-46.719988542577624,-23.611540415230632],[-46.71994242267377,-23.611475254588996],[-46.71989630276991,-23.611475254588996],[-46.71966570325062,-23.611475254588996],[-46.71961958334676,-23.611475254588996],[-46.719573463442906,-23.61141009394736],[-46.71952734353905,-23.61141009394736],[-46.719342863923615,-23.61141009394736],[-46.7192506241159,-23.61141009394736],[-46.71915838430819,-23.61141009394736],[-46.719066144500474,-23.61141009394736],[-46.71897390469275,-23.61141009394736],[-46.71888166488504,-23.611475254588996],[-46.71883554498118,-23.611475254588996],[-46.71874330517347,-23.611475254588996],[-46.71869718526961,-23.611475254588996],[-46.71860494546189,-23.611475254588996],[-46.71851270565418,-23.611540415230632],[-46.71846658575032,-23.611540415230632],[-46.718420465846464,-23.611540415230632],[-46.71837434594261,-23.611540415230632],[-46.718143746423316,-23.611670736513904],[-46.71809762651946,-23.611670736513904],[-46.718005386711745,-23.611670736513904],[-46.71795926680789,-23.61173589715554],[-46.717913146904024,-23.61173589715554],[-46.71786702700017,-23.61173589715554],[-46.71782090709631,-23.611801057797177],[-46.717774787192454,-23.611801057797177],[-46.7177286672886,-23.611801057797177],[-46.7177286672886,-23.61186621843881],[-46.71768254738474,-23.61186621843881],[-46.71763642748088,-23.611931379080445],[-46.71759030757703,-23.611931379080445],[-46.71754418767316,-23.611931379080445],[-46.71754418767316,-23.61199653972208],[-46.717498067769306,-23.61199653972208],[-46.71745194786545,-23.612061700363718],[-46.71740582796159,-23.612126861005354],[-46.717359708057735,-23.612126861005354],[-46.71726746825002,-23.612257182288626],[-46.71708298863459,-23.612452664213535],[-46.71694462892302,-23.612517824855168],[-46.71689850901916,-23.61264814613844],[-46.71680626921144,-23.612713306780076],[-46.71676014930758,-23.612778467421712],[-46.71666790949987,-23.61284362806335],[-46.716575669692155,-23.612908788704985],[-46.7165295497883,-23.61297394934662],[-46.71639119007672,-23.613039109988257],[-46.71625283036515,-23.613169431271526],[-46.71602223084586,-23.613364913196435],[-46.71583775123043,-23.613560395121343],[-46.71574551142271,-23.61362555576298],[-46.71556103180728,-23.613755877046252],[-46.71533043228799,-23.613951358971157],[-46.71523819248028,-23.614016519612793],[-46.71519207257642,-23.614016519612793],[-46.71509983276871,-23.61408168025443],[-46.71500759296099,-23.61408168025443],[-46.71496147305713,-23.61408168025443],[-46.71491535315327,-23.61408168025443],[-46.7147769934417,-23.614016519612793],[-46.714638633730125,-23.614016519612793],[-46.71459251382627,-23.613951358971157],[-46.714500274018555,-23.613951358971157],[-46.7144541541147,-23.613951358971157],[-46.71440803421084,-23.613951358971157],[-46.714361914306984,-23.613951358971157],[-46.71431579440313,-23.613951358971157],[-46.71426967449926,-23.613951358971157],[-46.71426967449926,-23.614016519612793],[-46.71422355459541,-23.614016519612793],[-46.71422355459541,-23.61408168025443],[-46.71417743469155,-23.61408168025443],[-46.71417743469155,-23.6142120015377],[-46.71413131478769,-23.61440748346261],[-46.714085194883836,-23.61453780474588],[-46.71403907497998,-23.614602965387515],[-46.71399295507612,-23.61466812602915],[-46.71399295507612,-23.614733286670788],[-46.7139007152684,-23.61486360795406],[-46.71376235555683,-23.615124250520605],[-46.713716235652974,-23.615189411162238],[-46.71362399584526,-23.615384893087146],[-46.713577875941404,-23.615450053728782],[-46.7132550366144,-23.615906178220232],[-46.713070556998964,-23.61610166014514],[-46.71297831719125,-23.616231981428413],[-46.71288607738354,-23.616362302711686],[-46.71283995747968,-23.61642746335332],[-46.712793837575816,-23.616492623994958],[-46.71274771767196,-23.61655778463659],[-46.7127015977681,-23.616622945278227],[-46.712655477864246,-23.616688105919863],[-46.71260935796039,-23.616688105919863],[-46.71256323805653,-23.6167532665615],[-46.712517118152675,-23.6167532665615],[-46.712424878344954,-23.616818427203135],[-46.7123787584411,-23.616818427203135],[-46.71233263853724,-23.616818427203135],[-46.71214815892181,-23.61688358784477],[-46.71210203901795,-23.61688358784477],[-46.712009799210236,-23.61688358784477],[-46.711871439498665,-23.61688358784477],[-46.71173307978709,-23.61688358784477],[-46.711502480267804,-23.616948748486408],[-46.71127188074851,-23.616948748486408],[-46.711087401133085,-23.616948748486408],[-46.71094904142151,-23.617013909128044],[-46.70988828363278,-23.617144230411316],[-46.70984216372892,-23.617144230411316],[-46.70961156420964,-23.617144230411316],[-46.70933484478649,-23.61720939105295],[-46.70928872488263,-23.61720939105295],[-46.7091042452672,-23.61720939105295],[-46.70891976565177,-23.61720939105295],[-46.70864304622862,-23.617274551694585],[-46.708458566613196,-23.617274551694585],[-46.70813572728619,-23.61733971233622],[-46.70762840834375,-23.617404872977858],[-46.70753616853604,-23.617404872977858],[-46.70730556901675,-23.617404872977858],[-46.70712108940132,-23.617470033619494],[-46.706798250074314,-23.617470033619494],[-46.70656765055502,-23.61753519426113],[-46.706383170939596,-23.61753519426113],[-46.70619869132416,-23.61753519426113],[-46.70596809180488,-23.61753519426113],[-46.70569137238173,-23.617600354902766],[-46.705599132574015,-23.617600354902766],[-46.70546077286244,-23.617600354902766],[-46.70541465295858,-23.617600354902766],[-46.70532241315087,-23.617600354902766],[-46.70523017334315,-23.617600354902766],[-46.70504569372772,-23.617600354902766],[-46.704815094208435,-23.617665515544402],[-46.70467673449686,-23.617665515544402],[-46.70449225488143,-23.617665515544402],[-46.703938816035134,-23.61773067618604],[-46.70380045632356,-23.61773067618604],[-46.703662096611986,-23.61773067618604],[-46.7034314970927,-23.617795836827675],[-46.70320089757341,-23.617795836827675],[-46.70301641795798,-23.617860997469307],[-46.70283193834255,-23.617926158110944],[-46.7025552189194,-23.61799131875258],[-46.70246297911169,-23.61799131875258],[-46.70241685920783,-23.61799131875258],[-46.70237073930397,-23.61799131875258],[-46.70237073930397,-23.618056479394216],[-46.70227849949626,-23.618056479394216],[-46.70227849949626,-23.618121640035852],[-46.7022323795924,-23.618121640035852],[-46.70218625968854,-23.61818680067749],[-46.70214013978468,-23.618251961319125],[-46.702094019880825,-23.61831712196076],[-46.702094019880825,-23.618382282602397],[-46.702094019880825,-23.618447443244033],[-46.70204789997697,-23.618447443244033],[-46.70204789997697,-23.61851260388567],[-46.702094019880825,-23.618577764527302],[-46.702094019880825,-23.61864292516894],[-46.70214013978468,-23.618838407093847],[-46.70214013978468,-23.618903567735483],[-46.70218625968854,-23.61896872837712],[-46.70218625968854,-23.619033889018755],[-46.70218625968854,-23.61909904966039],[-46.70218625968854,-23.619164210302028],[-46.70218625968854,-23.61922937094366],[-46.70218625968854,-23.619294531585297],[-46.70214013978468,-23.619359692226933],[-46.70214013978468,-23.61942485286857],[-46.70214013978468,-23.619490013510205],[-46.702094019880825,-23.619490013510205],[-46.702094019880825,-23.61955517415184],[-46.70204789997697,-23.619620334793478],[-46.70200178007311,-23.619685495435114],[-46.701955660169254,-23.61975065607675],[-46.70186342036153,-23.619815816718386],[-46.70181730045768,-23.619815816718386],[-46.70181730045768,-23.61988097736002],[-46.70177118055382,-23.61988097736002],[-46.70172506064996,-23.61988097736002],[-46.701678940746106,-23.619946138001655],[-46.70163282084225,-23.62001129864329],[-46.70158670093839,-23.62001129864329],[-46.70149446113067,-23.62001129864329],[-46.70181730045768,-23.620793226342922],[-46.702739698534835,-23.621835796609098],[-46.70380045632356,-23.622748045591997],[-46.70513793353543,-23.623399652008356],[-46.706383170939596,-23.623790615858173],[-46.70749004863218,-23.624181579707987],[-46.70864304622862,-23.624637704199436],[-46.70951932440192,-23.625028668049254],[-46.71034948267136,-23.625419631899067],[-46.71127188074851,-23.625940917032153],[-46.71177919969095,-23.62633188088197],[-46.71214815892181,-23.626722844731784],[-46.71380847546069,-23.628482182055954],[-46.7165295497883,-23.631414410929565],[-46.720772580943205,-23.635975655844078],[-46.72081870084706,-23.635975655844078],[-46.72114154017407,-23.636301459052255],[-46.723078576136096,-23.63845176022624],[-46.72423157373254,-23.63968981241732],[-46.724831132482684,-23.64034141883368],[-46.72529233152127,-23.641058185891673],[-46.72593801017527,-23.642491720007662],[-46.726122489790704,-23.643078165782384],[-46.72616860969456,-23.64314332642402],[-46.726260849502275,-23.64359945091547],[-46.726491449021566,-23.644316217973465],[-46.726491449021566,-23.644511699898374],[-46.727690566521865,-23.6443813786151],[-46.7278750461373,-23.6443813786151],[-46.72796728594501,-23.6443813786151],[-46.72842848498359,-23.644316217973465],[-46.7285207247913,-23.644316217973465],[-46.72861296459902,-23.644316217973465],[-46.72875132431059,-23.644316217973465],[-46.72884356411831,-23.644316217973465],[-46.72916640344531,-23.644316217973465],[-46.729258643253026,-23.644316217973465],[-46.72935088306075,-23.644316217973465],[-46.729535362676174,-23.644316217973465],[-46.72962760248389,-23.644316217973465],[-46.72967372238775,-23.644316217973465],[-46.72971984229161,-23.644316217973465],[-46.729765962195465,-23.644316217973465],[-46.72985820200318,-23.64425105733183],[-46.72995044181089,-23.64425105733183],[-46.73008880152247,-23.64425105733183],[-46.730181041330184,-23.64425105733183],[-46.7302732811379,-23.64425105733183],[-46.73036552094561,-23.644185896690193],[-46.730411640849475,-23.644185896690193],[-46.73050388065719,-23.644185896690193],[-46.7305961204649,-23.644185896690193],[-46.730688360272616,-23.644120736048556],[-46.73101119959962,-23.643990414765288],[-46.731195679215055,-23.643990414765288],[-46.73138015883048,-23.64392525412365],[-46.731472398638196,-23.64392525412365],[-46.731610758349774,-23.64392525412365],[-46.731749118061344,-23.643860093482015],[-46.73188747777292,-23.64379493284038],[-46.73216419719606,-23.643729772198743],[-46.73230255690764,-23.643729772198743],[-46.732394796715354,-23.643729772198743],[-46.73248703652307,-23.643729772198743],[-46.73257927633078,-23.643664611557107],[-46.7326715161385,-23.643664611557107],[-46.73271763604236,-23.643664611557107],[-46.73280987585007,-23.643664611557107],[-46.73294823556164,-23.643664611557107],[-46.733040475369364,-23.64359945091547],[-46.733178835080935,-23.64359945091547],[-46.73322495498479,-23.64359945091547],[-46.73336331469637,-23.64359945091547],[-46.73350167440794,-23.643534290273834],[-46.73359391421565,-23.643534290273834],[-46.73377839383109,-23.643469129632198],[-46.734055113254236,-23.643469129632198],[-46.73414735306195,-23.643403968990565],[-46.73428571277352,-23.643403968990565],[-46.7344240724851,-23.64333880834893],[-46.73451631229281,-23.64333880834893],[-46.73465467200438,-23.64333880834893],[-46.73511587104296,-23.643273647707293],[-46.73516199094682,-23.643273647707293],[-46.73530035065839,-23.643208487065657],[-46.73534647056225,-23.643208487065657],[-46.735392590466105,-23.643208487065657],[-46.73543871036996,-23.64314332642402],[-46.73553095017768,-23.64314332642402],[-46.73566930988925,-23.643078165782384],[-46.735807669600824,-23.643078165782384],[-46.735899909408545,-23.643013005140748],[-46.7359460293124,-23.643013005140748],[-46.736038269120115,-23.643013005140748],[-46.73608438902397,-23.643013005140748],[-46.73613050892783,-23.642947844499112],[-46.73622274873554,-23.642947844499112],[-46.73626886863941,-23.642947844499112],[-46.73640722835098,-23.642882683857476],[-46.736453348254834,-23.642882683857476],[-46.73649946815869,-23.642882683857476],[-46.73663782787027,-23.64281752321584],[-46.73673006767798,-23.642882683857476],[-46.73686842738955,-23.64281752321584],[-46.73700678710113,-23.64281752321584],[-46.737237386620414,-23.642752362574203],[-46.73728350652427,-23.642752362574203],[-46.73756022594742,-23.64268720193257],[-46.737883065274424,-23.642622041290934],[-46.73806754488985,-23.642622041290934],[-46.738252024505286,-23.6425568806493],[-46.73829814440914,-23.6425568806493],[-46.738344264313,-23.6425568806493],[-46.73880546335158,-23.642491720007662],[-46.738897703159296,-23.642491720007662],[-46.739036062870866,-23.642491720007662],[-46.73908218277472,-23.642426559366026],[-46.7392205424863,-23.642426559366026],[-46.739312782294014,-23.642426559366026],[-46.739451142005585,-23.64236139872439],[-46.739543381813306,-23.64236139872439],[-46.739681741524876,-23.64236139872439],[-46.739681741524876,-23.642296238082753],[-46.73972786142873,-23.642296238082753],[-46.73977398133259,-23.642231077441117],[-46.73982010123645,-23.642231077441117],[-46.7398662211403,-23.64216591679948],[-46.739958460948024,-23.64216591679948],[-46.74005070075574,-23.64216591679948],[-46.740096820659595,-23.64216591679948],[-46.74018906046731,-23.642100756157845],[-46.740235180371165,-23.642100756157845],[-46.740327420178886,-23.642100756157845],[-46.74037354008274,-23.642100756157845],[-46.74046577989046,-23.642100756157845],[-46.74060413960203,-23.642035595516212],[-46.74069637940975,-23.642035595516212],[-46.740742499313605,-23.642035595516212],[-46.74083473912132,-23.642035595516212],[-46.74092697892903,-23.642035595516212],[-46.74101921873675,-23.642035595516212],[-46.74115757844832,-23.641970434874576],[-46.74134205806375,-23.641970434874576],[-46.74148041777533,-23.641970434874576],[-46.74184937700619,-23.641840113591304],[-46.74189549691005,-23.641840113591304],[-46.741941616813904,-23.641840113591304],[-46.74203385662162,-23.641840113591304],[-46.742079976525474,-23.641840113591304],[-46.74212609642934,-23.641840113591304],[-46.74221833623705,-23.641840113591304],[-46.742310576044765,-23.641840113591304],[-46.74240281585248,-23.64190527423294],[-46.742448935756336,-23.64190527423294],[-46.742587295467914,-23.64190527423294],[-46.74263341537177,-23.641970434874576],[-46.74267953527563,-23.641970434874576],[-46.74277177508334,-23.641970434874576],[-46.7428178949872,-23.641970434874576],[-46.742956254698775,-23.64190527423294],[-46.7431407343142,-23.64190527423294],[-46.74323297412192,-23.64190527423294],[-46.74332521392964,-23.64190527423294],[-46.743371333833494,-23.64190527423294],[-46.743371333833494,-23.641840113591304],[-46.74346357364121,-23.641840113591304],[-46.743509693545064,-23.641840113591304],[-46.74378641296821,-23.64170979230803],[-46.74397089258365,-23.641644631666395],[-46.74424761200679,-23.64157947102476],[-46.74457045133379,-23.641449149741486],[-46.74484717075694,-23.641383989099854],[-46.74507777027623,-23.641318828458218],[-46.74540060960324,-23.641188507174945],[-46.74563120912252,-23.64112334653331],[-46.745815688737956,-23.641058185891673],[-46.74586180864181,-23.641058185891673],[-46.745954048449526,-23.641058185891673],[-46.74600016835338,-23.640993025250037],[-46.7460924081611,-23.640993025250037],[-46.74618464796882,-23.6409278646084],[-46.746230767872675,-23.6409278646084],[-46.746369127584245,-23.640862703966764],[-46.7464152474881,-23.640797543325128],[-46.74646136739196,-23.640732382683492],[-46.74650748729582,-23.640732382683492],[-46.74655360719968,-23.64066722204186],[-46.746599727103536,-23.64066722204186],[-46.74664584700739,-23.64066722204186],[-46.74673808681511,-23.640602061400223],[-46.747014806238255,-23.640536900758587],[-46.74706092614211,-23.640536900758587],[-46.74710704604597,-23.640536900758587],[-46.74719928585368,-23.640536900758587],[-46.747245405757546,-23.640797543325128],[-46.747245405757546,-23.6409278646084],[-46.747245405757546,-23.641188507174945],[-46.7472915256614,-23.64125366781658],[-46.7472915256614,-23.641383989099854],[-46.7472915256614,-23.641514310383123],[-46.7472915256614,-23.64157947102476],[-46.74733764556526,-23.641774952949667],[-46.74733764556526,-23.641970434874576],[-46.74733764556526,-23.642100756157845],[-46.74738376546912,-23.642231077441117],[-46.74738376546912,-23.642296238082753],[-46.74738376546912,-23.64236139872439],[-46.74742988537297,-23.642491720007662],[-46.74742988537297,-23.6425568806493],[-46.74747600527683,-23.642622041290934],[-46.747568245084544,-23.64281752321584],[-46.747568245084544,-23.642882683857476],[-46.74761436498841,-23.642882683857476],[-46.74761436498841,-23.642947844499112],[-46.747660484892265,-23.642947844499112],[-46.747660484892265,-23.643013005140748],[-46.74770660479612,-23.643013005140748],[-46.74775272469998,-23.643078165782384],[-46.747798844603835,-23.64314332642402],[-46.74784496450769,-23.643208487065657],[-46.747937204315406,-23.643273647707293],[-46.74798332421927,-23.64333880834893],[-46.74789108441155,-23.643403968990565],[-46.74802944412313,-23.643534290273834],[-46.7481678038347,-23.64359945091547],[-46.74835228345013,-23.64379493284038],[-46.74853676306556,-23.64392525412365],[-46.74881348248871,-23.644055575406924],[-46.74895184220028,-23.644185896690193],[-46.74913632181571,-23.64425105733183],[-46.74932080143114,-23.6443813786151],[-46.74941304123886,-23.644446539256737],[-46.74955140095043,-23.644511699898374],[-46.749643640758144,-23.64457686054001],[-46.74973588056586,-23.644642021181646],[-46.74982812037358,-23.644772342464915],[-46.75005871989286,-23.64483750310655],[-46.750289319412154,-23.644967824389823],[-46.750427679123725,-23.645098145673096],[-46.75061215873916,-23.645163306314732],[-46.750796638354586,-23.645228466956368],[-46.75102723787388,-23.645293627598004],[-46.75125783739317,-23.64535878823964],[-46.75158067672017,-23.64535878823964],[-46.7517651563356,-23.64535878823964],[-46.75199575585489,-23.645423948881277],[-46.75222635537418,-23.64548910952291],[-46.75241083498961,-23.645554270164546],[-46.75254919470118,-23.645619430806182],[-46.75277979422047,-23.645749752089454],[-46.75301039373976,-23.645880073372727],[-46.75324099325905,-23.645945234014363],[-46.75356383258605,-23.646010394656],[-46.75379443210534,-23.645945234014363],[-46.753932791816915,-23.645945234014363],[-46.754163391336206,-23.645880073372727],[-46.754486230663204,-23.645880073372727],[-46.754716830182495,-23.645880073372727],[-46.75494742970179,-23.645880073372727],[-46.75517802922107,-23.645880073372727],[-46.75540862874036,-23.645945234014363],[-46.75568534816351,-23.646010394656],[-46.756008187490515,-23.646075555297635],[-46.7562387870098,-23.646140715939268],[-46.75637714672138,-23.646205876580904],[-46.75651550643295,-23.64627103722254],[-46.75674610595224,-23.646401358505813],[-46.75702282537538,-23.64659684043072],[-46.75716118508696,-23.646727161713994],[-46.7574379045101,-23.646857482997262],[-46.7577607438371,-23.647118125563807],[-46.75794522345254,-23.647313607488716],[-46.758129703067965,-23.64750908941362],[-46.75826806277954,-23.647769731980166],[-46.758360302587256,-23.647965213905074],[-46.75845254239497,-23.64816069582998],[-46.75849866229883,-23.648356177754888],[-46.75849866229883,-23.648616820321433],[-46.75826806277954,-23.64868198096307],[-46.758221942875686,-23.64868198096307],[-46.75817582297182,-23.64868198096307],[-46.75808358316411,-23.64868198096307],[-46.757991343356395,-23.64868198096307],[-46.757852983644824,-23.64868198096307],[-46.757714623933246,-23.64868198096307],[-46.757576264221676,-23.64868198096307],[-46.75729954479853,-23.64868198096307],[-46.75706894527924,-23.64868198096307],[-46.756561626336804,-23.64868198096307],[-46.756008187490515,-23.648616820321433],[-46.755362508836505,-23.648616820321433],[-46.75527026902879,-23.648616820321433],[-46.75522414912493,-23.648616820321433],[-46.75517802922107,-23.648616820321433],[-46.75508578941336,-23.648616820321433],[-46.7550396695095,-23.648616820321433],[-46.75499354960564,-23.648616820321433],[-46.75494742970179,-23.648616820321433],[-46.75490130979793,-23.648616820321433],[-46.754855189894066,-23.64868198096307],[-46.75476295008635,-23.64868198096307],[-46.75467071027864,-23.64868198096307],[-46.75453235056707,-23.64868198096307],[-46.754486230663204,-23.64868198096307],[-46.754347870951634,-23.648747141604705],[-46.75411727143234,-23.648747141604705],[-46.75402503162463,-23.648747141604705],[-46.753932791816915,-23.648747141604705],[-46.7538405520092,-23.648812302246338],[-46.75379443210534,-23.648812302246338],[-46.75374831220148,-23.648812302246338],[-46.753702192297624,-23.648812302246338],[-46.753702192297624,-23.648877462887974],[-46.75365607239377,-23.648877462887974],[-46.75365607239377,-23.649072944812882],[-46.753517712682196,-23.64913810545452],[-46.753425472874476,-23.64913810545452],[-46.75337935297062,-23.64913810545452],[-46.75333323306676,-23.64913810545452],[-46.753148753451335,-23.649203266096155],[-46.75310263354748,-23.649203266096155],[-46.75301039373976,-23.649203266096155],[-46.75287203402819,-23.64926842673779],[-46.75291815393204,-23.64926842673779],[-46.75301039373976,-23.64959422994597],[-46.7529642738359,-23.64959422994597],[-46.75319487335519,-23.650245836362327],[-46.75365607239377,-23.65161420983668],[-46.75388667191306,-23.65180969176159],[-46.753932791816915,-23.65194001304486],[-46.75397891172077,-23.652070334328133],[-46.754071151528485,-23.652200655611402],[-46.75420951124006,-23.65239613753631],[-46.75430175104778,-23.652526458819583],[-46.75444011075935,-23.65285226202776],[-46.754486230663204,-23.652917422669397],[-46.754578470470925,-23.65304774395267],[-46.75462459037478,-23.65317806523594],[-46.75476295008635,-23.65337354716085],[-46.75480906999021,-23.65350386844412],[-46.75490130979793,-23.65363418972739],[-46.75494742970179,-23.653699350369028],[-46.75494742970179,-23.653764511010664],[-46.75499354960564,-23.653959992935572],[-46.75499354960564,-23.65402515357721],[-46.75499354960564,-23.654090314218845],[-46.75499354960564,-23.65415547486048],[-46.75499354960564,-23.654220635502114],[-46.75517802922107,-23.654350956785386],[-46.75522414912493,-23.654416117427022],[-46.75527026902879,-23.654416117427022],[-46.75527026902879,-23.65448127806866],[-46.75531638893265,-23.654546438710295],[-46.755362508836505,-23.65461159935193],[-46.755362508836505,-23.654676759993567],[-46.75540862874036,-23.654741920635203],[-46.75545474864422,-23.654872241918472],[-46.75545474864422,-23.65493740256011],[-46.755500868548076,-23.655002563201744],[-46.755500868548076,-23.65506772384338],[-46.75554698845193,-23.655198045126653],[-46.75559310835579,-23.65526320576829],[-46.75559310835579,-23.655328366409925],[-46.75563922825965,-23.65539352705156],[-46.75573146806737,-23.65539352705156],[-46.755777587971224,-23.655458687693198],[-46.75582370787508,-23.655458687693198],[-46.75582370787508,-23.65552384833483],[-46.75586982777894,-23.65552384833483],[-46.755915947682794,-23.655589008976467],[-46.75596206758665,-23.655654169618103],[-46.75596206758665,-23.65571933025974],[-46.756008187490515,-23.65584965154301],[-46.75605430739437,-23.655914812184648],[-46.75610042729823,-23.655979972826284],[-46.756146547202086,-23.65604513346792],[-46.756146547202086,-23.656110294109556],[-46.75619266710594,-23.656110294109556],[-46.75619266710594,-23.656175454751192],[-46.756284906913656,-23.656240615392825],[-46.75633102681751,-23.65630577603446],[-46.75637714672138,-23.656370936676097],[-46.75637714672138,-23.656436097317734],[-46.75637714672138,-23.65650125795937],[-46.756423266625234,-23.65650125795937],[-46.756423266625234,-23.656566418601006],[-46.75646938652909,-23.656631579242642],[-46.75651550643295,-23.65669673988428],[-46.756561626336804,-23.656761900525915],[-46.75660774624066,-23.65682706116755],[-46.75665386614452,-23.656892221809183],[-46.75674610595224,-23.65695738245082],[-46.75683834575995,-23.657022543092456],[-46.75688446566381,-23.657087703734092],[-46.75688446566381,-23.65715286437573],[-46.756930585567666,-23.65715286437573],[-46.756930585567666,-23.657218025017364],[-46.75697670547152,-23.657348346300637],[-46.756930585567666,-23.657413506942273],[-46.756930585567666,-23.65747866758391],[-46.75688446566381,-23.657543828225542],[-46.75688446566381,-23.657608988867178],[-46.75683834575995,-23.657608988867178],[-46.75683834575995,-23.657674149508814],[-46.756792225856096,-23.65773931015045],[-46.75674610595224,-23.657804470792087],[-46.75674610595224,-23.657869631433723],[-46.75674610595224,-23.65793479207536],[-46.756699986048375,-23.65793479207536],[-46.756699986048375,-23.65806511335863],[-46.75674610595224,-23.65806511335863],[-46.756792225856096,-23.658130274000268],[-46.756792225856096,-23.658195434641904],[-46.75683834575995,-23.658195434641904],[-46.75688446566381,-23.658260595283537],[-46.756930585567666,-23.658325755925173],[-46.75702282537538,-23.65839091656681],[-46.75706894527924,-23.658456077208445],[-46.7571150651831,-23.65852123785008],[-46.75716118508696,-23.65852123785008],[-46.757207304990814,-23.658586398491718],[-46.757207304990814,-23.658651559133354],[-46.75725342489467,-23.658651559133354],[-46.757345664702385,-23.65871671977499],[-46.75739178460624,-23.65871671977499],[-46.7574379045101,-23.65871671977499],[-46.75748402441396,-23.65871671977499],[-46.75748402441396,-23.658781880416626],[-46.75753014431782,-23.658781880416626],[-46.757576264221676,-23.658781880416626],[-46.75762238412553,-23.658781880416626],[-46.75766850402939,-23.658847041058262],[-46.757714623933246,-23.65897736234153],[-46.7577607438371,-23.659042522983167],[-46.757852983644824,-23.659107683624804],[-46.75789910354868,-23.65917284426644],[-46.75794522345254,-23.659238004908076],[-46.75803746326025,-23.659303165549712],[-46.75803746326025,-23.65936832619135],[-46.75808358316411,-23.65936832619135],[-46.75808358316411,-23.659433486832985],[-46.75808358316411,-23.65949864747462],[-46.75808358316411,-23.659563808116253],[-46.75803746326025,-23.65962896875789],[-46.75803746326025,-23.659694129399526],[-46.75803746326025,-23.659759290041162],[-46.757991343356395,-23.659824450682798],[-46.757991343356395,-23.659889611324434],[-46.75794522345254,-23.659889611324434],[-46.75794522345254,-23.65995477196607],[-46.75789910354868,-23.65995477196607],[-46.75789910354868,-23.660019932607707],[-46.757852983644824,-23.660019932607707],[-46.75780686374096,-23.660085093249343],[-46.75780686374096,-23.66015025389098],[-46.757852983644824,-23.660215414532615],[-46.75789910354868,-23.660280575174248],[-46.75789910354868,-23.660345735815884],[-46.75789910354868,-23.66041089645752],[-46.75794522345254,-23.660476057099157],[-46.757991343356395,-23.66060637838243],[-46.757991343356395,-23.660671539024065],[-46.75808358316411,-23.660801860307338],[-46.758129703067965,-23.660867020948974],[-46.75817582297182,-23.660997342232243],[-46.758221942875686,-23.66106250287388],[-46.75826806277954,-23.66119282415715],[-46.7583141826834,-23.661323145440424],[-46.758360302587256,-23.661453466723696],[-46.75840642249111,-23.661518627365332],[-46.758360302587256,-23.661583788006965],[-46.758360302587256,-23.6616489486486],[-46.758360302587256,-23.661714109290237],[-46.758360302587256,-23.66184443057351],[-46.75840642249111,-23.661909591215146],[-46.75859090210655,-23.662039912498418],[-46.75868314191426,-23.662105073140054],[-46.75872926181812,-23.662105073140054],[-46.758775381721975,-23.66217023378169],[-46.75886762152969,-23.662235394423327],[-46.75895986133741,-23.662365715706596],[-46.75905210114512,-23.662496036989868],[-46.75914434095284,-23.66262635827314],[-46.759282700664414,-23.66282184019805],[-46.75937494047213,-23.662952161481318],[-46.75946718027984,-23.66308248276459],[-46.759559420087555,-23.663147643406226],[-46.759651659895276,-23.6632779646895],[-46.75969777979913,-23.663343125331135],[-46.75979001960685,-23.663473446614407],[-46.7598361395107,-23.663538607256044],[-46.759974499222274,-23.663668928539312],[-46.76011285893385,-23.66373408918095],[-46.760205098741565,-23.663799249822585],[-46.76029733854928,-23.663929571105857],[-46.760389578357,-23.663929571105857],[-46.76048181816471,-23.663994731747493],[-46.760620177876284,-23.66405989238913],[-46.760712417684,-23.664125053030766],[-46.76089689729943,-23.66425537431404],[-46.760989137107146,-23.66432053495567],[-46.76112749681872,-23.664385695597307],[-46.76121973662644,-23.664581177522216],[-46.76131197643415,-23.664711498805488],[-46.76135809633801,-23.664711498805488],[-46.76135809633801,-23.664776659447124],[-46.761496456049585,-23.6651024626553],[-46.7615886958573,-23.665232783938574],[-46.76172705556887,-23.66549342650512],[-46.761773175472726,-23.665558587146755],[-46.761773175472726,-23.665623747788388],[-46.76186541528045,-23.665819229713296],[-46.7619115351843,-23.666014711638205],[-46.7619115351843,-23.666470836129655],[-46.76186541528045,-23.666601157412927],[-46.76186541528045,-23.666666318054563],[-46.76186541528045,-23.6667314786962],[-46.76181929537658,-23.666796639337836],[-46.761773175472726,-23.666861799979472],[-46.761773175472726,-23.666926960621108],[-46.76172705556887,-23.666926960621108],[-46.76172705556887,-23.66699212126274],[-46.76172705556887,-23.667057281904377],[-46.76172705556887,-23.667122442546013],[-46.76172705556887,-23.66718760318765],[-46.76172705556887,-23.667252763829286],[-46.76172705556887,-23.66731792447092],[-46.76172705556887,-23.667383085112558],[-46.76172705556887,-23.667448245754194],[-46.76172705556887,-23.66751340639583],[-46.76172705556887,-23.667578567037467],[-46.76172705556887,-23.6676437276791],[-46.76172705556887,-23.667708888320735],[-46.76172705556887,-23.667839209604008],[-46.76168093566501,-23.667904370245644],[-46.76168093566501,-23.66796953088728],[-46.76168093566501,-23.668034691528916],[-46.76168093566501,-23.66816501281219],[-46.76168093566501,-23.668230173453825],[-46.76172705556887,-23.668360494737094],[-46.761773175472726,-23.66842565537873],[-46.76181929537658,-23.668490816020366],[-46.76181929537658,-23.668555976662002],[-46.76181929537658,-23.66862113730364],[-46.76186541528045,-23.668686297945275],[-46.7619115351843,-23.66875145858691],[-46.7619115351843,-23.668816619228547],[-46.7619115351843,-23.668881779870183],[-46.76195765508816,-23.669012101153452],[-46.76200377499202,-23.66907726179509],[-46.762049894895874,-23.669142422436725],[-46.76214213470359,-23.66920758307836],[-46.762188254607445,-23.66920758307836],[-46.76223437451131,-23.669272743719997],[-46.762280494415165,-23.669337904361633],[-46.762280494415165,-23.66940306500327],[-46.76232661431902,-23.669533386286542],[-46.76232661431902,-23.669598546928178],[-46.762280494415165,-23.669728868211447],[-46.762280494415165,-23.669794028853083],[-46.762280494415165,-23.66985918949472],[-46.762280494415165,-23.669924350136355],[-46.762280494415165,-23.66998951077799],[-46.762280494415165,-23.670054671419628],[-46.762280494415165,-23.670119832061264],[-46.762280494415165,-23.6701849927029],[-46.76232661431902,-23.670250153344536],[-46.76232661431902,-23.67031531398617],[-46.76237273422288,-23.670380474627805],[-46.76237273422288,-23.67044563526944],[-46.762418854126736,-23.670510795911078],[-46.762418854126736,-23.670575956552714],[-46.76246497403059,-23.670706277835986],[-46.76246497403059,-23.670771438477622],[-46.76251109393445,-23.67083659911926],[-46.76251109393445,-23.670901759760895],[-46.76251109393445,-23.67096692040253],[-46.76251109393445,-23.671032081044164],[-46.762557213838306,-23.671032081044164],[-46.762557213838306,-23.6710972416858],[-46.762557213838306,-23.671162402327436],[-46.762557213838306,-23.671227562969072],[-46.762557213838306,-23.67129272361071],[-46.76260333374217,-23.671357884252345],[-46.76260333374217,-23.67142304489398],[-46.76264945364603,-23.67142304489398],[-46.76264945364603,-23.671553366177253],[-46.762695573549884,-23.67161852681889],[-46.762695573549884,-23.671683687460522],[-46.76274169345374,-23.671683687460522],[-46.76274169345374,-23.67174884810216],[-46.7627878133576,-23.671814008743794],[-46.7627878133576,-23.67187916938543],[-46.7627878133576,-23.671944330027067],[-46.7627878133576,-23.672009490668703],[-46.76274169345374,-23.67207465131034],[-46.76274169345374,-23.672139811951975],[-46.76274169345374,-23.67220497259361],[-46.76274169345374,-23.672270133235248],[-46.76274169345374,-23.67233529387688],[-46.76274169345374,-23.672400454518517],[-46.7627878133576,-23.672465615160153],[-46.7627878133576,-23.67253077580179],[-46.762833933261454,-23.672595936443425],[-46.76288005316531,-23.672726257726698],[-46.76292617306917,-23.672791418368334],[-46.76292617306917,-23.67285657900997],[-46.76297229297303,-23.67285657900997],[-46.76297229297303,-23.672921739651606],[-46.76301841287689,-23.672921739651606],[-46.763064532780746,-23.672921739651606],[-46.763064532780746,-23.672986900293242],[-46.7631106526846,-23.672986900293242],[-46.76315677258846,-23.673052060934875],[-46.763202892492316,-23.67311722157651],[-46.76324901239617,-23.673182382218148],[-46.76329513230003,-23.673182382218148],[-46.76338737210775,-23.673247542859784],[-46.76343349201161,-23.67331270350142],[-46.763479611915464,-23.673377864143056],[-46.76352573181932,-23.673443024784692],[-46.76357185172318,-23.67350818542633],[-46.76357185172318,-23.673573346067965],[-46.76357185172318,-23.6736385067096],[-46.763617971627035,-23.6736385067096],[-46.763617971627035,-23.673703667351234],[-46.76366409153089,-23.67376882799287],[-46.763710211434756,-23.673899149276142],[-46.76375633133861,-23.673899149276142],[-46.76375633133861,-23.67396430991778],[-46.76380245124247,-23.674029470559415],[-46.76380245124247,-23.67409463120105],[-46.763848571146326,-23.67409463120105],[-46.763848571146326,-23.674159791842687],[-46.76389469105018,-23.67429011312596],[-46.76394081095404,-23.67429011312596],[-46.76394081095404,-23.674355273767592],[-46.7639869308579,-23.674420434409228],[-46.76403305076175,-23.674485595050864],[-46.76407917066562,-23.6745507556925],[-46.764125290569474,-23.674681076975773],[-46.764125290569474,-23.67474623761741],[-46.76417141047333,-23.67474623761741],[-46.76417141047333,-23.674811398259045],[-46.76421753037719,-23.674941719542318],[-46.764263650281045,-23.675006880183954],[-46.764263650281045,-23.675072040825587],[-46.7643097701849,-23.675072040825587],[-46.7643097701849,-23.675137201467223],[-46.7643097701849,-23.675072040825587],[-46.764494249800336,-23.675006880183954],[-46.76467872941576,-23.67520236210886],[-46.7648632090312,-23.67552816531704],[-46.76509380855048,-23.67578880788358],[-46.76523216826206,-23.67598428980849],[-46.76537052797363,-23.6761797717334],[-46.765555007589064,-23.67644041429994],[-46.76573948720449,-23.676635896224848],[-46.765923966819926,-23.67696169943303],[-46.76620068624307,-23.677352663282843],[-46.76643128576236,-23.677613305849388],[-46.76656964547393,-23.677808787774293],[-46.76666188528165,-23.677939109057565],[-46.76680024499322,-23.678134590982474],[-46.76721532412794,-23.67865587611556],[-46.76730756393565,-23.678786197398832],[-46.76735368383952,-23.67885135804047],[-46.76739980374337,-23.678916518682104],[-46.76744592364723,-23.67898167932374],[-46.767538163454944,-23.67911200060701],[-46.76763040326266,-23.679242321890282],[-46.767676523166514,-23.679307482531918],[-46.767768762974235,-23.679372643173554],[-46.767768762974235,-23.67943780381519],[-46.767907122685806,-23.679698446381735],[-46.768045482397376,-23.679959088948277],[-46.7681377222051,-23.680154570873185],[-46.76822996201281,-23.680350052798094],[-46.768322201820524,-23.680545534723],[-46.76841444162824,-23.68067585600627],[-46.76850668143596,-23.680936498572816],[-46.768552801339816,-23.681001659214452],[-46.768552801339816,-23.681066819856085],[-46.76859892124367,-23.681066819856085],[-46.76859892124367,-23.68113198049772],[-46.76859892124367,-23.681262301780993],[-46.76859892124367,-23.68132746242263],[-46.76864504114753,-23.681392623064266],[-46.768691161051386,-23.681457783705902],[-46.76873728095524,-23.681457783705902],[-46.76873728095524,-23.681522944347538],[-46.7687834008591,-23.681522944347538],[-46.76887564066682,-23.681522944347538],[-46.769106240186105,-23.681457783705902],[-46.76942907951311,-23.681457783705902],[-46.76952131932083,-23.681457783705902],[-46.76952131932083,-23.68132746242263],[-46.76952131932083,-23.681197141139357],[-46.76952131932083,-23.68113198049772],[-46.76952131932083,-23.681066819856085],[-46.76952131932083,-23.681001659214452],[-46.76952131932083,-23.680936498572816],[-46.76956743922469,-23.68087133793118],[-46.769613559128544,-23.680806177289544],[-46.7696596790324,-23.680806177289544],[-46.76970579893626,-23.680806177289544],[-46.769751918840115,-23.680741016647907],[-46.76993639845555,-23.680741016647907],[-46.769982518359406,-23.680741016647907],[-46.77002863826326,-23.68067585600627],[-46.77007475816712,-23.68067585600627],[-46.770120878070976,-23.68067585600627],[-46.77016699797483,-23.680610695364635],[-46.77021311787869,-23.680610695364635],[-46.77030535768641,-23.680480374081363],[-46.77035147759027,-23.680415213439726],[-46.77035147759027,-23.680350052798094],[-46.770397597494124,-23.680350052798094],[-46.770397597494124,-23.680284892156457],[-46.770397597494124,-23.68021973151482],[-46.770397597494124,-23.680154570873185],[-46.770397597494124,-23.68008941023155],[-46.770397597494124,-23.680024249589913],[-46.770397597494124,-23.679959088948277],[-46.77044371739798,-23.67989392830664],[-46.77044371739798,-23.679828767665004],[-46.77048983730184,-23.679763607023368],[-46.77048983730184,-23.679698446381735],[-46.770535957205695,-23.679698446381735],[-46.77058207710955,-23.6796332857401],[-46.77058207710955,-23.679568125098463],[-46.770628197013416,-23.679568125098463],[-46.770628197013416,-23.679502964456827],[-46.77067431691727,-23.679502964456827],[-46.77072043682113,-23.67943780381519],[-46.77081267662884,-23.679372643173554],[-46.7708587965327,-23.679372643173554],[-46.77090491643656,-23.679307482531918],[-46.771181635859705,-23.679177161248646],[-46.771412235378996,-23.679046839965373],[-46.77145835528285,-23.67898167932374],[-46.77168895480214,-23.678916518682104],[-46.77191955432143,-23.678786197398832],[-46.77201179412914,-23.67865587611556],[-46.77210403393686,-23.67865587611556],[-46.77224239364843,-23.678590715473923],[-46.77228851355229,-23.678525554832287],[-46.77233463345615,-23.678525554832287],[-46.772380753360004,-23.67846039419065],[-46.772472993167725,-23.67846039419065],[-46.77251911307158,-23.678395233549015],[-46.77265747278315,-23.678330072907382],[-46.772749712590866,-23.678264912265746],[-46.772841952398586,-23.67819975162411],[-46.77288807230244,-23.67819975162411],[-46.773026432014014,-23.678134590982474],[-46.77311867182173,-23.6780042696992],[-46.77321091162945,-23.6780042696992],[-46.77330315143716,-23.677939109057565],[-46.773395391244875,-23.677808787774293],[-46.773533750956446,-23.677743627132656],[-46.77367211066802,-23.677613305849388],[-46.77376435047574,-23.67754814520775],[-46.773810470379594,-23.67754814520775],[-46.77385659028345,-23.677482984566115],[-46.77390271018731,-23.67741782392448],[-46.77394883009117,-23.67741782392448],[-46.77394883009117,-23.677352663282843],[-46.77399494999503,-23.677352663282843],[-46.774041069898885,-23.677287502641207],[-46.774041069898885,-23.67722234199957],[-46.77408718980274,-23.67722234199957],[-46.77408718980274,-23.677157181357934],[-46.77408718980274,-23.676896538791393],[-46.774179429610456,-23.676896538791393],[-46.7741333097066,-23.676831378149757],[-46.7741333097066,-23.67676621750812],[-46.7741333097066,-23.676701056866484],[-46.7741333097066,-23.676570735583212],[-46.7741333097066,-23.67631009301667],[-46.7741333097066,-23.6761797717334],[-46.7741333097066,-23.676114611091762],[-46.77422554951431,-23.676049450450126],[-46.77427166941817,-23.676049450450126],[-46.77431778932203,-23.676049450450126],[-46.774686748552895,-23.676114611091762],[-46.774825108264466,-23.6761797717334],[-46.77487122816832,-23.6761797717334],[-46.774963467976036,-23.676244932375035],[-46.77505570778376,-23.676244932375035],[-46.775101827687614,-23.676244932375035],[-46.77519406749533,-23.67631009301667],[-46.775240187399184,-23.67631009301667],[-46.77528630730304,-23.67631009301667],[-46.7753324272069,-23.676375253658303],[-46.77537854711076,-23.676375253658303],[-46.77542466701462,-23.676375253658303],[-46.77542466701462,-23.67644041429994],[-46.775470786918476,-23.67644041429994],[-46.77551690682233,-23.676505574941576],[-46.77556302672619,-23.676505574941576],[-46.7756552665339,-23.676635896224848],[-46.77570138643776,-23.676701056866484],[-46.77579362624548,-23.67676621750812],[-46.77583974614934,-23.676831378149757],[-46.775885866053194,-23.676896538791393],[-46.776024225764765,-23.677026860074665],[-46.77607034566862,-23.677092020716298],[-46.776116465572485,-23.677157181357934],[-46.77616258547634,-23.67722234199957],[-46.7762087053802,-23.677287502641207],[-46.776254825284056,-23.677352663282843],[-46.77630094518791,-23.677482984566115],[-46.77634706509177,-23.67754814520775],[-46.77639318499563,-23.677613305849388],[-46.77643930489948,-23.677678466491024],[-46.77648542480335,-23.677808787774293],[-46.77648542480335,-23.67787394841593],[-46.776531544707204,-23.677939109057565],[-46.77662378451492,-23.678069430340837],[-46.776669904418775,-23.678134590982474],[-46.776669904418775,-23.67819975162411],[-46.77671602432263,-23.678264912265746],[-46.77676214422649,-23.678330072907382],[-46.77676214422649,-23.678395233549015],[-46.77676214422649,-23.678525554832287],[-46.77676214422649,-23.678590715473923],[-46.77671602432263,-23.67865587611556],[-46.776669904418775,-23.678786197398832],[-46.77662378451492,-23.678786197398832],[-46.77657766461106,-23.67885135804047],[-46.776531544707204,-23.67898167932374],[-46.77648542480335,-23.679046839965373],[-46.77643930489948,-23.67911200060701],[-46.77643930489948,-23.679307482531918],[-46.77643930489948,-23.679372643173554],[-46.77648542480335,-23.67943780381519],[-46.776531544707204,-23.6796332857401],[-46.776669904418775,-23.679959088948277],[-46.77671602432263,-23.680024249589913],[-46.776808264130345,-23.68021973151482],[-46.776900503938066,-23.680350052798094],[-46.77694662384192,-23.680415213439726],[-46.777038863649636,-23.680610695364635],[-46.77713110345735,-23.680741016647907],[-46.77722334326507,-23.68087133793118],[-46.77726946316893,-23.681001659214452],[-46.77726946316893,-23.681066819856085],[-46.7774078228805,-23.681262301780993],[-46.77750006268821,-23.681457783705902],[-46.77800738163065,-23.68230487204717],[-46.778099621438365,-23.682500353972074],[-46.77814574134222,-23.682630675255346],[-46.77819186124608,-23.682695835896983],[-46.778237981149935,-23.682826157180255],[-46.778330220957656,-23.682956478463527],[-46.77837634086151,-23.683021639105164],[-46.77842246076537,-23.683086799746796],[-46.77851470057308,-23.68321712103007],[-46.77856082047694,-23.68334744231334],[-46.7786069403808,-23.683477763596613],[-46.778745300092375,-23.683673245521522],[-46.77879141999623,-23.683738406163158],[-46.778883659803945,-23.683933888088063],[-46.7789297797078,-23.6839990487297],[-46.77897589961166,-23.684064209371336],[-46.77897589961166,-23.684129370012972],[-46.779022019515516,-23.684194530654608],[-46.77911425932324,-23.684390012579517],[-46.77920649913095,-23.684520333862785],[-46.77925261903481,-23.684650655146058],[-46.77934485884252,-23.68478097642933],[-46.77939097874638,-23.684846137070966],[-46.77943709865024,-23.684911297712603],[-46.7794832185541,-23.685041618995875],[-46.779529338457955,-23.685106779637508],[-46.77957545836181,-23.68523710092078],[-46.77962157826567,-23.685302261562416],[-46.779667698169526,-23.68543258284569],[-46.779759937977246,-23.68556290412896],[-46.7798060578811,-23.685628064770597],[-46.7798060578811,-23.685693225412233],[-46.77985217778496,-23.68575838605387],[-46.77989829768882,-23.685823546695502],[-46.779944417592674,-23.68588870733714],[-46.78003665740039,-23.686084189262047],[-46.78012889720811,-23.68621451054532],[-46.780175017111965,-23.686344831828592],[-46.78022113701582,-23.686409992470228],[-46.78026725691968,-23.686540313753497],[-46.780313376823536,-23.686605474395133],[-46.78040561663125,-23.68680095632004],[-46.780451736535106,-23.686866116961678],[-46.78054397634283,-23.68699643824495],[-46.780590096246684,-23.68712675952822],[-46.780728455958254,-23.687387402094764],[-46.78077457586211,-23.6874525627364],[-46.78082069576597,-23.687582884019672],[-46.78091293557369,-23.687713205302945],[-46.780959055477545,-23.687843526586214],[-46.7810051753814,-23.687973847869486],[-46.78105129528526,-23.687973847869486],[-46.781097415189116,-23.688039008511122],[-46.781097415189116,-23.68810416915276],[-46.78114353509297,-23.688169329794395],[-46.78118965499683,-23.68823449043603],[-46.782019813266274,-23.68823449043603],[-46.78206593317013,-23.68823449043603],[-46.78211205307399,-23.68823449043603],[-46.7822042928817,-23.688299651077667],[-46.782388772497136,-23.688299651077667],[-46.78261937201642,-23.688364811719303],[-46.78284997153571,-23.688364811719303],[-46.783080571055,-23.68842997236094],[-46.78331117057429,-23.688495133002572],[-46.783449530285864,-23.688495133002572],[-46.783587889997435,-23.68856029364421],[-46.78363400990129,-23.68856029364421],[-46.78391072932444,-23.688625454285845],[-46.7839568492283,-23.688625454285845],[-46.78400296913215,-23.688625454285845],[-46.78404908903601,-23.688625454285845],[-46.784141328843724,-23.688625454285845],[-46.78432580845916,-23.688625454285845],[-46.78492536720931,-23.688755775569117],[-46.78497148711317,-23.68869061492748],[-46.785017607017025,-23.688625454285845],[-46.78506372692088,-23.68856029364421],[-46.78506372692088,-23.688495133002572],[-46.78506372692088,-23.68842997236094],[-46.78506372692088,-23.688364811719303],[-46.78506372692088,-23.688299651077667],[-46.785017607017025,-23.68823449043603],[-46.78497148711317,-23.688169329794395],[-46.78497148711317,-23.688039008511122],[-46.78492536720931,-23.687973847869486],[-46.78492536720931,-23.68790868722785],[-46.78492536720931,-23.687843526586214],[-46.78497148711317,-23.687843526586214],[-46.78497148711317,-23.68777836594458],[-46.785017607017025,-23.68777836594458],[-46.78506372692088,-23.68777836594458],[-46.78510984682474,-23.687713205302945],[-46.785248206536316,-23.68764804466131],[-46.78538656624789,-23.687582884019672],[-46.785571045863314,-23.6874525627364],[-46.78561716576718,-23.6874525627364],[-46.78575552547875,-23.687387402094764],[-46.785940005094176,-23.687322241453128],[-46.78607836480575,-23.687191920169855],[-46.786216724517324,-23.68712675952822],[-46.7863550842289,-23.687061598886586],[-46.786447324036615,-23.68699643824495],[-46.78663180365204,-23.686931277603314],[-46.78677016336362,-23.686866116961678],[-46.787000762882904,-23.686735795678405],[-46.78704688278676,-23.686735795678405],[-46.78732360220991,-23.686605474395133],[-46.78741584201762,-23.686540313753497],[-46.7875542017292,-23.68647515311186],[-46.78769256144077,-23.686409992470228],[-46.787877041056205,-23.686344831828592],[-46.78810764057549,-23.686279671186956],[-46.788292120190924,-23.686149349903683],[-46.78847659980635,-23.686084189262047],[-46.788661079421786,-23.68601902862041],[-46.78884555903721,-23.685953867978775],[-46.788937798844934,-23.68588870733714],[-46.78898391874879,-23.68588870733714],[-46.78916839836422,-23.685823546695502],[-46.789214518268075,-23.685693225412233],[-46.789214518268075,-23.685628064770597],[-46.78926063817193,-23.68556290412896],[-46.789306758075796,-23.68556290412896],[-46.789306758075796,-23.685497743487325],[-46.78935287797965,-23.685497743487325],[-46.78939899788351,-23.685497743487325],[-46.789445117787366,-23.685497743487325],[-46.78949123769122,-23.68556290412896],[-46.78953735759508,-23.685628064770597],[-46.789629597402794,-23.685693225412233],[-46.78967571730666,-23.68575838605387],[-46.789860196922085,-23.685953867978775],[-46.78990631682594,-23.685953867978775],[-46.78990631682594,-23.68601902862041],[-46.78990631682594,-23.686084189262047],[-46.7899524367298,-23.686149349903683],[-46.7899524367298,-23.686279671186956],[-46.789998556633655,-23.686409992470228],[-46.790090796441376,-23.686344831828592],[-46.790090796441376,-23.686409992470228],[-46.79013691634523,-23.686409992470228],[-46.79018303624909,-23.686409992470228],[-46.79022915615295,-23.686409992470228],[-46.79022915615295,-23.686344831828592],[-46.7902752760568,-23.686279671186956],[-46.7902752760568,-23.68621451054532],[-46.79032139596066,-23.686149349903683],[-46.790367515864524,-23.68601902862041],[-46.790367515864524,-23.685953867978775],[-46.79041363576838,-23.685823546695502],[-46.79045975567224,-23.68575838605387],[-46.790505875576095,-23.685628064770597],[-46.790505875576095,-23.68556290412896],[-46.79055199547995,-23.685497743487325],[-46.79055199547995,-23.685367422204052],[-46.79059811538381,-23.685302261562416],[-46.79059811538381,-23.685171940279144],[-46.79059811538381,-23.685106779637508],[-46.79069035519152,-23.685106779637508],[-46.790736475095386,-23.685106779637508],[-46.79078259499924,-23.685106779637508],[-46.79078259499924,-23.685171940279144],[-46.7908287149031,-23.685171940279144],[-46.7908287149031,-23.68523710092078],[-46.79087483480696,-23.68523710092078],[-46.79092095471081,-23.685302261562416],[-46.79092095471081,-23.685367422204052],[-46.79101319451853,-23.685497743487325],[-46.791059314422384,-23.685628064770597],[-46.791059314422384,-23.685693225412233],[-46.79110543432625,-23.685693225412233],[-46.79119767413396,-23.68588870733714],[-46.79124379403782,-23.68588870733714],[-46.79119767413396,-23.68588870733714],[-46.791151554230105,-23.685953867978775],[-46.791151554230105,-23.68601902862041],[-46.79110543432625,-23.686084189262047],[-46.79110543432625,-23.686149349903683],[-46.79110543432625,-23.68621451054532],[-46.791059314422384,-23.68621451054532],[-46.791059314422384,-23.686279671186956],[-46.791059314422384,-23.686344831828592],[-46.79101319451853,-23.686344831828592],[-46.79096707461467,-23.68647515311186],[-46.79096707461467,-23.686540313753497],[-46.79092095471081,-23.686540313753497],[-46.79092095471081,-23.686605474395133],[-46.79092095471081,-23.68667063503677],[-46.79092095471081,-23.686735795678405],[-46.79092095471081,-23.68680095632004],[-46.79087483480696,-23.686866116961678],[-46.7908287149031,-23.686931277603314],[-46.79078259499924,-23.68699643824495],[-46.79078259499924,-23.687061598886586],[-46.79078259499924,-23.68712675952822],[-46.79078259499924,-23.687191920169855],[-46.790736475095386,-23.68725708081149],[-46.790736475095386,-23.687322241453128],[-46.79069035519152,-23.687387402094764],[-46.79069035519152,-23.6874525627364],[-46.79069035519152,-23.687517723378036],[-46.79069035519152,-23.687582884019672],[-46.790644235287665,-23.687582884019672],[-46.790644235287665,-23.68764804466131],[-46.790644235287665,-23.687713205302945],[-46.79059811538381,-23.68777836594458],[-46.79059811538381,-23.687843526586214],[-46.79055199547995,-23.687843526586214],[-46.79055199547995,-23.68790868722785],[-46.79055199547995,-23.687973847869486],[-46.790505875576095,-23.687973847869486],[-46.790505875576095,-23.688039008511122],[-46.790505875576095,-23.68810416915276],[-46.790505875576095,-23.688169329794395],[-46.790505875576095,-23.68823449043603],[-46.790505875576095,-23.688364811719303],[-46.790505875576095,-23.68842997236094],[-46.790505875576095,-23.68856029364421],[-46.79045975567224,-23.68856029364421],[-46.79045975567224,-23.688625454285845],[-46.79041363576838,-23.688625454285845],[-46.79041363576838,-23.68869061492748],[-46.79041363576838,-23.688755775569117],[-46.79041363576838,-23.688820936210753],[-46.790367515864524,-23.688820936210753],[-46.79032139596066,-23.68888609685239],[-46.7902752760568,-23.68888609685239],[-46.7902752760568,-23.688951257494026],[-46.79022915615295,-23.688951257494026],[-46.79022915615295,-23.68901641813566],[-46.79018303624909,-23.68901641813566],[-46.79013691634523,-23.689081578777298],[-46.79013691634523,-23.68914673941893],[-46.790090796441376,-23.68914673941893],[-46.790090796441376,-23.689211900060567],[-46.79004467653752,-23.689211900060567],[-46.789998556633655,-23.689277060702203],[-46.789998556633655,-23.68934222134384],[-46.7899524367298,-23.68934222134384],[-46.7899524367298,-23.689407381985475],[-46.78990631682594,-23.689407381985475],[-46.78990631682594,-23.68947254262711],[-46.789860196922085,-23.68947254262711],[-46.789860196922085,-23.689537703268748],[-46.78981407701823,-23.689537703268748],[-46.78981407701823,-23.689602863910384],[-46.78976795711437,-23.68966802455202],[-46.789721837210514,-23.689733185193656],[-46.789629597402794,-23.689863506476925],[-46.78958347749894,-23.68992866711856],[-46.78958347749894,-23.689993827760198],[-46.78958347749894,-23.690058988401834],[-46.78958347749894,-23.69012414904347],[-46.789629597402794,-23.69012414904347],[-46.789629597402794,-23.690189309685106],[-46.789629597402794,-23.690254470326742],[-46.78958347749894,-23.690254470326742],[-46.789629597402794,-23.690254470326742],[-46.789629597402794,-23.69031963096838],[-46.78958347749894,-23.69031963096838],[-46.789629597402794,-23.690384791610015],[-46.789629597402794,-23.69044995225165],[-46.78967571730666,-23.690515112893284],[-46.789721837210514,-23.69058027353492],[-46.78976795711437,-23.69058027353492],[-46.78976795711437,-23.690645434176556],[-46.78981407701823,-23.690645434176556],[-46.78981407701823,-23.690710594818192],[-46.789860196922085,-23.690710594818192],[-46.789860196922085,-23.69077575545983],[-46.78990631682594,-23.69077575545983],[-46.78990631682594,-23.690840916101465],[-46.7899524367298,-23.690840916101465],[-46.789998556633655,-23.6909060767431],[-46.7899524367298,-23.6909060767431],[-46.78990631682594,-23.690971237384737],[-46.7899524367298,-23.691036398026373],[-46.790090796441376,-23.691166719309642],[-46.79018303624909,-23.691297040592914],[-46.7902752760568,-23.691427361876187],[-46.79045975567224,-23.69168800444273],[-46.790505875576095,-23.691753165084368],[-46.79059811538381,-23.691883486367637],[-46.79069035519152,-23.69201380765091],[-46.7908287149031,-23.69214412893418],[-46.79092095471081,-23.692274450217454],[-46.79101319451853,-23.692404771500726],[-46.79110543432625,-23.692535092783995],[-46.791151554230105,-23.69260025342563],[-46.79119767413396,-23.69260025342563],[-46.79119767413396,-23.692665414067267],[-46.79124379403782,-23.692730574708904],[-46.79124379403782,-23.69279573535054],[-46.79124379403782,-23.692860895992176],[-46.79119767413396,-23.692926056633812],[-46.79119767413396,-23.69299121727545],[-46.79119767413396,-23.693056377917085],[-46.791151554230105,-23.693056377917085],[-46.791151554230105,-23.69312153855872],[-46.79110543432625,-23.69312153855872],[-46.79110543432625,-23.69325185984199],[-46.79101319451853,-23.6934473417669],[-46.79096707461467,-23.693512502408534],[-46.79092095471081,-23.693642823691807],[-46.7908287149031,-23.693838305616715],[-46.79078259499924,-23.693968626899984],[-46.79078259499924,-23.694098948183257],[-46.7908287149031,-23.694098948183257],[-46.79087483480696,-23.694098948183257],[-46.79092095471081,-23.69403378754162],[-46.79096707461467,-23.69403378754162],[-46.791059314422384,-23.69403378754162],[-46.791151554230105,-23.693968626899984],[-46.79124379403782,-23.693968626899984],[-46.79133603384553,-23.693968626899984],[-46.791428273653246,-23.693968626899984],[-46.791520513460966,-23.693903466258348],[-46.79161275326868,-23.693903466258348],[-46.791704993076394,-23.693903466258348],[-46.79175111298025,-23.693903466258348],[-46.79179723288411,-23.693903466258348],[-46.79179723288411,-23.693968626899984],[-46.79175111298025,-23.693968626899984],[-46.79175111298025,-23.69403378754162],[-46.791704993076394,-23.69403378754162],[-46.79165887317254,-23.694098948183257],[-46.79161275326868,-23.694098948183257],[-46.79156663336482,-23.694164108824893],[-46.79147439355711,-23.69422926946653],[-46.791428273653246,-23.69422926946653],[-46.79138215374939,-23.694294430108165],[-46.79133603384553,-23.6943595907498],[-46.79138215374939,-23.694424751391438],[-46.79138215374939,-23.694489912033074],[-46.791428273653246,-23.694555072674707],[-46.791520513460966,-23.694555072674707],[-46.79156663336482,-23.694555072674707],[-46.79156663336482,-23.694489912033074],[-46.79161275326868,-23.694489912033074],[-46.79165887317254,-23.694489912033074],[-46.79175111298025,-23.694424751391438],[-46.79198171249954,-23.694424751391438],[-46.792073952307256,-23.6943595907498],[-46.79212007221111,-23.6943595907498],[-46.79221231201883,-23.6943595907498],[-46.79225843192269,-23.6943595907498],[-46.79230455182655,-23.6943595907498],[-46.792350671730404,-23.6943595907498],[-46.79239679163426,-23.6943595907498],[-46.792489031441974,-23.694424751391438],[-46.792581271249695,-23.694424751391438],[-46.79262739115355,-23.694424751391438],[-46.79267351105741,-23.694424751391438],[-46.79267351105741,-23.6943595907498],[-46.792719630961265,-23.6943595907498],[-46.79281187076898,-23.6943595907498],[-46.792857990672836,-23.694294430108165],[-46.79295023048056,-23.69422926946653],[-46.79299635038441,-23.69422926946653],[-46.793273069807555,-23.694098948183257],[-46.79345754942299,-23.693968626899984],[-46.79359590913456,-23.693903466258348],[-46.793642029038416,-23.693903466258348],[-46.79368814894228,-23.693903466258348],[-46.79373426884614,-23.693903466258348],[-46.793780388749994,-23.693903466258348],[-46.793780388749994,-23.693968626899984],[-46.79382650865385,-23.69403378754162],[-46.79387262855771,-23.694098948183257],[-46.79396486836542,-23.694294430108165],[-46.79405710817314,-23.694424751391438],[-46.794103228077,-23.694555072674707],[-46.794149347980856,-23.694620233316343],[-46.794287707692426,-23.694620233316343],[-46.794287707692426,-23.694555072674707],[-46.79437994750014,-23.694555072674707],[-46.79451830721172,-23.694489912033074],[-46.794564427115574,-23.694424751391438],[-46.79465666692329,-23.694424751391438],[-46.794702786827145,-23.6943595907498],[-46.794748906731,-23.6943595907498],[-46.794795026634866,-23.694294430108165],[-46.79484114653872,-23.694294430108165],[-46.79488726644258,-23.6943595907498],[-46.79488726644258,-23.694424751391438],[-46.79488726644258,-23.694489912033074],[-46.79488726644258,-23.694555072674707],[-46.79488726644258,-23.694620233316343],[-46.794933386346436,-23.69468539395798],[-46.79497950625029,-23.694750554599615],[-46.79497950625029,-23.694880875882887],[-46.79502562615415,-23.69501119716616],[-46.79502562615415,-23.695141518449432],[-46.79507174605801,-23.695206679091065],[-46.79507174605801,-23.6952718397327],[-46.79511786596186,-23.695337000374337],[-46.79511786596186,-23.695402161015974],[-46.79516398586573,-23.695402161015974],[-46.79516398586573,-23.69546732165761],[-46.795210105769584,-23.69546732165761],[-46.795210105769584,-23.695532482299246],[-46.79525622567344,-23.695532482299246],[-46.7953023455773,-23.695532482299246],[-46.7953023455773,-23.695597642940882],[-46.795348465481155,-23.695597642940882],[-46.79539458538501,-23.695597642940882],[-46.79544070528887,-23.695597642940882],[-46.79548682519273,-23.695597642940882],[-46.79553294509659,-23.695597642940882],[-46.795579065000446,-23.695597642940882],[-46.7956251849043,-23.695597642940882],[-46.79576354461587,-23.695532482299246],[-46.79590190432745,-23.69546732165761],[-46.795994144135165,-23.69546732165761],[-46.79604026403902,-23.69546732165761],[-46.79608638394288,-23.69546732165761],[-46.796132503846735,-23.69546732165761],[-46.79617862375059,-23.69546732165761],[-46.796224743654456,-23.69546732165761],[-46.79627086355831,-23.695532482299246],[-46.79631698346217,-23.695532482299246],[-46.79640922326988,-23.695597642940882],[-46.79645534317374,-23.69566280358252],[-46.796547582981454,-23.695727964224155],[-46.79659370288532,-23.695727964224155],[-46.796639822789174,-23.69579312486579],[-46.796639822789174,-23.695858285507427],[-46.79668594269303,-23.695858285507427],[-46.79673206259689,-23.69592344614906],[-46.7968243024046,-23.696053767432332],[-46.796916542212315,-23.696184088715604],[-46.79696266211618,-23.69624924935724],[-46.79710102182775,-23.69644473128215],[-46.79714714173161,-23.696509891923785],[-46.797193261635464,-23.696575052565418],[-46.79723938153932,-23.696575052565418],[-46.79728550144318,-23.696640213207054],[-46.79733162134704,-23.69670537384869],[-46.7973777412509,-23.69670537384869],[-46.797423861154755,-23.69670537384869],[-46.797423861154755,-23.696770534490327],[-46.79746998105861,-23.696770534490327],[-46.79751610096247,-23.696770534490327],[-46.797562220866325,-23.696770534490327],[-46.79760834077018,-23.696770534490327],[-46.79783894028947,-23.69670537384869],[-46.79793118009719,-23.69670537384869],[-46.798069539808765,-23.69670537384869],[-46.79816177961648,-23.69670537384869],[-46.798207899520335,-23.69670537384869],[-46.79825401942419,-23.69670537384869]]]}}]}