{"type":"FeatureCollection","features":[{"type":"Feature","properties":{"DATA_ULT_A":"2009/10/09","DATA_CRIAC":"2009/10/09","id":"03","name":"Freguesia do Ó/Brasilândia","area":31.5,"pop_2010":407245,"pop_density_2010":12928,"budget_2015":40412984},"geometry":{"type":"Polygon","coordinates":[[[-46.68987224535853,-23.50910788657907],[-46.69010284487781,-23.509042725937434],[-46.69084076333954,-23.508977565295798],[-46.69116360266654,-23.508912404654165],[-46.691255842474256,-23.50884724401253],[-46.693285118244,-23.50845628016271],[-46.69379243718643,-23.50832595887944],[-46.69388467699415,-23.50832595887944],[-46.69466871535973,-23.50819563759617],[-46.695406633821456,-23.50819563759617],[-46.696052312475466,-23.508130476954534],[-46.696744111033325,-23.508065316312898],[-46.69771262901434,-23.508065316312898],[-46.69798934843749,-23.508065316312898],[-46.69849666737992,-23.508130476954534],[-46.70112550189981,-23.50832595887944],[-46.70218625968854,-23.50845628016271],[-46.70370821651585,-23.508586601445984],[-46.70421553545828,-23.50865176208762],[-46.705599132574015,-23.508716922729256],[-46.705737492285586,-23.508782083370892],[-46.70578361218944,-23.508782083370892],[-46.7058297320933,-23.508782083370892],[-46.705875851997156,-23.508782083370892],[-46.70592197190102,-23.508782083370892],[-46.70592197190102,-23.50865176208762],[-46.70596809180488,-23.50845628016271],[-46.70596809180488,-23.508391119521075],[-46.70596809180488,-23.50832595887944],[-46.70596809180488,-23.508260798237806],[-46.70596809180488,-23.50819563759617],[-46.70596809180488,-23.508130476954534],[-46.70596809180488,-23.508065316312898],[-46.706014211708734,-23.508065316312898],[-46.706014211708734,-23.50800015567126],[-46.706014211708734,-23.507934995029625],[-46.706014211708734,-23.50786983438799],[-46.706014211708734,-23.507739513104717],[-46.706014211708734,-23.50767435246308],[-46.706014211708734,-23.507609191821444],[-46.70606033161259,-23.507609191821444],[-46.70606033161259,-23.507544031179812],[-46.70606033161259,-23.507478870538176],[-46.70606033161259,-23.507348549254903],[-46.70606033161259,-23.50721822797163],[-46.70610645151645,-23.507153067329995],[-46.70610645151645,-23.507022746046722],[-46.70610645151645,-23.506957585405086],[-46.70610645151645,-23.506892424763453],[-46.706152571420304,-23.50676210348018],[-46.70619869132416,-23.50663178219691],[-46.70624481122802,-23.506501460913636],[-46.70629093113188,-23.506436300272],[-46.70633705103574,-23.50617565770546],[-46.706383170939596,-23.50617565770546],[-46.706383170939596,-23.506110497063823],[-46.70642929084345,-23.50598017578055],[-46.70642929084345,-23.505915015138914],[-46.70647541074731,-23.505719533214005],[-46.70647541074731,-23.505328569364192],[-46.706521530651166,-23.505133087439283],[-46.706521530651166,-23.50500276615601],[-46.706521530651166,-23.504872444872742],[-46.706521530651166,-23.50474212358947],[-46.70656765055502,-23.504611802306197],[-46.70656765055502,-23.504220838456384],[-46.70656765055502,-23.504025356531475],[-46.70661377045888,-23.50376471396493],[-46.70661377045888,-23.50356923204002],[-46.706659890362744,-23.503178268190208],[-46.706659890362744,-23.5029827862653],[-46.706659890362744,-23.50285246498203],[-46.706659890362744,-23.502787304340394],[-46.7067060102666,-23.502461501132213],[-46.70675213017046,-23.502200858565672],[-46.70675213017046,-23.502135697924036],[-46.70675213017046,-23.502005376640764],[-46.70675213017046,-23.501940215999127],[-46.706798250074314,-23.501809894715855],[-46.70684436997817,-23.501484091507677],[-46.70684436997817,-23.50141893086604],[-46.70684436997817,-23.501353770224405],[-46.70684436997817,-23.50128860958277],[-46.70689048988203,-23.501158288299496],[-46.70689048988203,-23.50109312765786],[-46.706936609785885,-23.50083248509132],[-46.706936609785885,-23.500702163808047],[-46.70698272968974,-23.500506681883138],[-46.70698272968974,-23.500441521241502],[-46.70698272968974,-23.500376360599866],[-46.70698272968974,-23.50031119995823],[-46.707028849593605,-23.50018087867496],[-46.707028849593605,-23.499985396750052],[-46.707028849593605,-23.499920236108416],[-46.70712108940132,-23.49939895097533],[-46.707167209305176,-23.499138308408785],[-46.707167209305176,-23.49907314776715],[-46.707167209305176,-23.49887766584224],[-46.70721332920903,-23.498812505200608],[-46.70725944911289,-23.498486701992427],[-46.70725944911289,-23.49842154135079],[-46.70730556901675,-23.49816089878425],[-46.70735168892061,-23.497835095576068],[-46.70735168892061,-23.497769934934432],[-46.70739780882447,-23.49763961365116],[-46.70739780882447,-23.497574453009523],[-46.707443928728324,-23.497509292367887],[-46.707443928728324,-23.497444131726255],[-46.70749004863218,-23.49737897108462],[-46.70753616853604,-23.497248649801346],[-46.70762840834375,-23.497053167876437],[-46.70767452824761,-23.496922846593165],[-46.70772064815147,-23.49685768595153],[-46.70785900786304,-23.496662204026624],[-46.7079051277669,-23.49653188274335],[-46.708089607382334,-23.496336400818443],[-46.708089607382334,-23.496271240176807],[-46.70813572728619,-23.49620607953517],[-46.70818184719005,-23.496140918893538],[-46.708227967093904,-23.4960757582519],[-46.70827408699776,-23.496010597610265],[-46.70832020690162,-23.49594543696863],[-46.70841244670933,-23.495815115685357],[-46.70850468651705,-23.495684794402084],[-46.70855080642091,-23.495619633760448],[-46.70864304622862,-23.495489312477176],[-46.70868916613248,-23.495358991193907],[-46.70873528603634,-23.495358991193907],[-46.708781405940194,-23.49529383055227],[-46.70882752584406,-23.495163509269],[-46.70891976565177,-23.495033187985726],[-46.70896588555563,-23.495033187985726],[-46.70896588555563,-23.49496802734409],[-46.709012005459485,-23.49496802734409],[-46.709012005459485,-23.494902866702454],[-46.70905812536334,-23.494837706060817],[-46.709150365171055,-23.494772545419185],[-46.709242604978776,-23.494642224135912],[-46.709242604978776,-23.494577063494276],[-46.70928872488263,-23.494577063494276],[-46.70938096469035,-23.494446742211004],[-46.70947320449806,-23.494251260286095],[-46.70951932440192,-23.49418609964446],[-46.70956544430578,-23.494120939002826],[-46.70961156420964,-23.49405577836119],[-46.70970380401735,-23.493925457077918],[-46.70974992392121,-23.49386029643628],[-46.70974992392121,-23.493795135794645],[-46.70984216372892,-23.493664814511373],[-46.70988828363278,-23.4935344932281],[-46.70993440353664,-23.493469332586464],[-46.7099805234405,-23.493339011303195],[-46.71002664334436,-23.49327385066156],[-46.71002664334436,-23.493208690019923],[-46.71007276324821,-23.493208690019923],[-46.71007276324821,-23.493143529378287],[-46.71011888315207,-23.493013208095014],[-46.71016500305593,-23.492817726170106],[-46.710211122959784,-23.492557083603565],[-46.710211122959784,-23.49249192296193],[-46.71025724286364,-23.492426762320292],[-46.71025724286364,-23.49229644103702],[-46.71025724286364,-23.492166119753747],[-46.710303362767505,-23.492100959112115],[-46.710303362767505,-23.49203579847048],[-46.710303362767505,-23.491970637828842],[-46.710303362767505,-23.491905477187206],[-46.710303362767505,-23.49184031654557],[-46.71034948267136,-23.49164483462066],[-46.71034948267136,-23.491579673979025],[-46.71039560257522,-23.491579673979025],[-46.71039560257522,-23.49151451333739],[-46.71039560257522,-23.491449352695753],[-46.71039560257522,-23.49138419205412],[-46.71039560257522,-23.491253870770848],[-46.710441722479075,-23.491123549487575],[-46.710441722479075,-23.49105838884594],[-46.710441722479075,-23.490993228204303],[-46.71048784238293,-23.490797746279394],[-46.71048784238293,-23.490732585637762],[-46.71048784238293,-23.490667424996126],[-46.71053396228679,-23.49060226435449],[-46.71053396228679,-23.49040678242958],[-46.710580082190646,-23.49027646114631],[-46.710580082190646,-23.490211300504672],[-46.710580082190646,-23.490146139863036],[-46.710580082190646,-23.490080979221403],[-46.7106262020945,-23.48995065793813],[-46.7106262020945,-23.489885497296495],[-46.7106262020945,-23.48982033665486],[-46.710672321998366,-23.489755176013222],[-46.710672321998366,-23.489690015371586],[-46.71071844190222,-23.489494533446678],[-46.71071844190222,-23.489299051521773],[-46.71071844190222,-23.489233890880136],[-46.71076456180608,-23.489038408955228],[-46.71076456180608,-23.48897324831359],[-46.71076456180608,-23.488908087671955],[-46.71081068170994,-23.48884292703032],[-46.71081068170994,-23.48871260574705],[-46.71081068170994,-23.488647445105414],[-46.710856801613794,-23.488582284463778],[-46.710856801613794,-23.48851712382214],[-46.710856801613794,-23.488451963180506],[-46.710856801613794,-23.488321641897233],[-46.71090292151765,-23.488126159972325],[-46.71090292151765,-23.487995838689056],[-46.71090292151765,-23.48793067804742],[-46.71094904142151,-23.487865517405783],[-46.71094904142151,-23.48773519612251],[-46.710995161325364,-23.48760487483924],[-46.710995161325364,-23.487474553555966],[-46.710995161325364,-23.487409392914333],[-46.71104128122923,-23.48714875034779],[-46.711087401133085,-23.487018429064516],[-46.711087401133085,-23.48695326842288],[-46.711087401133085,-23.486888107781244],[-46.711087401133085,-23.486822947139608],[-46.711087401133085,-23.486757786497975],[-46.711087401133085,-23.48669262585634],[-46.711087401133085,-23.486627465214703],[-46.71104128122923,-23.486562304573066],[-46.71104128122923,-23.48649714393143],[-46.71104128122923,-23.486431983289794],[-46.710995161325364,-23.486366822648158],[-46.710995161325364,-23.48630166200652],[-46.71094904142151,-23.48617134072325],[-46.71090292151765,-23.48617134072325],[-46.71090292151765,-23.486106180081613],[-46.710856801613794,-23.48604101943998],[-46.71081068170994,-23.485910698156708],[-46.71071844190222,-23.485845537515072],[-46.710672321998366,-23.485780376873436],[-46.7106262020945,-23.485780376873436],[-46.710580082190646,-23.4857152162318],[-46.710441722479075,-23.485584894948527],[-46.71034948267136,-23.485454573665255],[-46.71025724286364,-23.485389413023622],[-46.71016500305593,-23.485324252381986],[-46.71016500305593,-23.48525909174035],[-46.71011888315207,-23.485193931098713],[-46.71007276324821,-23.485193931098713],[-46.71007276324821,-23.485128770457077],[-46.71002664334436,-23.485128770457077],[-46.7099805234405,-23.48506360981544],[-46.70993440353664,-23.484998449173805],[-46.70984216372892,-23.48493328853217],[-46.70984216372892,-23.484868127890532],[-46.709796043825065,-23.484802967248896],[-46.70974992392121,-23.484737806607264],[-46.709657684113495,-23.48460748532399],[-46.70961156420964,-23.484542324682355],[-46.70951932440192,-23.484412003399083],[-46.7094270845942,-23.48428168211581],[-46.70938096469035,-23.484216521474174],[-46.70933484478649,-23.484151360832538],[-46.70928872488263,-23.4840862001909],[-46.70919648507492,-23.483955878907633],[-46.7091042452672,-23.48382555762436],[-46.70905812536334,-23.483760396982724],[-46.70905812536334,-23.483695236341088],[-46.709012005459485,-23.483695236341088],[-46.709012005459485,-23.483630075699452],[-46.70891976565177,-23.483564915057816],[-46.708873645747914,-23.48349975441618],[-46.70882752584406,-23.483434593774543],[-46.70873528603634,-23.483304272491274],[-46.70864304622862,-23.483173951208002],[-46.70864304622862,-23.483108790566366],[-46.708596926324766,-23.48304362992473],[-46.70855080642091,-23.482978469283093],[-46.70855080642091,-23.482913308641457],[-46.70850468651705,-23.48284814799982],[-46.70850468651705,-23.482782987358185],[-46.708458566613196,-23.482782987358185],[-46.708458566613196,-23.482717826716552],[-46.708458566613196,-23.482652666074916],[-46.708458566613196,-23.48258750543328],[-46.708458566613196,-23.482522344791644],[-46.708458566613196,-23.482457184150007],[-46.708458566613196,-23.48239202350837],[-46.708458566613196,-23.4822617022251],[-46.70850468651705,-23.482196541583463],[-46.70850468651705,-23.482131380941826],[-46.70850468651705,-23.48206622030019],[-46.70850468651705,-23.482001059658558],[-46.70855080642091,-23.48193589901692],[-46.70855080642091,-23.48180557773365],[-46.70855080642091,-23.481740417092013],[-46.70855080642091,-23.48161009580874],[-46.70855080642091,-23.481544935167104],[-46.70855080642091,-23.481414613883832],[-46.70855080642091,-23.4813494532422],[-46.70850468651705,-23.481284292600563],[-46.70850468651705,-23.481219131958927],[-46.708458566613196,-23.481088810675654],[-46.708458566613196,-23.481023650034018],[-46.70841244670933,-23.480958489392382],[-46.708366326805475,-23.480763007467473],[-46.70832020690162,-23.480502364900932],[-46.708227967093904,-23.480241722334387],[-46.70813572728619,-23.479981079767846],[-46.70804348747847,-23.4797204372013],[-46.70804348747847,-23.479655276559665],[-46.70799736757461,-23.479459794634757],[-46.707951247670756,-23.479329473351488],[-46.7079051277669,-23.479199152068215],[-46.70785900786304,-23.479068830784943],[-46.70785900786304,-23.47893850950167],[-46.707812887959186,-23.478808188218398],[-46.70776676805533,-23.47867786693513],[-46.70772064815147,-23.478612706293493],[-46.70762840834375,-23.47848238501022],[-46.707582288439895,-23.478417224368584],[-46.707582288439895,-23.47835206372695],[-46.70753616853604,-23.47835206372695],[-46.70753616853604,-23.478286903085312],[-46.70753616853604,-23.478221742443676],[-46.707582288439895,-23.478221742443676],[-46.70762840834375,-23.47815658180204],[-46.70776676805533,-23.478091421160403],[-46.70785900786304,-23.478091421160403],[-46.707951247670756,-23.478026260518767],[-46.70804348747847,-23.477961099877135],[-46.70813572728619,-23.477961099877135],[-46.70813572728619,-23.4778959392355],[-46.70818184719005,-23.4778959392355],[-46.70827408699776,-23.477830778593862],[-46.708366326805475,-23.47770045731059],[-46.708458566613196,-23.47770045731059],[-46.70850468651705,-23.477635296668954],[-46.70855080642091,-23.477570136027317],[-46.708596926324766,-23.47750497538568],[-46.708596926324766,-23.477439814744045],[-46.70864304622862,-23.477439814744045],[-46.708781405940194,-23.47737465410241],[-46.70891976565177,-23.47724433281914],[-46.709012005459485,-23.477179172177504],[-46.70919648507492,-23.476983690252595],[-46.70938096469035,-23.47691852961096],[-46.70956544430578,-23.476788208327687],[-46.709657684113495,-23.476788208327687],[-46.70970380401735,-23.47672304768605],[-46.70970380401735,-23.476657887044418],[-46.70974992392121,-23.47659272640278],[-46.709796043825065,-23.476527565761145],[-46.70984216372892,-23.476527565761145],[-46.70988828363278,-23.47646240511951],[-46.7099805234405,-23.476397244477873],[-46.71007276324821,-23.476397244477873],[-46.71011888315207,-23.476332083836237],[-46.710211122959784,-23.4762669231946],[-46.71025724286364,-23.4762669231946],[-46.710303362767505,-23.476201762552964],[-46.71034948267136,-23.476201762552964],[-46.71039560257522,-23.47613660191133],[-46.710441722479075,-23.47613660191133],[-46.71048784238293,-23.476071441269692],[-46.71053396228679,-23.476071441269692],[-46.71053396228679,-23.476006280628056],[-46.710580082190646,-23.475941119986423],[-46.7106262020945,-23.475875959344787],[-46.7106262020945,-23.47581079870315],[-46.710672321998366,-23.475745638061515],[-46.710672321998366,-23.47568047741988],[-46.710672321998366,-23.475615316778242],[-46.710672321998366,-23.475550156136606],[-46.710672321998366,-23.47548499549497],[-46.71071844190222,-23.47548499549497],[-46.71071844190222,-23.475354674211697],[-46.71076456180608,-23.475354674211697],[-46.71076456180608,-23.475289513570065],[-46.71071844190222,-23.475289513570065],[-46.71071844190222,-23.47522435292843],[-46.71071844190222,-23.475159192286792],[-46.71076456180608,-23.475094031645156],[-46.71076456180608,-23.47502887100352],[-46.71076456180608,-23.474963710361884],[-46.71081068170994,-23.474898549720248],[-46.71081068170994,-23.47483338907861],[-46.710856801613794,-23.47483338907861],[-46.710856801613794,-23.474768228436975],[-46.71081068170994,-23.47470306779534],[-46.710856801613794,-23.47470306779534],[-46.710856801613794,-23.474637907153706],[-46.71081068170994,-23.47457274651207],[-46.710856801613794,-23.47457274651207],[-46.71081068170994,-23.474507585870434],[-46.71081068170994,-23.474442425228798],[-46.71081068170994,-23.47437726458716],[-46.71076456180608,-23.474312103945525],[-46.71076456180608,-23.47424694330389],[-46.71071844190222,-23.47424694330389],[-46.71071844190222,-23.474181782662253],[-46.710672321998366,-23.474181782662253],[-46.710672321998366,-23.474116622020617],[-46.7106262020945,-23.47405146137898],[-46.7106262020945,-23.473986300737344],[-46.710580082190646,-23.473986300737344],[-46.710580082190646,-23.47392114009571],[-46.710580082190646,-23.473855979454076],[-46.71053396228679,-23.473855979454076],[-46.71053396228679,-23.47379081881244],[-46.71048784238293,-23.47379081881244],[-46.71039560257522,-23.473725658170803],[-46.71034948267136,-23.473725658170803],[-46.71034948267136,-23.473660497529167],[-46.710303362767505,-23.47359533688753],[-46.710303362767505,-23.473530176245895],[-46.71025724286364,-23.47346501560426],[-46.710211122959784,-23.47346501560426],[-46.710211122959784,-23.473399854962622],[-46.710211122959784,-23.473334694320986],[-46.710211122959784,-23.473269533679353],[-46.710211122959784,-23.473204373037717],[-46.71025724286364,-23.473204373037717],[-46.71025724286364,-23.47313921239608],[-46.710303362767505,-23.47313921239608],[-46.710303362767505,-23.473074051754445],[-46.710303362767505,-23.47300889111281],[-46.710303362767505,-23.472943730471172],[-46.71034948267136,-23.472878569829536],[-46.71034948267136,-23.4728134091879],[-46.71039560257522,-23.4728134091879],[-46.71039560257522,-23.472748248546264],[-46.710441722479075,-23.472683087904628],[-46.710441722479075,-23.472617927262995],[-46.710441722479075,-23.47255276662136],[-46.71048784238293,-23.472487605979723],[-46.71053396228679,-23.472422445338086],[-46.71053396228679,-23.47235728469645],[-46.710580082190646,-23.47235728469645],[-46.7106262020945,-23.47235728469645],[-46.7106262020945,-23.472292124054814],[-46.710672321998366,-23.472292124054814],[-46.71071844190222,-23.472292124054814],[-46.71076456180608,-23.472292124054814],[-46.71081068170994,-23.472226963413178],[-46.710856801613794,-23.47216180277154],[-46.71090292151765,-23.472096642129905],[-46.71094904142151,-23.47203148148827],[-46.710995161325364,-23.471966320846633],[-46.71104128122923,-23.471901160205],[-46.711087401133085,-23.471835999563364],[-46.711087401133085,-23.471770838921728],[-46.71113352103694,-23.471770838921728],[-46.71113352103694,-23.47170567828009],[-46.7111796409408,-23.471640517638455],[-46.7111796409408,-23.47157535699682],[-46.7111796409408,-23.471510196355183],[-46.7111796409408,-23.471445035713547],[-46.7111796409408,-23.47137987507191],[-46.71113352103694,-23.47137987507191],[-46.71113352103694,-23.471314714430275],[-46.71113352103694,-23.471249553788642],[-46.71113352103694,-23.471184393147006],[-46.71113352103694,-23.47111923250537],[-46.711087401133085,-23.471054071863733],[-46.711087401133085,-23.470988911222097],[-46.711087401133085,-23.47092375058046],[-46.711087401133085,-23.470858589938825],[-46.71104128122923,-23.47079342929719],[-46.71104128122923,-23.470728268655552],[-46.710995161325364,-23.470663108013916],[-46.710995161325364,-23.470597947372283],[-46.710995161325364,-23.470532786730647],[-46.71094904142151,-23.470532786730647],[-46.71094904142151,-23.47046762608901],[-46.71094904142151,-23.470402465447375],[-46.71094904142151,-23.47033730480574],[-46.71090292151765,-23.470272144164102],[-46.71090292151765,-23.470206983522466],[-46.71090292151765,-23.47014182288083],[-46.710856801613794,-23.47014182288083],[-46.710856801613794,-23.470076662239194],[-46.710856801613794,-23.470011501597558],[-46.71090292151765,-23.470011501597558],[-46.71094904142151,-23.470011501597558],[-46.710995161325364,-23.46994634095592],[-46.71104128122923,-23.46994634095592],[-46.711087401133085,-23.46994634095592],[-46.71113352103694,-23.46994634095592],[-46.7111796409408,-23.46994634095592],[-46.711225760844655,-23.46994634095592],[-46.711225760844655,-23.46988118031429],[-46.71127188074851,-23.46988118031429],[-46.71131800065237,-23.46988118031429],[-46.711364120556226,-23.46988118031429],[-46.71141024046009,-23.46988118031429],[-46.71145636036395,-23.469816019672653],[-46.711502480267804,-23.469816019672653],[-46.71154860017166,-23.469816019672653],[-46.71154860017166,-23.469750859031016],[-46.71159472007552,-23.469750859031016],[-46.711640839979374,-23.469750859031016],[-46.71168695988323,-23.46968569838938],[-46.71173307978709,-23.46968569838938],[-46.71177919969095,-23.46968569838938],[-46.71182531959481,-23.46968569838938],[-46.71182531959481,-23.469620537747744],[-46.711871439498665,-23.469555377106108],[-46.711871439498665,-23.46949021646447],[-46.711871439498665,-23.469425055822835],[-46.711871439498665,-23.4693598951812],[-46.71191755940252,-23.469294734539563],[-46.71196367930638,-23.469164413256294],[-46.71196367930638,-23.469099252614658],[-46.712009799210236,-23.469099252614658],[-46.712009799210236,-23.469034091973022],[-46.712009799210236,-23.468968931331386],[-46.71196367930638,-23.46890377068975],[-46.71191755940252,-23.468773449406477],[-46.711871439498665,-23.468643128123205],[-46.711871439498665,-23.468577967481572],[-46.711871439498665,-23.468512806839936],[-46.71182531959481,-23.468382485556663],[-46.71177919969095,-23.468382485556663],[-46.71173307978709,-23.468317324915027],[-46.71168695988323,-23.46825216427339],[-46.711640839979374,-23.468187003631755],[-46.71159472007552,-23.46812184299012],[-46.71154860017166,-23.468056682348482],[-46.71154860017166,-23.467861200423577],[-46.71154860017166,-23.46779603978194],[-46.71154860017166,-23.467730879140305],[-46.71154860017166,-23.46766571849867],[-46.71154860017166,-23.467535397215396],[-46.71154860017166,-23.46747023657376],[-46.71159472007552,-23.467339915290488],[-46.71159472007552,-23.46727475464885],[-46.711640839979374,-23.46720959400722],[-46.71159472007552,-23.467144433365583],[-46.711640839979374,-23.467144433365583],[-46.711640839979374,-23.467079272723947],[-46.71168695988323,-23.467079272723947],[-46.71168695988323,-23.46701411208231],[-46.71173307978709,-23.46701411208231],[-46.71173307978709,-23.466948951440674],[-46.71177919969095,-23.466948951440674],[-46.71177919969095,-23.466883790799038],[-46.71182531959481,-23.466883790799038],[-46.71182531959481,-23.4668186301574],[-46.711871439498665,-23.4668186301574],[-46.711871439498665,-23.466753469515766],[-46.71191755940252,-23.466753469515766],[-46.71196367930638,-23.46668830887413],[-46.712009799210236,-23.46655798759086],[-46.71205591911409,-23.466492826949224],[-46.71210203901795,-23.466492826949224],[-46.71214815892181,-23.466427666307588],[-46.71219427882567,-23.466362505665952],[-46.712286518633384,-23.46623218438268],[-46.71233263853724,-23.466167023741043],[-46.7123787584411,-23.466101863099407],[-46.712424878344954,-23.46603670245777],[-46.71247099824882,-23.46603670245777],[-46.71247099824882,-23.465971541816135],[-46.712517118152675,-23.465971541816135],[-46.712517118152675,-23.4659063811745],[-46.71256323805653,-23.4659063811745],[-46.71256323805653,-23.465841220532866],[-46.71260935796039,-23.465841220532866],[-46.71260935796039,-23.46577605989123],[-46.712655477864246,-23.46577605989123],[-46.712655477864246,-23.465710899249594],[-46.71274771767196,-23.465645738607957],[-46.71274771767196,-23.46558057796632],[-46.71283995747968,-23.465515417324685],[-46.712932197287394,-23.465385096041413],[-46.713301156518256,-23.464863810908327],[-46.71334727642211,-23.46479865026669],[-46.71339339632597,-23.464733489625054],[-46.713439516229826,-23.464733489625054],[-46.713439516229826,-23.464668328983418],[-46.71348563613368,-23.464668328983418],[-46.71348563613368,-23.46460316834178],[-46.71353175603754,-23.46460316834178],[-46.71353175603754,-23.46453800770015],[-46.713577875941404,-23.46453800770015],[-46.71362399584526,-23.464472847058513],[-46.71367011574912,-23.464407686416877],[-46.71367011574912,-23.46434252577524],[-46.71376235555683,-23.464277365133604],[-46.71380847546069,-23.464212204491968],[-46.71380847546069,-23.464147043850332],[-46.713854595364545,-23.464147043850332],[-46.713854595364545,-23.464081883208696],[-46.7139007152684,-23.46401672256706],[-46.7139007152684,-23.463951561925423],[-46.713946835172266,-23.463951561925423],[-46.713946835172266,-23.463886401283787],[-46.71399295507612,-23.463886401283787],[-46.71399295507612,-23.463821240642154],[-46.71399295507612,-23.46375608000052],[-46.71403907497998,-23.463625758717246],[-46.714085194883836,-23.46356059807561],[-46.714085194883836,-23.463495437433973],[-46.71413131478769,-23.463430276792337],[-46.71417743469155,-23.4633651161507],[-46.71422355459541,-23.46323479486743],[-46.71422355459541,-23.463169634225796],[-46.71426967449926,-23.46310447358416],[-46.71426967449926,-23.463039312942524],[-46.71426967449926,-23.462974152300887],[-46.71431579440313,-23.462974152300887],[-46.71431579440313,-23.462843831017615],[-46.714361914306984,-23.46277867037598],[-46.71440803421084,-23.462648349092706],[-46.7144541541147,-23.462518027809438],[-46.7144541541147,-23.4624528671678],[-46.714500274018555,-23.462387706526165],[-46.714500274018555,-23.46232254588453],[-46.71454639392241,-23.462257385242893],[-46.71454639392241,-23.462192224601257],[-46.71459251382627,-23.462192224601257],[-46.71459251382627,-23.46212706395962],[-46.714638633730125,-23.46212706395962],[-46.71468475363399,-23.462061903317984],[-46.714730873537846,-23.461996742676348],[-46.7147769934417,-23.461931582034712],[-46.71482311334556,-23.461866421393076],[-46.714869233249416,-23.461866421393076],[-46.714869233249416,-23.461801260751443],[-46.71491535315327,-23.461736100109807],[-46.71496147305713,-23.461736100109807],[-46.71500759296099,-23.46167093946817],[-46.71505371286485,-23.461605778826534],[-46.71509983276871,-23.461540618184898],[-46.715145952672565,-23.461475457543262],[-46.71519207257642,-23.461475457543262],[-46.71519207257642,-23.461410296901626],[-46.71523819248028,-23.46134513625999],[-46.71523819248028,-23.461279975618353],[-46.715284312384135,-23.461279975618353],[-46.71533043228799,-23.461214814976717],[-46.71533043228799,-23.461149654335085],[-46.71537655219185,-23.46108449369345],[-46.71542267209571,-23.461019333051812],[-46.71546879199957,-23.46088901176854],[-46.71546879199957,-23.460823851126904],[-46.715514911903426,-23.460823851126904],[-46.715514911903426,-23.460758690485267],[-46.715514911903426,-23.46069352984363],[-46.71556103180728,-23.46069352984363],[-46.71556103180728,-23.460628369201995],[-46.71556103180728,-23.46056320856036],[-46.71560715171114,-23.460498047918726],[-46.71560715171114,-23.460367726635454],[-46.71560715171114,-23.460302565993818],[-46.71560715171114,-23.46023740535218],[-46.71560715171114,-23.460172244710545],[-46.71560715171114,-23.46010708406891],[-46.71560715171114,-23.460041923427273],[-46.715653271615,-23.459976762785637],[-46.715653271615,-23.459911602144],[-46.715653271615,-23.459846441502368],[-46.715653271615,-23.45978128086073],[-46.71560715171114,-23.459716120219095],[-46.71560715171114,-23.45965095957746],[-46.71560715171114,-23.459585798935823],[-46.71556103180728,-23.459585798935823],[-46.71556103180728,-23.459520638294187],[-46.715514911903426,-23.459520638294187],[-46.715514911903426,-23.45945547765255],[-46.71546879199957,-23.459390317010914],[-46.71542267209571,-23.459325156369278],[-46.71537655219185,-23.459259995727642],[-46.71533043228799,-23.45919483508601],[-46.715284312384135,-23.459129674444373],[-46.71523819248028,-23.459064513802737],[-46.71523819248028,-23.4589993531611],[-46.71523819248028,-23.458934192519465],[-46.71523819248028,-23.45886903187783],[-46.71523819248028,-23.458803871236192],[-46.71523819248028,-23.458738710594556],[-46.71523819248028,-23.458608389311284],[-46.71523819248028,-23.458543228669647],[-46.71523819248028,-23.458478068028015],[-46.71519207257642,-23.45841290738638],[-46.71519207257642,-23.458347746744742],[-46.715145952672565,-23.458282586103106],[-46.715145952672565,-23.45821742546147],[-46.71509983276871,-23.458152264819834],[-46.71509983276871,-23.458087104178198],[-46.71505371286485,-23.45802194353656],[-46.71500759296099,-23.457956782894925],[-46.71496147305713,-23.45789162225329],[-46.71491535315327,-23.457826461611656],[-46.714869233249416,-23.45776130097002],[-46.71482311334556,-23.45776130097002],[-46.7147769934417,-23.457696140328384],[-46.714730873537846,-23.457630979686748],[-46.71468475363399,-23.457630979686748],[-46.71468475363399,-23.45756581904511],[-46.714638633730125,-23.457500658403475],[-46.71459251382627,-23.457500658403475],[-46.71454639392241,-23.45743549776184],[-46.71454639392241,-23.457370337120203],[-46.714500274018555,-23.457305176478567],[-46.7144541541147,-23.45724001583693],[-46.71440803421084,-23.457174855195298],[-46.71440803421084,-23.45710969455366],[-46.714361914306984,-23.45710969455366],[-46.71431579440313,-23.457044533912025],[-46.71431579440313,-23.45697937327039],[-46.71426967449926,-23.456914212628753],[-46.71422355459541,-23.456914212628753],[-46.71422355459541,-23.456849051987117],[-46.71417743469155,-23.45678389134548],[-46.71413131478769,-23.45665357006221],[-46.714085194883836,-23.456588409420572],[-46.71403907497998,-23.456458088137303],[-46.713946835172266,-23.45632776685403],[-46.7139007152684,-23.456262606212395],[-46.713854595364545,-23.45619744557076],[-46.71380847546069,-23.456132284929122],[-46.71376235555683,-23.456067124287486],[-46.713716235652974,-23.456067124287486],[-46.71367011574912,-23.45600196364585],[-46.71362399584526,-23.455936803004214],[-46.71353175603754,-23.455871642362577],[-46.713439516229826,-23.455806481720945],[-46.71334727642211,-23.45574132107931],[-46.7132550366144,-23.455676160437672],[-46.71316279680668,-23.455610999796036],[-46.713070556998964,-23.4555458391544],[-46.712932197287394,-23.455415517871128],[-46.71283995747968,-23.45535035722949],[-46.71274771767196,-23.45522003594622],[-46.7127015977681,-23.455154875304586],[-46.712655477864246,-23.45508971466295],[-46.71260935796039,-23.455024554021314],[-46.71256323805653,-23.455024554021314],[-46.71256323805653,-23.454959393379678],[-46.712517118152675,-23.45489423273804],[-46.71247099824882,-23.454829072096405],[-46.71247099824882,-23.45476391145477],[-46.712424878344954,-23.45476391145477],[-46.7123787584411,-23.454698750813133],[-46.71233263853724,-23.454633590171497],[-46.712286518633384,-23.45456842952986],[-46.71224039872953,-23.45456842952986],[-46.71219427882567,-23.45456842952986],[-46.71214815892181,-23.45456842952986],[-46.71205591911409,-23.454503268888224],[-46.712009799210236,-23.454503268888224],[-46.71196367930638,-23.454503268888224],[-46.71191755940252,-23.454438108246592],[-46.711871439498665,-23.454372947604956],[-46.71182531959481,-23.454372947604956],[-46.71177919969095,-23.45430778696332],[-46.71173307978709,-23.45430778696332],[-46.71168695988323,-23.454242626321683],[-46.71159472007552,-23.454177465680047],[-46.71159472007552,-23.45411230503841],[-46.71154860017166,-23.45411230503841],[-46.711502480267804,-23.454047144396775],[-46.71145636036395,-23.45398198375514],[-46.71141024046009,-23.453916823113502],[-46.71141024046009,-23.453851662471866],[-46.711364120556226,-23.453851662471866],[-46.71131800065237,-23.453851662471866],[-46.71131800065237,-23.453786501830233],[-46.71127188074851,-23.453786501830233],[-46.71127188074851,-23.453721341188597],[-46.711225760844655,-23.453721341188597],[-46.711225760844655,-23.45365618054696],[-46.7111796409408,-23.453591019905325],[-46.71113352103694,-23.45352585926369],[-46.71113352103694,-23.453460698622052],[-46.711087401133085,-23.453395537980416],[-46.71104128122923,-23.45333037733878],[-46.710995161325364,-23.45333037733878],[-46.710995161325364,-23.453265216697144],[-46.71094904142151,-23.453200056055508],[-46.71090292151765,-23.453200056055508],[-46.71090292151765,-23.453134895413875],[-46.710856801613794,-23.453134895413875],[-46.71081068170994,-23.453134895413875],[-46.71081068170994,-23.45306973477224],[-46.71076456180608,-23.45306973477224],[-46.71071844190222,-23.453004574130603],[-46.710672321998366,-23.452939413488966],[-46.7106262020945,-23.452939413488966],[-46.710580082190646,-23.45287425284733],[-46.71053396228679,-23.45287425284733],[-46.710441722479075,-23.452809092205694],[-46.71039560257522,-23.452743931564058],[-46.71034948267136,-23.452743931564058],[-46.710303362767505,-23.452743931564058],[-46.71025724286364,-23.452743931564058],[-46.71002664334436,-23.452743931564058],[-46.7099805234405,-23.452743931564058],[-46.70988828363278,-23.452743931564058],[-46.70984216372892,-23.452743931564058],[-46.709796043825065,-23.452743931564058],[-46.70974992392121,-23.452743931564058],[-46.70970380401735,-23.452743931564058],[-46.709657684113495,-23.452743931564058],[-46.70961156420964,-23.452743931564058],[-46.70951932440192,-23.452743931564058],[-46.70947320449806,-23.45267877092242],[-46.7094270845942,-23.45267877092242],[-46.70938096469035,-23.452613610280785],[-46.70933484478649,-23.452613610280785],[-46.709242604978776,-23.45254844963915],[-46.70919648507492,-23.45254844963915],[-46.709150365171055,-23.45254844963915],[-46.7091042452672,-23.452483288997513],[-46.70905812536334,-23.452483288997513],[-46.709012005459485,-23.452483288997513],[-46.70896588555563,-23.452483288997513],[-46.70891976565177,-23.452483288997513],[-46.708873645747914,-23.452483288997513],[-46.708781405940194,-23.45241812835588],[-46.70873528603634,-23.45241812835588],[-46.70868916613248,-23.45241812835588],[-46.70868916613248,-23.452352967714244],[-46.70864304622862,-23.452287807072608],[-46.708596926324766,-23.45222264643097],[-46.708596926324766,-23.452157485789336],[-46.70855080642091,-23.452157485789336],[-46.70855080642091,-23.4520923251477],[-46.70850468651705,-23.4520923251477],[-46.708458566613196,-23.4520923251477],[-46.70841244670933,-23.4520923251477],[-46.70832020690162,-23.452027164506063],[-46.70827408699776,-23.452027164506063],[-46.708227967093904,-23.452027164506063],[-46.70818184719005,-23.452027164506063],[-46.708089607382334,-23.451962003864427],[-46.70799736757461,-23.451831682581155],[-46.70799736757461,-23.451766521939522],[-46.707951247670756,-23.451701361297886],[-46.70785900786304,-23.45163620065625],[-46.707812887959186,-23.45163620065625],[-46.70776676805533,-23.451571040014613],[-46.70772064815147,-23.451571040014613],[-46.70767452824761,-23.451571040014613],[-46.70762840834375,-23.451505879372977],[-46.707582288439895,-23.451505879372977],[-46.70753616853604,-23.451505879372977],[-46.70739780882447,-23.45144071873134],[-46.70735168892061,-23.451375558089705],[-46.70739780882447,-23.451375558089705],[-46.707443928728324,-23.45131039744807],[-46.70749004863218,-23.451245236806432],[-46.70749004863218,-23.451180076164796],[-46.70753616853604,-23.451114915523164],[-46.70753616853604,-23.451049754881527],[-46.70749004863218,-23.451049754881527],[-46.70749004863218,-23.45098459423989],[-46.707443928728324,-23.450919433598255],[-46.70739780882447,-23.45085427295662],[-46.70735168892061,-23.450789112314983],[-46.70735168892061,-23.450723951673346],[-46.70739780882447,-23.450593630390074],[-46.70739780882447,-23.450528469748438],[-46.70735168892061,-23.4504633091068],[-46.70730556901675,-23.4504633091068],[-46.70721332920903,-23.450332987823533],[-46.707167209305176,-23.450332987823533],[-46.707028849593605,-23.45020266654026],[-46.70684436997817,-23.450137505898624],[-46.706798250074314,-23.45000718461535],[-46.706798250074314,-23.449942023973716],[-46.70675213017046,-23.449811702690443],[-46.70675213017046,-23.44974654204881],[-46.70675213017046,-23.449681381407174],[-46.70675213017046,-23.449616220765538],[-46.70675213017046,-23.449551060123902],[-46.7067060102666,-23.449485899482266],[-46.7067060102666,-23.44942073884063],[-46.7067060102666,-23.449290417557357],[-46.7067060102666,-23.449160096274085],[-46.7067060102666,-23.449094935632452],[-46.7067060102666,-23.449029774990816],[-46.7067060102666,-23.448834293065907],[-46.7067060102666,-23.44876913242427],[-46.706659890362744,-23.448638811141],[-46.706659890362744,-23.448573650499362],[-46.706659890362744,-23.44844332921609],[-46.706659890362744,-23.448378168574457],[-46.706659890362744,-23.44831300793282],[-46.70661377045888,-23.44818268664955],[-46.70661377045888,-23.448052365366276],[-46.70656765055502,-23.44798720472464],[-46.70656765055502,-23.447856883441368],[-46.706521530651166,-23.44779172279973],[-46.706521530651166,-23.4477265621581],[-46.706521530651166,-23.447661401516463],[-46.70656765055502,-23.447661401516463],[-46.70656765055502,-23.447596240874827],[-46.70656765055502,-23.44753108023319],[-46.70656765055502,-23.447465919591554],[-46.70661377045888,-23.447400758949918],[-46.706659890362744,-23.447400758949918],[-46.706659890362744,-23.447335598308282],[-46.7067060102666,-23.447270437666646],[-46.7067060102666,-23.44720527702501],[-46.706659890362744,-23.44720527702501],[-46.70661377045888,-23.447140116383373],[-46.70656765055502,-23.447140116383373],[-46.70656765055502,-23.44707495574174],[-46.70656765055502,-23.447009795100104],[-46.70661377045888,-23.446944634458468],[-46.706659890362744,-23.446944634458468],[-46.706659890362744,-23.446879473816832],[-46.706659890362744,-23.446814313175196],[-46.7067060102666,-23.446814313175196],[-46.7067060102666,-23.44674915253356],[-46.706659890362744,-23.446683991891923],[-46.70661377045888,-23.446683991891923],[-46.70661377045888,-23.446618831250287],[-46.70656765055502,-23.446618831250287],[-46.70656765055502,-23.44655367060865],[-46.706521530651166,-23.44655367060865],[-46.70647541074731,-23.446488509967015],[-46.70647541074731,-23.44642334932538],[-46.70647541074731,-23.446358188683746],[-46.70642929084345,-23.44629302804211],[-46.70647541074731,-23.44629302804211],[-46.70642929084345,-23.446227867400474],[-46.70647541074731,-23.446162706758837],[-46.70647541074731,-23.4460975461172],[-46.70647541074731,-23.446032385475565],[-46.706521530651166,-23.44596722483393],[-46.70656765055502,-23.445902064192293],[-46.70661377045888,-23.445836903550656],[-46.7067060102666,-23.44577174290902],[-46.70675213017046,-23.445706582267388],[-46.706798250074314,-23.44564142162575],[-46.70684436997817,-23.44564142162575],[-46.70684436997817,-23.445576260984115],[-46.70689048988203,-23.44551110034248],[-46.706936609785885,-23.44551110034248],[-46.70698272968974,-23.445445939700843],[-46.707028849593605,-23.445380779059207],[-46.70707496949746,-23.445380779059207],[-46.70707496949746,-23.44531561841757],[-46.70712108940132,-23.44531561841757],[-46.707167209305176,-23.445250457775934],[-46.70721332920903,-23.445250457775934],[-46.70725944911289,-23.445185297134298],[-46.70730556901675,-23.445120136492662],[-46.70735168892061,-23.44505497585103],[-46.70739780882447,-23.44505497585103],[-46.707443928728324,-23.444989815209393],[-46.70749004863218,-23.444989815209393],[-46.707582288439895,-23.444924654567757],[-46.70762840834375,-23.444924654567757],[-46.70767452824761,-23.444924654567757],[-46.70772064815147,-23.444924654567757],[-46.70776676805533,-23.444924654567757],[-46.707812887959186,-23.444924654567757],[-46.70785900786304,-23.444924654567757],[-46.7079051277669,-23.44485949392612],[-46.707951247670756,-23.44485949392612],[-46.70799736757461,-23.44485949392612],[-46.70804348747847,-23.444794333284484],[-46.708089607382334,-23.444794333284484],[-46.70813572728619,-23.444794333284484],[-46.70813572728619,-23.444729172642848],[-46.70813572728619,-23.444664012001212],[-46.70818184719005,-23.444598851359576],[-46.70818184719005,-23.44453369071794],[-46.708227967093904,-23.44453369071794],[-46.70827408699776,-23.444468530076303],[-46.70832020690162,-23.444468530076303],[-46.708366326805475,-23.444468530076303],[-46.70841244670933,-23.444468530076303],[-46.708458566613196,-23.444468530076303],[-46.70855080642091,-23.444468530076303],[-46.70864304622862,-23.444468530076303],[-46.70868916613248,-23.444468530076303],[-46.708781405940194,-23.444468530076303],[-46.70882752584406,-23.444403369434667],[-46.708873645747914,-23.444403369434667],[-46.70891976565177,-23.444403369434667],[-46.70896588555563,-23.444403369434667],[-46.709012005459485,-23.444403369434667],[-46.70905812536334,-23.444338208793035],[-46.7091042452672,-23.444338208793035],[-46.709150365171055,-23.444338208793035],[-46.709150365171055,-23.4442730481514],[-46.70919648507492,-23.4442730481514],[-46.709242604978776,-23.4442730481514],[-46.70928872488263,-23.444207887509762],[-46.70933484478649,-23.444207887509762],[-46.70938096469035,-23.444142726868126],[-46.7094270845942,-23.444142726868126],[-46.70947320449806,-23.444142726868126],[-46.70951932440192,-23.444142726868126],[-46.70956544430578,-23.444142726868126],[-46.70961156420964,-23.444142726868126],[-46.709657684113495,-23.44407756622649],[-46.70970380401735,-23.44407756622649],[-46.70974992392121,-23.44407756622649],[-46.709796043825065,-23.444012405584854],[-46.70984216372892,-23.444012405584854],[-46.70984216372892,-23.443947244943217],[-46.70988828363278,-23.443947244943217],[-46.70993440353664,-23.443947244943217],[-46.7099805234405,-23.44388208430158],[-46.71002664334436,-23.44388208430158],[-46.71007276324821,-23.44388208430158],[-46.71007276324821,-23.443816923659945],[-46.71011888315207,-23.443816923659945],[-46.71016500305593,-23.44375176301831],[-46.710211122959784,-23.443686602376676],[-46.71025724286364,-23.443686602376676],[-46.710303362767505,-23.44362144173504],[-46.71034948267136,-23.443556281093404],[-46.71039560257522,-23.443556281093404],[-46.710441722479075,-23.443491120451768],[-46.71048784238293,-23.443491120451768],[-46.71053396228679,-23.443491120451768],[-46.710580082190646,-23.443491120451768],[-46.7106262020945,-23.44342595981013],[-46.710672321998366,-23.44342595981013],[-46.71071844190222,-23.443360799168495],[-46.71076456180608,-23.44329563852686],[-46.71081068170994,-23.44329563852686],[-46.71081068170994,-23.443230477885223],[-46.71081068170994,-23.443165317243587],[-46.710856801613794,-23.443165317243587],[-46.71090292151765,-23.44310015660195],[-46.710995161325364,-23.44296983531868],[-46.711087401133085,-23.442904674677045],[-46.71113352103694,-23.44283951403541],[-46.711225760844655,-23.442774353393773],[-46.71127188074851,-23.442709192752137],[-46.71131800065237,-23.442709192752137],[-46.71131800065237,-23.4426440321105],[-46.71141024046009,-23.4426440321105],[-46.71145636036395,-23.442578871468864],[-46.711502480267804,-23.442513710827228],[-46.71154860017166,-23.442448550185592],[-46.71154860017166,-23.442383389543956],[-46.71159472007552,-23.442318228902323],[-46.71159472007552,-23.442253068260687],[-46.711640839979374,-23.44218790761905],[-46.711640839979374,-23.442122746977414],[-46.71168695988323,-23.44205758633578],[-46.71168695988323,-23.441992425694142],[-46.71173307978709,-23.44186210441087],[-46.71177919969095,-23.441666622485965],[-46.711871439498665,-23.44140597991942],[-46.71191755940252,-23.441275658636147],[-46.71196367930638,-23.441145337352875],[-46.71196367930638,-23.44108017671124],[-46.71191755940252,-23.441015016069606],[-46.71196367930638,-23.441015016069606],[-46.712009799210236,-23.441015016069606],[-46.712009799210236,-23.44094985542797],[-46.71196367930638,-23.44094985542797],[-46.71196367930638,-23.440884694786334],[-46.71196367930638,-23.440819534144698],[-46.71196367930638,-23.44075437350306],[-46.71196367930638,-23.440689212861425],[-46.71196367930638,-23.44062405221979],[-46.71191755940252,-23.440558891578153],[-46.71191755940252,-23.440493730936517],[-46.711871439498665,-23.44042857029488],[-46.71182531959481,-23.440363409653244],[-46.71177919969095,-23.44029824901161],[-46.71173307978709,-23.440233088369975],[-46.71168695988323,-23.440233088369975],[-46.711640839979374,-23.440233088369975],[-46.71159472007552,-23.44016792772834],[-46.71154860017166,-23.440102767086703],[-46.711502480267804,-23.440037606445067],[-46.71145636036395,-23.43997244580343],[-46.71145636036395,-23.439907285161794],[-46.71141024046009,-23.439907285161794],[-46.711364120556226,-23.439907285161794],[-46.71131800065237,-23.43984212452016],[-46.71127188074851,-23.43984212452016],[-46.711225760844655,-23.43984212452016],[-46.7111796409408,-23.439776963878522],[-46.71113352103694,-23.439711803236886],[-46.711087401133085,-23.439646642595253],[-46.71104128122923,-23.439646642595253],[-46.71104128122923,-23.439581481953617],[-46.710995161325364,-23.439581481953617],[-46.71094904142151,-23.439581481953617],[-46.71094904142151,-23.43951632131198],[-46.71090292151765,-23.43951632131198],[-46.710856801613794,-23.43951632131198],[-46.710856801613794,-23.439451160670345],[-46.71081068170994,-23.439451160670345],[-46.71076456180608,-23.439451160670345],[-46.71071844190222,-23.439451160670345],[-46.71071844190222,-23.43938600002871],[-46.710672321998366,-23.43938600002871],[-46.7106262020945,-23.43938600002871],[-46.710580082190646,-23.43938600002871],[-46.71053396228679,-23.43938600002871],[-46.71048784238293,-23.43938600002871],[-46.710441722479075,-23.43938600002871],[-46.710441722479075,-23.439320839387072],[-46.71039560257522,-23.439320839387072],[-46.71034948267136,-23.439320839387072],[-46.710303362767505,-23.439320839387072],[-46.71025724286364,-23.439255678745436],[-46.710211122959784,-23.439255678745436],[-46.71016500305593,-23.439255678745436],[-46.71011888315207,-23.439255678745436],[-46.71007276324821,-23.439255678745436],[-46.71002664334436,-23.439255678745436],[-46.7099805234405,-23.439255678745436],[-46.70993440353664,-23.4391905181038],[-46.70988828363278,-23.4391905181038],[-46.70984216372892,-23.4391905181038],[-46.709796043825065,-23.4391905181038],[-46.70974992392121,-23.4391905181038],[-46.70970380401735,-23.4391905181038],[-46.709657684113495,-23.4391905181038],[-46.70961156420964,-23.4391905181038],[-46.70956544430578,-23.4391905181038],[-46.70951932440192,-23.4391905181038],[-46.70947320449806,-23.4391905181038],[-46.7094270845942,-23.439125357462164],[-46.70938096469035,-23.439125357462164],[-46.70933484478649,-23.439060196820527],[-46.70933484478649,-23.439125357462164],[-46.70928872488263,-23.439125357462164],[-46.709242604978776,-23.439125357462164],[-46.70919648507492,-23.439060196820527],[-46.709150365171055,-23.439060196820527],[-46.7091042452672,-23.439060196820527],[-46.7091042452672,-23.438995036178895],[-46.70905812536334,-23.438995036178895],[-46.709012005459485,-23.438995036178895],[-46.70896588555563,-23.438995036178895],[-46.70891976565177,-23.43892987553726],[-46.70891976565177,-23.438864714895622],[-46.708873645747914,-23.438799554253986],[-46.70882752584406,-23.438799554253986],[-46.70882752584406,-23.43873439361235],[-46.708781405940194,-23.43873439361235],[-46.70873528603634,-23.438669232970714],[-46.70868916613248,-23.438669232970714],[-46.70868916613248,-23.438604072329078],[-46.70855080642091,-23.438604072329078],[-46.70855080642091,-23.43853891168744],[-46.70850468651705,-23.43853891168744],[-46.70850468651705,-23.43840859040417],[-46.708458566613196,-23.4382782691209],[-46.708458566613196,-23.438213108479264],[-46.70841244670933,-23.43808278719599],[-46.70841244670933,-23.438017626554355],[-46.708366326805475,-23.437887305271083],[-46.70832020690162,-23.43775698398781],[-46.70832020690162,-23.43762666270454],[-46.70832020690162,-23.437561502062906],[-46.70832020690162,-23.43749634142127],[-46.70827408699776,-23.43749634142127],[-46.70827408699776,-23.437431180779633],[-46.70813572728619,-23.437366020137997],[-46.70804348747847,-23.43730085949636],[-46.707951247670756,-23.437235698854725],[-46.70785900786304,-23.43717053821309],[-46.707812887959186,-23.43717053821309],[-46.70776676805533,-23.43717053821309],[-46.70772064815147,-23.437235698854725],[-46.70767452824761,-23.437235698854725],[-46.70767452824761,-23.43730085949636],[-46.70762840834375,-23.437366020137997],[-46.70762840834375,-23.437431180779633],[-46.70762840834375,-23.43749634142127],[-46.70762840834375,-23.437561502062906],[-46.707582288439895,-23.437561502062906],[-46.707582288439895,-23.43762666270454],[-46.70753616853604,-23.43762666270454],[-46.70749004863218,-23.43762666270454],[-46.707443928728324,-23.437561502062906],[-46.70735168892061,-23.437561502062906],[-46.70721332920903,-23.43749634142127],[-46.70712108940132,-23.43749634142127],[-46.707028849593605,-23.43749634142127],[-46.70689048988203,-23.437431180779633],[-46.70675213017046,-23.437366020137997],[-46.706659890362744,-23.437366020137997],[-46.70656765055502,-23.43730085949636],[-46.70647541074731,-23.43730085949636],[-46.70642929084345,-23.43730085949636],[-46.70633705103574,-23.437366020137997],[-46.70629093113188,-23.437366020137997],[-46.70624481122802,-23.437431180779633],[-46.70619869132416,-23.437431180779633],[-46.706152571420304,-23.437431180779633],[-46.70610645151645,-23.437431180779633],[-46.70606033161259,-23.437431180779633],[-46.706014211708734,-23.437431180779633],[-46.70596809180488,-23.437431180779633],[-46.70592197190102,-23.43749634142127],[-46.705875851997156,-23.43749634142127],[-46.7058297320933,-23.43749634142127],[-46.70578361218944,-23.43749634142127],[-46.705737492285586,-23.43749634142127],[-46.70569137238173,-23.43749634142127],[-46.70564525247787,-23.437561502062906],[-46.70555301267016,-23.437561502062906],[-46.70541465295858,-23.43762666270454],[-46.70532241315087,-23.43762666270454],[-46.70527629324701,-23.437691823346174],[-46.70523017334315,-23.437691823346174],[-46.70523017334315,-23.43775698398781],[-46.7051840534393,-23.43775698398781],[-46.70513793353543,-23.43775698398781],[-46.70513793353543,-23.437822144629447],[-46.705091813631576,-23.437822144629447],[-46.70504569372772,-23.437887305271083],[-46.70499957382386,-23.437887305271083],[-46.704953453920005,-23.43795246591272],[-46.704953453920005,-23.438017626554355],[-46.70490733401615,-23.438017626554355],[-46.70486121411229,-23.438017626554355],[-46.70486121411229,-23.43808278719599],[-46.704815094208435,-23.43808278719599],[-46.70476897430457,-23.438147947837628],[-46.704722854400714,-23.438147947837628],[-46.70467673449686,-23.438147947837628],[-46.704630614593,-23.438213108479264],[-46.70458449468914,-23.438213108479264],[-46.70453837478529,-23.438213108479264],[-46.70444613497757,-23.438213108479264],[-46.70440001507371,-23.438213108479264],[-46.70435389516985,-23.4382782691209],[-46.704307775265995,-23.4382782691209],[-46.70426165536214,-23.438343429762533],[-46.70421553545828,-23.438343429762533],[-46.704169415554425,-23.438343429762533],[-46.70412329565057,-23.438343429762533],[-46.70407717574671,-23.43840859040417],[-46.70403105584285,-23.43840859040417],[-46.70398493593899,-23.43840859040417],[-46.703938816035134,-23.43840859040417],[-46.70389269613128,-23.43840859040417],[-46.70384657622742,-23.43840859040417],[-46.70380045632356,-23.43840859040417],[-46.703754336419706,-23.43840859040417],[-46.70370821651585,-23.43840859040417],[-46.703662096611986,-23.43840859040417],[-46.70361597670813,-23.438473751045805],[-46.70361597670813,-23.43840859040417],[-46.70356985680427,-23.43840859040417],[-46.703523736900415,-23.43840859040417],[-46.7034314970927,-23.43840859040417],[-46.703385377188845,-23.43840859040417],[-46.70333925728499,-23.438343429762533],[-46.703385377188845,-23.4382782691209],[-46.703385377188845,-23.438213108479264],[-46.7034314970927,-23.43808278719599],[-46.7034314970927,-23.438017626554355],[-46.70347761699656,-23.43775698398781],[-46.70347761699656,-23.437561502062906],[-46.703523736900415,-23.437235698854725],[-46.70356985680427,-23.436975056288183],[-46.70356985680427,-23.436909895646547],[-46.70356985680427,-23.436779574363275],[-46.703523736900415,-23.43651893179673],[-46.703523736900415,-23.43632344987182],[-46.703523736900415,-23.43606280730528],[-46.703523736900415,-23.435802164738735],[-46.70347761699656,-23.43528087960565],[-46.70347761699656,-23.43508539768074],[-46.703385377188845,-23.43449895190602],[-46.70333925728499,-23.434107988056205],[-46.70333925728499,-23.43384734548966],[-46.703293137381124,-23.433456381639846],[-46.70324701747727,-23.433260899714938],[-46.70320089757341,-23.43293509650676],[-46.70320089757341,-23.432804775223488],[-46.70315477766955,-23.432544132656943],[-46.703108657765696,-23.43195768688222],[-46.70306253786184,-23.431892526240585],[-46.70306253786184,-23.43182736559895],[-46.70306253786184,-23.431762204957312],[-46.70306253786184,-23.43163188367404],[-46.70306253786184,-23.431566723032407],[-46.70301641795798,-23.43150156239077],[-46.70306253786184,-23.431436401749135],[-46.70306253786184,-23.4313712411075],[-46.70306253786184,-23.431306080465863],[-46.70306253786184,-23.431240919824226],[-46.70306253786184,-23.43098027725768],[-46.703108657765696,-23.430654474049504],[-46.70324701747727,-23.430133188916418],[-46.70320089757341,-23.430002867633146],[-46.70320089757341,-23.4297422250666],[-46.70324701747727,-23.42948158250006],[-46.70333925728499,-23.429220939933515],[-46.703385377188845,-23.42896029736697],[-46.70347761699656,-23.428569333517157],[-46.70347761699656,-23.428178369667343],[-46.70347761699656,-23.42804804838407],[-46.703523736900415,-23.427852566459162],[-46.703523736900415,-23.42772224517589],[-46.703523736900415,-23.427657084534253],[-46.703523736900415,-23.427526763250984],[-46.703523736900415,-23.427396441967712],[-46.703523736900415,-23.42726612068444],[-46.703523736900415,-23.427200960042804],[-46.703662096611986,-23.427005478117895],[-46.703662096611986,-23.426875156834626],[-46.70370821651585,-23.42661451426808],[-46.703754336419706,-23.42648419298481],[-46.703754336419706,-23.426419032343173],[-46.70370821651585,-23.426093229134995],[-46.70370821651585,-23.425702265285178],[-46.70370821651585,-23.425441622718637],[-46.70370821651585,-23.42505065886882],[-46.70370821651585,-23.424985498227183],[-46.703754336419706,-23.424659695019006],[-46.703754336419706,-23.42459453437737],[-46.703754336419706,-23.42439905245246],[-46.70380045632356,-23.424203570527556],[-46.70380045632356,-23.424008088602648],[-46.70380045632356,-23.42394292796101],[-46.70380045632356,-23.423682285394467],[-46.70380045632356,-23.423551964111198],[-46.70380045632356,-23.423421642827925],[-46.70380045632356,-23.423291321544653],[-46.70380045632356,-23.423226160903017],[-46.703754336419706,-23.422835197053203],[-46.70370821651585,-23.42270487576993],[-46.70356985680427,-23.42257455448666],[-46.703385377188845,-23.422509393845022],[-46.70324701747727,-23.422444233203386],[-46.70278581843869,-23.42237907256175],[-46.702739698534835,-23.42237907256175],[-46.70237073930397,-23.422313911920114],[-46.702324619400116,-23.422313911920114],[-46.7019095402654,-23.422248751278477],[-46.701678940746106,-23.422248751278477],[-46.70149446113067,-23.422248751278477],[-46.70140222132296,-23.422248751278477],[-46.7013561014191,-23.422248751278477],[-46.70121774170753,-23.422248751278477],[-46.701033262092096,-23.422248751278477],[-46.70084878247667,-23.422248751278477],[-46.700664302861234,-23.422444233203386],[-46.70061818295738,-23.422509393845022],[-46.70047982324581,-23.42270487576993],[-46.700387583438086,-23.422835197053203],[-46.700249223726516,-23.422900357694836],[-46.70020310382266,-23.423030678978108],[-46.7001569839188,-23.423030678978108],[-46.700110864014945,-23.423030678978108],[-46.700110864014945,-23.423095839619744],[-46.70006474411109,-23.423095839619744],[-46.70006474411109,-23.42316100026138],[-46.69992638439951,-23.423291321544653],[-46.69978802468794,-23.42335648218629],[-46.699741904784084,-23.42348680346956],[-46.69969578488023,-23.42348680346956],[-46.69955742516865,-23.42361712475283],[-46.6992807057455,-23.423747446036103],[-46.6992807057455,-23.42381260667774],[-46.699096226130074,-23.423877767319375],[-46.69891174651464,-23.42394292796101],[-46.69877338680307,-23.424008088602648],[-46.6986350270915,-23.424073249244284],[-46.69826606786064,-23.424203570527556],[-46.69766650911048,-23.424333891810825],[-46.69757426930277,-23.424333891810825],[-46.697113070264194,-23.42439905245246],[-46.6965596314179,-23.424464213094097],[-46.69554499353303,-23.424464213094097],[-46.69549887362917,-23.424464213094097],[-46.69508379449445,-23.424333891810825],[-46.69489931487902,-23.424203570527556],[-46.6948070750713,-23.42413840988592],[-46.694622595455876,-23.424073249244284],[-46.69443811584044,-23.424008088602648],[-46.69429975612887,-23.42394292796101],[-46.694253636225014,-23.423877767319375],[-46.69416139641729,-23.42381260667774],[-46.69406915660958,-23.423747446036103],[-46.69393079689801,-23.423682285394467],[-46.693838557090295,-23.423551964111198],[-46.693746317282574,-23.42348680346956],[-46.69365407747486,-23.423421642827925],[-46.69351571776329,-23.423421642827925],[-46.69323899834014,-23.423291321544653],[-46.693192878436285,-23.423291321544653],[-46.69305451872471,-23.423226160903017],[-46.692962278916994,-23.423226160903017],[-46.69287003910928,-23.423226160903017],[-46.69273167939771,-23.423226160903017],[-46.69259331968613,-23.423226160903017],[-46.69250107987842,-23.423226160903017],[-46.692316600262984,-23.423226160903017],[-46.69227048035913,-23.423226160903017],[-46.69213212064756,-23.423291321544653],[-46.691993760935986,-23.423291321544653],[-46.69180928132055,-23.42335648218629],[-46.691763161416695,-23.42335648218629],[-46.69148644199355,-23.42361712475283],[-46.69139420218583,-23.423682285394467],[-46.69107136285883,-23.423877767319375],[-46.690979123051115,-23.42394292796101],[-46.69079464343568,-23.42413840988592],[-46.69061016382025,-23.424333891810825],[-46.690471804108675,-23.424529373735734],[-46.69024120458939,-23.424724855660642],[-46.69010284487781,-23.424920337585547],[-46.69005672497396,-23.424985498227183],[-46.6900106050701,-23.42505065886882],[-46.689687765743095,-23.425376462077],[-46.68964164583924,-23.425441622718637],[-46.68931880651223,-23.425767425926814],[-46.689272686608376,-23.425767425926814],[-46.68871924776209,-23.42615838977663],[-46.688350288531225,-23.426419032343173],[-46.68821192881965,-23.42648419298481],[-46.688119689011934,-23.426549353626445],[-46.68807356910808,-23.426549353626445],[-46.68788908949264,-23.426744835551354],[-46.687842969588786,-23.426744835551354],[-46.68775072978107,-23.42680999619299],[-46.6876123700695,-23.42694031747626],[-46.68752013026178,-23.427005478117895],[-46.687335650646354,-23.427005478117895],[-46.68710505112706,-23.427005478117895],[-46.68687445160778,-23.427005478117895],[-46.68678221180006,-23.42694031747626],[-46.68659773218463,-23.42680999619299],[-46.68655161228077,-23.426744835551354],[-46.68645937247305,-23.42661451426808],[-46.686413252569196,-23.42661451426808],[-46.68632101276148,-23.42648419298481],[-46.686274892857625,-23.426353871701536],[-46.68622877295377,-23.426223550418268],[-46.68618265304991,-23.426223550418268],[-46.68613653314605,-23.42602806849336],[-46.686044293338334,-23.425897747210087],[-46.686044293338334,-23.42583258656845],[-46.68599817343448,-23.425767425926814],[-46.68595205353062,-23.425637104643542],[-46.68590593362676,-23.42557194400191],[-46.68590593362676,-23.425506783360273],[-46.68585981372291,-23.425441622718637],[-46.68585981372291,-23.425311301435364],[-46.685767573915186,-23.42505065886882],[-46.68572145401133,-23.424855176943915],[-46.68572145401133,-23.424724855660642],[-46.68567533410747,-23.42459453437737],[-46.68567533410747,-23.424529373735734],[-46.685629214203615,-23.424333891810825],[-46.685629214203615,-23.42426873116919],[-46.685629214203615,-23.424203570527556],[-46.68558309429976,-23.424008088602648],[-46.68558309429976,-23.42394292796101],[-46.68558309429976,-23.423877767319375],[-46.68558309429976,-23.42381260667774],[-46.68558309429976,-23.423682285394467],[-46.68558309429976,-23.423551964111198],[-46.68558309429976,-23.423421642827925],[-46.68558309429976,-23.423291321544653],[-46.68558309429976,-23.42316100026138],[-46.68558309429976,-23.423095839619744],[-46.6855369743959,-23.422965518336472],[-46.685398614684324,-23.422835197053203],[-46.685398614684324,-23.422770036411567],[-46.68516801516504,-23.422509393845022],[-46.685075775357326,-23.422313911920114],[-46.684983535549605,-23.42211842999521],[-46.68489129574189,-23.421857787428664],[-46.684845175838035,-23.421792626787028],[-46.68489129574189,-23.42172746614539],[-46.684983535549605,-23.42159714486212],[-46.68512189526118,-23.42146682357885],[-46.6852141350689,-23.421336502295578],[-46.685260254972754,-23.421336502295578],[-46.68535249478047,-23.421206181012305],[-46.685398614684324,-23.42114102037067],[-46.6855369743959,-23.42094553844576],[-46.68558309429976,-23.420880377804124],[-46.68558309429976,-23.42081521716249],[-46.68567533410747,-23.420619735237583],[-46.68572145401133,-23.42048941395431],[-46.68572145401133,-23.420293932029402],[-46.68572145401133,-23.420228771387766],[-46.68567533410747,-23.420163610746133],[-46.68558309429976,-23.42003328946286],[-46.68544473458819,-23.41990296817959],[-46.685398614684324,-23.419837807537952],[-46.68530637487661,-23.419772646896316],[-46.68530637487661,-23.41970748625468],[-46.6852141350689,-23.419577164971408],[-46.6852141350689,-23.419512004329775],[-46.68516801516504,-23.419316522404866],[-46.685075775357326,-23.419121040479958],[-46.68493741564575,-23.419121040479958],[-46.6846606962226,-23.41905587983832],[-46.68447621660717,-23.418990719196685],[-46.68424561708788,-23.418990719196685],[-46.68396889766474,-23.418860397913413],[-46.68392277776088,-23.418860397913413],[-46.68369217824159,-23.418730076630144],[-46.683415458818445,-23.41859975534687],[-46.683277099106874,-23.4184694340636],[-46.682769780164435,-23.418143630855422],[-46.68258530054901,-23.417948148930513],[-46.68244694083743,-23.417752667005605],[-46.68217022141429,-23.417557185080696],[-46.681939621895,-23.417426863797427],[-46.68189350199114,-23.41736170315579],[-46.68161678256799,-23.417296542514155],[-46.68152454276028,-23.41723138187252],[-46.68124782333713,-23.417296542514155],[-46.6810633437217,-23.417296542514155],[-46.68101722381784,-23.417296542514155],[-46.68083274420241,-23.417296542514155],[-46.680786624298555,-23.417296542514155],[-46.68064826458698,-23.41723138187252],[-46.68060214468312,-23.41723138187252],[-46.680556024779264,-23.41723138187252],[-46.68050990487541,-23.41723138187252],[-46.68046378497155,-23.417166221230882],[-46.6801870655484,-23.41703589994761],[-46.680002585932975,-23.416970739305974],[-46.679495266990536,-23.41677525738107],[-46.67944914708668,-23.41677525738107],[-46.67940302718282,-23.416710096739433],[-46.679356907278965,-23.416644936097796],[-46.67908018785582,-23.416449454172888],[-46.67903406795196,-23.41638429353125],[-46.67884958833653,-23.41625397224798],[-46.678711228624955,-23.41612365096471],[-46.678572868913385,-23.415928169039802],[-46.67838838929795,-23.415667526473257],[-46.67829614949024,-23.415537205189985],[-46.67825002958638,-23.415472044548352],[-46.678157789778666,-23.41534172326508],[-46.678157789778666,-23.415276562623443],[-46.67811166987481,-23.415276562623443],[-46.67811166987481,-23.415211401981807],[-46.67801943006709,-23.41514624134017],[-46.67788107035552,-23.415081080698535],[-46.67774271064395,-23.4150159200569],[-46.67760435093237,-23.41534172326508],[-46.67755823102851,-23.415537205189985],[-46.677512111124656,-23.41560236583162],[-46.67732763150922,-23.415993329681438],[-46.677373751413086,-23.41625397224798],[-46.677373751413086,-23.416319132889615],[-46.67741987131694,-23.41657977545616],[-46.677512111124656,-23.41703589994761],[-46.677512111124656,-23.41723138187252],[-46.67755823102851,-23.417426863797427],[-46.67755823102851,-23.417882988288877],[-46.677512111124656,-23.418143630855422],[-46.6774659912208,-23.41827395213869],[-46.677281511605365,-23.41859975534687],[-46.67723539170151,-23.418664915988508],[-46.67718927179765,-23.41879523727178],[-46.67718927179765,-23.418860397913413],[-46.67709703198994,-23.41905587983832],[-46.677004792182224,-23.419186201121594],[-46.6769125523745,-23.419316522404866],[-46.676866432470646,-23.419316522404866],[-46.67663583295136,-23.419512004329775],[-46.67645135333593,-23.419642325613044],[-46.67622075381664,-23.41970748625468],[-46.676082394105066,-23.419772646896316],[-46.67603627420121,-23.41990296817959],[-46.67603627420121,-23.419968128821225],[-46.67603627420121,-23.42003328946286],[-46.67603627420121,-23.420098450104497],[-46.67603627420121,-23.42035909267104],[-46.67603627420121,-23.420554574595947],[-46.676082394105066,-23.42081521716249],[-46.67599015429735,-23.42094553844576],[-46.675851794585775,-23.421075859729033],[-46.67566731497035,-23.421336502295578],[-46.67562119506649,-23.421336502295578],[-46.67552895525877,-23.421401662937214],[-46.675436715451056,-23.42159714486212],[-46.67520611593177,-23.421857787428664],[-46.67511387612405,-23.4219229480703],[-46.674929396508624,-23.42211842999521],[-46.67488327660477,-23.422183590636845],[-46.67469879698933,-23.422444233203386],[-46.674652677085476,-23.42257455448666],[-46.674514317373905,-23.422770036411567],[-46.674422077566184,-23.422900357694836],[-46.674283717854614,-23.423095839619744],[-46.6741914780469,-23.42335648218629],[-46.67414535814304,-23.42348680346956],[-46.67414535814304,-23.423551964111198],[-46.67414535814304,-23.42361712475283],[-46.67414535814304,-23.423682285394467],[-46.67414535814304,-23.423747446036103],[-46.67414535814304,-23.42381260667774],[-46.67414535814304,-23.423877767319375],[-46.67414535814304,-23.424008088602648],[-46.674006998431466,-23.424333891810825],[-46.67396087852761,-23.424333891810825],[-46.673868638719895,-23.424464213094097],[-46.67368415910446,-23.424659695019006],[-46.67354579939289,-23.424855176943915],[-46.673499679489034,-23.424920337585547],[-46.67345355958518,-23.424920337585547],[-46.673222960065885,-23.425311301435364],[-46.672854000835024,-23.425702265285178],[-46.67248504160416,-23.42615838977663],[-46.6721160823733,-23.426549353626445],[-46.671885482854016,-23.426875156834626],[-46.67183936295015,-23.426875156834626],[-46.671516523623154,-23.427200960042804],[-46.67128592410386,-23.427331281326076],[-46.67114756439229,-23.427331281326076],[-46.67096308477686,-23.42726612068444],[-46.67077860516143,-23.42726612068444],[-46.67064024544985,-23.427200960042804],[-46.67054800564214,-23.427200960042804],[-46.67040964593056,-23.427135799401167],[-46.670363526026705,-23.427135799401167],[-46.67017904641128,-23.427135799401167],[-46.67013292650742,-23.427200960042804],[-46.670086806603564,-23.42726612068444],[-46.6700406866997,-23.427331281326076],[-46.6700406866997,-23.427396441967712],[-46.6700406866997,-23.42746160260935],[-46.66999456679584,-23.427526763250984],[-46.66999456679584,-23.42759192389262],[-46.66999456679584,-23.427657084534253],[-46.669948446891986,-23.42772224517589],[-46.669948446891986,-23.427787405817526],[-46.669948446891986,-23.427852566459162],[-46.669948446891986,-23.427917727100798],[-46.669948446891986,-23.427982887742434],[-46.669948446891986,-23.42804804838407],[-46.669948446891986,-23.428113209025707],[-46.669948446891986,-23.428178369667343],[-46.66990232698813,-23.42824353030898],[-46.66990232698813,-23.42830869095061],[-46.66990232698813,-23.428439012233884],[-46.66990232698813,-23.42850417287552],[-46.66985620708427,-23.428569333517157],[-46.66985620708427,-23.428634494158793],[-46.669810087180416,-23.42869965480043],[-46.669810087180416,-23.428764815442065],[-46.66976396727656,-23.4288299760837],[-46.66976396727656,-23.428895136725338],[-46.66976396727656,-23.42896029736697],[-46.6697178473727,-23.42896029736697],[-46.6697178473727,-23.429025458008606],[-46.6697178473727,-23.429090618650243],[-46.6697178473727,-23.42915577929188],[-46.66967172746884,-23.429220939933515],[-46.66967172746884,-23.429351261216787],[-46.66962560756498,-23.429416421858424],[-46.66962560756498,-23.42948158250006],[-46.66962560756498,-23.429546743141696],[-46.669579487661125,-23.429546743141696],[-46.66953336775727,-23.429611903783332],[-46.66948724785341,-23.429677064424965],[-46.669441127949554,-23.4297422250666],[-46.6693950080457,-23.429807385708237],[-46.66934888814184,-23.429872546349873],[-46.669302768237976,-23.42993770699151],[-46.66925664833412,-23.42993770699151],[-46.66921052843026,-23.430002867633146],[-46.669164408526406,-23.430002867633146],[-46.66911828862255,-23.430068028274782],[-46.66907216871869,-23.430068028274782],[-46.66897992891098,-23.430068028274782],[-46.66888768910326,-23.430068028274782],[-46.6688415691994,-23.430068028274782],[-46.66874932939169,-23.430068028274782],[-46.66870320948783,-23.430068028274782],[-46.66861096968012,-23.430068028274782],[-46.668518729872396,-23.430002867633146],[-46.66847260996854,-23.430002867633146],[-46.668380370160826,-23.430002867633146],[-46.66833425025697,-23.430002867633146],[-46.668242010449255,-23.430002867633146],[-46.668149770641534,-23.430002867633146],[-46.66810365073768,-23.430002867633146],[-46.668011410929964,-23.430002867633146],[-46.66791917112225,-23.430002867633146],[-46.66787305121839,-23.42993770699151],[-46.66778081141067,-23.42993770699151],[-46.66768857160296,-23.42993770699151],[-46.6676424516991,-23.42993770699151],[-46.66755021189139,-23.42993770699151],[-46.66750409198753,-23.42993770699151],[-46.66745797208367,-23.42993770699151],[-46.66741185217981,-23.429872546349873],[-46.667365732275954,-23.429872546349873],[-46.66727349246824,-23.429872546349873],[-46.66718125266053,-23.429872546349873],[-46.66713513275667,-23.429807385708237],[-46.66704289294895,-23.429807385708237],[-46.66690453323738,-23.4297422250666],[-46.66685841333352,-23.429677064424965],[-46.666812293429665,-23.429677064424965],[-46.666720053621944,-23.429611903783332],[-46.66667393371809,-23.429546743141696],[-46.66662781381423,-23.429546743141696],[-46.66653557400652,-23.42948158250006],[-46.66648945410266,-23.42948158250006],[-46.666397214294946,-23.429416421858424],[-46.66635109439108,-23.429416421858424],[-46.66625885458337,-23.429351261216787],[-46.66621273467951,-23.429351261216787],[-46.6661204948718,-23.429351261216787],[-46.66607437496794,-23.42928610057515],[-46.666028255064084,-23.42928610057515],[-46.665936015256364,-23.42928610057515],[-46.66584377544865,-23.429220939933515],[-46.66579765554479,-23.429220939933515],[-46.66565929583322,-23.42915577929188],[-46.6655670560255,-23.42915577929188],[-46.665520936121645,-23.42915577929188],[-46.66542869631393,-23.429090618650243],[-46.66533645650622,-23.429090618650243],[-46.665290336602354,-23.429090618650243],[-46.66519809679464,-23.429090618650243],[-46.66515197689078,-23.429025458008606],[-46.66505973708307,-23.429025458008606],[-46.66501361717921,-23.429090618650243],[-46.664967497275356,-23.42915577929188],[-46.664875257467635,-23.42915577929188],[-46.66482913756378,-23.429220939933515],[-46.66478301765992,-23.42928610057515],[-46.66469077785221,-23.42928610057515],[-46.66464465794835,-23.429351261216787],[-46.664598538044494,-23.429351261216787],[-46.66450629823677,-23.429416421858424],[-46.66446017833292,-23.42948158250006],[-46.66441405842906,-23.42948158250006],[-46.6643679385252,-23.429546743141696],[-46.664321818621346,-23.429611903783332],[-46.66427569871749,-23.429677064424965],[-46.66427569871749,-23.4297422250666],[-46.66422957881363,-23.429807385708237],[-46.66422957881363,-23.429872546349873],[-46.66418345890977,-23.42993770699151],[-46.66413733900591,-23.430002867633146],[-46.664091219102055,-23.430068028274782],[-46.6640450991982,-23.430133188916418],[-46.6640450991982,-23.430198349558054],[-46.66399897929434,-23.43026351019969],[-46.663952859390484,-23.430328670841323],[-46.66390673948663,-23.43039383148296],[-46.66390673948663,-23.430458992124596],[-46.66386061958277,-23.430524152766232],[-46.66381449967891,-23.430589313407868],[-46.66381449967891,-23.430654474049504],[-46.66376837977505,-23.43071963469114],[-46.66376837977505,-23.430784795332777],[-46.66372225987119,-23.430849955974413],[-46.66372225987119,-23.43091511661605],[-46.66372225987119,-23.43098027725768],[-46.663676139967336,-23.431045437899318],[-46.663676139967336,-23.431110598540954],[-46.663676139967336,-23.43117575918259],[-46.663676139967336,-23.431240919824226],[-46.663676139967336,-23.431306080465863],[-46.66363002006348,-23.431436401749135],[-46.66363002006348,-23.43150156239077],[-46.66363002006348,-23.431566723032407],[-46.663676139967336,-23.43163188367404],[-46.663676139967336,-23.431697044315676],[-46.66372225987119,-23.431762204957312],[-46.66372225987119,-23.43182736559895],[-46.66376837977505,-23.431892526240585],[-46.66381449967891,-23.43195768688222],[-46.66381449967891,-23.432022847523857],[-46.66386061958277,-23.432088008165493],[-46.66386061958277,-23.43215316880713],[-46.66390673948663,-23.432218329448766],[-46.66390673948663,-23.4322834900904],[-46.663952859390484,-23.432348650732035],[-46.66399897929434,-23.43241381137367],[-46.66399897929434,-23.432478972015307],[-46.6640450991982,-23.432544132656943],[-46.6640450991982,-23.43260929329858],[-46.664091219102055,-23.432674453940216],[-46.66413733900591,-23.432739614581852],[-46.66413733900591,-23.432804775223488],[-46.66418345890977,-23.432869935865124],[-46.66422957881363,-23.43293509650676],[-46.66427569871749,-23.43293509650676],[-46.664321818621346,-23.433000257148393],[-46.6643679385252,-23.43306541779003],[-46.66441405842906,-23.433130578431665],[-46.66450629823677,-23.433130578431665],[-46.66455241814063,-23.4331957390733],[-46.664598538044494,-23.433260899714938],[-46.66469077785221,-23.433260899714938],[-46.664736897756065,-23.433326060356574],[-46.66482913756378,-23.433326060356574],[-46.664875257467635,-23.43339122099821],[-46.664967497275356,-23.43339122099821],[-46.66501361717921,-23.43339122099821],[-46.665105856986926,-23.433456381639846],[-46.66519809679464,-23.433456381639846],[-46.6652442166985,-23.433456381639846],[-46.66533645650622,-23.433456381639846],[-46.66542869631393,-23.433456381639846],[-46.66547481621779,-23.433456381639846],[-46.6655670560255,-23.433456381639846],[-46.66561317592936,-23.433456381639846],[-46.66570541573708,-23.433456381639846],[-46.665751535640936,-23.433456381639846],[-46.66584377544865,-23.433456381639846],[-46.665936015256364,-23.433456381639846],[-46.66598213516022,-23.433456381639846],[-46.66607437496794,-23.433456381639846],[-46.666166614775655,-23.433456381639846],[-46.66621273467951,-23.433456381639846],[-46.666304974487225,-23.433456381639846],[-46.666397214294946,-23.433456381639846],[-46.6664433341988,-23.433456381639846],[-46.66653557400652,-23.433456381639846],[-46.66658169391037,-23.433521542281483],[-46.66667393371809,-23.433521542281483],[-46.666720053621944,-23.43358670292312],[-46.666812293429665,-23.43358670292312],[-46.66685841333352,-23.43365186356475],[-46.666950653141235,-23.43365186356475],[-46.66699677304509,-23.433717024206388],[-46.667089012852806,-23.433717024206388],[-46.66713513275667,-23.433782184848024],[-46.66722737256438,-23.433782184848024],[-46.66727349246824,-23.433782184848024],[-46.667365732275954,-23.433782184848024],[-46.66745797208367,-23.433782184848024],[-46.66750409198753,-23.43384734548966],[-46.66755021189139,-23.43384734548966],[-46.667596331795245,-23.43384734548966],[-46.6676424516991,-23.43384734548966],[-46.667734691506816,-23.433912506131296],[-46.66778081141067,-23.433912506131296],[-46.66787305121839,-23.433912506131296],[-46.66791917112225,-23.433977666772932],[-46.668011410929964,-23.433977666772932],[-46.668011410929964,-23.43404282741457],[-46.66805753083382,-23.43404282741457],[-46.66810365073768,-23.434107988056205],[-46.66819589054539,-23.434107988056205],[-46.668242010449255,-23.43417314869784],[-46.66828813035311,-23.434238309339477],[-46.66833425025697,-23.434238309339477],[-46.66842649006468,-23.43430346998111],[-46.66847260996854,-23.434368630622746],[-46.668518729872396,-23.434368630622746],[-46.66861096968012,-23.434433791264382],[-46.668657089583974,-23.43449895190602],[-46.66870320948783,-23.43449895190602],[-46.66874932939169,-23.434564112547655],[-46.668795449295544,-23.43462927318929],[-46.6688415691994,-23.43462927318929],[-46.66888768910326,-23.43462927318929],[-46.668933809007115,-23.434694433830927],[-46.66897992891098,-23.434759594472563],[-46.66907216871869,-23.4348247551142],[-46.66911828862255,-23.4348247551142],[-46.669164408526406,-23.434889915755836],[-46.66921052843026,-23.434955076397472],[-46.66921052843026,-23.435020237039105],[-46.66925664833412,-23.43508539768074],[-46.66925664833412,-23.435150558322377],[-46.66925664833412,-23.435215718964013],[-46.66925664833412,-23.43528087960565],[-46.66921052843026,-23.435346040247286],[-46.66921052843026,-23.43541120088892],[-46.669164408526406,-23.435476361530558],[-46.66911828862255,-23.435541522172194],[-46.66911828862255,-23.43560668281383],[-46.66907216871869,-23.435671843455463],[-46.66907216871869,-23.4357370040971],[-46.66907216871869,-23.435802164738735],[-46.66907216871869,-23.43586732538037],[-46.66907216871869,-23.435997646663644],[-46.66907216871869,-23.43606280730528],[-46.66907216871869,-23.436127967946916],[-46.66907216871869,-23.436193128588553],[-46.66911828862255,-23.43625828923019],[-46.66911828862255,-23.43632344987182],[-46.66911828862255,-23.436388610513458],[-46.669164408526406,-23.436453771155094],[-46.669164408526406,-23.43651893179673],[-46.66921052843026,-23.436584092438366],[-46.66921052843026,-23.436649253080002],[-46.66925664833412,-23.43671441372164],[-46.669302768237976,-23.436779574363275],[-46.66934888814184,-23.43684473500491],[-46.66934888814184,-23.436909895646547],[-46.6693950080457,-23.436975056288183],[-46.669441127949554,-23.437040216929816],[-46.66948724785341,-23.437105377571452],[-46.66948724785341,-23.43717053821309],[-46.66953336775727,-23.43717053821309],[-46.669579487661125,-23.437235698854725],[-46.66962560756498,-23.43730085949636],[-46.66962560756498,-23.437366020137997],[-46.66967172746884,-23.437431180779633],[-46.66967172746884,-23.43749634142127],[-46.6697178473727,-23.437561502062906],[-46.6697178473727,-23.43762666270454],[-46.66976396727656,-23.437691823346174],[-46.66976396727656,-23.43775698398781],[-46.669810087180416,-23.437822144629447],[-46.669810087180416,-23.437887305271083],[-46.66985620708427,-23.438017626554355],[-46.66990232698813,-23.43808278719599],[-46.669948446891986,-23.438147947837628],[-46.66999456679584,-23.4382782691209],[-46.66999456679584,-23.438343429762533],[-46.670086806603564,-23.43840859040417],[-46.67017904641128,-23.43853891168744],[-46.670225166315134,-23.438604072329078],[-46.67027128621899,-23.43873439361235],[-46.670363526026705,-23.438799554253986],[-46.67040964593056,-23.43892987553726],[-46.670455765834426,-23.438995036178895],[-46.67050188573828,-23.439060196820527],[-46.67050188573828,-23.439125357462164],[-46.67050188573828,-23.439255678745436],[-46.67054800564214,-23.439320839387072],[-46.67054800564214,-23.439451160670345],[-46.67050188573828,-23.43951632131198],[-46.67040964593056,-23.439581481953617],[-46.67027128621899,-23.439646642595253],[-46.67017904641128,-23.439646642595253],[-46.6700406866997,-23.43984212452016],[-46.66999456679584,-23.439907285161794],[-46.66999456679584,-23.43997244580343],[-46.669948446891986,-23.43997244580343],[-46.669948446891986,-23.440037606445067],[-46.66990232698813,-23.440037606445067],[-46.66985620708427,-23.440102767086703],[-46.66985620708427,-23.440233088369975],[-46.66985620708427,-23.44029824901161],[-46.66985620708427,-23.44042857029488],[-46.66985620708427,-23.440689212861425],[-46.66985620708427,-23.440819534144698],[-46.669948446891986,-23.44094985542797],[-46.670086806603564,-23.44108017671124],[-46.67013292650742,-23.44121049799451],[-46.67017904641128,-23.441275658636147],[-46.67027128621899,-23.441471140561056],[-46.670363526026705,-23.44160146184433],[-46.67050188573828,-23.441666622485965],[-46.67064024544985,-23.44186210441087],[-46.67082472506529,-23.44205758633578],[-46.671009204680715,-23.44218790761905],[-46.67105532458457,-23.442253068260687],[-46.67110144448843,-23.442318228902323],[-46.67114756439229,-23.442318228902323],[-46.67119368429615,-23.442383389543956],[-46.671239804200006,-23.442383389543956],[-46.67128592410386,-23.442383389543956],[-46.67133204400772,-23.442448550185592],[-46.67142428381543,-23.442448550185592],[-46.67147040371929,-23.442448550185592],[-46.67156264352701,-23.442513710827228],[-46.67160876343087,-23.442513710827228],[-46.671654883334725,-23.442513710827228],[-46.67170100323858,-23.442513710827228],[-46.67174712314244,-23.442513710827228],[-46.671793243046295,-23.442513710827228],[-46.67183936295015,-23.442513710827228],[-46.671885482854016,-23.442513710827228],[-46.67197772266173,-23.442578871468864],[-46.67202384256559,-23.442578871468864],[-46.67206996246944,-23.442578871468864],[-46.6721160823733,-23.4426440321105],[-46.67216220227716,-23.4426440321105],[-46.67216220227716,-23.442709192752137],[-46.67216220227716,-23.442774353393773],[-46.67216220227716,-23.44283951403541],[-46.67216220227716,-23.442904674677045],[-46.67216220227716,-23.443034995960318],[-46.67216220227716,-23.44310015660195],[-46.67216220227716,-23.443360799168495],[-46.67216220227716,-23.44342595981013],[-46.6721160823733,-23.443491120451768],[-46.6721160823733,-23.443556281093404],[-46.6721160823733,-23.44362144173504],[-46.6721160823733,-23.443686602376676],[-46.67206996246944,-23.44375176301831],[-46.67206996246944,-23.443816923659945],[-46.67206996246944,-23.44388208430158],[-46.67206996246944,-23.443947244943217],[-46.67202384256559,-23.444012405584854],[-46.67202384256559,-23.44407756622649],[-46.67197772266173,-23.444207887509762],[-46.67202384256559,-23.444207887509762],[-46.67206996246944,-23.444207887509762],[-46.6721160823733,-23.444207887509762],[-46.6721160823733,-23.4442730481514],[-46.67216220227716,-23.4442730481514],[-46.67225444208488,-23.4442730481514],[-46.672300561988735,-23.444338208793035],[-46.67234668189259,-23.444338208793035],[-46.67239280179645,-23.444338208793035],[-46.672438921700305,-23.444338208793035],[-46.672438921700305,-23.444403369434667],[-46.67248504160416,-23.444403369434667],[-46.67253116150802,-23.444403369434667],[-46.67253116150802,-23.444468530076303],[-46.67262340131574,-23.44453369071794],[-46.672577281411876,-23.44453369071794],[-46.672577281411876,-23.444598851359576],[-46.672577281411876,-23.444664012001212],[-46.67253116150802,-23.444729172642848],[-46.67253116150802,-23.444794333284484],[-46.67248504160416,-23.444794333284484],[-46.672438921700305,-23.44485949392612],[-46.67239280179645,-23.44485949392612],[-46.67234668189259,-23.44485949392612],[-46.67234668189259,-23.444924654567757],[-46.672300561988735,-23.444989815209393],[-46.67234668189259,-23.44505497585103],[-46.67239280179645,-23.44505497585103],[-46.67239280179645,-23.445120136492662],[-46.67239280179645,-23.445185297134298],[-46.672438921700305,-23.445250457775934],[-46.672438921700305,-23.44531561841757],[-46.67248504160416,-23.445380779059207],[-46.67253116150802,-23.445445939700843],[-46.672577281411876,-23.44551110034248],[-46.672577281411876,-23.445576260984115],[-46.672577281411876,-23.44564142162575],[-46.672577281411876,-23.445706582267388],[-46.672577281411876,-23.44577174290902],[-46.672577281411876,-23.445836903550656],[-46.67262340131574,-23.445902064192293],[-46.67262340131574,-23.44596722483393],[-46.67262340131574,-23.446032385475565],[-46.672577281411876,-23.4460975461172],[-46.672577281411876,-23.446162706758837],[-46.67262340131574,-23.446227867400474],[-46.67262340131574,-23.44629302804211],[-46.67262340131574,-23.446358188683746],[-46.67262340131574,-23.44642334932538],[-46.672669521219596,-23.446488509967015],[-46.67271564112345,-23.446488509967015],[-46.67271564112345,-23.44655367060865],[-46.67276176102731,-23.44655367060865],[-46.67280788093117,-23.446618831250287],[-46.67290012073888,-23.446683991891923],[-46.67294624064274,-23.446683991891923],[-46.6729923605466,-23.446683991891923],[-46.67303848045046,-23.44674915253356],[-46.673084600354315,-23.44674915253356],[-46.67313072025817,-23.446814313175196],[-46.67317684016203,-23.446814313175196],[-46.673222960065885,-23.446814313175196],[-46.67326907996974,-23.446814313175196],[-46.6733151998736,-23.446814313175196],[-46.67336131977746,-23.446879473816832],[-46.67336131977746,-23.446944634458468],[-46.67340743968132,-23.446944634458468],[-46.67340743968132,-23.447009795100104],[-46.67345355958518,-23.44707495574174],[-46.673499679489034,-23.447140116383373],[-46.673499679489034,-23.44720527702501],[-46.67354579939289,-23.447270437666646],[-46.673638039200604,-23.447335598308282],[-46.67368415910446,-23.447400758949918],[-46.67377639891218,-23.44753108023319],[-46.673868638719895,-23.447661401516463],[-46.67391475862375,-23.4477265621581],[-46.67391475862375,-23.44779172279973],[-46.67396087852761,-23.447856883441368],[-46.674006998431466,-23.447922044083004],[-46.67405311833532,-23.44798720472464],[-46.67409923823919,-23.448052365366276],[-46.67414535814304,-23.448117526007913],[-46.6741914780469,-23.44818268664955],[-46.67423759795076,-23.44818268664955],[-46.674283717854614,-23.448247847291185],[-46.67437595766233,-23.448378168574457],[-46.674422077566184,-23.44844332921609],[-46.67446819747005,-23.448508489857726],[-46.67446819747005,-23.448573650499362],[-46.674514317373905,-23.448573650499362],[-46.674514317373905,-23.448638811141],[-46.67456043727776,-23.448703971782635],[-46.67456043727776,-23.44876913242427],[-46.67456043727776,-23.448834293065907],[-46.67460655718162,-23.448899453707543],[-46.674652677085476,-23.44896461434918],[-46.674652677085476,-23.449029774990816],[-46.674652677085476,-23.449094935632452],[-46.67469879698933,-23.449160096274085],[-46.67469879698933,-23.44922525691572],[-46.67469879698933,-23.449290417557357],[-46.67474491689319,-23.449290417557357],[-46.67474491689319,-23.449355578198993],[-46.674791036797046,-23.449355578198993],[-46.674791036797046,-23.44942073884063],[-46.67483715670091,-23.44942073884063],[-46.67483715670091,-23.449485899482266],[-46.67488327660477,-23.449485899482266],[-46.67488327660477,-23.449551060123902],[-46.674929396508624,-23.449616220765538],[-46.67497551641248,-23.449681381407174],[-46.67502163631634,-23.44974654204881],[-46.675067756220194,-23.449811702690443],[-46.67511387612405,-23.449811702690443],[-46.67511387612405,-23.44987686333208],[-46.67515999602791,-23.44987686333208],[-46.67515999602791,-23.449942023973716],[-46.67520611593177,-23.449942023973716],[-46.67520611593177,-23.45000718461535],[-46.67525223583563,-23.45000718461535],[-46.675298355739486,-23.450072345256988],[-46.67534447564334,-23.450072345256988],[-46.67534447564334,-23.450137505898624],[-46.6753905955472,-23.450137505898624],[-46.6753905955472,-23.45020266654026],[-46.675436715451056,-23.45020266654026],[-46.675436715451056,-23.450267827181897],[-46.67548283535491,-23.450267827181897],[-46.675575075162634,-23.45039814846517],[-46.67562119506649,-23.45039814846517],[-46.67552895525877,-23.450593630390074],[-46.67548283535491,-23.45065879103171],[-46.67552895525877,-23.450723951673346],[-46.67566731497035,-23.450789112314983],[-46.67562119506649,-23.450789112314983],[-46.67562119506649,-23.45085427295662],[-46.675575075162634,-23.450919433598255],[-46.67548283535491,-23.45098459423989],[-46.6753905955472,-23.451049754881527],[-46.67534447564334,-23.451114915523164],[-46.675298355739486,-23.451180076164796],[-46.67525223583563,-23.451245236806432],[-46.67520611593177,-23.45131039744807],[-46.67515999602791,-23.45144071873134],[-46.675067756220194,-23.451505879372977],[-46.67502163631634,-23.451571040014613],[-46.67497551641248,-23.451701361297886],[-46.67488327660477,-23.451831682581155],[-46.674791036797046,-23.45189684322279],[-46.67474491689319,-23.451962003864427],[-46.67469879698933,-23.4520923251477],[-46.674652677085476,-23.4520923251477],[-46.674652677085476,-23.452157485789336],[-46.67460655718162,-23.45222264643097],[-46.674514317373905,-23.452287807072608],[-46.674514317373905,-23.452352967714244],[-46.67446819747005,-23.45241812835588],[-46.674422077566184,-23.45241812835588],[-46.674422077566184,-23.452483288997513],[-46.67437595766233,-23.452613610280785],[-46.67437595766233,-23.45267877092242],[-46.67432983775847,-23.452809092205694],[-46.67432983775847,-23.45287425284733],[-46.67432983775847,-23.452939413488966],[-46.67432983775847,-23.453004574130603],[-46.67432983775847,-23.45306973477224],[-46.67437595766233,-23.45306973477224],[-46.67437595766233,-23.453200056055508],[-46.674422077566184,-23.45333037733878],[-46.67446819747005,-23.453395537980416],[-46.674514317373905,-23.453460698622052],[-46.67456043727776,-23.453591019905325],[-46.67456043727776,-23.45365618054696],[-46.674652677085476,-23.453851662471866],[-46.67469879698933,-23.454047144396775],[-46.67474491689319,-23.454047144396775],[-46.67474491689319,-23.45411230503841],[-46.674791036797046,-23.454242626321683],[-46.67488327660477,-23.454438108246592],[-46.67488327660477,-23.454503268888224],[-46.674929396508624,-23.45456842952986],[-46.67502163631634,-23.45489423273804],[-46.67511387612405,-23.45508971466295],[-46.67515999602791,-23.455285196587855],[-46.67525223583563,-23.455480678512764],[-46.675298355739486,-23.4555458391544],[-46.67534447564334,-23.455676160437672],[-46.67534447564334,-23.45574132107931],[-46.6753905955472,-23.455806481720945],[-46.6753905955472,-23.455871642362577],[-46.6753905955472,-23.455936803004214],[-46.6753905955472,-23.45600196364585],[-46.6753905955472,-23.456067124287486],[-46.6753905955472,-23.456132284929122],[-46.6753905955472,-23.45619744557076],[-46.6753905955472,-23.456262606212395],[-46.6753905955472,-23.45632776685403],[-46.6753905955472,-23.456392927495667],[-46.6753905955472,-23.456458088137303],[-46.67534447564334,-23.456523248778936],[-46.675298355739486,-23.45665357006221],[-46.675298355739486,-23.456718730703844],[-46.675298355739486,-23.45678389134548],[-46.67525223583563,-23.456849051987117],[-46.67525223583563,-23.456914212628753],[-46.67525223583563,-23.45697937327039],[-46.67525223583563,-23.457044533912025],[-46.67525223583563,-23.45710969455366],[-46.67525223583563,-23.457174855195298],[-46.675298355739486,-23.457174855195298],[-46.675298355739486,-23.45724001583693],[-46.675298355739486,-23.457370337120203],[-46.67534447564334,-23.45743549776184],[-46.67534447564334,-23.457500658403475],[-46.67534447564334,-23.457630979686748],[-46.67534447564334,-23.457696140328384],[-46.67534447564334,-23.45776130097002],[-46.67534447564334,-23.457826461611656],[-46.67534447564334,-23.45789162225329],[-46.67534447564334,-23.457956782894925],[-46.675298355739486,-23.45802194353656],[-46.675298355739486,-23.458087104178198],[-46.675298355739486,-23.458152264819834],[-46.675298355739486,-23.45821742546147],[-46.67520611593177,-23.458282586103106],[-46.67515999602791,-23.45841290738638],[-46.675067756220194,-23.458478068028015],[-46.67497551641248,-23.458608389311284],[-46.67488327660477,-23.45867354995292],[-46.674791036797046,-23.458803871236192],[-46.67474491689319,-23.45886903187783],[-46.67460655718162,-23.459064513802737],[-46.67446819747005,-23.45919483508601],[-46.67432983775847,-23.459325156369278],[-46.67423759795076,-23.45945547765255],[-46.67423759795076,-23.459520638294187],[-46.6741914780469,-23.459520638294187],[-46.6741914780469,-23.459585798935823],[-46.67409923823919,-23.459585798935823],[-46.67405311833532,-23.45965095957746],[-46.674006998431466,-23.459716120219095],[-46.67396087852761,-23.45978128086073],[-46.67391475862375,-23.459846441502368],[-46.673868638719895,-23.459846441502368],[-46.673868638719895,-23.459911602144],[-46.673730279008325,-23.459976762785637],[-46.67368415910446,-23.460041923427273],[-46.67359191929675,-23.46010708406891],[-46.67354579939289,-23.460172244710545],[-46.673499679489034,-23.46023740535218],[-46.67345355958518,-23.460302565993818],[-46.67340743968132,-23.460367726635454],[-46.67336131977746,-23.460498047918726],[-46.67326907996974,-23.46069352984363],[-46.673222960065885,-23.460758690485267],[-46.673222960065885,-23.46088901176854],[-46.67317684016203,-23.460954172410176],[-46.67313072025817,-23.46108449369345],[-46.67313072025817,-23.461214814976717],[-46.67313072025817,-23.46134513625999],[-46.673084600354315,-23.461475457543262],[-46.673084600354315,-23.461540618184898],[-46.673084600354315,-23.46167093946817],[-46.67303848045046,-23.461866421393076],[-46.67303848045046,-23.46212706395962],[-46.67303848045046,-23.462192224601257],[-46.6729923605466,-23.462387706526165],[-46.6729923605466,-23.4624528671678],[-46.6729923605466,-23.46258318845107],[-46.6729923605466,-23.462648349092706],[-46.67294624064274,-23.46277867037598],[-46.67294624064274,-23.462843831017615],[-46.67290012073888,-23.463039312942524],[-46.672854000835024,-23.463169634225796],[-46.672854000835024,-23.463299955509065],[-46.67280788093117,-23.463430276792337],[-46.67276176102731,-23.463430276792337],[-46.67276176102731,-23.46356059807561],[-46.67271564112345,-23.463690919358882],[-46.67262340131574,-23.463821240642154],[-46.672577281411876,-23.463886401283787],[-46.67253116150802,-23.46401672256706],[-46.67248504160416,-23.464081883208696],[-46.67248504160416,-23.464147043850332],[-46.672438921700305,-23.464147043850332],[-46.67234668189259,-23.464277365133604],[-46.67216220227716,-23.46453800770015],[-46.6721160823733,-23.46460316834178],[-46.67197772266173,-23.46479865026669],[-46.671793243046295,-23.4649941321916],[-46.67174712314244,-23.46512445347487],[-46.67147040371929,-23.46545025668305],[-46.67133204400772,-23.465645738607957],[-46.67114756439229,-23.465841220532866],[-46.67110144448843,-23.465971541816135],[-46.67105532458457,-23.465971541816135],[-46.67105532458457,-23.46603670245777],[-46.67096308477686,-23.466101863099407],[-46.670916964873,-23.466167023741043],[-46.67082472506529,-23.466362505665952],[-46.67073248525757,-23.46655798759086],[-46.67068636535371,-23.46668830887413],[-46.67068636535371,-23.4668186301574],[-46.67064024544985,-23.466883790799038],[-46.670594125545996,-23.466883790799038],[-46.670594125545996,-23.466948951440674],[-46.67054800564214,-23.46701411208231],[-46.67054800564214,-23.467144433365583],[-46.67054800564214,-23.46720959400722],[-46.67050188573828,-23.467339915290488],[-46.670455765834426,-23.46747023657376],[-46.670455765834426,-23.467600557857033],[-46.670455765834426,-23.46766571849867],[-46.670455765834426,-23.46779603978194],[-46.670455765834426,-23.467861200423577],[-46.670455765834426,-23.467991521706846],[-46.670455765834426,-23.46812184299012],[-46.670455765834426,-23.468382485556663],[-46.670455765834426,-23.4684476461983],[-46.670455765834426,-23.468512806839936],[-46.67050188573828,-23.468643128123205],[-46.67050188573828,-23.468773449406477],[-46.670594125545996,-23.469164413256294],[-46.670594125545996,-23.469294734539563],[-46.67064024544985,-23.4693598951812],[-46.67064024544985,-23.469555377106108],[-46.67068636535371,-23.469750859031016],[-46.67073248525757,-23.469816019672653],[-46.67073248525757,-23.46988118031429],[-46.67073248525757,-23.470011501597558],[-46.67077860516143,-23.470076662239194],[-46.67077860516143,-23.47014182288083],[-46.67077860516143,-23.470206983522466],[-46.67077860516143,-23.47033730480574],[-46.67077860516143,-23.470402465447375],[-46.67077860516143,-23.47046762608901],[-46.67077860516143,-23.470532786730647],[-46.67077860516143,-23.470663108013916],[-46.67073248525757,-23.47079342929719],[-46.67073248525757,-23.47092375058046],[-46.67073248525757,-23.471054071863733],[-46.67068636535371,-23.471184393147006],[-46.67068636535371,-23.47137987507191],[-46.67064024544985,-23.47157535699682],[-46.67064024544985,-23.471770838921728],[-46.670594125545996,-23.472096642129905],[-46.670594125545996,-23.472226963413178],[-46.670594125545996,-23.472292124054814],[-46.67054800564214,-23.472422445338086],[-46.67054800564214,-23.472683087904628],[-46.67050188573828,-23.472878569829536],[-46.67050188573828,-23.472943730471172],[-46.670455765834426,-23.473074051754445],[-46.670455765834426,-23.473269533679353],[-46.670455765834426,-23.473399854962622],[-46.67040964593056,-23.47359533688753],[-46.67040964593056,-23.47379081881244],[-46.67040964593056,-23.473855979454076],[-46.67040964593056,-23.47392114009571],[-46.670363526026705,-23.474116622020617],[-46.670363526026705,-23.474181782662253],[-46.670363526026705,-23.47424694330389],[-46.670363526026705,-23.474312103945525],[-46.670363526026705,-23.47437726458716],[-46.67031740612285,-23.47437726458716],[-46.670363526026705,-23.474507585870434],[-46.670363526026705,-23.47457274651207],[-46.67040964593056,-23.47470306779534],[-46.670455765834426,-23.474768228436975],[-46.67054800564214,-23.474963710361884],[-46.67054800564214,-23.47502887100352],[-46.670594125545996,-23.47502887100352],[-46.67064024544985,-23.475094031645156],[-46.67068636535371,-23.475159192286792],[-46.67073248525757,-23.475159192286792],[-46.67077860516143,-23.47522435292843],[-46.67082472506529,-23.475289513570065],[-46.670916964873,-23.475354674211697],[-46.671009204680715,-23.475354674211697],[-46.67105532458457,-23.475419834853334],[-46.67110144448843,-23.475419834853334],[-46.67114756439229,-23.475419834853334],[-46.67119368429615,-23.47548499549497],[-46.67128592410386,-23.47548499549497],[-46.67142428381543,-23.475550156136606],[-46.67147040371929,-23.475615316778242],[-46.671516523623154,-23.475615316778242],[-46.67156264352701,-23.475615316778242],[-46.671885482854016,-23.47581079870315],[-46.67197772266173,-23.47581079870315],[-46.67206996246944,-23.475875959344787],[-46.67216220227716,-23.475941119986423],[-46.67225444208488,-23.476006280628056],[-46.672438921700305,-23.47613660191133],[-46.67248504160416,-23.47613660191133],[-46.67248504160416,-23.476201762552964],[-46.67253116150802,-23.476201762552964],[-46.672577281411876,-23.4762669231946],[-46.672669521219596,-23.476397244477873],[-46.67276176102731,-23.476527565761145],[-46.67276176102731,-23.47659272640278],[-46.67276176102731,-23.476657887044418],[-46.67280788093117,-23.476788208327687],[-46.672854000835024,-23.476853368969323],[-46.67290012073888,-23.476983690252595],[-46.67290012073888,-23.47704885089423],[-46.67294624064274,-23.477114011535868],[-46.6729923605466,-23.477309493460776],[-46.67303848045046,-23.477439814744045],[-46.67303848045046,-23.47750497538568],[-46.673084600354315,-23.477570136027317],[-46.673084600354315,-23.47770045731059],[-46.67313072025817,-23.477830778593862],[-46.67317684016203,-23.477830778593862],[-46.67317684016203,-23.4778959392355],[-46.67317684016203,-23.477961099877135],[-46.673222960065885,-23.478091421160403],[-46.67326907996974,-23.47815658180204],[-46.67326907996974,-23.478221742443676],[-46.6733151998736,-23.47835206372695],[-46.67340743968132,-23.47867786693513],[-46.673499679489034,-23.47893850950167],[-46.67354579939289,-23.479068830784943],[-46.67359191929675,-23.479199152068215],[-46.673638039200604,-23.479329473351488],[-46.673638039200604,-23.47939463399312],[-46.673638039200604,-23.479459794634757],[-46.67368415910446,-23.47959011591803],[-46.67368415910446,-23.479655276559665],[-46.67368415910446,-23.4797204372013],[-46.67368415910446,-23.479785597842938],[-46.673730279008325,-23.47991591912621],[-46.673730279008325,-23.479981079767846],[-46.67377639891218,-23.480111401051115],[-46.67377639891218,-23.48017656169275],[-46.673868638719895,-23.480306882976024],[-46.673868638719895,-23.48037204361766],[-46.67391475862375,-23.480437204259296],[-46.67396087852761,-23.480502364900932],[-46.67405311833532,-23.48056752554257],[-46.67409923823919,-23.480632686184205],[-46.67409923823919,-23.48069784682584],[-46.6741914780469,-23.480763007467473],[-46.67423759795076,-23.48082816810911],[-46.67432983775847,-23.480893328750746],[-46.674422077566184,-23.480958489392382],[-46.674514317373905,-23.481023650034018],[-46.67460655718162,-23.481088810675654],[-46.674652677085476,-23.481088810675654],[-46.67469879698933,-23.481088810675654],[-46.674791036797046,-23.48115397131729],[-46.67483715670091,-23.48115397131729],[-46.67488327660477,-23.48115397131729],[-46.674929396508624,-23.481219131958927],[-46.67515999602791,-23.481284292600563],[-46.67534447564334,-23.4813494532422],[-46.6753905955472,-23.481414613883832],[-46.675436715451056,-23.481414613883832],[-46.67548283535491,-23.481479774525468],[-46.67566731497035,-23.481544935167104],[-46.67580567468192,-23.48161009580874],[-46.675851794585775,-23.48161009580874],[-46.675944034393495,-23.481675256450377],[-46.67617463391278,-23.48180557773365],[-46.676359113528214,-23.481870738375285],[-46.67654359314364,-23.482001059658558],[-46.6765897130475,-23.482001059658558],[-46.67668195285522,-23.48206622030019],[-46.676728072759076,-23.48206622030019],[-46.676866432470646,-23.482131380941826],[-46.67695867227836,-23.482196541583463],[-46.677004792182224,-23.482196541583463],[-46.677143151893794,-23.4822617022251],[-46.677281511605365,-23.482326862866735],[-46.67760435093237,-23.482457184150007],[-46.67765047083623,-23.482522344791644],[-46.677788830547804,-23.482522344791644],[-46.677788830547804,-23.48258750543328],[-46.67783495045166,-23.482522344791644],[-46.67783495045166,-23.48258750543328],[-46.67788107035552,-23.48258750543328],[-46.67811166987481,-23.482717826716552],[-46.678157789778666,-23.482717826716552],[-46.67820390968252,-23.482782987358185],[-46.67834226939409,-23.48284814799982],[-46.6786651087211,-23.482978469283093],[-46.67880346843267,-23.48304362992473],[-46.67889570824039,-23.483108790566366],[-46.67903406795196,-23.483173951208002],[-46.67908018785582,-23.483239111849638],[-46.679126307759674,-23.483239111849638],[-46.67917242766353,-23.483304272491274],[-46.67926466747125,-23.48336943313291],[-46.679356907278965,-23.483434593774543],[-46.679495266990536,-23.483564915057816],[-46.679587506798256,-23.483630075699452],[-46.67972586650983,-23.48382555762436],[-46.67981810631754,-23.483890718265997],[-46.6798642262214,-23.483955878907633],[-46.68004870583683,-23.484151360832538],[-46.68009482574069,-23.484216521474174],[-46.68032542525998,-23.484412003399083],[-46.68032542525998,-23.48447716404072],[-46.68037154516384,-23.48447716404072],[-46.680417665067694,-23.484542324682355],[-46.68050990487541,-23.48460748532399],[-46.680556024779264,-23.484672645965627],[-46.680556024779264,-23.484737806607264],[-46.68060214468312,-23.484737806607264],[-46.68064826458698,-23.484737806607264],[-46.68069438449084,-23.484802967248896],[-46.6807405043947,-23.484868127890532],[-46.680786624298555,-23.48493328853217],[-46.68087886410627,-23.48506360981544],[-46.68101722381784,-23.485193931098713],[-46.6810633437217,-23.485193931098713],[-46.6810633437217,-23.48525909174035],[-46.68115558352942,-23.485324252381986],[-46.68124782333713,-23.485389413023622],[-46.68129394324099,-23.485454573665255],[-46.681340063144845,-23.48551973430689],[-46.68138618304871,-23.485584894948527],[-46.681432302952565,-23.485584894948527],[-46.68147842285642,-23.485650055590163],[-46.681570662664136,-23.4857152162318],[-46.68161678256799,-23.485845537515072],[-46.681709022375706,-23.485910698156708],[-46.68175514227957,-23.485975858798344],[-46.681847382087284,-23.48604101943998],[-46.681985741798854,-23.48617134072325],[-46.681985741798854,-23.486236501364885],[-46.68203186170271,-23.486236501364885],[-46.68207798160657,-23.48630166200652],[-46.68217022141429,-23.486366822648158],[-46.682216341318146,-23.486431983289794],[-46.68230858112586,-23.486562304573066],[-46.68240082093357,-23.486627465214703],[-46.68244694083743,-23.48669262585634],[-46.682493060741294,-23.486757786497975],[-46.68258530054901,-23.486822947139608],[-46.68267754035672,-23.48695326842288],[-46.682769780164435,-23.487018429064516],[-46.68281590006829,-23.487083589706153],[-46.682862019972156,-23.48714875034779],[-46.68295425977987,-23.487213910989425],[-46.68295425977987,-23.48727907163106],[-46.683000379683726,-23.48727907163106],[-46.68304649958758,-23.48727907163106],[-46.6831387393953,-23.487409392914333],[-46.68323097920302,-23.487539714197602],[-46.68336933891459,-23.487670035480875],[-46.6834615787223,-23.487800356764147],[-46.683553818530015,-23.487865517405783],[-46.683646058337736,-23.48793067804742],[-46.68373829814545,-23.488060999330692],[-46.68392277776088,-23.488256481255597],[-46.684061137472455,-23.48838680253887],[-46.68410725737631,-23.488451963180506],[-46.68415337728017,-23.48851712382214],[-46.684199497184025,-23.488582284463778],[-46.6843378568956,-23.48871260574705],[-46.68456845641489,-23.48897324831359],[-46.684614576318744,-23.489038408955228],[-46.684706816126464,-23.4891687302385],[-46.68479905593418,-23.489233890880136],[-46.68493741564575,-23.489429372805045],[-46.684983535549605,-23.489494533446678],[-46.685075775357326,-23.48962485472995],[-46.68512189526118,-23.489690015371586],[-46.68516801516504,-23.489755176013222],[-46.68516801516504,-23.48982033665486],[-46.6852141350689,-23.489885497296495],[-46.685260254972754,-23.48995065793813],[-46.68530637487661,-23.490015818579767],[-46.68530637487661,-23.490080979221403],[-46.68535249478047,-23.490146139863036],[-46.685398614684324,-23.490211300504672],[-46.685398614684324,-23.49027646114631],[-46.68544473458819,-23.490341621787945],[-46.68544473458819,-23.49040678242958],[-46.685490854492045,-23.490471943071217],[-46.685490854492045,-23.490537103712853],[-46.68558309429976,-23.490797746279394],[-46.685629214203615,-23.490928067562667],[-46.685629214203615,-23.490993228204303],[-46.68567533410747,-23.491123549487575],[-46.68567533410747,-23.49118871012921],[-46.68567533410747,-23.491253870770848],[-46.68572145401133,-23.49138419205412],[-46.68572145401133,-23.49151451333739],[-46.68572145401133,-23.49164483462066],[-46.68572145401133,-23.491775155903934],[-46.68572145401133,-23.491970637828842],[-46.68572145401133,-23.49203579847048],[-46.68567533410747,-23.492166119753747],[-46.68567533410747,-23.49229644103702],[-46.68567533410747,-23.492361601678656],[-46.68567533410747,-23.492426762320292],[-46.685629214203615,-23.49249192296193],[-46.685629214203615,-23.492557083603565],[-46.685629214203615,-23.4926222442452],[-46.685629214203615,-23.492687404886837],[-46.68558309429976,-23.492882886811742],[-46.6855369743959,-23.493013208095014],[-46.6855369743959,-23.49307836873665],[-46.68544473458819,-23.493339011303195],[-46.68544473458819,-23.49340417194483],[-46.68544473458819,-23.493469332586464],[-46.685398614684324,-23.493664814511373],[-46.68535249478047,-23.493795135794645],[-46.68535249478047,-23.493925457077918],[-46.68530637487661,-23.49405577836119],[-46.68530637487661,-23.494120939002826],[-46.68530637487661,-23.49418609964446],[-46.685260254972754,-23.49431642092773],[-46.685260254972754,-23.494381581569368],[-46.6852141350689,-23.494446742211004],[-46.6852141350689,-23.49451190285264],[-46.6852141350689,-23.494577063494276],[-46.68516801516504,-23.49470738477755],[-46.68512189526118,-23.494902866702454],[-46.685075775357326,-23.495098348627362],[-46.68502965545346,-23.49529383055227],[-46.68502965545346,-23.495358991193907],[-46.684983535549605,-23.495489312477176],[-46.68493741564575,-23.495684794402084],[-46.68493741564575,-23.49574995504372],[-46.68493741564575,-23.495815115685357],[-46.68493741564575,-23.495880276326993],[-46.68489129574189,-23.496010597610265],[-46.68489129574189,-23.496140918893538],[-46.684845175838035,-23.496336400818443],[-46.684845175838035,-23.49640156146008],[-46.684845175838035,-23.496662204026624],[-46.68489129574189,-23.496792525309896],[-46.68489129574189,-23.4969880072348],[-46.68493741564575,-23.497118328518074],[-46.68493741564575,-23.49718348915971],[-46.684983535549605,-23.497248649801346],[-46.684983535549605,-23.497313810442982],[-46.68502965545346,-23.49737897108462],[-46.685075775357326,-23.49763961365116],[-46.68516801516504,-23.497835095576068],[-46.685260254972754,-23.49796541685934],[-46.68530637487661,-23.498095738142613],[-46.68535249478047,-23.498095738142613],[-46.68544473458819,-23.498291220067518],[-46.68567533410747,-23.498551862634063],[-46.685767573915186,-23.498682183917335],[-46.68581369381905,-23.498812505200608],[-46.68595205353062,-23.498942826483876],[-46.68609041324219,-23.499138308408785],[-46.68622877295377,-23.499333790333694],[-46.68622877295377,-23.49939895097533],[-46.686274892857625,-23.499464111616966],[-46.68636713266534,-23.4995292722586],[-46.686413252569196,-23.49965959354187],[-46.68655161228077,-23.49985507546678],[-46.68659773218463,-23.499985396750052],[-46.686689971992344,-23.50018087867496],[-46.6867360918962,-23.50031119995823],[-46.68678221180006,-23.50031119995823],[-46.68678221180006,-23.500376360599866],[-46.686828331703914,-23.500441521241502],[-46.68687445160778,-23.500506681883138],[-46.68701281131935,-23.50083248509132],[-46.687058931223206,-23.50089764573295],[-46.68710505112706,-23.501027967016224],[-46.68715117103092,-23.501027967016224],[-46.68715117103092,-23.50109312765786],[-46.6872895307425,-23.501353770224405],[-46.68738177055021,-23.50154925214931],[-46.68742789045407,-23.501614412790946],[-46.687474010357924,-23.501679573432583],[-46.687474010357924,-23.50174473407422],[-46.68752013026178,-23.501809894715855],[-46.68756625016564,-23.501940215999127],[-46.687704609877215,-23.502135697924036],[-46.68775072978107,-23.502266019207305],[-46.68779684968493,-23.50233117984894],[-46.687842969588786,-23.502461501132213],[-46.6879352093965,-23.502591822415486],[-46.68802744920422,-23.50285246498203],[-46.68807356910808,-23.50285246498203],[-46.68807356910808,-23.502917625623663],[-46.688119689011934,-23.5029827862653],[-46.68816580891579,-23.503047946906936],[-46.68821192881965,-23.503178268190208],[-46.688258048723505,-23.503243428831844],[-46.68830416862736,-23.503373750115117],[-46.688350288531225,-23.503438910756753],[-46.688350288531225,-23.50350407139839],[-46.68839640843508,-23.50356923204002],[-46.688488648242796,-23.50376471396493],[-46.68853476814665,-23.503829874606566],[-46.68853476814665,-23.503895035248203],[-46.68858088805051,-23.503895035248203],[-46.68858088805051,-23.50396019588984],[-46.688627007954366,-23.50409051717311],[-46.68871924776209,-23.504220838456384],[-46.6888114875698,-23.504351159739652],[-46.6888114875698,-23.50441632038129],[-46.68885760747366,-23.504481481022925],[-46.68885760747366,-23.50454664166456],[-46.688903727377514,-23.504676962947833],[-46.68894984728137,-23.504807284231106],[-46.68899596718523,-23.504937605514375],[-46.68899596718523,-23.50500276615601],[-46.689042087089085,-23.505133087439283],[-46.68908820699295,-23.505328569364192],[-46.689134326896806,-23.505589211930733],[-46.68918044680066,-23.505719533214005],[-46.68922656670452,-23.50578469385564],[-46.689272686608376,-23.506110497063823],[-46.689272686608376,-23.50617565770546],[-46.68931880651223,-23.506305978988728],[-46.68936492641609,-23.506436300272],[-46.68941104631995,-23.506566621555272],[-46.68941104631995,-23.506696942838545],[-46.68941104631995,-23.50676210348018],[-46.68950328612767,-23.507022746046722],[-46.68950328612767,-23.507153067329995],[-46.689549406031524,-23.50721822797163],[-46.689549406031524,-23.507283388613267],[-46.689549406031524,-23.507348549254903],[-46.689549406031524,-23.50741370989654],[-46.68959552593538,-23.507478870538176],[-46.68959552593538,-23.507544031179812],[-46.68959552593538,-23.50767435246308],[-46.68959552593538,-23.507804673746353],[-46.68964164583924,-23.50786983438799],[-46.68964164583924,-23.50800015567126],[-46.68964164583924,-23.508065316312898],[-46.689687765743095,-23.508065316312898],[-46.689687765743095,-23.508130476954534],[-46.689687765743095,-23.50819563759617],[-46.689687765743095,-23.508260798237806],[-46.68973388564695,-23.50832595887944],[-46.68973388564695,-23.508391119521075],[-46.68973388564695,-23.50845628016271],[-46.68978000555081,-23.508521440804348],[-46.68978000555081,-23.508586601445984],[-46.68982612545467,-23.508782083370892],[-46.68982612545467,-23.50884724401253],[-46.68987224535853,-23.50910788657907]]]}}]}