{"type":"FeatureCollection","features":[{"type":"Feature","properties":{"DATA_ULT_A":"2009/10/09","DATA_CRIAC":"2009/10/09","id":28,"name":"Guaianazes","area":17.8,"pop_2010":268508,"pop_density_2010":15085,"budget_2015":42336520},"geometry":{"type":"Polygon","coordinates":[[[-46.432523181832394,-23.526310295970937],[-46.432523181832394,-23.5262451353293],[-46.43247706192854,-23.5262451353293],[-46.432384822120824,-23.526179974687665],[-46.432384822120824,-23.52611481404603],[-46.4322925823131,-23.526049653404392],[-46.432246462409246,-23.525984492762756],[-46.43215422260153,-23.525854171479484],[-46.432108102697676,-23.525789010837848],[-46.432108102697676,-23.525723850196215],[-46.43206198279382,-23.52565868955458],[-46.43206198279382,-23.525593528912943],[-46.43206198279382,-23.525528368271306],[-46.43206198279382,-23.52546320762967],[-46.43201586288996,-23.525398046988034],[-46.43201586288996,-23.525332886346398],[-46.4319697429861,-23.525202565063125],[-46.43192362308224,-23.52513740442149],[-46.431877503178384,-23.525072243779857],[-46.43183138327453,-23.524941922496584],[-46.43178526337067,-23.524876761854948],[-46.43178526337067,-23.524746440571676],[-46.43169302356296,-23.524616119288403],[-46.43169302356296,-23.524550958646767],[-46.4316469036591,-23.524420637363495],[-46.43155466385138,-23.52422515543859],[-46.43155466385138,-23.524159994796953],[-46.431462424043666,-23.524094834155317],[-46.43141630413981,-23.524159994796953],[-46.43141630413981,-23.524094834155317],[-46.43137018423595,-23.524094834155317],[-46.431324064332095,-23.524094834155317],[-46.431324064332095,-23.524159994796953],[-46.431231824524374,-23.524159994796953],[-46.43104734490895,-23.524159994796953],[-46.43095510510123,-23.524159994796953],[-46.4307706254858,-23.52422515543859],[-46.43072450558194,-23.52422515543859],[-46.430678385678085,-23.52422515543859],[-46.43063226577423,-23.52422515543859],[-46.43058614587037,-23.524159994796953],[-46.430540025966515,-23.524159994796953],[-46.430540025966515,-23.524094834155317],[-46.43049390606265,-23.52402967351368],[-46.43049390606265,-23.523964512872045],[-46.430447786158794,-23.523964512872045],[-46.430447786158794,-23.52389935223041],[-46.430447786158794,-23.523834191588772],[-46.430447786158794,-23.523769030947136],[-46.430447786158794,-23.523638709663867],[-46.430447786158794,-23.523508388380595],[-46.430447786158794,-23.523378067097322],[-46.430447786158794,-23.52324774581405],[-46.43040166625494,-23.523052263889145],[-46.43040166625494,-23.522921942605873],[-46.43040166625494,-23.522726460680964],[-46.43040166625494,-23.52259613939769],[-46.43040166625494,-23.52246581811442],[-46.43040166625494,-23.522400657472783],[-46.43040166625494,-23.52233549683115],[-46.43035554635108,-23.522140014906242],[-46.43035554635108,-23.521944532981333],[-46.43035554635108,-23.52181421169806],[-46.430309426447224,-23.521683890414792],[-46.430309426447224,-23.521488408489883],[-46.430309426447224,-23.52135808720661],[-46.430309426447224,-23.521162605281702],[-46.43026330654337,-23.520967123356797],[-46.43026330654337,-23.52090196271516],[-46.43026330654337,-23.520836802073525],[-46.43026330654337,-23.52077164143189],[-46.43021718663951,-23.520706480790253],[-46.43021718663951,-23.520641320148616],[-46.43012494683179,-23.520510998865344],[-46.430032707024075,-23.52038067758207],[-46.42994046721636,-23.520250356298803],[-46.42984822740865,-23.52012003501553],[-46.42970986769707,-23.519989713732258],[-46.429663747793214,-23.519924553090622],[-46.4295715079855,-23.519729071165713],[-46.42952538808164,-23.519729071165713],[-46.429479268177786,-23.51966391052408],[-46.42943314827393,-23.51966391052408],[-46.429387028370066,-23.519598749882444],[-46.42934090846621,-23.519598749882444],[-46.42929478856235,-23.519533589240808],[-46.429248668658495,-23.519533589240808],[-46.42920254875464,-23.519533589240808],[-46.42915642885078,-23.519468428599172],[-46.429110308946925,-23.519468428599172],[-46.429018069139204,-23.519468428599172],[-46.42883358952378,-23.519468428599172],[-46.428602990004485,-23.519468428599172],[-46.428464630292915,-23.519468428599172],[-46.42828015067748,-23.519468428599172],[-46.428049551158196,-23.519468428599172],[-46.42800343125434,-23.519468428599172],[-46.42786507154276,-23.519468428599172],[-46.427680591927334,-23.519468428599172],[-46.42758835211962,-23.519468428599172],[-46.4274961123119,-23.519468428599172],[-46.426389234619315,-23.519533589240808],[-46.4262969948116,-23.519533589240808],[-46.42620475500389,-23.519533589240808],[-46.42615863510003,-23.519598749882444],[-46.425974155484596,-23.51966391052408],[-46.425835795773025,-23.519729071165713],[-46.425743555965305,-23.51979423180735],[-46.42555907634988,-23.519859392448986],[-46.42555907634988,-23.519924553090622],[-46.42551295644602,-23.519924553090622],[-46.425466836542164,-23.519989713732258],[-46.42537459673444,-23.519989713732258],[-46.42528235692673,-23.520054874373894],[-46.425190117119016,-23.52012003501553],[-46.42514399721516,-23.52012003501553],[-46.42491339769587,-23.520250356298803],[-46.4247750379843,-23.52031551694044],[-46.42459055836886,-23.52038067758207],[-46.42445219865729,-23.520510998865344],[-46.424406078753435,-23.520510998865344],[-46.424175479234144,-23.520641320148616],[-46.42412935933029,-23.520641320148616],[-46.42403711952257,-23.520706480790253],[-46.42399099961872,-23.520706480790253],[-46.42394487971486,-23.520706480790253],[-46.423898759810996,-23.52077164143189],[-46.42385263990714,-23.52077164143189],[-46.42380652000328,-23.520836802073525],[-46.42371428019557,-23.520836802073525],[-46.42366816029171,-23.520836802073525],[-46.42343756077242,-23.52090196271516],[-46.42329920106085,-23.520967123356797],[-46.423206961253136,-23.521032283998434],[-46.4230224816377,-23.521097444640066],[-46.422838002022274,-23.521162605281702],[-46.42260740250298,-23.52122776592334],[-46.42246904279141,-23.521292926564975],[-46.42242292288755,-23.521292926564975],[-46.42223844327212,-23.52135808720661],[-46.42214620346441,-23.521423247848247],[-46.42205396365669,-23.521423247848247],[-46.42200784375283,-23.521423247848247],[-46.42200784375283,-23.521488408489883],[-46.421915603945116,-23.521488408489883],[-46.42186948404126,-23.521488408489883],[-46.4218233641374,-23.521488408489883],[-46.421685004425825,-23.52135808720661],[-46.42163888452197,-23.52135808720661],[-46.42159276461811,-23.52135808720661],[-46.421408285002684,-23.52122776592334],[-46.42136216509882,-23.52122776592334],[-46.42122380538725,-23.521162605281702],[-46.421131565579536,-23.521097444640066],[-46.4209470859641,-23.521032283998434],[-46.42080872625253,-23.520967123356797],[-46.42071648644482,-23.52090196271516],[-46.42057812673324,-23.520836802073525],[-46.42053200682938,-23.52077164143189],[-46.42043976702167,-23.52077164143189],[-46.420255287406235,-23.520706480790253],[-46.42020916750238,-23.520641320148616],[-46.42002468788695,-23.52057615950698],[-46.419978567983094,-23.52057615950698],[-46.41979408836766,-23.520445838223708],[-46.41960960875223,-23.52038067758207],[-46.419563488848375,-23.52031551694044],[-46.41951736894451,-23.52031551694044],[-46.41951736894451,-23.52038067758207],[-46.419471249040654,-23.52038067758207],[-46.4194251291368,-23.520445838223708],[-46.4194251291368,-23.520510998865344],[-46.41937900923294,-23.520510998865344],[-46.41937900923294,-23.52057615950698],[-46.419332889329084,-23.520641320148616],[-46.41928676942523,-23.520706480790253],[-46.41928676942523,-23.520836802073525],[-46.41924064952137,-23.52090196271516],[-46.41914840971365,-23.521097444640066],[-46.419056169905936,-23.521292926564975],[-46.419056169905936,-23.52135808720661],[-46.41901005000208,-23.521488408489883],[-46.418917810194365,-23.521683890414792],[-46.41887169029051,-23.52181421169806],[-46.41877945048279,-23.52200969362297],[-46.418687210675074,-23.522140014906242],[-46.418687210675074,-23.522205175547878],[-46.41864109077122,-23.52233549683115],[-46.41859497086736,-23.52246581811442],[-46.418548850963504,-23.522530978756055],[-46.418548850963504,-23.52259613939769],[-46.418548850963504,-23.522661300039328],[-46.418548850963504,-23.522726460680964],[-46.41850273105965,-23.522856781964236],[-46.41850273105965,-23.522921942605873],[-46.41850273105965,-23.52298710324751],[-46.41850273105965,-23.52324774581405],[-46.41850273105965,-23.523312906455686],[-46.41850273105965,-23.523378067097322],[-46.418548850963504,-23.52344322773896],[-46.418548850963504,-23.523638709663867],[-46.418272131540355,-23.523638709663867],[-46.41808765192493,-23.523703870305503],[-46.41799541211721,-23.523703870305503],[-46.41781093250178,-23.523703870305503],[-46.4176725727902,-23.523769030947136],[-46.41753421307863,-23.523769030947136],[-46.417349733463205,-23.523834191588772],[-46.417257493655484,-23.523834191588772],[-46.41721137375163,-23.523834191588772],[-46.41716525384777,-23.523834191588772],[-46.41698077423234,-23.52389935223041],[-46.41675017471305,-23.52389935223041],[-46.416704054809195,-23.52389935223041],[-46.4164734552899,-23.523964512872045],[-46.41638121548219,-23.523964512872045],[-46.41624285577061,-23.52402967351368],[-46.416196735866755,-23.52402967351368],[-46.41601225625133,-23.52402967351368],[-46.41596613634747,-23.52402967351368],[-46.41578165673204,-23.524094834155317],[-46.41568941692432,-23.524094834155317],[-46.415643297020466,-23.524094834155317],[-46.41545881740503,-23.524159994796953],[-46.41536657759732,-23.524159994796953],[-46.415274337789604,-23.524159994796953],[-46.41504373827031,-23.52422515543859],[-46.414997618366456,-23.52422515543859],[-46.414859258654886,-23.52422515543859],[-46.41481313875103,-23.52422515543859],[-46.41458253923174,-23.524290316080226],[-46.41444417952017,-23.524290316080226],[-46.4143980596163,-23.524290316080226],[-46.414213580000876,-23.524355476721862],[-46.41416746009702,-23.524355476721862],[-46.413982980481585,-23.524420637363495],[-46.413844620770014,-23.524420637363495],[-46.41379850086616,-23.524420637363495],[-46.4137523809623,-23.524420637363495],[-46.41366014115458,-23.52448579800513],[-46.41361402125072,-23.52448579800513],[-46.41347566153915,-23.524550958646767],[-46.41329118192372,-23.524550958646767],[-46.413198942116004,-23.524616119288403],[-46.41301446250058,-23.52468127993004],[-46.41296834259672,-23.52468127993004],[-46.412922222692856,-23.524746440571676],[-46.41273774307743,-23.52481160121331],[-46.41269162317357,-23.524876761854948],[-46.41259938336586,-23.524941922496584],[-46.41246102365428,-23.525072243779857],[-46.41246102365428,-23.52513740442149],[-46.41236878384657,-23.525202565063125],[-46.412230424135,-23.52526772570476],[-46.412138184327276,-23.525332886346398],[-46.41209206442342,-23.525398046988034],[-46.41204594451956,-23.525398046988034],[-46.41190758480799,-23.525528368271306],[-46.411769225096414,-23.525593528912943],[-46.41163086538484,-23.525723850196215],[-46.41158474548099,-23.525789010837848],[-46.411492505673266,-23.525789010837848],[-46.411492505673266,-23.525854171479484],[-46.41130802605784,-23.525984492762756],[-46.411215786250125,-23.526049653404392],[-46.411123546442404,-23.52611481404603],[-46.410985186730834,-23.5262451353293],[-46.41093906682698,-23.526310295970937],[-46.410800707115406,-23.526375456612573],[-46.41075458721154,-23.526440617254206],[-46.410570107596115,-23.52657093853748],[-46.41052398769226,-23.52657093853748],[-46.41052398769226,-23.526636099179115],[-46.410431747884545,-23.52670125982075],[-46.410339508076824,-23.526766420462387],[-46.41024726826911,-23.526831581104023],[-46.41020114836525,-23.526831581104023],[-46.41006278865368,-23.526961902387296],[-46.41001666874982,-23.526961902387296],[-46.409924428942105,-23.52702706302893],[-46.409786069230535,-23.527092223670564],[-46.40964770951896,-23.5271573843122],[-46.40950934980739,-23.527222544953837],[-46.409278750288095,-23.52735286623711],[-46.409140390576525,-23.52735286623711],[-46.409002030864954,-23.52748318752038],[-46.40886367115338,-23.527548348162018],[-46.40863307163409,-23.527613508803654],[-46.40854083182637,-23.52767866944529],[-46.4084024721148,-23.527743830086926],[-46.40826411240323,-23.52780899072856],[-46.408079632787796,-23.52793931201183],[-46.40789515317237,-23.528004472653468],[-46.40789515317237,-23.528069633295104],[-46.40775679346079,-23.52813479393674],[-46.407572313845364,-23.528265115220012],[-46.40748007403765,-23.52833027586165],[-46.407433954133786,-23.52833027586165],[-46.40734171432607,-23.528395436503285],[-46.407295594422216,-23.528395436503285],[-46.407295594422216,-23.528460597144917],[-46.40724947451836,-23.528460597144917],[-46.407157234710645,-23.528525757786554],[-46.407064994902925,-23.52859091842819],[-46.40697275509521,-23.528656079069826],[-46.406926635191354,-23.528656079069826],[-46.406926635191354,-23.528721239711462],[-46.4068805152875,-23.528721239711462],[-46.40683439538364,-23.528721239711462],[-46.40683439538364,-23.5287864003531],[-46.40669603567206,-23.528851560994735],[-46.406649915768206,-23.52891672163637],[-46.40660379586435,-23.52891672163637],[-46.40660379586435,-23.528981882278007],[-46.406511556056635,-23.529047042919643],[-46.40641931624892,-23.529112203561276],[-46.40637319634506,-23.529112203561276],[-46.40623483663349,-23.529047042919643],[-46.40605035701806,-23.529047042919643],[-46.40581975749877,-23.528981882278007],[-46.405727517691055,-23.52891672163637],[-46.4056813977872,-23.52891672163637],[-46.405635277883334,-23.528981882278007],[-46.40558915797948,-23.528981882278007],[-46.40554303807562,-23.528981882278007],[-46.405496918171764,-23.528981882278007],[-46.40545079826791,-23.528981882278007],[-46.40540467836405,-23.528981882278007],[-46.40535855846019,-23.528981882278007],[-46.40531243855634,-23.529047042919643],[-46.40526631865247,-23.529047042919643],[-46.405220198748616,-23.529047042919643],[-46.40517407884476,-23.529047042919643],[-46.40517407884476,-23.528981882278007],[-46.4051279589409,-23.528981882278007],[-46.405081839037045,-23.528981882278007],[-46.405081839037045,-23.52891672163637],[-46.40503571913319,-23.52891672163637],[-46.40498959922933,-23.52891672163637],[-46.40498959922933,-23.528851560994735],[-46.404943479325475,-23.528851560994735],[-46.40489735942161,-23.528851560994735],[-46.404851239517754,-23.528851560994735],[-46.404851239517754,-23.5287864003531],[-46.4048051196139,-23.5287864003531],[-46.4048051196139,-23.528851560994735],[-46.40475899971004,-23.528851560994735],[-46.40471287980618,-23.528851560994735],[-46.40466675990233,-23.528851560994735],[-46.40462063999847,-23.528851560994735],[-46.40462063999847,-23.5287864003531],[-46.40457452009461,-23.5287864003531],[-46.40452840019075,-23.5287864003531],[-46.40448228028689,-23.5287864003531],[-46.404436160383035,-23.5287864003531],[-46.40439004047918,-23.5287864003531],[-46.40439004047918,-23.528721239711462],[-46.404436160383035,-23.528721239711462],[-46.404436160383035,-23.528656079069826],[-46.40439004047918,-23.528656079069826],[-46.40434392057532,-23.528656079069826],[-46.404297800671465,-23.528656079069826],[-46.404297800671465,-23.528721239711462],[-46.40425168076761,-23.528656079069826],[-46.40420556086375,-23.528656079069826],[-46.40415944095989,-23.528656079069826],[-46.40411332105603,-23.528656079069826],[-46.40406720115217,-23.528656079069826],[-46.40402108124832,-23.528656079069826],[-46.40397496134446,-23.528656079069826],[-46.4039288414406,-23.528656079069826],[-46.403882721536746,-23.528656079069826],[-46.403882721536746,-23.52859091842819],[-46.40383660163289,-23.52859091842819],[-46.403790481729025,-23.52859091842819],[-46.40374436182517,-23.52859091842819],[-46.40369824192131,-23.52859091842819],[-46.403652122017455,-23.52859091842819],[-46.403652122017455,-23.528525757786554],[-46.4036060021136,-23.528525757786554],[-46.40355988220974,-23.528525757786554],[-46.403513762305884,-23.528460597144917],[-46.40346764240203,-23.528460597144917],[-46.403421522498164,-23.528460597144917],[-46.40337540259431,-23.528395436503285],[-46.40332928269045,-23.528395436503285],[-46.40332928269045,-23.52833027586165],[-46.40328316278659,-23.52833027586165],[-46.403237042882736,-23.52833027586165],[-46.403237042882736,-23.528265115220012],[-46.40319092297888,-23.528265115220012],[-46.40314480307502,-23.528265115220012],[-46.403098683171166,-23.528265115220012],[-46.4030525632673,-23.528265115220012],[-46.403006443363445,-23.528265115220012],[-46.40296032345959,-23.528265115220012],[-46.40291420355573,-23.528265115220012],[-46.402868083651875,-23.528265115220012],[-46.40282196374802,-23.528265115220012],[-46.40277584384416,-23.528265115220012],[-46.402729723940304,-23.528265115220012],[-46.40268360403644,-23.528265115220012],[-46.40263748413258,-23.528265115220012],[-46.40263748413258,-23.528199954578376],[-46.402591364228726,-23.528199954578376],[-46.40254524432487,-23.528199954578376],[-46.40249912442101,-23.52813479393674],[-46.402453004517156,-23.52813479393674],[-46.4024068846133,-23.52813479393674],[-46.40236076470944,-23.52813479393674],[-46.40236076470944,-23.528069633295104],[-46.40231464480558,-23.528069633295104],[-46.40226852490172,-23.528069633295104],[-46.40226852490172,-23.528004472653468],[-46.402222404997865,-23.528004472653468],[-46.40217628509401,-23.52793931201183],[-46.40213016519015,-23.52793931201183],[-46.40213016519015,-23.527874151370195],[-46.402084045286294,-23.527874151370195],[-46.40203792538244,-23.527874151370195],[-46.40199180547858,-23.527874151370195],[-46.40199180547858,-23.52780899072856],[-46.40194568557472,-23.527743830086926],[-46.40194568557472,-23.52767866944529],[-46.40189956567086,-23.52767866944529],[-46.40189956567086,-23.527613508803654],[-46.401853445767,-23.527613508803654],[-46.401807325863146,-23.527613508803654],[-46.40176120595929,-23.527548348162018],[-46.40171508605543,-23.527548348162018],[-46.401668966151576,-23.52748318752038],[-46.40162284624772,-23.52748318752038],[-46.401576726343855,-23.52748318752038],[-46.40153060644,-23.527418026878745],[-46.40148448653614,-23.527418026878745],[-46.40148448653614,-23.52735286623711],[-46.401438366632284,-23.52735286623711],[-46.40139224672843,-23.527287705595473],[-46.40134612682457,-23.527287705595473],[-46.401300006920714,-23.527222544953837],[-46.40125388701685,-23.527222544953837],[-46.40120776711299,-23.5271573843122],[-46.401161647209136,-23.5271573843122],[-46.40111552730528,-23.5271573843122],[-46.40106940740142,-23.5271573843122],[-46.40106940740142,-23.527092223670564],[-46.401023287497566,-23.527092223670564],[-46.40097716759371,-23.527092223670564],[-46.40093104768985,-23.527092223670564],[-46.40088492778599,-23.527092223670564],[-46.40083880788213,-23.527092223670564],[-46.40083880788213,-23.5271573843122],[-46.400792687978274,-23.5271573843122],[-46.40074656807442,-23.527222544953837],[-46.40070044817056,-23.527222544953837],[-46.400654328266704,-23.527222544953837],[-46.40060820836285,-23.527222544953837],[-46.40056208845899,-23.527222544953837],[-46.40056208845899,-23.527287705595473],[-46.400515968555126,-23.527287705595473],[-46.40046984865127,-23.527287705595473],[-46.40046984865127,-23.527222544953837],[-46.40042372874741,-23.527222544953837],[-46.400377608843556,-23.5271573843122],[-46.400377608843556,-23.527092223670564],[-46.4003314889397,-23.527092223670564],[-46.40028536903584,-23.527092223670564],[-46.400239249131985,-23.527092223670564],[-46.400239249131985,-23.52702706302893],[-46.40019312922813,-23.52702706302893],[-46.400147009324265,-23.52702706302893],[-46.400147009324265,-23.526961902387296],[-46.40010088942041,-23.526961902387296],[-46.40005476951655,-23.526961902387296],[-46.400008649612694,-23.52689674174566],[-46.39991640980498,-23.526831581104023],[-46.39987028990112,-23.526766420462387],[-46.39982416999727,-23.526766420462387],[-46.3997780500934,-23.52670125982075],[-46.399731930189546,-23.52670125982075],[-46.39968581028569,-23.52670125982075],[-46.39963969038183,-23.52670125982075],[-46.399593570477975,-23.52670125982075],[-46.39954745057412,-23.52670125982075],[-46.39954745057412,-23.526636099179115],[-46.399455210766405,-23.526636099179115],[-46.39940909086254,-23.526636099179115],[-46.399362970958684,-23.52657093853748],[-46.39931685105483,-23.52657093853748],[-46.39927073115097,-23.52657093853748],[-46.39927073115097,-23.526505777895842],[-46.399224611247114,-23.526505777895842],[-46.39917849134326,-23.526505777895842],[-46.39908625153554,-23.526505777895842],[-46.39904013163168,-23.526505777895842],[-46.39899401172782,-23.526505777895842],[-46.398947891823966,-23.526440617254206],[-46.39890177192011,-23.526440617254206],[-46.39885565201625,-23.526440617254206],[-46.398809532112395,-23.526440617254206],[-46.39876341220854,-23.526375456612573],[-46.39871729230468,-23.526375456612573],[-46.39871729230468,-23.526310295970937],[-46.39867117240082,-23.526310295970937],[-46.39862505249696,-23.526310295970937],[-46.39853281268925,-23.526310295970937],[-46.39848669278539,-23.5262451353293],[-46.39844057288153,-23.5262451353293],[-46.398394452977676,-23.5262451353293],[-46.398394452977676,-23.526179974687665],[-46.39834833307382,-23.526179974687665],[-46.398163853458385,-23.526049653404392],[-46.39811773355453,-23.526049653404392],[-46.398025493746815,-23.526179974687665],[-46.397933253939094,-23.526310295970937],[-46.39788713403524,-23.526310295970937],[-46.39784101413138,-23.526375456612573],[-46.39779489422752,-23.526440617254206],[-46.39774877432367,-23.52657093853748],[-46.39770265441981,-23.52657093853748],[-46.39765653451595,-23.526636099179115],[-46.397610414612096,-23.526636099179115],[-46.397610414612096,-23.52657093853748],[-46.39756429470823,-23.52657093853748],[-46.39756429470823,-23.526505777895842],[-46.39756429470823,-23.526440617254206],[-46.397518174804375,-23.526310295970937],[-46.39747205490052,-23.526179974687665],[-46.39742593499666,-23.525984492762756],[-46.397379815092805,-23.525984492762756],[-46.397379815092805,-23.52591933212112],[-46.39733369518895,-23.525789010837848],[-46.39733369518895,-23.52565868955458],[-46.39728757528509,-23.525593528912943],[-46.397241455381234,-23.52546320762967],[-46.397241455381234,-23.525398046988034],[-46.397241455381234,-23.52526772570476],[-46.39719533547737,-23.525072243779857],[-46.39719533547737,-23.524941922496584],[-46.39719533547737,-23.524876761854948],[-46.39719533547737,-23.52481160121331],[-46.39714921557351,-23.52481160121331],[-46.39710309566966,-23.524746440571676],[-46.39701085586194,-23.524746440571676],[-46.396964735958086,-23.524746440571676],[-46.39682637624651,-23.52468127993004],[-46.39678025634265,-23.52468127993004],[-46.39664189663108,-23.524616119288403],[-46.396595776727224,-23.524616119288403],[-46.39641129711179,-23.524616119288403],[-46.39641129711179,-23.524550958646767],[-46.396319057304076,-23.524550958646767],[-46.39636517720793,-23.524355476721862],[-46.39636517720793,-23.524290316080226],[-46.39641129711179,-23.52422515543859],[-46.39641129711179,-23.524094834155317],[-46.39645741701565,-23.523964512872045],[-46.39645741701565,-23.52389935223041],[-46.39650353691951,-23.52389935223041],[-46.39650353691951,-23.523769030947136],[-46.39654965682337,-23.523703870305503],[-46.39654965682337,-23.523638709663867],[-46.396595776727224,-23.523508388380595],[-46.396595776727224,-23.52344322773896],[-46.396595776727224,-23.523378067097322],[-46.39664189663108,-23.523312906455686],[-46.39664189663108,-23.52324774581405],[-46.39668801653494,-23.523182585172414],[-46.39668801653494,-23.523117424530778],[-46.396734136438795,-23.52298710324751],[-46.396734136438795,-23.522921942605873],[-46.396734136438795,-23.522856781964236],[-46.396734136438795,-23.5227916213226],[-46.396734136438795,-23.522726460680964],[-46.396734136438795,-23.522661300039328],[-46.396734136438795,-23.52259613939769],[-46.396734136438795,-23.522530978756055],[-46.39668801653494,-23.52246581811442],[-46.39668801653494,-23.522400657472783],[-46.39664189663108,-23.52233549683115],[-46.39664189663108,-23.522270336189514],[-46.396595776727224,-23.522270336189514],[-46.39654965682337,-23.522270336189514],[-46.39654965682337,-23.522205175547878],[-46.39645741701565,-23.522205175547878],[-46.39645741701565,-23.522140014906242],[-46.39641129711179,-23.522140014906242],[-46.396319057304076,-23.522140014906242],[-46.396319057304076,-23.522074854264606],[-46.396180697592506,-23.522074854264606],[-46.39613457768864,-23.52200969362297],[-46.396088457784785,-23.52200969362297],[-46.39604233788093,-23.52200969362297],[-46.395950098073214,-23.521944532981333],[-46.3958578582655,-23.521879372339697],[-46.39576561845778,-23.52181421169806],[-46.395673378650066,-23.52181421169806],[-46.39562725874621,-23.521749051056425],[-46.395535018938496,-23.521749051056425],[-46.39548889903464,-23.521749051056425],[-46.39544277913078,-23.521683890414792],[-46.39539665922692,-23.521683890414792],[-46.39535053932306,-23.521683890414792],[-46.395304419419205,-23.521618729773156],[-46.395166059707634,-23.521618729773156],[-46.39511993980378,-23.521618729773156],[-46.39507381989992,-23.521618729773156],[-46.3949815800922,-23.521618729773156],[-46.394889340284486,-23.521618729773156],[-46.39484322038063,-23.521618729773156],[-46.39479710047677,-23.521683890414792],[-46.394750980572915,-23.521683890414792],[-46.394658740765195,-23.521683890414792],[-46.394520381053624,-23.521683890414792],[-46.39442814124591,-23.521683890414792],[-46.394382021342054,-23.521683890414792],[-46.394243661630476,-23.521683890414792],[-46.394105301918906,-23.521683890414792],[-46.39401306211119,-23.521683890414792],[-46.39392082230347,-23.521683890414792],[-46.393736342688044,-23.521683890414792],[-46.39369022278419,-23.521683890414792],[-46.39364410288033,-23.521683890414792],[-46.39350574316875,-23.521683890414792],[-46.393321263553325,-23.521749051056425],[-46.39313678393789,-23.521749051056425],[-46.39304454413018,-23.521749051056425],[-46.39286006451475,-23.521749051056425],[-46.392675584899315,-23.521749051056425],[-46.3925833450916,-23.521749051056425],[-46.39239886547617,-23.521749051056425],[-46.3922605057646,-23.521749051056425],[-46.392122146053026,-23.521749051056425],[-46.39207602614916,-23.521749051056425],[-46.39184542662988,-23.521749051056425],[-46.391753186822164,-23.521749051056425],[-46.391660947014444,-23.521749051056425],[-46.39152258730287,-23.521749051056425],[-46.391476467399016,-23.521749051056425],[-46.3913842275913,-23.521749051056425],[-46.39133810768744,-23.521749051056425],[-46.39129198778358,-23.521749051056425],[-46.39119974797587,-23.521683890414792],[-46.39115362807201,-23.521683890414792],[-46.391015268360434,-23.521683890414792],[-46.390830788745006,-23.521618729773156],[-46.39073854893729,-23.52155356913152],[-46.39064630912957,-23.52155356913152],[-46.390600189225715,-23.521488408489883],[-46.390461829514145,-23.521488408489883],[-46.39036958970643,-23.521423247848247],[-46.39027734989871,-23.521423247848247],[-46.39023122999485,-23.521423247848247],[-46.390185110091,-23.52135808720661],[-46.39009287028328,-23.521292926564975],[-46.39000063047557,-23.521162605281702],[-46.38995451057171,-23.521097444640066],[-46.38995451057171,-23.521032283998434],[-46.38990839066785,-23.521032283998434],[-46.38986227076399,-23.520967123356797],[-46.38986227076399,-23.52090196271516],[-46.38986227076399,-23.520836802073525],[-46.38986227076399,-23.52077164143189],[-46.389816150860135,-23.52077164143189],[-46.38977003095628,-23.52077164143189],[-46.38963167124471,-23.520641320148616],[-46.38958555134085,-23.520641320148616],[-46.38953943143699,-23.520641320148616],[-46.38949331153313,-23.520641320148616],[-46.38935495182156,-23.52077164143189],[-46.3893088319177,-23.520836802073525],[-46.389170472206125,-23.520967123356797],[-46.38912435230227,-23.520967123356797],[-46.38912435230227,-23.521032283998434],[-46.3889859925907,-23.521162605281702],[-46.38893987268684,-23.521162605281702],[-46.388755393071406,-23.521292926564975],[-46.38870927316755,-23.521292926564975],[-46.38866315326369,-23.52135808720661],[-46.388478673648265,-23.52135808720661],[-46.3884325537444,-23.52135808720661],[-46.38834031393669,-23.52135808720661],[-46.388248074128974,-23.52135808720661],[-46.38820195422512,-23.52135808720661],[-46.38806359451354,-23.52135808720661],[-46.38801747460968,-23.521292926564975],[-46.387832994994255,-23.521292926564975],[-46.38774075518654,-23.521292926564975],[-46.38769463528268,-23.521292926564975],[-46.38741791585954,-23.52122776592334],[-46.38737179595568,-23.52122776592334],[-46.387187316340246,-23.521162605281702],[-46.387048956628675,-23.521162605281702],[-46.3869105969171,-23.521162605281702],[-46.386633877493956,-23.52200969362297],[-46.386541637686236,-23.52246581811442],[-46.38649551778238,-23.52259613939769],[-46.38635715807081,-23.5227916213226],[-46.38631103816695,-23.522921942605873],[-46.38612655855152,-23.523052263889145],[-46.38594207893609,-23.523182585172414],[-46.38580371922451,-23.523182585172414],[-46.38566535951294,-23.52324774581405],[-46.38529640028208,-23.52324774581405],[-46.38501968085893,-23.523312906455686],[-46.38492744105122,-23.523312906455686],[-46.384742961435784,-23.523312906455686],[-46.38460460172421,-23.523378067097322],[-46.384558481820356,-23.52344322773896],[-46.38446624201264,-23.523508388380595],[-46.384327882301065,-23.52357354902223],[-46.38437400220492,-23.52357354902223],[-46.38437400220492,-23.523638709663867],[-46.38446624201264,-23.523703870305503],[-46.384558481820356,-23.523769030947136],[-46.38460460172421,-23.523769030947136],[-46.38465072162807,-23.523834191588772],[-46.384742961435784,-23.52389935223041],[-46.38478908133964,-23.523964512872045],[-46.384835201243504,-23.523964512872045],[-46.384835201243504,-23.52402967351368],[-46.38488132114736,-23.52402967351368],[-46.38492744105122,-23.524094834155317],[-46.384973560955075,-23.524094834155317],[-46.38501968085893,-23.524159994796953],[-46.38506580076279,-23.524159994796953],[-46.385111920666645,-23.52422515543859],[-46.3851580405705,-23.52422515543859],[-46.3851580405705,-23.524290316080226],[-46.385204160474366,-23.524290316080226],[-46.38525028037822,-23.524355476721862],[-46.38529640028208,-23.524355476721862],[-46.38529640028208,-23.524420637363495],[-46.38538864008979,-23.52448579800513],[-46.38543475999365,-23.52448579800513],[-46.38548087989751,-23.524550958646767],[-46.385526999801364,-23.524616119288403],[-46.38557311970523,-23.524616119288403],[-46.385619239609085,-23.52468127993004],[-46.38566535951294,-23.52468127993004],[-46.3857114794168,-23.524746440571676],[-46.38584983912837,-23.524876761854948],[-46.38589595903223,-23.524941922496584],[-46.38594207893609,-23.52500708313822],[-46.38598819883995,-23.525072243779857],[-46.38608043864766,-23.525202565063125],[-46.38658775759009,-23.525789010837848],[-46.3869105969171,-23.52611481404603],[-46.386956716820954,-23.52611481404603],[-46.386956716820954,-23.526179974687665],[-46.38700283672482,-23.526179974687665],[-46.387048956628675,-23.526179974687665],[-46.387048956628675,-23.5262451353293],[-46.38709507653253,-23.5262451353293],[-46.38714119643639,-23.5262451353293],[-46.38714119643639,-23.526310295970937],[-46.387187316340246,-23.526310295970937],[-46.3872334362441,-23.526310295970937],[-46.3872334362441,-23.526375456612573],[-46.38727955614796,-23.526375456612573],[-46.387325676051816,-23.526375456612573],[-46.38737179595568,-23.526375456612573],[-46.38741791585954,-23.526375456612573],[-46.387464035763394,-23.526375456612573],[-46.38751015566725,-23.526375456612573],[-46.38751015566725,-23.526440617254206],[-46.38755627557111,-23.526440617254206],[-46.387602395474964,-23.526440617254206],[-46.38764851537882,-23.526440617254206],[-46.38764851537882,-23.526505777895842],[-46.38769463528268,-23.526505777895842],[-46.38774075518654,-23.526505777895842],[-46.3877868750904,-23.52657093853748],[-46.387832994994255,-23.52657093853748],[-46.38787911489811,-23.52657093853748],[-46.38792523480197,-23.52657093853748],[-46.387971354705826,-23.526636099179115],[-46.38801747460968,-23.526636099179115],[-46.38806359451354,-23.526636099179115],[-46.3881097144174,-23.526636099179115],[-46.38815583432126,-23.52670125982075],[-46.38820195422512,-23.52670125982075],[-46.388248074128974,-23.52670125982075],[-46.388248074128974,-23.526766420462387],[-46.38829419403283,-23.526766420462387],[-46.38834031393669,-23.526766420462387],[-46.388386433840544,-23.526766420462387],[-46.388386433840544,-23.526831581104023],[-46.3884325537444,-23.526831581104023],[-46.388478673648265,-23.526831581104023],[-46.388478673648265,-23.52689674174566],[-46.38852479355212,-23.52689674174566],[-46.38852479355212,-23.526961902387296],[-46.38857091345598,-23.526961902387296],[-46.38857091345598,-23.52702706302893],[-46.388617033359836,-23.52702706302893],[-46.388617033359836,-23.527092223670564],[-46.38866315326369,-23.527092223670564],[-46.38866315326369,-23.5271573843122],[-46.38870927316755,-23.5271573843122],[-46.388755393071406,-23.5271573843122],[-46.388755393071406,-23.527222544953837],[-46.38880151297526,-23.527222544953837],[-46.38884763287913,-23.527222544953837],[-46.388893752782984,-23.527222544953837],[-46.38893987268684,-23.527287705595473],[-46.3889859925907,-23.527287705595473],[-46.389032112494554,-23.527287705595473],[-46.38912435230227,-23.52735286623711],[-46.389170472206125,-23.52735286623711],[-46.389170472206125,-23.527418026878745],[-46.38921659210999,-23.527418026878745],[-46.389262712013846,-23.527418026878745],[-46.389262712013846,-23.52748318752038],[-46.3893088319177,-23.52748318752038],[-46.38935495182156,-23.527548348162018],[-46.38935495182156,-23.527613508803654],[-46.389401071725416,-23.527613508803654],[-46.389401071725416,-23.52767866944529],[-46.38944719162927,-23.52767866944529],[-46.38949331153313,-23.52767866944529],[-46.38953943143699,-23.52767866944529],[-46.38958555134085,-23.52767866944529],[-46.38963167124471,-23.52767866944529],[-46.38963167124471,-23.527743830086926],[-46.389677791148564,-23.527743830086926],[-46.38972391105242,-23.527743830086926],[-46.38977003095628,-23.52780899072856],[-46.389816150860135,-23.52780899072856],[-46.38986227076399,-23.527874151370195],[-46.38986227076399,-23.52793931201183],[-46.38990839066785,-23.52793931201183],[-46.38995451057171,-23.52793931201183],[-46.38995451057171,-23.528004472653468],[-46.39000063047557,-23.528004472653468],[-46.39000063047557,-23.528069633295104],[-46.390046750379426,-23.528069633295104],[-46.390046750379426,-23.52813479393674],[-46.390046750379426,-23.528199954578376],[-46.39009287028328,-23.528199954578376],[-46.39013899018714,-23.528199954578376],[-46.390185110091,-23.528199954578376],[-46.390185110091,-23.528265115220012],[-46.39023122999485,-23.528265115220012],[-46.39023122999485,-23.52833027586165],[-46.39027734989871,-23.52833027586165],[-46.39027734989871,-23.528395436503285],[-46.390323469802574,-23.528395436503285],[-46.390323469802574,-23.528460597144917],[-46.39036958970643,-23.528460597144917],[-46.39041570961029,-23.528460597144917],[-46.39041570961029,-23.528525757786554],[-46.39041570961029,-23.52859091842819],[-46.390461829514145,-23.52859091842819],[-46.390461829514145,-23.528656079069826],[-46.390461829514145,-23.528721239711462],[-46.390507949418,-23.528721239711462],[-46.390507949418,-23.5287864003531],[-46.390507949418,-23.528851560994735],[-46.39055406932186,-23.528851560994735],[-46.39055406932186,-23.52891672163637],[-46.390600189225715,-23.52891672163637],[-46.39064630912957,-23.52891672163637],[-46.39064630912957,-23.528981882278007],[-46.390692429033436,-23.528981882278007],[-46.390692429033436,-23.529047042919643],[-46.390692429033436,-23.529112203561276],[-46.390692429033436,-23.529177364202912],[-46.39073854893729,-23.529177364202912],[-46.39078466884115,-23.529177364202912],[-46.39078466884115,-23.52924252484455],[-46.390830788745006,-23.52924252484455],[-46.390830788745006,-23.529307685486184],[-46.390830788745006,-23.52937284612782],[-46.39087690864886,-23.52937284612782],[-46.39087690864886,-23.529438006769457],[-46.39092302855272,-23.529438006769457],[-46.39096914845658,-23.529438006769457],[-46.39096914845658,-23.529503167411093],[-46.3910613882643,-23.52956832805273],[-46.391107508168155,-23.52956832805273],[-46.391107508168155,-23.529633488694365],[-46.39115362807201,-23.529633488694365],[-46.39119974797587,-23.529633488694365],[-46.39129198778358,-23.529698649336],[-46.39133810768744,-23.529698649336],[-46.3913842275913,-23.529763809977638],[-46.39143034749516,-23.52982897061927],[-46.391476467399016,-23.529894131260907],[-46.39152258730287,-23.529959291902543],[-46.39156870720673,-23.529959291902543],[-46.39161482711059,-23.53002445254418],[-46.391660947014444,-23.530089613185815],[-46.3917070669183,-23.53015477382745],[-46.39179930672602,-23.530219934469088],[-46.39184542662988,-23.530219934469088],[-46.391891546533735,-23.530285095110724],[-46.39193766643759,-23.530285095110724],[-46.392029906245305,-23.53035025575236],[-46.392122146053026,-23.530415416393996],[-46.39216826595688,-23.530415416393996],[-46.3922605057646,-23.53048057703563],[-46.39230662566845,-23.53048057703563],[-46.39230662566845,-23.530545737677265],[-46.39235274557231,-23.530545737677265],[-46.39239886547617,-23.530545737677265],[-46.39249110528389,-23.530545737677265],[-46.3925833450916,-23.530545737677265],[-46.39262946499546,-23.5306108983189],[-46.392675584899315,-23.530545737677265],[-46.39272170480317,-23.530545737677265],[-46.39276782470703,-23.530545737677265],[-46.392813944610886,-23.530545737677265],[-46.39286006451475,-23.53048057703563],[-46.39295230432246,-23.53048057703563],[-46.39299842422632,-23.53048057703563],[-46.39304454413018,-23.530415416393996],[-46.39304454413018,-23.53035025575236],[-46.39318290384175,-23.530285095110724],[-46.39322902374561,-23.530285095110724],[-46.39336738345718,-23.530219934469088],[-46.39341350336104,-23.530219934469088],[-46.39350574316875,-23.53015477382745],[-46.39359798297647,-23.53015477382745],[-46.39369022278419,-23.530089613185815],[-46.393736342688044,-23.53002445254418],[-46.393874702399614,-23.529959291902543],[-46.39392082230347,-23.529959291902543],[-46.393966942207335,-23.529894131260907],[-46.39405918201505,-23.52982897061927],[-46.394105301918906,-23.529763809977638],[-46.39415142182276,-23.529763809977638],[-46.39419754172662,-23.529698649336],[-46.394243661630476,-23.529698649336],[-46.39428978153433,-23.529698649336],[-46.394382021342054,-23.529633488694365],[-46.39442814124591,-23.529633488694365],[-46.39456650095748,-23.529633488694365],[-46.394658740765195,-23.529633488694365],[-46.394750980572915,-23.529698649336],[-46.39479710047677,-23.529698649336],[-46.39484322038063,-23.529698649336],[-46.3949815800922,-23.529763809977638],[-46.39502769999606,-23.529763809977638],[-46.39507381989992,-23.529763809977638],[-46.39511993980378,-23.529763809977638],[-46.395166059707634,-23.529763809977638],[-46.39525829951535,-23.529763809977638],[-46.395304419419205,-23.529763809977638],[-46.39535053932306,-23.529894131260907],[-46.39535053932306,-23.529959291902543],[-46.39539665922692,-23.530089613185815],[-46.39544277913078,-23.530089613185815],[-46.39544277913078,-23.53015477382745],[-46.39548889903464,-23.530285095110724],[-46.39548889903464,-23.530415416393996],[-46.39548889903464,-23.53048057703563],[-46.395535018938496,-23.5306108983189],[-46.395535018938496,-23.530676058960537],[-46.395673378650066,-23.53080638024381],[-46.39576561845778,-23.530936701527082],[-46.39571949855392,-23.53100186216872],[-46.39571949855392,-23.531067022810355],[-46.39571949855392,-23.531197344093624],[-46.395673378650066,-23.531197344093624],[-46.39562725874621,-23.53126250473526],[-46.39558113884235,-23.531392826018532],[-46.395535018938496,-23.531523147301804],[-46.39544277913078,-23.53158830794344],[-46.39544277913078,-23.531653468585077],[-46.39535053932306,-23.531653468585077],[-46.395304419419205,-23.531718629226713],[-46.39521217961149,-23.531718629226713],[-46.395166059707634,-23.53178378986835],[-46.39507381989992,-23.53178378986835],[-46.3949815800922,-23.53178378986835],[-46.39493546018834,-23.53178378986835],[-46.394889340284486,-23.53178378986835],[-46.39484322038063,-23.53178378986835],[-46.39479710047677,-23.53178378986835],[-46.39479710047677,-23.531848950509982],[-46.394750980572915,-23.531848950509982],[-46.394750980572915,-23.531914111151618],[-46.39470486066906,-23.531979271793254],[-46.39470486066906,-23.53204443243489],[-46.394658740765195,-23.53204443243489],[-46.394658740765195,-23.532109593076527],[-46.39461262086134,-23.532109593076527],[-46.39461262086134,-23.532174753718163],[-46.39456650095748,-23.532174753718163],[-46.39456650095748,-23.5322399143598],[-46.394520381053624,-23.5322399143598],[-46.394520381053624,-23.532305075001435],[-46.394520381053624,-23.53237023564307],[-46.39456650095748,-23.53250055692634],[-46.39456650095748,-23.532565717567977],[-46.39456650095748,-23.532630878209613],[-46.394520381053624,-23.532630878209613],[-46.394520381053624,-23.53269603885125],[-46.394520381053624,-23.532761199492885],[-46.39447426114977,-23.532761199492885],[-46.39447426114977,-23.53282636013452],[-46.39442814124591,-23.532891520776158],[-46.39442814124591,-23.53302184205943],[-46.394382021342054,-23.533087002701066],[-46.394382021342054,-23.5331521633427],[-46.394382021342054,-23.533217323984335],[-46.3943359014382,-23.53328248462597],[-46.3943359014382,-23.533347645267607],[-46.3943359014382,-23.533412805909244],[-46.39428978153433,-23.53347796655088],[-46.39428978153433,-23.533543127192516],[-46.394243661630476,-23.533543127192516],[-46.394243661630476,-23.533608287834152],[-46.39419754172662,-23.53367344847579],[-46.39415142182276,-23.533738609117425],[-46.394105301918906,-23.53380376975906],[-46.39405918201505,-23.53380376975906],[-46.39405918201505,-23.533868930400693],[-46.39405918201505,-23.53393409104233],[-46.39405918201505,-23.533999251683966],[-46.39405918201505,-23.534064412325602],[-46.39405918201505,-23.534129572967238],[-46.39401306211119,-23.534325054892147],[-46.39401306211119,-23.53445537617542],[-46.39401306211119,-23.534520536817052],[-46.393966942207335,-23.534585697458688],[-46.393966942207335,-23.534650858100324],[-46.39401306211119,-23.534650858100324],[-46.39401306211119,-23.53471601874196],[-46.39401306211119,-23.534781179383597],[-46.39405918201505,-23.534846340025233],[-46.39405918201505,-23.53491150066687],[-46.394105301918906,-23.53504182195014],[-46.39415142182276,-23.535106982591778],[-46.39415142182276,-23.53517214323341],[-46.394105301918906,-23.535237303875046],[-46.39405918201505,-23.53536762515832],[-46.39401306211119,-23.535432785799955],[-46.39401306211119,-23.53549794644159],[-46.39401306211119,-23.535563107083227],[-46.39401306211119,-23.535628267724864],[-46.39401306211119,-23.5356934283665],[-46.39401306211119,-23.535758589008136],[-46.39401306211119,-23.535823749649772],[-46.393966942207335,-23.535888910291405],[-46.393966942207335,-23.53595407093304],[-46.393966942207335,-23.536019231574677],[-46.393966942207335,-23.536084392216313],[-46.393966942207335,-23.53614955285795],[-46.393966942207335,-23.536214713499586],[-46.39392082230347,-23.536279874141222],[-46.39392082230347,-23.536345034782858],[-46.39392082230347,-23.536410195424494],[-46.39392082230347,-23.53647535606613],[-46.39392082230347,-23.5366056773494],[-46.393874702399614,-23.536670837991036],[-46.393874702399614,-23.536801159274308],[-46.39392082230347,-23.536866319915944],[-46.39392082230347,-23.53693148055758],[-46.39392082230347,-23.536996641199217],[-46.39392082230347,-23.537061801840853],[-46.39392082230347,-23.53712696248249],[-46.39392082230347,-23.53719212312412],[-46.393874702399614,-23.537257283765758],[-46.393874702399614,-23.537322444407394],[-46.393874702399614,-23.53738760504903],[-46.393874702399614,-23.537452765690666],[-46.39382858249576,-23.537452765690666],[-46.39382858249576,-23.537517926332303],[-46.3937824625919,-23.53758308697394],[-46.3937824625919,-23.537648247615575],[-46.393736342688044,-23.537648247615575],[-46.393736342688044,-23.53771340825721],[-46.393736342688044,-23.537778568898847],[-46.39369022278419,-23.537778568898847],[-46.39369022278419,-23.537843729540484],[-46.39369022278419,-23.537908890182116],[-46.39364410288033,-23.537908890182116],[-46.39364410288033,-23.537974050823752],[-46.39364410288033,-23.53803921146539],[-46.39359798297647,-23.538104372107025],[-46.39359798297647,-23.53816953274866],[-46.39355186307261,-23.53816953274866],[-46.39355186307261,-23.538234693390297],[-46.39355186307261,-23.538299854031933],[-46.39350574316875,-23.53836501467357],[-46.39350574316875,-23.538430175315206],[-46.39350574316875,-23.538495335956842],[-46.393459623264896,-23.538495335956842],[-46.393459623264896,-23.538560496598475],[-46.39341350336104,-23.538560496598475],[-46.39341350336104,-23.53862565724011],[-46.39336738345718,-23.53862565724011],[-46.39336738345718,-23.538690817881747],[-46.393321263553325,-23.538755978523383],[-46.39327514364947,-23.538755978523383],[-46.39327514364947,-23.53882113916502],[-46.39322902374561,-23.53882113916502],[-46.39318290384175,-23.53882113916502],[-46.39313678393789,-23.53882113916502],[-46.39313678393789,-23.538886299806656],[-46.393090664034034,-23.538886299806656],[-46.393090664034034,-23.538951460448292],[-46.39304454413018,-23.538951460448292],[-46.39304454413018,-23.539016621089928],[-46.39299842422632,-23.539016621089928],[-46.39295230432246,-23.539081781731564],[-46.39295230432246,-23.5391469423732],[-46.39290618441861,-23.5391469423732],[-46.39290618441861,-23.539212103014833],[-46.39286006451475,-23.53927726365647],[-46.39286006451475,-23.539342424298106],[-46.39286006451475,-23.53940758493974],[-46.39286006451475,-23.539472745581378],[-46.39290618441861,-23.539537906223014],[-46.39290618441861,-23.53960306686465],[-46.39290618441861,-23.539668227506287],[-46.39286006451475,-23.539668227506287],[-46.39286006451475,-23.539733388147923],[-46.39276782470703,-23.539863709431195],[-46.39272170480317,-23.539928870072828],[-46.39272170480317,-23.539994030714464],[-46.39262946499546,-23.540124351997736],[-46.3925833450916,-23.540189512639373],[-46.392537225187745,-23.54025467328101],[-46.39249110528389,-23.54025467328101],[-46.392444985380024,-23.54025467328101],[-46.39235274557231,-23.540319833922645],[-46.39230662566845,-23.540319833922645],[-46.3922605057646,-23.54038499456428],[-46.39221438586074,-23.540450155205917],[-46.39221438586074,-23.540515315847554],[-46.39216826595688,-23.540580476489186],[-46.392122146053026,-23.540645637130822],[-46.39207602614916,-23.54071079777246],[-46.392029906245305,-23.54071079777246],[-46.392029906245305,-23.540775958414095],[-46.39198378634145,-23.540775958414095],[-46.39198378634145,-23.54084111905573],[-46.39193766643759,-23.54084111905573],[-46.391891546533735,-23.540906279697367],[-46.39184542662988,-23.540906279697367],[-46.39179930672602,-23.540971440339003],[-46.391753186822164,-23.540971440339003],[-46.3917070669183,-23.54103660098064],[-46.391660947014444,-23.54103660098064],[-46.39152258730287,-23.541101761622276],[-46.39143034749516,-23.541101761622276],[-46.39129198778358,-23.541101761622276],[-46.39119974797587,-23.541166922263912],[-46.391107508168155,-23.541232082905545],[-46.3910613882643,-23.54129724354718],[-46.3910613882643,-23.541362404188817],[-46.39092302855272,-23.54149272547209],[-46.39087690864886,-23.54149272547209],[-46.390830788745006,-23.54149272547209],[-46.39078466884115,-23.541557886113726],[-46.39073854893729,-23.54162304675536],[-46.390692429033436,-23.541688207396998],[-46.39064630912957,-23.541688207396998],[-46.390600189225715,-23.541753368038634],[-46.39055406932186,-23.541753368038634],[-46.39055406932186,-23.54181852868027],[-46.390507949418,-23.54181852868027],[-46.390507949418,-23.541883689321907],[-46.390461829514145,-23.541883689321907],[-46.39041570961029,-23.541883689321907],[-46.39036958970643,-23.541883689321907],[-46.390323469802574,-23.541883689321907],[-46.39023122999485,-23.542014010605175],[-46.390185110091,-23.542014010605175],[-46.39013899018714,-23.54207917124681],[-46.39009287028328,-23.542144331888448],[-46.390046750379426,-23.542209492530084],[-46.39000063047557,-23.542209492530084],[-46.39000063047557,-23.54227465317172],[-46.38995451057171,-23.54227465317172],[-46.38990839066785,-23.542339813813356],[-46.38986227076399,-23.542404974454993],[-46.389816150860135,-23.54247013509663],[-46.38977003095628,-23.542535295738265],[-46.38972391105242,-23.542600456379898],[-46.389677791148564,-23.542600456379898],[-46.38963167124471,-23.542665617021534],[-46.38958555134085,-23.542795938304806],[-46.38953943143699,-23.542861098946442],[-46.38944719162927,-23.54292625958808],[-46.389170472206125,-23.543186902154623],[-46.38912435230227,-23.543252062796256],[-46.38907823239841,-23.543317223437892],[-46.389032112494554,-23.54338238407953],[-46.38884763287913,-23.543577866004437],[-46.38880151297526,-23.543577866004437],[-46.38880151297526,-23.543643026646073],[-46.38880151297526,-23.54370818728771],[-46.388755393071406,-23.543773347929346],[-46.388755393071406,-23.543838508570982],[-46.388755393071406,-23.543903669212618],[-46.388755393071406,-23.54396882985425],[-46.38870927316755,-23.544033990495887],[-46.38870927316755,-23.544099151137523],[-46.38866315326369,-23.544099151137523],[-46.38866315326369,-23.54416431177916],[-46.388617033359836,-23.54416431177916],[-46.388617033359836,-23.544229472420795],[-46.38857091345598,-23.544229472420795],[-46.38857091345598,-23.54429463306243],[-46.38857091345598,-23.544359793704068],[-46.38852479355212,-23.544359793704068],[-46.38852479355212,-23.544424954345704],[-46.38852479355212,-23.54449011498734],[-46.38852479355212,-23.544555275628976],[-46.388478673648265,-23.544555275628976],[-46.388478673648265,-23.54462043627061],[-46.38852479355212,-23.54462043627061],[-46.38852479355212,-23.544685596912245],[-46.388478673648265,-23.54475075755388],[-46.388478673648265,-23.544815918195518],[-46.3884325537444,-23.544815918195518],[-46.3884325537444,-23.544881078837154],[-46.3884325537444,-23.54494623947879],[-46.3884325537444,-23.545011400120426],[-46.388478673648265,-23.545011400120426],[-46.3884325537444,-23.545076560762062],[-46.388386433840544,-23.545076560762062],[-46.388386433840544,-23.5451417214037],[-46.3884325537444,-23.5451417214037],[-46.388386433840544,-23.5451417214037],[-46.38834031393669,-23.545206882045335],[-46.38829419403283,-23.545206882045335],[-46.3881097144174,-23.54540236397024],[-46.38792523480197,-23.545663006536785],[-46.38792523480197,-23.545793327820057],[-46.38792523480197,-23.545858488461693],[-46.38792523480197,-23.545988809744962],[-46.38792523480197,-23.5460539703866],[-46.387971354705826,-23.5460539703866],[-46.387971354705826,-23.546119131028235],[-46.38801747460968,-23.546119131028235],[-46.38801747460968,-23.54618429166987],[-46.38801747460968,-23.546249452311507],[-46.38801747460968,-23.546314612953143],[-46.38801747460968,-23.54637977359478],[-46.38801747460968,-23.546444934236415],[-46.38801747460968,-23.54651009487805],[-46.38801747460968,-23.546575255519688],[-46.38801747460968,-23.54664041616132],[-46.38801747460968,-23.546705576802957],[-46.38801747460968,-23.546770737444593],[-46.38801747460968,-23.54683589808623],[-46.387971354705826,-23.54683589808623],[-46.387971354705826,-23.546901058727865],[-46.387971354705826,-23.5469662193695],[-46.38801747460968,-23.5469662193695],[-46.38806359451354,-23.5469662193695],[-46.38806359451354,-23.547031380011138],[-46.3881097144174,-23.547031380011138],[-46.38815583432126,-23.547031380011138],[-46.38815583432126,-23.547096540652774],[-46.38820195422512,-23.547096540652774],[-46.388248074128974,-23.547096540652774],[-46.38829419403283,-23.547096540652774],[-46.38834031393669,-23.54716170129441],[-46.388386433840544,-23.547226861936046],[-46.3884325537444,-23.547226861936046],[-46.388478673648265,-23.547226861936046],[-46.38852479355212,-23.547226861936046],[-46.38852479355212,-23.54729202257768],[-46.38857091345598,-23.54729202257768],[-46.388617033359836,-23.547357183219315],[-46.38866315326369,-23.547357183219315],[-46.38870927316755,-23.54742234386095],[-46.388755393071406,-23.54742234386095],[-46.38880151297526,-23.54742234386095],[-46.38880151297526,-23.547487504502588],[-46.38884763287913,-23.547487504502588],[-46.388893752782984,-23.547487504502588],[-46.38893987268684,-23.547552665144224],[-46.3889859925907,-23.547552665144224],[-46.389032112494554,-23.54761782578586],[-46.38907823239841,-23.54761782578586],[-46.38912435230227,-23.547682986427496],[-46.389170472206125,-23.547682986427496],[-46.389170472206125,-23.547748147069132],[-46.38921659210999,-23.547748147069132],[-46.389262712013846,-23.547748147069132],[-46.3893088319177,-23.547748147069132],[-46.3893088319177,-23.54781330771077],[-46.38935495182156,-23.54781330771077],[-46.389401071725416,-23.54781330771077],[-46.389401071725416,-23.547878468352405],[-46.38944719162927,-23.547878468352405],[-46.38949331153313,-23.547878468352405],[-46.38949331153313,-23.547943628994037],[-46.38953943143699,-23.547943628994037],[-46.38958555134085,-23.547943628994037],[-46.38958555134085,-23.548008789635674],[-46.38963167124471,-23.548008789635674],[-46.389677791148564,-23.548008789635674],[-46.38972391105242,-23.54807395027731],[-46.38977003095628,-23.54807395027731],[-46.389816150860135,-23.548139110918946],[-46.38986227076399,-23.548139110918946],[-46.38990839066785,-23.548204271560582],[-46.390046750379426,-23.54826943220222],[-46.39023122999485,-23.548334592843855],[-46.390461829514145,-23.548464914127127],[-46.391245867879725,-23.548921038618577],[-46.3913842275913,-23.548986199260213],[-46.39143034749516,-23.54905135990185],[-46.391476467399016,-23.54905135990185],[-46.39152258730287,-23.54905135990185],[-46.39156870720673,-23.549116520543485],[-46.39161482711059,-23.549116520543485],[-46.391660947014444,-23.549116520543485],[-46.3917070669183,-23.54918168118512],[-46.391753186822164,-23.54918168118512],[-46.39179930672602,-23.549246841826758],[-46.39184542662988,-23.549246841826758],[-46.391891546533735,-23.54931200246839],[-46.39193766643759,-23.54931200246839],[-46.39198378634145,-23.549377163110027],[-46.392029906245305,-23.549377163110027],[-46.39207602614916,-23.549442323751663],[-46.392122146053026,-23.549442323751663],[-46.39216826595688,-23.549442323751663],[-46.39216826595688,-23.5495074843933],[-46.39221438586074,-23.5495074843933],[-46.39230662566845,-23.5495074843933],[-46.39235274557231,-23.5495074843933],[-46.39239886547617,-23.5495074843933],[-46.392444985380024,-23.549442323751663],[-46.39249110528389,-23.549442323751663],[-46.392537225187745,-23.549442323751663],[-46.3925833450916,-23.549442323751663],[-46.392675584899315,-23.549442323751663],[-46.39272170480317,-23.549377163110027],[-46.39276782470703,-23.549377163110027],[-46.392813944610886,-23.549377163110027],[-46.39286006451475,-23.549377163110027],[-46.39295230432246,-23.549377163110027],[-46.39299842422632,-23.549377163110027],[-46.39304454413018,-23.549377163110027],[-46.393090664034034,-23.549377163110027],[-46.39313678393789,-23.549377163110027],[-46.39318290384175,-23.549377163110027],[-46.39322902374561,-23.549377163110027],[-46.39327514364947,-23.549377163110027],[-46.39336738345718,-23.549377163110027],[-46.39341350336104,-23.549377163110027],[-46.393459623264896,-23.549377163110027],[-46.39350574316875,-23.549377163110027],[-46.39359798297647,-23.549377163110027],[-46.39369022278419,-23.549377163110027],[-46.3937824625919,-23.549377163110027],[-46.393874702399614,-23.549377163110027],[-46.39392082230347,-23.54931200246839],[-46.39405918201505,-23.54931200246839],[-46.39415142182276,-23.549246841826758],[-46.394243661630476,-23.549246841826758],[-46.39428978153433,-23.549246841826758],[-46.3943359014382,-23.549246841826758],[-46.394382021342054,-23.54931200246839],[-46.39447426114977,-23.54931200246839],[-46.39456650095748,-23.54931200246839],[-46.39461262086134,-23.54931200246839],[-46.394658740765195,-23.54931200246839],[-46.394750980572915,-23.549246841826758],[-46.39479710047677,-23.549246841826758],[-46.394889340284486,-23.549246841826758],[-46.3949815800922,-23.54918168118512],[-46.39507381989992,-23.549116520543485],[-46.39511993980378,-23.549116520543485],[-46.39521217961149,-23.54905135990185],[-46.39525829951535,-23.549116520543485],[-46.395304419419205,-23.54918168118512],[-46.39535053932306,-23.549246841826758],[-46.39548889903464,-23.54931200246839],[-46.39544277913078,-23.549377163110027],[-46.395304419419205,-23.5495074843933],[-46.39544277913078,-23.54963780567657],[-46.39548889903464,-23.54963780567657],[-46.39548889903464,-23.549702966318208],[-46.395535018938496,-23.549702966318208],[-46.39558113884235,-23.549702966318208],[-46.39539665922692,-23.549898448243116],[-46.39544277913078,-23.549898448243116],[-46.395535018938496,-23.54996360888475],[-46.39548889903464,-23.550028769526385],[-46.39535053932306,-23.550224251451294],[-46.39539665922692,-23.550224251451294],[-46.39544277913078,-23.55028941209293],[-46.39548889903464,-23.55028941209293],[-46.39548889903464,-23.550354572734566],[-46.39558113884235,-23.55048489401784],[-46.395535018938496,-23.55048489401784],[-46.395535018938496,-23.550550054659475],[-46.39548889903464,-23.550550054659475],[-46.39548889903464,-23.55061521530111],[-46.39544277913078,-23.550680375942743],[-46.39544277913078,-23.55074553658438],[-46.39539665922692,-23.55074553658438],[-46.395304419419205,-23.550875857867652],[-46.39525829951535,-23.55094101850929],[-46.39521217961149,-23.551006179150924],[-46.395166059707634,-23.55107133979256],[-46.39511993980378,-23.55107133979256],[-46.39511993980378,-23.551136500434197],[-46.39507381989992,-23.551136500434197],[-46.39502769999606,-23.551201661075833],[-46.3949815800922,-23.55126682171747],[-46.39493546018834,-23.551331982359102],[-46.394889340284486,-23.551331982359102],[-46.39484322038063,-23.551397143000738],[-46.39479710047677,-23.551397143000738],[-46.394750980572915,-23.551462303642374],[-46.39470486066906,-23.551462303642374],[-46.394658740765195,-23.551462303642374],[-46.394658740765195,-23.55152746428401],[-46.39461262086134,-23.55152746428401],[-46.39456650095748,-23.55152746428401],[-46.39456650095748,-23.551592624925647],[-46.394520381053624,-23.551592624925647],[-46.39447426114977,-23.551592624925647],[-46.39442814124591,-23.551657785567283],[-46.394382021342054,-23.551657785567283],[-46.3943359014382,-23.551657785567283],[-46.39428978153433,-23.55172294620892],[-46.394243661630476,-23.55172294620892],[-46.39419754172662,-23.55172294620892],[-46.39419754172662,-23.551788106850555],[-46.39415142182276,-23.551788106850555],[-46.394105301918906,-23.551788106850555],[-46.394105301918906,-23.55185326749219],[-46.39405918201505,-23.55185326749219],[-46.39401306211119,-23.55185326749219],[-46.393966942207335,-23.55185326749219],[-46.39392082230347,-23.551918428133828],[-46.393874702399614,-23.551918428133828],[-46.39382858249576,-23.55198358877546],[-46.3937824625919,-23.552048749417096],[-46.393736342688044,-23.552048749417096],[-46.39369022278419,-23.552048749417096],[-46.39369022278419,-23.552113910058733],[-46.39364410288033,-23.552113910058733],[-46.39359798297647,-23.552113910058733],[-46.39355186307261,-23.55217907070037],[-46.39350574316875,-23.55217907070037],[-46.393459623264896,-23.55217907070037],[-46.39341350336104,-23.55217907070037],[-46.39341350336104,-23.552244231342005],[-46.39336738345718,-23.552244231342005],[-46.393321263553325,-23.552244231342005],[-46.393321263553325,-23.55230939198364],[-46.393321263553325,-23.552374552625277],[-46.39327514364947,-23.552374552625277],[-46.39327514364947,-23.552439713266914],[-46.39327514364947,-23.55250487390855],[-46.39327514364947,-23.552570034550186],[-46.39322902374561,-23.552570034550186],[-46.39318290384175,-23.552635195191822],[-46.39322902374561,-23.552635195191822],[-46.39327514364947,-23.552700355833455],[-46.39341350336104,-23.55276551647509],[-46.39341350336104,-23.552830677116727],[-46.39341350336104,-23.552895837758363],[-46.39336738345718,-23.5529609984],[-46.39341350336104,-23.553026159041636],[-46.39341350336104,-23.553091319683272],[-46.393459623264896,-23.553091319683272],[-46.393459623264896,-23.55315648032491],[-46.393459623264896,-23.553221640966544],[-46.39341350336104,-23.55328680160818],[-46.39336738345718,-23.553351962249813],[-46.393321263553325,-23.55341712289145],[-46.39327514364947,-23.55341712289145],[-46.39322902374561,-23.553482283533086],[-46.39318290384175,-23.553547444174722],[-46.39313678393789,-23.553612604816358],[-46.393090664034034,-23.553677765457994],[-46.393090664034034,-23.55374292609963],[-46.393090664034034,-23.553808086741267],[-46.393090664034034,-23.553873247382903],[-46.39304454413018,-23.553873247382903],[-46.39304454413018,-23.55393840802454],[-46.39299842422632,-23.55393840802454],[-46.39286006451475,-23.55393840802454],[-46.392813944610886,-23.55393840802454],[-46.39276782470703,-23.55400356866617],[-46.39272170480317,-23.55400356866617],[-46.39272170480317,-23.554068729307808],[-46.39272170480317,-23.554133889949444],[-46.392675584899315,-23.55419905059108],[-46.39262946499546,-23.554264211232717],[-46.3925833450916,-23.554329371874353],[-46.3925833450916,-23.55439453251599],[-46.39262946499546,-23.554459693157625],[-46.392675584899315,-23.55452485379926],[-46.39272170480317,-23.554590014440898],[-46.39272170480317,-23.554655175082534],[-46.39276782470703,-23.554785496365803],[-46.39276782470703,-23.55485065700744],[-46.39276782470703,-23.554915817649075],[-46.39276782470703,-23.55498097829071],[-46.39276782470703,-23.555046138932347],[-46.39276782470703,-23.555111299573984],[-46.39276782470703,-23.55517646021562],[-46.39276782470703,-23.555241620857256],[-46.39276782470703,-23.555306781498892],[-46.39276782470703,-23.555371942140525],[-46.39276782470703,-23.55543710278216],[-46.392813944610886,-23.55543710278216],[-46.392813944610886,-23.555502263423797],[-46.39286006451475,-23.555502263423797],[-46.39286006451475,-23.555567424065433],[-46.39290618441861,-23.555567424065433],[-46.39290618441861,-23.55563258470707],[-46.39290618441861,-23.555697745348706],[-46.39295230432246,-23.555762905990342],[-46.39295230432246,-23.555828066631978],[-46.39299842422632,-23.555893227273614],[-46.39299842422632,-23.55595838791525],[-46.39299842422632,-23.556023548556883],[-46.39295230432246,-23.556023548556883],[-46.39295230432246,-23.55608870919852],[-46.39290618441861,-23.55608870919852],[-46.39290618441861,-23.556153869840156],[-46.39286006451475,-23.556153869840156],[-46.392813944610886,-23.55621903048179],[-46.39276782470703,-23.556284191123428],[-46.39272170480317,-23.556349351765064],[-46.392675584899315,-23.556349351765064],[-46.39262946499546,-23.5564145124067],[-46.3925833450916,-23.5564145124067],[-46.3925833450916,-23.556479673048337],[-46.392537225187745,-23.556479673048337],[-46.392537225187745,-23.556544833689973],[-46.39249110528389,-23.556544833689973],[-46.39249110528389,-23.55660999433161],[-46.39249110528389,-23.55667515497324],[-46.392444985380024,-23.55667515497324],[-46.392444985380024,-23.556740315614878],[-46.392444985380024,-23.556805476256514],[-46.392444985380024,-23.55687063689815],[-46.39249110528389,-23.55687063689815],[-46.39249110528389,-23.556935797539786],[-46.392537225187745,-23.557000958181423],[-46.392537225187745,-23.55706611882306],[-46.3925833450916,-23.55706611882306],[-46.39262946499546,-23.557131279464695],[-46.392675584899315,-23.557131279464695],[-46.392675584899315,-23.55719644010633],[-46.39272170480317,-23.55719644010633],[-46.39272170480317,-23.557261600747967],[-46.392675584899315,-23.557261600747967],[-46.392675584899315,-23.557326761389604],[-46.392675584899315,-23.557391922031236],[-46.39262946499546,-23.557391922031236],[-46.39262946499546,-23.557457082672872],[-46.3925833450916,-23.557457082672872],[-46.392537225187745,-23.55752224331451],[-46.39249110528389,-23.55752224331451],[-46.392444985380024,-23.557587403956145],[-46.39239886547617,-23.557587403956145],[-46.39239886547617,-23.55765256459778],[-46.39235274557231,-23.55765256459778],[-46.39235274557231,-23.557717725239417],[-46.39230662566845,-23.557717725239417],[-46.39230662566845,-23.557782885881053],[-46.39230662566845,-23.55784804652269],[-46.3922605057646,-23.55784804652269],[-46.39221438586074,-23.55784804652269],[-46.39216826595688,-23.55784804652269],[-46.392122146053026,-23.55784804652269],[-46.39207602614916,-23.55784804652269],[-46.392029906245305,-23.55784804652269],[-46.392029906245305,-23.557913207164326],[-46.39198378634145,-23.557913207164326],[-46.39193766643759,-23.557913207164326],[-46.391891546533735,-23.557978367805962],[-46.39184542662988,-23.557978367805962],[-46.39184542662988,-23.558043528447595],[-46.39179930672602,-23.558043528447595],[-46.39179930672602,-23.55810868908923],[-46.391753186822164,-23.55810868908923],[-46.391753186822164,-23.558173849730867],[-46.391753186822164,-23.558239010372503],[-46.39179930672602,-23.558239010372503],[-46.39179930672602,-23.55830417101414],[-46.39179930672602,-23.558369331655776],[-46.39179930672602,-23.558434492297412],[-46.391753186822164,-23.558434492297412],[-46.3917070669183,-23.558434492297412],[-46.3917070669183,-23.558499652939048],[-46.391660947014444,-23.558499652939048],[-46.391660947014444,-23.558564813580684],[-46.39161482711059,-23.558564813580684],[-46.39161482711059,-23.55862997422232],[-46.39156870720673,-23.558695134863953],[-46.39152258730287,-23.558695134863953],[-46.39152258730287,-23.55876029550559],[-46.391476467399016,-23.55876029550559],[-46.39143034749516,-23.558825456147225],[-46.3913842275913,-23.558825456147225],[-46.39133810768744,-23.55889061678886],[-46.39129198778358,-23.55889061678886],[-46.39129198778358,-23.558955777430498],[-46.391245867879725,-23.558955777430498],[-46.391245867879725,-23.559020938072134],[-46.39119974797587,-23.559020938072134],[-46.391245867879725,-23.55908609871377],[-46.391245867879725,-23.559151259355406],[-46.391245867879725,-23.559216419997043],[-46.39119974797587,-23.559216419997043],[-46.39119974797587,-23.55928158063868],[-46.39115362807201,-23.55928158063868],[-46.39115362807201,-23.559346741280315],[-46.39115362807201,-23.559411901921948],[-46.391107508168155,-23.559411901921948],[-46.391107508168155,-23.559477062563584],[-46.3910613882643,-23.559477062563584],[-46.3910613882643,-23.55954222320522],[-46.3910613882643,-23.559607383846856],[-46.3910613882643,-23.559672544488492],[-46.3910613882643,-23.55973770513013],[-46.391107508168155,-23.55973770513013],[-46.39115362807201,-23.55973770513013],[-46.39119974797587,-23.55973770513013],[-46.39119974797587,-23.559802865771765],[-46.391245867879725,-23.559802865771765],[-46.39129198778358,-23.559802865771765],[-46.391245867879725,-23.5598680264134],[-46.39119974797587,-23.5598680264134],[-46.39119974797587,-23.559933187055037],[-46.39115362807201,-23.559933187055037],[-46.391107508168155,-23.559933187055037],[-46.3910613882643,-23.559933187055037],[-46.391015268360434,-23.559933187055037],[-46.39096914845658,-23.559933187055037],[-46.39096914845658,-23.559998347696673],[-46.39092302855272,-23.559998347696673],[-46.39087690864886,-23.559998347696673],[-46.39087690864886,-23.560063508338306],[-46.39087690864886,-23.560128668979942],[-46.390830788745006,-23.560128668979942],[-46.390830788745006,-23.56019382962158],[-46.39078466884115,-23.560128668979942],[-46.39073854893729,-23.560128668979942],[-46.390692429033436,-23.560128668979942],[-46.39064630912957,-23.560128668979942],[-46.390600189225715,-23.560128668979942],[-46.390600189225715,-23.56019382962158],[-46.39055406932186,-23.56019382962158],[-46.390507949418,-23.56019382962158],[-46.390461829514145,-23.56019382962158],[-46.390461829514145,-23.560128668979942],[-46.39041570961029,-23.560128668979942],[-46.39036958970643,-23.560128668979942],[-46.39036958970643,-23.560063508338306],[-46.390323469802574,-23.560063508338306],[-46.39027734989871,-23.560063508338306],[-46.39023122999485,-23.560063508338306],[-46.390185110091,-23.560063508338306],[-46.39013899018714,-23.560063508338306],[-46.39013899018714,-23.560128668979942],[-46.39009287028328,-23.560128668979942],[-46.39009287028328,-23.56019382962158],[-46.39009287028328,-23.560258990263215],[-46.390046750379426,-23.560258990263215],[-46.39000063047557,-23.56032415090485],[-46.38995451057171,-23.56032415090485],[-46.38990839066785,-23.560389311546487],[-46.38986227076399,-23.560389311546487],[-46.38986227076399,-23.560454472188123],[-46.389816150860135,-23.560454472188123],[-46.38977003095628,-23.560454472188123],[-46.38977003095628,-23.56051963282976],[-46.38972391105242,-23.56051963282976],[-46.389677791148564,-23.56051963282976],[-46.389677791148564,-23.560584793471396],[-46.38963167124471,-23.560584793471396],[-46.38958555134085,-23.560649954113032],[-46.38963167124471,-23.560649954113032],[-46.38963167124471,-23.560715114754665],[-46.38958555134085,-23.560715114754665],[-46.38953943143699,-23.560715114754665],[-46.38949331153313,-23.560715114754665],[-46.38949331153313,-23.5607802753963],[-46.38944719162927,-23.5607802753963],[-46.389401071725416,-23.5607802753963],[-46.38935495182156,-23.5607802753963],[-46.3893088319177,-23.5607802753963],[-46.3893088319177,-23.560845436037937],[-46.389262712013846,-23.560845436037937],[-46.389262712013846,-23.560910596679573],[-46.38921659210999,-23.56097575732121],[-46.389170472206125,-23.56097575732121],[-46.389170472206125,-23.561040917962845],[-46.38912435230227,-23.561040917962845],[-46.38907823239841,-23.561040917962845],[-46.389032112494554,-23.561040917962845],[-46.389032112494554,-23.56110607860448],[-46.3889859925907,-23.56110607860448],[-46.38893987268684,-23.56110607860448],[-46.38893987268684,-23.561171239246118],[-46.388893752782984,-23.561171239246118],[-46.388893752782984,-23.561236399887754],[-46.38884763287913,-23.561236399887754],[-46.38880151297526,-23.561236399887754],[-46.38880151297526,-23.56130156052939],[-46.388755393071406,-23.56130156052939],[-46.38870927316755,-23.56130156052939],[-46.38866315326369,-23.56130156052939],[-46.388617033359836,-23.56130156052939],[-46.38857091345598,-23.56130156052939],[-46.38857091345598,-23.561366721171026],[-46.38852479355212,-23.561366721171026],[-46.388478673648265,-23.561366721171026],[-46.3884325537444,-23.561366721171026],[-46.3884325537444,-23.56143188181266],[-46.388386433840544,-23.56143188181266],[-46.38834031393669,-23.56143188181266],[-46.38829419403283,-23.56143188181266],[-46.38829419403283,-23.561497042454295],[-46.388248074128974,-23.561497042454295],[-46.388248074128974,-23.56156220309593],[-46.38820195422512,-23.561497042454295],[-46.38815583432126,-23.561497042454295],[-46.3881097144174,-23.561497042454295],[-46.3881097144174,-23.56143188181266],[-46.38806359451354,-23.561497042454295],[-46.38801747460968,-23.56143188181266],[-46.387971354705826,-23.56143188181266],[-46.38792523480197,-23.561497042454295],[-46.38787911489811,-23.561497042454295],[-46.387832994994255,-23.561497042454295],[-46.3877868750904,-23.561497042454295],[-46.38774075518654,-23.561497042454295],[-46.38769463528268,-23.561497042454295],[-46.38764851537882,-23.56156220309593],[-46.387602395474964,-23.56156220309593],[-46.38755627557111,-23.56156220309593],[-46.38755627557111,-23.561627363737568],[-46.38755627557111,-23.561692524379204],[-46.38751015566725,-23.561692524379204],[-46.387464035763394,-23.561692524379204],[-46.387464035763394,-23.56175768502084],[-46.38741791585954,-23.56175768502084],[-46.38737179595568,-23.56175768502084],[-46.38737179595568,-23.561822845662476],[-46.387325676051816,-23.561822845662476],[-46.38727955614796,-23.561822845662476],[-46.3872334362441,-23.561822845662476],[-46.387187316340246,-23.561822845662476],[-46.38714119643639,-23.561822845662476],[-46.38709507653253,-23.561822845662476],[-46.38709507653253,-23.561888006304113],[-46.38700283672482,-23.561888006304113],[-46.386956716820954,-23.561888006304113],[-46.386956716820954,-23.56195316694575],[-46.3869105969171,-23.56195316694575],[-46.38686447701324,-23.56195316694575],[-46.386818357109384,-23.56195316694575],[-46.38677223720553,-23.56195316694575],[-46.38672611730167,-23.56195316694575],[-46.38667999739781,-23.56195316694575],[-46.386633877493956,-23.56195316694575],[-46.38658775759009,-23.56195316694575],[-46.386541637686236,-23.56195316694575],[-46.38649551778238,-23.56195316694575],[-46.38649551778238,-23.562018327587385],[-46.38644939787852,-23.562018327587385],[-46.386403277974665,-23.562018327587385],[-46.386403277974665,-23.56195316694575],[-46.38635715807081,-23.56195316694575],[-46.38631103816695,-23.56195316694575],[-46.386264918263095,-23.56195316694575],[-46.38621879835923,-23.56195316694575],[-46.386172678455374,-23.56195316694575],[-46.386172678455374,-23.562018327587385],[-46.38612655855152,-23.562018327587385],[-46.38608043864766,-23.562018327587385],[-46.3860343187438,-23.562018327587385],[-46.38598819883995,-23.562018327587385],[-46.38598819883995,-23.562083488229018],[-46.38594207893609,-23.562083488229018],[-46.38589595903223,-23.562083488229018],[-46.38589595903223,-23.562148648870654],[-46.38584983912837,-23.562148648870654],[-46.38580371922451,-23.562148648870654],[-46.385757599320655,-23.562148648870654],[-46.3857114794168,-23.562148648870654],[-46.38566535951294,-23.562148648870654],[-46.385619239609085,-23.562148648870654],[-46.385619239609085,-23.56221380951229],[-46.38557311970523,-23.56221380951229],[-46.385526999801364,-23.56221380951229],[-46.38548087989751,-23.56221380951229],[-46.38543475999365,-23.562278970153926],[-46.38538864008979,-23.562278970153926],[-46.38534252018594,-23.562278970153926],[-46.38529640028208,-23.562344130795562],[-46.38525028037822,-23.562344130795562],[-46.385204160474366,-23.562344130795562],[-46.3851580405705,-23.562344130795562],[-46.385111920666645,-23.562344130795562],[-46.38506580076279,-23.5624092914372],[-46.38501968085893,-23.5624092914372],[-46.384973560955075,-23.5624092914372],[-46.38492744105122,-23.562474452078835],[-46.38488132114736,-23.562474452078835],[-46.384835201243504,-23.562474452078835],[-46.38478908133964,-23.562474452078835],[-46.38478908133964,-23.56253961272047],[-46.38478908133964,-23.562604773362107],[-46.384742961435784,-23.562604773362107],[-46.38469684153193,-23.562669934003743],[-46.38465072162807,-23.562735094645376],[-46.38460460172421,-23.562735094645376],[-46.384558481820356,-23.562800255287012],[-46.3845123619165,-23.562800255287012],[-46.38446624201264,-23.562800255287012],[-46.38442012210878,-23.56286541592865],[-46.38437400220492,-23.56286541592865],[-46.384327882301065,-23.56286541592865],[-46.38428176239721,-23.562930576570285],[-46.38423564249335,-23.562930576570285],[-46.384189522589494,-23.562930576570285],[-46.38414340268564,-23.562930576570285],[-46.38409728278178,-23.562930576570285],[-46.38405116287792,-23.562930576570285],[-46.38400504297406,-23.56299573721192],[-46.3839589230702,-23.56299573721192],[-46.383912803166346,-23.56299573721192],[-46.38382056335863,-23.56299573721192],[-46.38382056335863,-23.563060897853557],[-46.383774443454776,-23.563060897853557],[-46.38372832355092,-23.563060897853557],[-46.383682203647055,-23.563060897853557],[-46.383682203647055,-23.563126058495193],[-46.3836360837432,-23.563126058495193],[-46.38358996383934,-23.563126058495193],[-46.383543843935485,-23.563126058495193],[-46.38349772403163,-23.563126058495193],[-46.38345160412777,-23.563126058495193],[-46.383405484223914,-23.563126058495193],[-46.38335936432006,-23.563126058495193],[-46.38331324441619,-23.563126058495193],[-46.38326712451234,-23.563126058495193],[-46.38322100460848,-23.563126058495193],[-46.38317488470462,-23.563126058495193],[-46.383128764800766,-23.563126058495193],[-46.38308264489691,-23.563126058495193],[-46.38308264489691,-23.563060897853557],[-46.38303652499305,-23.563060897853557],[-46.382990405089195,-23.563060897853557],[-46.38294428518533,-23.563060897853557],[-46.382898165281475,-23.563060897853557],[-46.38285204537762,-23.563126058495193],[-46.38280592547376,-23.563126058495193],[-46.382759805569904,-23.563126058495193],[-46.382759805569904,-23.56319121913683],[-46.38271368566605,-23.56319121913683],[-46.38271368566605,-23.563256379778466],[-46.38266756576219,-23.563256379778466],[-46.38266756576219,-23.5633215404201],[-46.382621445858334,-23.5633215404201],[-46.38257532595447,-23.5633215404201],[-46.38252920605061,-23.5633215404201],[-46.38252920605061,-23.563256379778466],[-46.382483086146756,-23.563256379778466],[-46.3824369662429,-23.563256379778466],[-46.38239084633904,-23.56319121913683],[-46.382344726435186,-23.56319121913683],[-46.38229860653133,-23.563126058495193],[-46.38225248662747,-23.563060897853557],[-46.38225248662747,-23.562930576570285],[-46.38220636672361,-23.56286541592865],[-46.38216024681975,-23.56286541592865],[-46.38202188710818,-23.562930576570285],[-46.381330088550314,-23.56286541592865],[-46.3812378487426,-23.56286541592865],[-46.38109948903102,-23.56286541592865],[-46.380915009415595,-23.562800255287012],[-46.38073052980016,-23.562735094645376],[-46.38054605018473,-23.562669934003743],[-46.38040769047316,-23.562604773362107],[-46.380269330761585,-23.562604773362107],[-46.380038731242294,-23.56253961272047],[-46.379900371530724,-23.56253961272047],[-46.37976201181915,-23.56253961272047],[-46.37966977201143,-23.56253961272047],[-46.379623652107576,-23.56253961272047],[-46.379623652107576,-23.562604773362107],[-46.37966977201143,-23.562800255287012],[-46.379715891915296,-23.562930576570285],[-46.37976201181915,-23.563060897853557],[-46.37980813172301,-23.563126058495193],[-46.379900371530724,-23.563386701061738],[-46.37999261133844,-23.563712504269915],[-46.38008485114616,-23.56397314683646],[-46.38022321085773,-23.564494431969546],[-46.38022321085773,-23.56488539581936],[-46.38031545066544,-23.56508087774427],[-46.38049993028088,-23.565146038385905],[-46.380776649704025,-23.56521119902754],[-46.380915009415595,-23.565276359669177],[-46.38119172883874,-23.56540668095245],[-46.381560688069605,-23.56553700223572],[-46.38188352739661,-23.56566732351899],[-46.38202188710818,-23.565797644802263],[-46.38216024681975,-23.566058287368808],[-46.38225248662747,-23.566253769293713],[-46.382344726435186,-23.56644925121862],[-46.382483086146756,-23.566579572501894],[-46.38266756576219,-23.566840215068435],[-46.38271368566605,-23.56710085763498],[-46.38266756576219,-23.567231178918252],[-46.382621445858334,-23.56742666084316],[-46.3824369662429,-23.56775246405134],[-46.382344726435186,-23.567947945976247],[-46.38229860653133,-23.56807826725952],[-46.38229860653133,-23.568273749184424],[-46.38229860653133,-23.56833890982606],[-46.382344726435186,-23.56833890982606],[-46.3824369662429,-23.568404070467697],[-46.38252920605061,-23.568469231109333],[-46.38266756576219,-23.56853439175097],[-46.38285204537762,-23.568599552392605],[-46.382898165281475,-23.568599552392605],[-46.382990405089195,-23.56866471303424],[-46.38303652499305,-23.56866471303424],[-46.38308264489691,-23.568729873675878],[-46.38317488470462,-23.568729873675878],[-46.38322100460848,-23.56879503431751],[-46.38331324441619,-23.56879503431751],[-46.383405484223914,-23.56879503431751],[-46.38345160412777,-23.56879503431751],[-46.38349772403163,-23.56879503431751],[-46.383543843935485,-23.568860194959147],[-46.38358996383934,-23.568860194959147],[-46.3836360837432,-23.568860194959147],[-46.383682203647055,-23.568860194959147],[-46.383774443454776,-23.56899051624242],[-46.38386668326249,-23.569055676884055],[-46.38386668326249,-23.56912083752569],[-46.383912803166346,-23.56912083752569],[-46.383912803166346,-23.569185998167328],[-46.383912803166346,-23.569251158808964],[-46.383912803166346,-23.5693163194506],[-46.38386668326249,-23.569446640733872],[-46.38386668326249,-23.569511801375505],[-46.383774443454776,-23.569642122658777],[-46.38372832355092,-23.569707283300414],[-46.383682203647055,-23.56977244394205],[-46.383682203647055,-23.569837604583686],[-46.3836360837432,-23.569902765225322],[-46.3836360837432,-23.56996792586696],[-46.3836360837432,-23.570033086508595],[-46.3836360837432,-23.57009824715023],[-46.3836360837432,-23.570163407791863],[-46.3836360837432,-23.5702285684335],[-46.3836360837432,-23.570293729075136],[-46.3836360837432,-23.570358889716772],[-46.3836360837432,-23.570424050358408],[-46.383682203647055,-23.57055437164168],[-46.38372832355092,-23.570619532283317],[-46.38372832355092,-23.570684692924953],[-46.384835201243504,-23.570880174849858],[-46.38488132114736,-23.570880174849858],[-46.38488132114736,-23.570945335491494],[-46.38492744105122,-23.570945335491494],[-46.38492744105122,-23.57101049613313],[-46.384973560955075,-23.57101049613313],[-46.38501968085893,-23.57101049613313],[-46.38501968085893,-23.571075656774767],[-46.38506580076279,-23.571075656774767],[-46.385111920666645,-23.571075656774767],[-46.385111920666645,-23.571140817416403],[-46.3851580405705,-23.571140817416403],[-46.385204160474366,-23.571140817416403],[-46.38525028037822,-23.571140817416403],[-46.38525028037822,-23.57120597805804],[-46.38529640028208,-23.57120597805804],[-46.38534252018594,-23.57120597805804],[-46.38534252018594,-23.571271138699675],[-46.38538864008979,-23.571271138699675],[-46.38543475999365,-23.571271138699675],[-46.38543475999365,-23.57133629934131],[-46.38548087989751,-23.57133629934131],[-46.385526999801364,-23.57133629934131],[-46.38557311970523,-23.571401459982948],[-46.385619239609085,-23.571401459982948],[-46.385619239609085,-23.571466620624584],[-46.38566535951294,-23.571466620624584],[-46.3857114794168,-23.571466620624584],[-46.385757599320655,-23.571531781266216],[-46.38580371922451,-23.571531781266216],[-46.38584983912837,-23.571596941907853],[-46.38589595903223,-23.571596941907853],[-46.38594207893609,-23.571596941907853],[-46.38598819883995,-23.571596941907853],[-46.38598819883995,-23.57166210254949],[-46.3860343187438,-23.57166210254949],[-46.38612655855152,-23.57166210254949],[-46.386264918263095,-23.57166210254949],[-46.38631103816695,-23.57166210254949],[-46.38644939787852,-23.57166210254949],[-46.386541637686236,-23.57166210254949],[-46.386633877493956,-23.57166210254949],[-46.38667999739781,-23.571727263191125],[-46.38686447701324,-23.57179242383276],[-46.38700283672482,-23.571857584474397],[-46.387187316340246,-23.571857584474397],[-46.3872334362441,-23.571857584474397],[-46.38737179595568,-23.571922745116034],[-46.38764851537882,-23.571922745116034],[-46.387832994994255,-23.571922745116034],[-46.38787911489811,-23.571922745116034],[-46.38792523480197,-23.571922745116034],[-46.387971354705826,-23.571857584474397],[-46.38801747460968,-23.571857584474397],[-46.3881097144174,-23.57179242383276],[-46.38815583432126,-23.57179242383276],[-46.38820195422512,-23.57179242383276],[-46.388248074128974,-23.57179242383276],[-46.388248074128974,-23.571857584474397],[-46.38829419403283,-23.571857584474397],[-46.38834031393669,-23.571857584474397],[-46.388386433840544,-23.571857584474397],[-46.3884325537444,-23.571857584474397],[-46.388478673648265,-23.571857584474397],[-46.38852479355212,-23.57179242383276],[-46.38857091345598,-23.57179242383276],[-46.388617033359836,-23.57179242383276],[-46.38866315326369,-23.57179242383276],[-46.38870927316755,-23.57179242383276],[-46.388755393071406,-23.571727263191125],[-46.38880151297526,-23.571727263191125],[-46.38884763287913,-23.571727263191125],[-46.388893752782984,-23.57166210254949],[-46.38893987268684,-23.57166210254949],[-46.3889859925907,-23.57166210254949],[-46.389032112494554,-23.57166210254949],[-46.38907823239841,-23.571596941907853],[-46.38912435230227,-23.571596941907853],[-46.389170472206125,-23.571596941907853],[-46.38921659210999,-23.571531781266216],[-46.389262712013846,-23.571531781266216],[-46.3893088319177,-23.571531781266216],[-46.3893088319177,-23.571466620624584],[-46.38935495182156,-23.571466620624584],[-46.389401071725416,-23.571401459982948],[-46.389401071725416,-23.57133629934131],[-46.38949331153313,-23.57133629934131],[-46.38953943143699,-23.57133629934131],[-46.38958555134085,-23.57133629934131],[-46.38963167124471,-23.57133629934131],[-46.38972391105242,-23.57133629934131],[-46.38977003095628,-23.57133629934131],[-46.389816150860135,-23.57133629934131],[-46.38986227076399,-23.57133629934131],[-46.38995451057171,-23.571271138699675],[-46.39000063047557,-23.57120597805804],[-46.390046750379426,-23.57120597805804],[-46.39009287028328,-23.57120597805804],[-46.39009287028328,-23.571140817416403],[-46.39013899018714,-23.571140817416403],[-46.390185110091,-23.571140817416403],[-46.39023122999485,-23.571140817416403],[-46.39027734989871,-23.571075656774767],[-46.390323469802574,-23.571075656774767],[-46.39036958970643,-23.57101049613313],[-46.39041570961029,-23.57101049613313],[-46.390461829514145,-23.57101049613313],[-46.390461829514145,-23.570945335491494],[-46.390507949418,-23.570945335491494],[-46.39055406932186,-23.570945335491494],[-46.390600189225715,-23.570945335491494],[-46.39064630912957,-23.570945335491494],[-46.390692429033436,-23.570945335491494],[-46.39073854893729,-23.570945335491494],[-46.390830788745006,-23.57101049613313],[-46.39096914845658,-23.571140817416403],[-46.391015268360434,-23.571140817416403],[-46.3910613882643,-23.571140817416403],[-46.391107508168155,-23.57120597805804],[-46.39115362807201,-23.57120597805804],[-46.39119974797587,-23.57120597805804],[-46.391245867879725,-23.571271138699675],[-46.39129198778358,-23.571271138699675],[-46.39133810768744,-23.571271138699675],[-46.39133810768744,-23.57133629934131],[-46.3913842275913,-23.57133629934131],[-46.39143034749516,-23.57133629934131],[-46.391476467399016,-23.57133629934131],[-46.39152258730287,-23.57133629934131],[-46.39152258730287,-23.571401459982948],[-46.39156870720673,-23.571401459982948],[-46.39161482711059,-23.571401459982948],[-46.3917070669183,-23.571401459982948],[-46.391753186822164,-23.571401459982948],[-46.391753186822164,-23.571466620624584],[-46.39179930672602,-23.571466620624584],[-46.39184542662988,-23.571466620624584],[-46.39184542662988,-23.571531781266216],[-46.391891546533735,-23.571531781266216],[-46.39193766643759,-23.571531781266216],[-46.39193766643759,-23.571596941907853],[-46.39198378634145,-23.571596941907853],[-46.39198378634145,-23.57166210254949],[-46.39198378634145,-23.571727263191125],[-46.392029906245305,-23.571727263191125],[-46.392029906245305,-23.57179242383276],[-46.39207602614916,-23.57179242383276],[-46.392122146053026,-23.571857584474397],[-46.39216826595688,-23.571857584474397],[-46.39221438586074,-23.571857584474397],[-46.39221438586074,-23.571922745116034],[-46.3922605057646,-23.571922745116034],[-46.3922605057646,-23.57198790575767],[-46.39230662566845,-23.57198790575767],[-46.39235274557231,-23.57198790575767],[-46.39235274557231,-23.572053066399306],[-46.39239886547617,-23.572053066399306],[-46.392444985380024,-23.572053066399306],[-46.39249110528389,-23.572053066399306],[-46.39249110528389,-23.57198790575767],[-46.392537225187745,-23.57198790575767],[-46.3925833450916,-23.57198790575767],[-46.39262946499546,-23.57198790575767],[-46.392675584899315,-23.57198790575767],[-46.392675584899315,-23.572053066399306],[-46.39272170480317,-23.572053066399306],[-46.39276782470703,-23.572053066399306],[-46.39276782470703,-23.572118227040942],[-46.392813944610886,-23.572118227040942],[-46.392813944610886,-23.572053066399306],[-46.39286006451475,-23.572053066399306],[-46.39290618441861,-23.572053066399306],[-46.39290618441861,-23.57198790575767],[-46.39295230432246,-23.57198790575767],[-46.39299842422632,-23.57198790575767],[-46.39299842422632,-23.572053066399306],[-46.39304454413018,-23.572053066399306],[-46.393090664034034,-23.572053066399306],[-46.393090664034034,-23.572118227040942],[-46.393090664034034,-23.572183387682575],[-46.39313678393789,-23.572183387682575],[-46.39318290384175,-23.572183387682575],[-46.39327514364947,-23.572183387682575],[-46.393321263553325,-23.572118227040942],[-46.39336738345718,-23.572118227040942],[-46.39341350336104,-23.572118227040942],[-46.393459623264896,-23.572118227040942],[-46.39350574316875,-23.572118227040942],[-46.39355186307261,-23.572118227040942],[-46.39359798297647,-23.572118227040942],[-46.39364410288033,-23.572053066399306],[-46.39369022278419,-23.572053066399306],[-46.393736342688044,-23.572053066399306],[-46.3937824625919,-23.572053066399306],[-46.39382858249576,-23.57198790575767],[-46.39392082230347,-23.57198790575767],[-46.393966942207335,-23.57198790575767],[-46.39401306211119,-23.571922745116034],[-46.39405918201505,-23.571922745116034],[-46.394105301918906,-23.571857584474397],[-46.39415142182276,-23.571857584474397],[-46.394243661630476,-23.57179242383276],[-46.39428978153433,-23.571727263191125],[-46.3943359014382,-23.57166210254949],[-46.394382021342054,-23.571596941907853],[-46.39442814124591,-23.571531781266216],[-46.39447426114977,-23.571466620624584],[-46.394520381053624,-23.571401459982948],[-46.39456650095748,-23.57133629934131],[-46.39456650095748,-23.571271138699675],[-46.39461262086134,-23.571271138699675],[-46.39461262086134,-23.57120597805804],[-46.394658740765195,-23.571140817416403],[-46.39470486066906,-23.571140817416403],[-46.394750980572915,-23.571075656774767],[-46.394750980572915,-23.57101049613313],[-46.39479710047677,-23.57101049613313],[-46.39484322038063,-23.570880174849858],[-46.394889340284486,-23.570815014208222],[-46.39502769999606,-23.570684692924953],[-46.39502769999606,-23.570619532283317],[-46.39507381989992,-23.570619532283317],[-46.395166059707634,-23.57055437164168],[-46.39521217961149,-23.57055437164168],[-46.395304419419205,-23.57055437164168],[-46.39544277913078,-23.570619532283317],[-46.395535018938496,-23.570684692924953],[-46.39558113884235,-23.570684692924953],[-46.39562725874621,-23.570619532283317],[-46.395673378650066,-23.57055437164168],[-46.39571949855392,-23.57055437164168],[-46.395673378650066,-23.570489211000044],[-46.39562725874621,-23.570489211000044],[-46.39562725874621,-23.570424050358408],[-46.395673378650066,-23.570424050358408],[-46.39576561845778,-23.570424050358408],[-46.395811738361644,-23.570489211000044],[-46.39599621797707,-23.57055437164168],[-46.396088457784785,-23.57055437164168],[-46.39613457768864,-23.57055437164168],[-46.396180697592506,-23.57055437164168],[-46.39622681749636,-23.57055437164168],[-46.396319057304076,-23.570489211000044],[-46.39641129711179,-23.570489211000044],[-46.39645741701565,-23.570489211000044],[-46.39650353691951,-23.570489211000044],[-46.39654965682337,-23.570424050358408],[-46.396595776727224,-23.570358889716772],[-46.39664189663108,-23.570293729075136],[-46.39668801653494,-23.570293729075136],[-46.39668801653494,-23.5702285684335],[-46.39678025634265,-23.570163407791863],[-46.39682637624651,-23.57009824715023],[-46.39687249615037,-23.57009824715023],[-46.39691861605423,-23.57009824715023],[-46.396964735958086,-23.570033086508595],[-46.3970569757658,-23.570033086508595],[-46.39714921557351,-23.56996792586696],[-46.39728757528509,-23.569902765225322],[-46.397379815092805,-23.569902765225322],[-46.397518174804375,-23.569837604583686],[-46.39779489422752,-23.569707283300414],[-46.39784101413138,-23.569642122658777],[-46.39788713403524,-23.569642122658777],[-46.39797937384296,-23.56957696201714],[-46.398025493746815,-23.56957696201714],[-46.39807161365067,-23.569511801375505],[-46.39811773355453,-23.569511801375505],[-46.398163853458385,-23.569446640733872],[-46.3982560932661,-23.569446640733872],[-46.39834833307382,-23.569381480092236],[-46.39844057288153,-23.5693163194506],[-46.39848669278539,-23.5693163194506],[-46.39862505249696,-23.569251158808964],[-46.39867117240082,-23.569185998167328],[-46.39876341220854,-23.56912083752569],[-46.39885565201625,-23.569055676884055],[-46.398947891823966,-23.569055676884055],[-46.39899401172782,-23.56899051624242],[-46.39904013163168,-23.568925355600783],[-46.39908625153554,-23.568860194959147],[-46.399224611247114,-23.56879503431751],[-46.39927073115097,-23.56879503431751],[-46.399362970958684,-23.568729873675878],[-46.39950133067026,-23.568599552392605],[-46.39954745057412,-23.568599552392605],[-46.399593570477975,-23.56853439175097],[-46.39963969038183,-23.56853439175097],[-46.39968581028569,-23.568469231109333],[-46.399731930189546,-23.568469231109333],[-46.3997780500934,-23.568404070467697],[-46.39987028990112,-23.56833890982606],[-46.39991640980498,-23.56833890982606],[-46.39996252970884,-23.56833890982606],[-46.40010088942041,-23.568273749184424],[-46.40010088942041,-23.568208588542788],[-46.400147009324265,-23.568208588542788],[-46.40019312922813,-23.568208588542788],[-46.400239249131985,-23.568143427901152],[-46.40028536903584,-23.568143427901152],[-46.400377608843556,-23.56807826725952],[-46.40042372874741,-23.568013106617883],[-46.400515968555126,-23.568013106617883],[-46.40060820836285,-23.567947945976247],[-46.400654328266704,-23.567947945976247],[-46.40070044817056,-23.56788278533461],[-46.400792687978274,-23.567817624692974],[-46.40083880788213,-23.56775246405134],[-46.40093104768985,-23.567687303409702],[-46.401023287497566,-23.567622142768066],[-46.40106940740142,-23.567622142768066],[-46.401161647209136,-23.567491821484793],[-46.40120776711299,-23.567491821484793],[-46.40134612682457,-23.56742666084316],[-46.40139224672843,-23.56742666084316],[-46.40148448653614,-23.567361500201525],[-46.401576726343855,-23.56729633955989],[-46.40162284624772,-23.567231178918252],[-46.401668966151576,-23.567231178918252],[-46.401668966151576,-23.567166018276616],[-46.40176120595929,-23.567166018276616],[-46.401807325863146,-23.56710085763498],[-46.401853445767,-23.56710085763498],[-46.40194568557472,-23.567035696993344],[-46.40199180547858,-23.566970536351707],[-46.40203792538244,-23.56690537571007],[-46.402084045286294,-23.56690537571007],[-46.40213016519015,-23.566840215068435],[-46.40217628509401,-23.5667750544268],[-46.40226852490172,-23.566709893785166],[-46.40231464480558,-23.56664473314353],[-46.4024068846133,-23.566579572501894],[-46.4024068846133,-23.566514411860258],[-46.402453004517156,-23.566514411860258],[-46.40249912442101,-23.56644925121862],[-46.40254524432487,-23.566384090576985],[-46.402591364228726,-23.56631892993535],[-46.40263748413258,-23.566253769293713],[-46.402729723940304,-23.566188608652077],[-46.40277584384416,-23.56612344801044],[-46.402868083651875,-23.566058287368808],[-46.40296032345959,-23.56599312672717],[-46.403006443363445,-23.565927966085535],[-46.4030525632673,-23.565927966085535],[-46.403098683171166,-23.5658628054439],[-46.40314480307502,-23.565797644802263],[-46.40319092297888,-23.565797644802263],[-46.403237042882736,-23.565732484160627],[-46.403237042882736,-23.56566732351899],[-46.40328316278659,-23.565602162877354],[-46.40332928269045,-23.56553700223572],[-46.403421522498164,-23.565471841594082],[-46.40346764240203,-23.565471841594082],[-46.40355988220974,-23.56540668095245],[-46.403652122017455,-23.565276359669177],[-46.40369824192131,-23.56521119902754],[-46.40374436182517,-23.565146038385905],[-46.403790481729025,-23.565146038385905],[-46.40383660163289,-23.56508087774427],[-46.403882721536746,-23.565015717102632],[-46.4039288414406,-23.564950556460996],[-46.40402108124832,-23.564950556460996],[-46.40402108124832,-23.56488539581936],[-46.40406720115217,-23.56488539581936],[-46.40411332105603,-23.564820235177724],[-46.40415944095989,-23.564820235177724],[-46.40415944095989,-23.564755074536087],[-46.40420556086375,-23.564755074536087],[-46.40425168076761,-23.564689913894455],[-46.404436160383035,-23.564494431969546],[-46.40448228028689,-23.56442927132791],[-46.40452840019075,-23.564364110686274],[-46.40466675990233,-23.564233789403],[-46.40475899971004,-23.564168628761365],[-46.404943479325475,-23.564038307478096],[-46.405081839037045,-23.564038307478096],[-46.405220198748616,-23.56397314683646],[-46.40526631865247,-23.563907986194824],[-46.40535855846019,-23.563842825553188],[-46.405496918171764,-23.56377766491155],[-46.405635277883334,-23.563712504269915],[-46.405727517691055,-23.56364734362828],[-46.40577363759491,-23.563582182986643],[-46.40605035701806,-23.56345186170337],[-46.406142596825774,-23.56345186170337],[-46.40623483663349,-23.563386701061738],[-46.40641931624892,-23.563386701061738],[-46.40646543615278,-23.563386701061738],[-46.40660379586435,-23.5633215404201],[-46.40674215557593,-23.5633215404201],[-46.40683439538364,-23.563256379778466],[-46.4068805152875,-23.563256379778466],[-46.406926635191354,-23.563256379778466],[-46.40697275509521,-23.56319121913683],[-46.40701887499907,-23.56319121913683],[-46.407064994902925,-23.56319121913683],[-46.40711111480679,-23.56319121913683],[-46.40711111480679,-23.563126058495193],[-46.407157234710645,-23.563126058495193],[-46.4072033546145,-23.563126058495193],[-46.40724947451836,-23.563126058495193],[-46.407295594422216,-23.563126058495193],[-46.40734171432607,-23.563126058495193],[-46.40738783422993,-23.563126058495193],[-46.407433954133786,-23.563060897853557],[-46.40748007403765,-23.563060897853557],[-46.40752619394151,-23.563060897853557],[-46.407572313845364,-23.563060897853557],[-46.40761843374922,-23.563060897853557],[-46.407710673556934,-23.56299573721192],[-46.40775679346079,-23.56299573721192],[-46.407941273076226,-23.562930576570285],[-46.408079632787796,-23.56286541592865],[-46.408217992499374,-23.56286541592865],[-46.40831023230709,-23.562800255287012],[-46.408356352210944,-23.562800255287012],[-46.4084024721148,-23.562735094645376],[-46.40844859201866,-23.562735094645376],[-46.408586951730236,-23.562669934003743],[-46.40867919153795,-23.562669934003743],[-46.40877143134566,-23.562669934003743],[-46.40890979105723,-23.562604773362107],[-46.40904815076881,-23.56253961272047],[-46.40918651048038,-23.562474452078835],[-46.409278750288095,-23.562474452078835],[-46.40932487019196,-23.5624092914372],[-46.409370990095816,-23.5624092914372],[-46.40941710999967,-23.5624092914372],[-46.40955546971124,-23.562344130795562],[-46.40969382942282,-23.562344130795562],[-46.409786069230535,-23.562344130795562],[-46.409924428942105,-23.562278970153926],[-46.41001666874982,-23.562278970153926],[-46.410155028461396,-23.562344130795562],[-46.41029338817297,-23.562344130795562],[-46.410431747884545,-23.562278970153926],[-46.410570107596115,-23.562278970153926],[-46.41061622749997,-23.562278970153926],[-46.410708467307686,-23.562278970153926],[-46.410800707115406,-23.562278970153926],[-46.41093906682698,-23.56221380951229],[-46.41103130663469,-23.56221380951229],[-46.411123546442404,-23.56221380951229],[-46.411215786250125,-23.56221380951229],[-46.41130802605784,-23.56221380951229],[-46.411354145961695,-23.56221380951229],[-46.411492505673266,-23.562344130795562],[-46.41158474548099,-23.5624092914372],[-46.41163086538484,-23.562474452078835],[-46.4116769852887,-23.56253961272047],[-46.4116769852887,-23.562669934003743],[-46.41172310519256,-23.562735094645376],[-46.41181534500027,-23.562735094645376],[-46.41190758480799,-23.562735094645376],[-46.41204594451956,-23.562735094645376],[-46.41209206442342,-23.562735094645376],[-46.412138184327276,-23.562735094645376],[-46.41218430423113,-23.562735094645376],[-46.412230424135,-23.562735094645376],[-46.41227654403885,-23.562735094645376],[-46.41232266394271,-23.562735094645376],[-46.41236878384657,-23.562735094645376],[-46.41250714355814,-23.562735094645376],[-46.412553263461994,-23.562735094645376],[-46.41259938336586,-23.562800255287012],[-46.412645503269715,-23.562800255287012],[-46.41269162317357,-23.562800255287012],[-46.41273774307743,-23.562800255287012],[-46.41273774307743,-23.56286541592865],[-46.41269162317357,-23.56286541592865],[-46.41269162317357,-23.562930576570285],[-46.41273774307743,-23.562930576570285],[-46.41273774307743,-23.56299573721192],[-46.412783862981286,-23.56299573721192],[-46.41282998288514,-23.56299573721192],[-46.412876102789,-23.563060897853557],[-46.412922222692856,-23.563060897853557],[-46.41296834259672,-23.563060897853557],[-46.41296834259672,-23.563126058495193],[-46.41301446250058,-23.563126058495193],[-46.413060582404434,-23.563126058495193],[-46.413060582404434,-23.56319121913683],[-46.41315282221215,-23.56319121913683],[-46.413198942116004,-23.563256379778466],[-46.41324506201986,-23.563256379778466],[-46.41329118192372,-23.563256379778466],[-46.41333730182758,-23.563256379778466],[-46.41338342173144,-23.5633215404201],[-46.413429541635296,-23.563256379778466],[-46.41347566153915,-23.563256379778466],[-46.41352178144301,-23.563256379778466],[-46.413567901346866,-23.563256379778466],[-46.413567901346866,-23.56319121913683],[-46.41361402125072,-23.56319121913683],[-46.413706261058444,-23.56319121913683],[-46.4137523809623,-23.563256379778466],[-46.41379850086616,-23.563256379778466],[-46.41389074067387,-23.563256379778466],[-46.413982980481585,-23.563256379778466],[-46.41402910038544,-23.563256379778466],[-46.41412134019316,-23.5633215404201],[-46.41416746009702,-23.5633215404201],[-46.414213580000876,-23.5633215404201],[-46.41430581980859,-23.5633215404201],[-46.414351939712446,-23.563386701061738],[-46.4143980596163,-23.563386701061738],[-46.41444417952017,-23.56345186170337],[-46.414490299424024,-23.563517022345007],[-46.41458253923174,-23.563582182986643],[-46.414628659135595,-23.56364734362828],[-46.41467477903945,-23.56364734362828],[-46.414767018847165,-23.56364734362828],[-46.414859258654886,-23.563582182986643],[-46.4149514984626,-23.563582182986643],[-46.41504373827031,-23.563517022345007],[-46.41513597807803,-23.563517022345007],[-46.41522821788575,-23.56345186170337],[-46.41532045769346,-23.563386701061738],[-46.41536657759732,-23.563386701061738],[-46.415412697501175,-23.5633215404201],[-46.41545881740503,-23.5633215404201],[-46.41550493730889,-23.56319121913683],[-46.41555105721275,-23.56319121913683],[-46.41559717711661,-23.563126058495193],[-46.41568941692432,-23.563126058495193],[-46.41573553682818,-23.563060897853557],[-46.41578165673204,-23.563060897853557],[-46.41582777663589,-23.563060897853557],[-46.41582777663589,-23.56299573721192],[-46.41587389653975,-23.56299573721192],[-46.415920016443614,-23.562930576570285],[-46.41596613634747,-23.56286541592865],[-46.41601225625133,-23.56286541592865],[-46.416058376155185,-23.56286541592865],[-46.41610449605904,-23.56286541592865],[-46.4161506159629,-23.56286541592865],[-46.41624285577061,-23.56286541592865],[-46.416288975674476,-23.56286541592865],[-46.41633509557833,-23.56286541592865],[-46.41642733538605,-23.56286541592865],[-46.4164734552899,-23.562800255287012],[-46.41656569509762,-23.562800255287012],[-46.416611815001474,-23.562800255287012],[-46.416704054809195,-23.562800255287012],[-46.416842414520765,-23.56286541592865],[-46.41688853442462,-23.56286541592865],[-46.4170268941362,-23.562930576570285],[-46.41707301404006,-23.562930576570285],[-46.417257493655484,-23.562930576570285],[-46.41744197327092,-23.562930576570285],[-46.417718692694066,-23.562930576570285],[-46.417903172309494,-23.56299573721192],[-46.41808765192493,-23.56299573721192],[-46.418133771828785,-23.56299573721192],[-46.418133771828785,-23.562930576570285],[-46.4182260116365,-23.56286541592865],[-46.4182260116365,-23.562800255287012],[-46.418272131540355,-23.562735094645376],[-46.41831825144421,-23.562669934003743],[-46.41836437134807,-23.562604773362107],[-46.418410491251926,-23.56253961272047],[-46.418410491251926,-23.562474452078835],[-46.41845661115579,-23.5624092914372],[-46.41850273105965,-23.562474452078835],[-46.418548850963504,-23.562474452078835],[-46.41859497086736,-23.562474452078835],[-46.41859497086736,-23.56253961272047],[-46.41864109077122,-23.56253961272047],[-46.41864109077122,-23.562604773362107],[-46.418687210675074,-23.562669934003743],[-46.418687210675074,-23.562735094645376],[-46.41873333057893,-23.562735094645376],[-46.41873333057893,-23.562800255287012],[-46.41873333057893,-23.56286541592865],[-46.41873333057893,-23.562930576570285],[-46.41877945048279,-23.56299573721192],[-46.41877945048279,-23.563060897853557],[-46.419840208271516,-23.564364110686274],[-46.41988632817537,-23.56442927132791],[-46.41988632817537,-23.564494431969546],[-46.41993244807924,-23.564494431969546],[-46.41993244807924,-23.564559592611182],[-46.419978567983094,-23.564559592611182],[-46.42002468788695,-23.564559592611182],[-46.42007080779081,-23.56462475325282],[-46.42016304759852,-23.56462475325282],[-46.42020916750238,-23.56462475325282],[-46.420255287406235,-23.56462475325282],[-46.4203014073101,-23.56462475325282],[-46.420347527213956,-23.56462475325282],[-46.42039364711781,-23.56462475325282],[-46.42043976702167,-23.56462475325282],[-46.420485886925526,-23.56462475325282],[-46.42053200682938,-23.56462475325282],[-46.42057812673324,-23.564559592611182],[-46.4206242466371,-23.564559592611182],[-46.42067036654096,-23.564559592611182],[-46.42067036654096,-23.564494431969546],[-46.42071648644482,-23.564494431969546],[-46.420762606348674,-23.564494431969546],[-46.42080872625253,-23.564494431969546],[-46.42080872625253,-23.56442927132791],[-46.42085484615639,-23.56442927132791],[-46.420900966060245,-23.56442927132791],[-46.4209470859641,-23.56442927132791],[-46.42099320586796,-23.56442927132791],[-46.42103932577182,-23.56442927132791],[-46.42108544567568,-23.564494431969546],[-46.421131565579536,-23.564494431969546],[-46.42117768548339,-23.564494431969546],[-46.42122380538725,-23.56442927132791],[-46.42126992529111,-23.56442927132791],[-46.42131604519496,-23.56442927132791],[-46.42136216509882,-23.56442927132791],[-46.421408285002684,-23.56442927132791],[-46.42145440490654,-23.56442927132791],[-46.4215005248104,-23.56442927132791],[-46.421546644714255,-23.56442927132791],[-46.42159276461811,-23.56442927132791],[-46.42163888452197,-23.564364110686274],[-46.421685004425825,-23.564364110686274],[-46.42173112432968,-23.564364110686274],[-46.42173112432968,-23.564298950044638],[-46.421777244233546,-23.564298950044638],[-46.4218233641374,-23.564298950044638],[-46.42186948404126,-23.564298950044638],[-46.421915603945116,-23.564298950044638],[-46.42196172384897,-23.564364110686274],[-46.42200784375283,-23.564364110686274],[-46.42205396365669,-23.564364110686274],[-46.42210008356055,-23.564364110686274],[-46.42214620346441,-23.564364110686274],[-46.422192323368265,-23.564364110686274],[-46.42223844327212,-23.564364110686274],[-46.42223844327212,-23.56442927132791],[-46.42228456317598,-23.56442927132791],[-46.422330683079835,-23.56442927132791],[-46.42237680298369,-23.56442927132791],[-46.42242292288755,-23.56442927132791],[-46.42246904279141,-23.564364110686274],[-46.42251516269527,-23.564364110686274],[-46.422561282599126,-23.564364110686274],[-46.42260740250298,-23.564364110686274],[-46.42265352240684,-23.564298950044638],[-46.4226996423107,-23.564298950044638],[-46.422745762214554,-23.564298950044638],[-46.42279188211841,-23.564298950044638],[-46.422838002022274,-23.564298950044638],[-46.42288412192613,-23.564233789403],[-46.42293024182999,-23.564233789403],[-46.422976361733845,-23.564233789403],[-46.422976361733845,-23.564168628761365],[-46.4230224816377,-23.564168628761365],[-46.42316084134927,-23.564233789403],[-46.423206961253136,-23.564233789403],[-46.42325308115699,-23.564233789403],[-46.42329920106085,-23.564233789403],[-46.42343756077242,-23.564168628761365],[-46.42348368067628,-23.564168628761365],[-46.42371428019557,-23.56410346811973],[-46.42385263990714,-23.564038307478096],[-46.42394487971486,-23.564038307478096],[-46.42399099961872,-23.563907986194824],[-46.42412935933029,-23.56377766491155],[-46.424221599138,-23.563842825553188],[-46.42426771904186,-23.56377766491155],[-46.42431383894572,-23.563712504269915],[-46.42435995884958,-23.563712504269915],[-46.424406078753435,-23.56364734362828],[-46.42445219865729,-23.56364734362828],[-46.42449831856115,-23.563582182986643],[-46.424544438465006,-23.563517022345007],[-46.42463667827272,-23.56345186170337],[-46.42472891808044,-23.563386701061738],[-46.4247750379843,-23.5633215404201],[-46.424821157888154,-23.563256379778466],[-46.42486727779201,-23.563256379778466],[-46.42491339769587,-23.563256379778466],[-46.42486727779201,-23.56319121913683],[-46.424959517599724,-23.563126058495193],[-46.42500563750358,-23.563126058495193],[-46.425051757407445,-23.563060897853557],[-46.425190117119016,-23.562930576570285],[-46.425328476830586,-23.562800255287012],[-46.42542071663831,-23.562735094645376],[-46.42551295644602,-23.562604773362107],[-46.425605196253734,-23.56253961272047],[-46.425743555965305,-23.5624092914372],[-46.42578967586917,-23.562344130795562],[-46.42592803558074,-23.56221380951229],[-46.425974155484596,-23.56221380951229],[-46.42602027538845,-23.562148648870654],[-46.426112515196166,-23.562083488229018],[-46.426112515196166,-23.562018327587385],[-46.42615863510003,-23.562018327587385],[-46.42620475500389,-23.56195316694575],[-46.4262969948116,-23.561888006304113],[-46.42648147442703,-23.56175768502084],[-46.42648147442703,-23.561692524379204],[-46.42652759433089,-23.561692524379204],[-46.426758193850176,-23.561497042454295],[-46.426896553561754,-23.56130156052939],[-46.42712715308104,-23.561171239246118],[-46.427173272984895,-23.56110607860448],[-46.427173272984895,-23.561040917962845],[-46.42712715308104,-23.561040917962845],[-46.42712715308104,-23.56097575732121],[-46.42712715308104,-23.560910596679573],[-46.42712715308104,-23.560845436037937],[-46.427173272984895,-23.5607802753963],[-46.427173272984895,-23.560715114754665],[-46.427173272984895,-23.560649954113032],[-46.427173272984895,-23.560584793471396],[-46.427173272984895,-23.56051963282976],[-46.42712715308104,-23.56051963282976],[-46.42712715308104,-23.560454472188123],[-46.42712715308104,-23.560389311546487],[-46.42712715308104,-23.56032415090485],[-46.42712715308104,-23.560258990263215],[-46.42712715308104,-23.56019382962158],[-46.42712715308104,-23.560128668979942],[-46.42712715308104,-23.560063508338306],[-46.42708103317718,-23.559998347696673],[-46.42708103317718,-23.559933187055037],[-46.427034913273324,-23.559933187055037],[-46.42698879336947,-23.559933187055037],[-46.42694267346561,-23.559933187055037],[-46.426896553561754,-23.559933187055037],[-46.42685043365789,-23.5598680264134],[-46.42680431375403,-23.5598680264134],[-46.426758193850176,-23.5598680264134],[-46.42671207394632,-23.5598680264134],[-46.42666595404246,-23.5598680264134],[-46.426619834138606,-23.5598680264134],[-46.42657371423475,-23.5598680264134],[-46.42657371423475,-23.559802865771765],[-46.42652759433089,-23.559802865771765],[-46.42648147442703,-23.559802865771765],[-46.42648147442703,-23.55973770513013],[-46.42643535452317,-23.55973770513013],[-46.42643535452317,-23.559672544488492],[-46.426389234619315,-23.559672544488492],[-46.42634311471546,-23.559607383846856],[-46.42634311471546,-23.55954222320522],[-46.42634311471546,-23.559477062563584],[-46.42634311471546,-23.559411901921948],[-46.426389234619315,-23.559411901921948],[-46.426389234619315,-23.559346741280315],[-46.42643535452317,-23.559346741280315],[-46.42643535452317,-23.55928158063868],[-46.42643535452317,-23.559216419997043],[-46.426389234619315,-23.559216419997043],[-46.426389234619315,-23.559151259355406],[-46.426389234619315,-23.55908609871377],[-46.426389234619315,-23.559020938072134],[-46.426389234619315,-23.558955777430498],[-46.426389234619315,-23.55889061678886],[-46.42634311471546,-23.55889061678886],[-46.42634311471546,-23.558825456147225],[-46.42634311471546,-23.55876029550559],[-46.4262969948116,-23.55876029550559],[-46.4262969948116,-23.558695134863953],[-46.4262969948116,-23.55862997422232],[-46.42634311471546,-23.55862997422232],[-46.4262969948116,-23.558564813580684],[-46.4262969948116,-23.558499652939048],[-46.4262969948116,-23.558434492297412],[-46.4262969948116,-23.558369331655776],[-46.426250874907744,-23.558369331655776],[-46.42620475500389,-23.558369331655776],[-46.42620475500389,-23.55830417101414],[-46.42615863510003,-23.55830417101414],[-46.42615863510003,-23.558239010372503],[-46.42615863510003,-23.558173849730867],[-46.42615863510003,-23.55810868908923],[-46.426112515196166,-23.55810868908923],[-46.426112515196166,-23.558043528447595],[-46.426112515196166,-23.557978367805962],[-46.426112515196166,-23.557913207164326],[-46.426112515196166,-23.55784804652269],[-46.426112515196166,-23.557782885881053],[-46.426112515196166,-23.557717725239417],[-46.426112515196166,-23.55765256459778],[-46.426112515196166,-23.557587403956145],[-46.426112515196166,-23.55752224331451],[-46.42606639529231,-23.55752224331451],[-46.42606639529231,-23.557457082672872],[-46.42602027538845,-23.557457082672872],[-46.42602027538845,-23.557391922031236],[-46.425974155484596,-23.557326761389604],[-46.425974155484596,-23.557261600747967],[-46.42592803558074,-23.55719644010633],[-46.42588191567688,-23.557131279464695],[-46.42578967586917,-23.55706611882306],[-46.425743555965305,-23.556935797539786],[-46.42569743606145,-23.55687063689815],[-46.42565131615759,-23.556805476256514],[-46.42565131615759,-23.556740315614878],[-46.425605196253734,-23.556740315614878],[-46.425605196253734,-23.55667515497324],[-46.42555907634988,-23.55660999433161],[-46.42551295644602,-23.556544833689973],[-46.425466836542164,-23.556479673048337],[-46.425466836542164,-23.5564145124067],[-46.42542071663831,-23.556349351765064],[-46.42537459673444,-23.556349351765064],[-46.425328476830586,-23.556284191123428],[-46.42528235692673,-23.55621903048179],[-46.425190117119016,-23.556153869840156],[-46.42514399721516,-23.556153869840156],[-46.42514399721516,-23.55608870919852],[-46.4250978773113,-23.55608870919852],[-46.425051757407445,-23.55608870919852],[-46.42500563750358,-23.556023548556883],[-46.42491339769587,-23.55595838791525],[-46.42491339769587,-23.555893227273614],[-46.42486727779201,-23.555893227273614],[-46.42486727779201,-23.555828066631978],[-46.424821157888154,-23.555828066631978],[-46.424821157888154,-23.555762905990342],[-46.4247750379843,-23.555697745348706],[-46.42472891808044,-23.55563258470707],[-46.42472891808044,-23.555567424065433],[-46.4247750379843,-23.555502263423797],[-46.4247750379843,-23.55543710278216],[-46.424821157888154,-23.555371942140525],[-46.424821157888154,-23.555306781498892],[-46.424821157888154,-23.555241620857256],[-46.424821157888154,-23.55517646021562],[-46.424821157888154,-23.555111299573984],[-46.42486727779201,-23.555111299573984],[-46.42486727779201,-23.555046138932347],[-46.42486727779201,-23.55498097829071],[-46.42486727779201,-23.554915817649075],[-46.42491339769587,-23.554915817649075],[-46.42491339769587,-23.55485065700744],[-46.42491339769587,-23.554785496365803],[-46.42491339769587,-23.554720335724166],[-46.42491339769587,-23.554655175082534],[-46.42486727779201,-23.554655175082534],[-46.42491339769587,-23.554590014440898],[-46.42491339769587,-23.55452485379926],[-46.42491339769587,-23.554459693157625],[-46.42491339769587,-23.55439453251599],[-46.424959517599724,-23.55439453251599],[-46.424959517599724,-23.554329371874353],[-46.424959517599724,-23.554264211232717],[-46.42500563750358,-23.554264211232717],[-46.424959517599724,-23.55419905059108],[-46.424959517599724,-23.554133889949444],[-46.424959517599724,-23.554068729307808],[-46.424959517599724,-23.55400356866617],[-46.42500563750358,-23.55400356866617],[-46.42500563750358,-23.55393840802454],[-46.42500563750358,-23.553873247382903],[-46.424959517599724,-23.553873247382903],[-46.424959517599724,-23.553808086741267],[-46.42491339769587,-23.553808086741267],[-46.42491339769587,-23.55374292609963],[-46.42486727779201,-23.55374292609963],[-46.42486727779201,-23.553677765457994],[-46.424821157888154,-23.553677765457994],[-46.4247750379843,-23.553677765457994],[-46.42472891808044,-23.553677765457994],[-46.42463667827272,-23.553677765457994],[-46.42459055836886,-23.553612604816358],[-46.42468279817658,-23.553482283533086],[-46.42468279817658,-23.55341712289145],[-46.4247750379843,-23.55328680160818],[-46.42486727779201,-23.553091319683272],[-46.42491339769587,-23.5529609984],[-46.424959517599724,-23.552895837758363],[-46.424959517599724,-23.552830677116727],[-46.42500563750358,-23.552700355833455],[-46.425051757407445,-23.552635195191822],[-46.4250978773113,-23.55250487390855],[-46.4250978773113,-23.552439713266914],[-46.42514399721516,-23.55230939198364],[-46.425190117119016,-23.552113910058733],[-46.42523623702287,-23.551918428133828],[-46.425328476830586,-23.551788106850555],[-46.42537459673444,-23.551592624925647],[-46.42542071663831,-23.551397143000738],[-46.425466836542164,-23.551331982359102],[-46.42551295644602,-23.551136500434197],[-46.42555907634988,-23.55094101850929],[-46.425605196253734,-23.550810697226016],[-46.42565131615759,-23.55074553658438],[-46.42569743606145,-23.550550054659475],[-46.425743555965305,-23.550354572734566],[-46.42578967586917,-23.55028941209293],[-46.425835795773025,-23.550159090809657],[-46.42588191567688,-23.54996360888475],[-46.42588191567688,-23.549898448243116],[-46.42592803558074,-23.549768126959844],[-46.425974155484596,-23.54963780567657],[-46.42602027538845,-23.549442323751663],[-46.42606639529231,-23.549377163110027],[-46.42606639529231,-23.54931200246839],[-46.42615863510003,-23.549116520543485],[-46.42615863510003,-23.54905135990185],[-46.42620475500389,-23.548921038618577],[-46.42620475500389,-23.54885587797694],[-46.426250874907744,-23.548790717335304],[-46.426250874907744,-23.548725556693668],[-46.4262969948116,-23.548660396052032],[-46.42634311471546,-23.548530074768763],[-46.426389234619315,-23.548334592843855],[-46.426389234619315,-23.548204271560582],[-46.42643535452317,-23.548204271560582],[-46.42643535452317,-23.548139110918946],[-46.42643535452317,-23.548008789635674],[-46.42648147442703,-23.547943628994037],[-46.42648147442703,-23.547878468352405],[-46.42648147442703,-23.54781330771077],[-46.42648147442703,-23.547682986427496],[-46.42652759433089,-23.54761782578586],[-46.42652759433089,-23.547552665144224],[-46.42652759433089,-23.547487504502588],[-46.42652759433089,-23.54742234386095],[-46.42652759433089,-23.547357183219315],[-46.42652759433089,-23.54729202257768],[-46.42652759433089,-23.54716170129441],[-46.42652759433089,-23.547096540652774],[-46.42648147442703,-23.546901058727865],[-46.42643535452317,-23.546705576802957],[-46.426389234619315,-23.546575255519688],[-46.42634311471546,-23.54637977359478],[-46.4262969948116,-23.546249452311507],[-46.426250874907744,-23.54618429166987],[-46.42620475500389,-23.545988809744962],[-46.42615863510003,-23.54592364910333],[-46.426112515196166,-23.545858488461693],[-46.42606639529231,-23.545793327820057],[-46.42602027538845,-23.545793327820057],[-46.42592803558074,-23.545663006536785],[-46.42588191567688,-23.54559784589515],[-46.425835795773025,-23.545532685253512],[-46.42578967586917,-23.545467524611876],[-46.425743555965305,-23.54540236397024],[-46.425743555965305,-23.545337203328604],[-46.42569743606145,-23.545272042686967],[-46.42565131615759,-23.5451417214037],[-46.425605196253734,-23.5451417214037],[-46.425605196253734,-23.545076560762062],[-46.42555907634988,-23.545011400120426],[-46.42551295644602,-23.54494623947879],[-46.42551295644602,-23.544881078837154],[-46.42551295644602,-23.544815918195518],[-46.425466836542164,-23.544685596912245],[-46.42551295644602,-23.54462043627061],[-46.42551295644602,-23.544555275628976],[-46.42551295644602,-23.544424954345704],[-46.42555907634988,-23.54429463306243],[-46.42555907634988,-23.544229472420795],[-46.42555907634988,-23.54416431177916],[-46.42555907634988,-23.544099151137523],[-46.42555907634988,-23.544033990495887],[-46.42555907634988,-23.543903669212618],[-46.42551295644602,-23.543773347929346],[-46.42551295644602,-23.543643026646073],[-46.425466836542164,-23.543577866004437],[-46.425466836542164,-23.5435127053628],[-46.42542071663831,-23.543447544721165],[-46.42537459673444,-23.54338238407953],[-46.425328476830586,-23.54338238407953],[-46.425328476830586,-23.543317223437892],[-46.42523623702287,-23.543186902154623],[-46.425190117119016,-23.54305658087135],[-46.425051757407445,-23.54292625958808],[-46.425051757407445,-23.542861098946442],[-46.42500563750358,-23.542795938304806],[-46.425051757407445,-23.542665617021534],[-46.4250978773113,-23.542600456379898],[-46.42514399721516,-23.542600456379898],[-46.42514399721516,-23.542535295738265],[-46.4250978773113,-23.54247013509663],[-46.42500563750358,-23.542339813813356],[-46.42500563750358,-23.54227465317172],[-46.424959517599724,-23.54227465317172],[-46.424959517599724,-23.542209492530084],[-46.42491339769587,-23.542209492530084],[-46.424821157888154,-23.54207917124681],[-46.424821157888154,-23.542014010605175],[-46.42472891808044,-23.541883689321907],[-46.42468279817658,-23.54181852868027],[-46.42463667827272,-23.541753368038634],[-46.42459055836886,-23.541688207396998],[-46.424544438465006,-23.54162304675536],[-46.42449831856115,-23.541557886113726],[-46.42445219865729,-23.54149272547209],[-46.424406078753435,-23.541362404188817],[-46.42431383894572,-23.541232082905545],[-46.424221599138,-23.541101761622276],[-46.42412935933029,-23.540971440339003],[-46.42412935933029,-23.540906279697367],[-46.42408323942643,-23.54084111905573],[-46.42399099961872,-23.540775958414095],[-46.42394487971486,-23.54071079777246],[-46.42385263990714,-23.540515315847554],[-46.42380652000328,-23.540450155205917],[-46.42371428019557,-23.540319833922645],[-46.42366816029171,-23.54025467328101],[-46.423575920484,-23.5400591913561],[-46.423529800580134,-23.5400591913561],[-46.42343756077242,-23.539928870072828],[-46.42334532096471,-23.53979854878956],[-46.42334532096471,-23.539733388147923],[-46.423206961253136,-23.539537906223014],[-46.423575920484,-23.53940758493974],[-46.423622040387855,-23.53940758493974],[-46.42366816029171,-23.53940758493974],[-46.42366816029171,-23.539342424298106],[-46.42371428019557,-23.539342424298106],[-46.42371428019557,-23.53927726365647],[-46.423760400099425,-23.53927726365647],[-46.423760400099425,-23.539212103014833],[-46.42380652000328,-23.5391469423732],[-46.42385263990714,-23.539081781731564],[-46.423898759810996,-23.539016621089928],[-46.42394487971486,-23.538886299806656],[-46.42394487971486,-23.53882113916502],[-46.42399099961872,-23.538755978523383],[-46.42403711952257,-23.538690817881747],[-46.42408323942643,-23.53862565724011],[-46.42412935933029,-23.53862565724011],[-46.42412935933029,-23.538560496598475],[-46.424175479234144,-23.538560496598475],[-46.424221599138,-23.538495335956842],[-46.42426771904186,-23.538430175315206],[-46.42431383894572,-23.53836501467357],[-46.42435995884958,-23.538299854031933],[-46.424406078753435,-23.538234693390297],[-46.424544438465006,-23.53803921146539],[-46.42463667827272,-23.537908890182116],[-46.42468279817658,-23.537843729540484],[-46.42472891808044,-23.537778568898847],[-46.4247750379843,-23.537778568898847],[-46.4247750379843,-23.53771340825721],[-46.424821157888154,-23.537648247615575],[-46.42486727779201,-23.53758308697394],[-46.424959517599724,-23.537517926332303],[-46.42500563750358,-23.53738760504903],[-46.425051757407445,-23.537322444407394],[-46.4250978773113,-23.537322444407394],[-46.42514399721516,-23.537257283765758],[-46.425190117119016,-23.53719212312412],[-46.42523623702287,-23.53719212312412],[-46.42528235692673,-23.53712696248249],[-46.42542071663831,-23.536996641199217],[-46.42551295644602,-23.53693148055758],[-46.42565131615759,-23.536801159274308],[-46.425743555965305,-23.536670837991036],[-46.42588191567688,-23.5366056773494],[-46.42588191567688,-23.536540516707763],[-46.42602027538845,-23.53647535606613],[-46.426112515196166,-23.536410195424494],[-46.426250874907744,-23.536279874141222],[-46.4262969948116,-23.536279874141222],[-46.42634311471546,-23.536214713499586],[-46.426389234619315,-23.53614955285795],[-46.42643535452317,-23.53614955285795],[-46.42657371423475,-23.536084392216313],[-46.42671207394632,-23.536019231574677],[-46.42685043365789,-23.535888910291405],[-46.42698879336947,-23.535823749649772],[-46.427034913273324,-23.535823749649772],[-46.427173272984895,-23.5356934283665],[-46.42735775260033,-23.535563107083227],[-46.427403872504186,-23.535563107083227],[-46.42754223221576,-23.535432785799955],[-46.427680591927334,-23.53536762515832],[-46.42772671183119,-23.53536762515832],[-46.42777283173505,-23.535302464516683],[-46.42791119144662,-23.535237303875046],[-46.428049551158196,-23.53517214323341],[-46.42818791086977,-23.53504182195014],[-46.4283723904852,-23.53491150066687],[-46.42841851038906,-23.53491150066687],[-46.42851075019677,-23.534846340025233],[-46.428602990004485,-23.534781179383597],[-46.428695229812206,-23.534650858100324],[-46.42878746961992,-23.534585697458688],[-46.42887970942763,-23.534520536817052],[-46.42892582933149,-23.534390215533783],[-46.429018069139204,-23.534325054892147],[-46.42906418904307,-23.53425989425051],[-46.429110308946925,-23.534194733608874],[-46.42915642885078,-23.534194733608874],[-46.42920254875464,-23.534064412325602],[-46.429248668658495,-23.534064412325602],[-46.429248668658495,-23.533999251683966],[-46.42929478856235,-23.533868930400693],[-46.42934090846621,-23.533868930400693],[-46.42934090846621,-23.53380376975906],[-46.429387028370066,-23.533738609117425],[-46.429387028370066,-23.53367344847579],[-46.42943314827393,-23.533608287834152],[-46.42943314827393,-23.533543127192516],[-46.429479268177786,-23.53347796655088],[-46.42970986769707,-23.532630878209613],[-46.42975598760093,-23.53250055692634],[-46.42980210750479,-23.53237023564307],[-46.42984822740865,-23.5322399143598],[-46.429894347312505,-23.53204443243489],[-46.42994046721636,-23.531914111151618],[-46.42994046721636,-23.531848950509982],[-46.42998658712022,-23.53178378986835],[-46.430032707024075,-23.531653468585077],[-46.430032707024075,-23.53158830794344],[-46.43012494683179,-23.531392826018532],[-46.43012494683179,-23.531327665376896],[-46.43017106673565,-23.531197344093624],[-46.43021718663951,-23.531197344093624],[-46.43021718663951,-23.531067022810355],[-46.43026330654337,-23.531067022810355],[-46.43026330654337,-23.530936701527082],[-46.430309426447224,-23.530871540885446],[-46.430309426447224,-23.53080638024381],[-46.43035554635108,-23.530676058960537],[-46.43040166625494,-23.5306108983189],[-46.430447786158794,-23.530415416393996],[-46.43049390606265,-23.530415416393996],[-46.43058614587037,-23.530219934469088],[-46.43058614587037,-23.53015477382745],[-46.430678385678085,-23.53002445254418],[-46.4307706254858,-23.52982897061927],[-46.43086286529351,-23.529633488694365],[-46.43095510510123,-23.529438006769457],[-46.43100122500509,-23.529307685486184],[-46.43104734490895,-23.52924252484455],[-46.431093464812804,-23.529177364202912],[-46.43113958471666,-23.529047042919643],[-46.431231824524374,-23.52891672163637],[-46.43127794442824,-23.528721239711462],[-46.43137018423595,-23.52859091842819],[-46.43141630413981,-23.528460597144917],[-46.43150854394752,-23.528265115220012],[-46.431600783755236,-23.528069633295104],[-46.431600783755236,-23.528004472653468],[-46.4316469036591,-23.52793931201183],[-46.43169302356296,-23.527874151370195],[-46.43169302356296,-23.52780899072856],[-46.43178526337067,-23.52767866944529],[-46.43183138327453,-23.527548348162018],[-46.43192362308224,-23.527418026878745],[-46.4319697429861,-23.527287705595473],[-46.4319697429861,-23.527222544953837],[-46.43206198279382,-23.527092223670564],[-46.432108102697676,-23.52702706302893],[-46.432108102697676,-23.526961902387296],[-46.43215422260153,-23.52689674174566],[-46.43220034250539,-23.526766420462387],[-46.432246462409246,-23.526766420462387],[-46.432246462409246,-23.52670125982075],[-46.4322925823131,-23.526636099179115],[-46.43233870221697,-23.52657093853748],[-46.43233870221697,-23.526505777895842],[-46.432384822120824,-23.526440617254206],[-46.43243094202468,-23.526440617254206],[-46.43243094202468,-23.526375456612573],[-46.43247706192854,-23.526310295970937],[-46.432523181832394,-23.526310295970937]]]}}]}