{"type":"FeatureCollection","features":[{"type":"Feature","properties":{"DATA_ULT_A":"2009/10/09","DATA_CRIAC":"2009/10/09","id":27,"name":"Itaquera","area":54.3,"pop_2010":523848,"pop_density_2010":9647,"budget_2015":51457470},"geometry":{"type":"Polygon","coordinates":[[[-46.47513797299694,-23.523834191588772],[-46.4751840929008,-23.523769030947136],[-46.4751840929008,-23.523703870305503],[-46.4751840929008,-23.523638709663867],[-46.475230212804654,-23.52344322773896],[-46.47527633270851,-23.52324774581405],[-46.47527633270851,-23.523117424530778],[-46.47532245261237,-23.522921942605873],[-46.47532245261237,-23.522856781964236],[-46.475368572516224,-23.522726460680964],[-46.475368572516224,-23.52259613939769],[-46.47541469242008,-23.522400657472783],[-46.47546081232394,-23.522205175547878],[-46.47546081232394,-23.522074854264606],[-46.4755069322278,-23.52200969362297],[-46.4755069322278,-23.52181421169806],[-46.47555305213166,-23.521749051056425],[-46.47555305213166,-23.52155356913152],[-46.475599172035515,-23.52135808720661],[-46.47564529193937,-23.521162605281702],[-46.47564529193937,-23.520967123356797],[-46.47569141184323,-23.52077164143189],[-46.475737531747086,-23.520641320148616],[-46.47578365165094,-23.520445838223708],[-46.47578365165094,-23.520250356298803],[-46.4758297715548,-23.52012003501553],[-46.475875891458664,-23.519924553090622],[-46.475875891458664,-23.519729071165713],[-46.47592201136252,-23.519533589240808],[-46.47596813126638,-23.519403267957536],[-46.47596813126638,-23.519207786032627],[-46.476014251170234,-23.519012304107722],[-46.47606037107409,-23.518816822182814],[-46.47610649097795,-23.51868650089954],[-46.47610649097795,-23.518491018974633],[-46.476152610881805,-23.518295537049728],[-46.47619873078566,-23.51810005512482],[-46.47619873078566,-23.517969733841547],[-46.476244850689525,-23.517774251916638],[-46.47629097059338,-23.517578769991733],[-46.47629097059338,-23.51744844870846],[-46.47633709049724,-23.517252966783552],[-46.476383210401096,-23.51712264550028],[-46.476383210401096,-23.517057484858643],[-46.47633709049724,-23.517057484858643],[-46.47629097059338,-23.517057484858643],[-46.476244850689525,-23.517057484858643],[-46.47619873078566,-23.517057484858643],[-46.476152610881805,-23.51712264550028],[-46.475875891458664,-23.517252966783552],[-46.4758297715548,-23.517252966783552],[-46.4758297715548,-23.517318127425188],[-46.47578365165094,-23.517318127425188],[-46.475737531747086,-23.517318127425188],[-46.475737531747086,-23.517383288066824],[-46.47569141184323,-23.517383288066824],[-46.47564529193937,-23.517383288066824],[-46.47564529193937,-23.51744844870846],[-46.475599172035515,-23.51744844870846],[-46.475599172035515,-23.517513609350097],[-46.47555305213166,-23.517513609350097],[-46.47555305213166,-23.517578769991733],[-46.4755069322278,-23.517578769991733],[-46.47541469242008,-23.517774251916638],[-46.47532245261237,-23.51790457319991],[-46.475230212804654,-23.518034894483183],[-46.47513797299694,-23.51823037640809],[-46.47504573318922,-23.51836069769136],[-46.474953493381506,-23.51855617961627],[-46.47486125357379,-23.51868650089954],[-46.47476901376608,-23.51888198282445],[-46.474722893862214,-23.51888198282445],[-46.474722893862214,-23.518947143466086],[-46.47467677395836,-23.518947143466086],[-46.47467677395836,-23.519012304107722],[-46.4746306540545,-23.519012304107722],[-46.4746306540545,-23.519077464749355],[-46.474584534150644,-23.519077464749355],[-46.47453841424679,-23.519077464749355],[-46.47449229434293,-23.51914262539099],[-46.47444617443907,-23.51914262539099],[-46.47440005453522,-23.51914262539099],[-46.47435393463135,-23.519207786032627],[-46.474307814727496,-23.519207786032627],[-46.47426169482364,-23.519207786032627],[-46.47421557491978,-23.519207786032627],[-46.474169455015925,-23.519207786032627],[-46.47412333511207,-23.519207786032627],[-46.47398497540049,-23.519207786032627],[-46.47375437588121,-23.519272946674263],[-46.47370825597735,-23.519272946674263],[-46.47356989626577,-23.519272946674263],[-46.473523776361915,-23.519272946674263],[-46.4734315365542,-23.519272946674263],[-46.473293176842624,-23.5193381073159],[-46.47320093703491,-23.5193381073159],[-46.47301645741948,-23.5193381073159],[-46.47292421761176,-23.5193381073159],[-46.472878097707905,-23.5193381073159],[-46.472739737996335,-23.519403267957536],[-46.4725552583809,-23.519403267957536],[-46.47246301857319,-23.519403267957536],[-46.47237077876547,-23.519403267957536],[-46.47218629915004,-23.519468428599172],[-46.47204793943847,-23.519468428599172],[-46.47186345982304,-23.519533589240808],[-46.47181733991918,-23.519533589240808],[-46.47177122001532,-23.519533589240808],[-46.47163286030375,-23.519598749882444],[-46.47149450059218,-23.519598749882444],[-46.47140226078446,-23.519598749882444],[-46.4713561408806,-23.519598749882444],[-46.47126390107289,-23.51966391052408],[-46.47121778116903,-23.51966391052408],[-46.471171661265174,-23.51966391052408],[-46.47112554136132,-23.519598749882444],[-46.4710333015536,-23.519598749882444],[-46.47098718164974,-23.519598749882444],[-46.47094106174588,-23.519598749882444],[-46.47084882193817,-23.519598749882444],[-46.470756582130456,-23.519533589240808],[-46.47061822241888,-23.519468428599172],[-46.47047986270731,-23.519468428599172],[-46.47043374280345,-23.519403267957536],[-46.47034150299573,-23.519403267957536],[-46.470249263188016,-23.5193381073159],[-46.47020314328416,-23.5193381073159],[-46.4701570233803,-23.5193381073159],[-46.470110903476446,-23.5193381073159],[-46.470110903476446,-23.519272946674263],[-46.46997254376487,-23.519207786032627],[-46.46992642386101,-23.51914262539099],[-46.469880303957154,-23.51914262539099],[-46.469741944245584,-23.519012304107722],[-46.46964970443787,-23.518947143466086],[-46.469603584534006,-23.51888198282445],[-46.46955746463015,-23.51888198282445],[-46.469465224822436,-23.518751661541177],[-46.46937298501472,-23.518621340257905],[-46.469326865110865,-23.51855617961627],[-46.469234625303145,-23.51836069769136],[-46.46918850539929,-23.518295537049728],[-46.469096265591574,-23.518165215766455],[-46.46900402578386,-23.518034894483183],[-46.46891178597615,-23.517839412558274],[-46.46886566607228,-23.517709091275],[-46.468819546168426,-23.51764393063337],[-46.46877342626457,-23.51764393063337],[-46.46877342626457,-23.517578769991733],[-46.46872730636071,-23.517578769991733],[-46.46872730636071,-23.517513609350097],[-46.468635066553,-23.517383288066824],[-46.46854282674528,-23.517252966783552],[-46.468450586937564,-23.517057484858643],[-46.46835834712985,-23.516927163575374],[-46.46826610732214,-23.516731681650466],[-46.46821998741828,-23.51666652100883],[-46.468173867514416,-23.516601360367194],[-46.46812774761056,-23.516536199725557],[-46.468035507802846,-23.516405878442285],[-46.46798938789899,-23.516405878442285],[-46.467804908283554,-23.516275557159016],[-46.4677587883797,-23.516275557159016],[-46.46771266847584,-23.516275557159016],[-46.46762042866813,-23.51621039651738],[-46.46757430876427,-23.51621039651738],[-46.46752818886041,-23.51621039651738],[-46.467389829148836,-23.51621039651738],[-46.46734370924498,-23.51621039651738],[-46.46729758934112,-23.516145235875744],[-46.46720534953341,-23.516145235875744],[-46.467020869917974,-23.516145235875744],[-46.46692863011026,-23.516145235875744],[-46.46674415049483,-23.516080075234107],[-46.46669803059097,-23.516080075234107],[-46.4665596708794,-23.516080075234107],[-46.46651355097554,-23.516080075234107],[-46.46637519126397,-23.51601491459247],[-46.46623683155239,-23.51601491459247],[-46.46619071164854,-23.51601491459247],[-46.46609847184082,-23.515949753950835],[-46.465960112129245,-23.515949753950835],[-46.46591399222539,-23.515949753950835],[-46.46572951260996,-23.515949753950835],[-46.46554503299453,-23.5158845933092],[-46.465406673282956,-23.5158845933092],[-46.46531443347524,-23.5158845933092],[-46.465176073763665,-23.515819432667563],[-46.46508383395595,-23.515819432667563],[-46.46499159414824,-23.515819432667563],[-46.46494547424438,-23.515819432667563],[-46.4648071145328,-23.515754272025926],[-46.464760994628946,-23.515754272025926],[-46.46457651501352,-23.515754272025926],[-46.46443815530194,-23.51568911138429],[-46.46434591549423,-23.51568911138429],[-46.46429979559037,-23.51568911138429],[-46.4641614358788,-23.51568911138429],[-46.46411531597494,-23.51568911138429],[-46.46406919607108,-23.51568911138429],[-46.46402307616722,-23.515623950742658],[-46.46393083635951,-23.515623950742658],[-46.463746356744075,-23.515623950742658],[-46.46365411693636,-23.515623950742658],[-46.46356187712865,-23.51555879010102],[-46.46351575722479,-23.51555879010102],[-46.463469637320934,-23.51555879010102],[-46.46342351741707,-23.51555879010102],[-46.46337739751321,-23.51555879010102],[-46.4632851577055,-23.51555879010102],[-46.46310067809007,-23.51555879010102],[-46.46300843828235,-23.51555879010102],[-46.46291619847464,-23.51555879010102],[-46.46287007857078,-23.51555879010102],[-46.46277783876307,-23.51555879010102],[-46.462685598955346,-23.51555879010102],[-46.462547239243776,-23.51555879010102],[-46.46250111933992,-23.51555879010102],[-46.46236275962835,-23.51555879010102],[-46.46227051982063,-23.51555879010102],[-46.46222439991677,-23.51555879010102],[-46.4620860402052,-23.51555879010102],[-46.46203992030134,-23.51555879010102],[-46.461901560589766,-23.51555879010102],[-46.46180932078205,-23.51555879010102],[-46.46171708097434,-23.51555879010102],[-46.46167096107048,-23.51555879010102],[-46.461532601358904,-23.51555879010102],[-46.46148648145505,-23.51555879010102],[-46.46134812174348,-23.51555879010102],[-46.46125588193576,-23.51555879010102],[-46.46116364212804,-23.51555879010102],[-46.46107140232033,-23.51555879010102],[-46.46102528241647,-23.51555879010102],[-46.4608869227049,-23.51555879010102],[-46.46084080280104,-23.51555879010102],[-46.46065632318561,-23.51555879010102],[-46.46042572366632,-23.51555879010102],[-46.46024124405089,-23.51555879010102],[-46.460102884339314,-23.51555879010102],[-46.46005676443546,-23.51555879010102],[-46.45987228482003,-23.51555879010102],[-46.45982616491617,-23.51555879010102],[-46.459687805204595,-23.51555879010102],[-46.45950332558917,-23.51555879010102],[-46.459411085781454,-23.51555879010102],[-46.45922660616602,-23.51555879010102],[-46.45918048626216,-23.51555879010102],[-46.45904212655059,-23.51555879010102],[-46.45899600664673,-23.51555879010102],[-46.458903766839015,-23.51555879010102],[-46.45885764693516,-23.51555879010102],[-46.458765407127444,-23.51555879010102],[-46.45858092751201,-23.51555879010102],[-46.45853480760815,-23.51555879010102],[-46.458350327992726,-23.51555879010102],[-46.45821196828115,-23.51555879010102],[-46.458119728473434,-23.51555879010102],[-46.45802748866572,-23.51555879010102],[-46.45788912895414,-23.51555879010102],[-46.45779688914643,-23.51555879010102],[-46.457612409531,-23.51555879010102],[-46.45742792991557,-23.51555879010102],[-46.45738181001171,-23.51555879010102],[-46.457197330396276,-23.51555879010102],[-46.45701285078085,-23.51555879010102],[-46.45687449106928,-23.51555879010102],[-46.456690011453844,-23.51555879010102],[-46.45650553183842,-23.51555879010102],[-46.45636717212684,-23.51555879010102],[-46.45632105222298,-23.51555879010102],[-46.45618269251141,-23.51555879010102],[-46.456044332799834,-23.51555879010102],[-46.45595209299212,-23.51555879010102],[-46.455629253665116,-23.515493629459385],[-46.45558313376126,-23.515493629459385],[-46.455490893953545,-23.515493629459385],[-46.45544477404969,-23.515493629459385],[-46.45535253424197,-23.515493629459385],[-46.4552141745304,-23.515493629459385],[-46.45516805462654,-23.515493629459385],[-46.45502969491497,-23.51542846881775],[-46.45489133520339,-23.515363308176113],[-46.454845215299535,-23.515363308176113],[-46.45475297549182,-23.515363308176113],[-46.45475297549182,-23.515298147534477],[-46.45466073568411,-23.515298147534477],[-46.45456849587639,-23.51523298689284],[-46.45452237597253,-23.51523298689284],[-46.45443013616482,-23.51523298689284],[-46.4543378963571,-23.515167826251204],[-46.45424565654938,-23.515102665609568],[-46.45415341674167,-23.515102665609568],[-46.454061176933955,-23.515037504967932],[-46.453922817222384,-23.515037504967932],[-46.45378445751081,-23.5149723443263],[-46.45373833760695,-23.5149723443263],[-46.45369221770309,-23.514907183684663],[-46.45359997789538,-23.514907183684663],[-46.453415498279945,-23.514842023043027],[-46.45336937837609,-23.51477686240139],[-46.45323101866452,-23.51477686240139],[-46.453184898760654,-23.514711701759754],[-46.4531387788568,-23.514711701759754],[-46.453000419145226,-23.51464654111812],[-46.452862059433656,-23.51464654111812],[-46.452769819625935,-23.514581380476482],[-46.45267757981822,-23.514581380476482],[-46.45258534001051,-23.514516219834846],[-46.452493100202794,-23.514516219834846],[-46.45244698029893,-23.51445105919321],[-46.45235474049122,-23.51445105919321],[-46.4522625006835,-23.514385898551573],[-46.45207802106807,-23.51432073790994],[-46.45203190116421,-23.51432073790994],[-46.451985781260355,-23.51432073790994],[-46.451985781260355,-23.514255577268305],[-46.4519396613565,-23.514255577268305],[-46.45189354145264,-23.514255577268305],[-46.451847421548784,-23.514255577268305],[-46.45180130164493,-23.514255577268305],[-46.45161682202949,-23.514255577268305],[-46.451432342414066,-23.514255577268305],[-46.45138622251021,-23.51419041662667],[-46.45124786279863,-23.51419041662667],[-46.451201742894774,-23.51419041662667],[-46.45101726327935,-23.51419041662667],[-46.45083278366391,-23.51419041662667],[-46.4507405438562,-23.51419041662667],[-46.450648304048485,-23.51419041662667],[-46.45046382443305,-23.514125255985032],[-46.45027934481762,-23.514125255985032],[-46.4501871050099,-23.514125255985032],[-46.45009486520219,-23.514125255985032],[-46.44995650549062,-23.514125255985032],[-46.4498642656829,-23.514125255985032],[-46.44972590597133,-23.514125255985032],[-46.449633666163614,-23.514060095343396],[-46.449495306452036,-23.514060095343396],[-46.44931082683661,-23.514060095343396],[-46.44926470693275,-23.514060095343396],[-46.449126347221174,-23.514060095343396],[-46.44908022731732,-23.514060095343396],[-46.448987987509604,-23.514060095343396],[-46.44889574770189,-23.514060095343396],[-46.448803507894176,-23.51399493470176],[-46.44875738799031,-23.51399493470176],[-46.44861902827874,-23.51399493470176],[-46.44848066856717,-23.51399493470176],[-46.44838842875945,-23.51399493470176],[-46.44825006904788,-23.51399493470176],[-46.448065589432446,-23.51399493470176],[-46.44788110981702,-23.513929774060124],[-46.44774275010545,-23.513929774060124],[-46.44765051029773,-23.513929774060124],[-46.4474660306823,-23.513929774060124],[-46.44741991077844,-23.513929774060124],[-46.44732767097072,-23.513929774060124],[-46.44723543116301,-23.513929774060124],[-46.44709707145144,-23.513864613418487],[-46.44705095154758,-23.513864613418487],[-46.44686647193215,-23.513864613418487],[-46.44663587241286,-23.513864613418487],[-46.446497512701285,-23.513864613418487],[-46.44631303308586,-23.513864613418487],[-46.44622079327814,-23.51379945277685],[-46.44612855347042,-23.51379945277685],[-46.445944073854996,-23.51379945277685],[-46.445851834047275,-23.51379945277685],[-46.44566735443185,-23.51379945277685],[-46.445575114624134,-23.51379945277685],[-46.44548287481641,-23.51379945277685],[-46.445436754912556,-23.513734292135215],[-46.44534451510484,-23.513734292135215],[-46.44525227529713,-23.513734292135215],[-46.445067795681695,-23.513734292135215],[-46.44483719616241,-23.513734292135215],[-46.44474495635469,-23.513734292135215],[-46.44456047673926,-23.51366913149358],[-46.44442211702769,-23.51366913149358],[-46.44437599712383,-23.51366913149358],[-46.4441915175084,-23.51366913149358],[-46.444007037892966,-23.51366913149358],[-46.44396091798911,-23.51366913149358],[-46.44391479808525,-23.51366913149358],[-46.443868678181396,-23.51366913149358],[-46.443868678181396,-23.51379945277685],[-46.44391479808525,-23.51399493470176],[-46.44391479808525,-23.514125255985032],[-46.44391479808525,-23.51432073790994],[-46.44396091798911,-23.51445105919321],[-46.44396091798911,-23.514581380476482],[-46.44396091798911,-23.514711701759754],[-46.44396091798911,-23.514842023043027],[-46.44396091798911,-23.514907183684663],[-46.44391479808525,-23.5149723443263],[-46.44391479808525,-23.515102665609568],[-46.44391479808525,-23.515167826251204],[-46.443868678181396,-23.515363308176113],[-46.44382255827754,-23.51542846881775],[-46.44382255827754,-23.51555879010102],[-46.44377643837368,-23.515623950742658],[-46.44377643837368,-23.515754272025926],[-46.443730318469825,-23.5158845933092],[-46.443730318469825,-23.515949753950835],[-46.443730318469825,-23.516145235875744],[-46.443730318469825,-23.516340717800652],[-46.443730318469825,-23.516405878442285],[-46.44377643837368,-23.516536199725557],[-46.44377643837368,-23.51666652100883],[-46.44382255827754,-23.51686200293374],[-46.44382255827754,-23.51699232421701],[-46.443868678181396,-23.517187806141916],[-46.443868678181396,-23.517383288066824],[-46.443868678181396,-23.517513609350097],[-46.44391479808525,-23.517774251916638],[-46.44391479808525,-23.517839412558274],[-46.44396091798911,-23.517969733841547],[-46.44396091798911,-23.518165215766455],[-46.44396091798911,-23.518295537049728],[-46.444007037892966,-23.518491018974633],[-46.444007037892966,-23.51855617961627],[-46.44405315779683,-23.518751661541177],[-46.44405315779683,-23.518947143466086],[-46.44405315779683,-23.519012304107722],[-46.44409927770069,-23.51914262539099],[-46.44409927770069,-23.519207786032627],[-46.44409927770069,-23.519403267957536],[-46.444145397604544,-23.519598749882444],[-46.444145397604544,-23.519729071165713],[-46.444145397604544,-23.51979423180735],[-46.4441915175084,-23.519859392448986],[-46.4441915175084,-23.519989713732258],[-46.4441915175084,-23.52012003501553],[-46.4441915175084,-23.520250356298803],[-46.44423763741226,-23.52031551694044],[-46.44423763741226,-23.52038067758207],[-46.44423763741226,-23.520445838223708],[-46.44423763741226,-23.520510998865344],[-46.44423763741226,-23.52057615950698],[-46.44423763741226,-23.520641320148616],[-46.44423763741226,-23.520706480790253],[-46.4441915175084,-23.52077164143189],[-46.4441915175084,-23.52090196271516],[-46.444145397604544,-23.520967123356797],[-46.444145397604544,-23.521032283998434],[-46.44409927770069,-23.521097444640066],[-46.44409927770069,-23.521162605281702],[-46.44405315779683,-23.52122776592334],[-46.444007037892966,-23.52122776592334],[-46.444007037892966,-23.521292926564975],[-46.444007037892966,-23.52135808720661],[-46.44396091798911,-23.52135808720661],[-46.44391479808525,-23.521423247848247],[-46.44382255827754,-23.52155356913152],[-46.443730318469825,-23.521683890414792],[-46.44368419856597,-23.521749051056425],[-46.443638078662104,-23.52181421169806],[-46.44359195875825,-23.521879372339697],[-46.44354583885439,-23.521944532981333],[-46.44345359904668,-23.522140014906242],[-46.44345359904668,-23.522205175547878],[-46.44345359904668,-23.522270336189514],[-46.44340747914282,-23.522270336189514],[-46.44340747914282,-23.52233549683115],[-46.44340747914282,-23.522400657472783],[-46.44340747914282,-23.52246581811442],[-46.44340747914282,-23.522530978756055],[-46.44340747914282,-23.52259613939769],[-46.44340747914282,-23.522661300039328],[-46.44340747914282,-23.522726460680964],[-46.44340747914282,-23.5227916213226],[-46.44345359904668,-23.5227916213226],[-46.44345359904668,-23.522856781964236],[-46.44345359904668,-23.522921942605873],[-46.443499718950534,-23.52298710324751],[-46.443499718950534,-23.523052263889145],[-46.44354583885439,-23.523117424530778],[-46.44359195875825,-23.523182585172414],[-46.44359195875825,-23.52324774581405],[-46.44368419856597,-23.523378067097322],[-46.443730318469825,-23.52344322773896],[-46.44382255827754,-23.523508388380595],[-46.44391479808525,-23.52357354902223],[-46.444007037892966,-23.523638709663867],[-46.44405315779683,-23.523703870305503],[-46.444145397604544,-23.523703870305503],[-46.4441915175084,-23.523769030947136],[-46.44432987721997,-23.523834191588772],[-46.44437599712383,-23.523834191588772],[-46.44442211702769,-23.52389935223041],[-46.444514356835406,-23.523964512872045],[-46.44456047673926,-23.523964512872045],[-46.44460659664312,-23.52402967351368],[-46.44469883645083,-23.524094834155317],[-46.444791076258554,-23.524094834155317],[-46.44488331606627,-23.524159994796953],[-46.444929435970124,-23.52422515543859],[-46.44497555587398,-23.524290316080226],[-46.44502167577784,-23.524355476721862],[-46.445067795681695,-23.524420637363495],[-46.44511391558555,-23.52448579800513],[-46.445160035489415,-23.524616119288403],[-46.44520615539327,-23.524616119288403],[-46.44525227529713,-23.524746440571676],[-46.44525227529713,-23.52481160121331],[-46.44534451510484,-23.524941922496584],[-46.44534451510484,-23.52500708313822],[-46.445436754912556,-23.52513740442149],[-46.44552899472028,-23.525332886346398],[-46.44562123452799,-23.525528368271306],[-46.44566735443185,-23.52565868955458],[-46.445713474335705,-23.525723850196215],[-46.44566735443185,-23.525723850196215],[-46.44562123452799,-23.525723850196215],[-46.445575114624134,-23.525789010837848],[-46.44548287481641,-23.525789010837848],[-46.44534451510484,-23.525854171479484],[-46.445298395200986,-23.52591933212112],[-46.44525227529713,-23.52591933212112],[-46.44520615539327,-23.525984492762756],[-46.445160035489415,-23.525984492762756],[-46.44511391558555,-23.525984492762756],[-46.445067795681695,-23.526049653404392],[-46.44502167577784,-23.526049653404392],[-46.444929435970124,-23.525984492762756],[-46.44483719616241,-23.52591933212112],[-46.444791076258554,-23.525854171479484],[-46.44474495635469,-23.525789010837848],[-46.44469883645083,-23.525789010837848],[-46.44460659664312,-23.525723850196215],[-46.44456047673926,-23.52565868955458],[-46.444514356835406,-23.52565868955458],[-46.44446823693155,-23.525593528912943],[-46.44442211702769,-23.525593528912943],[-46.44437599712383,-23.525593528912943],[-46.44432987721997,-23.525528368271306],[-46.44423763741226,-23.52546320762967],[-46.4441915175084,-23.52546320762967],[-46.444145397604544,-23.52546320762967],[-46.44405315779683,-23.525398046988034],[-46.44396091798911,-23.525332886346398],[-46.44391479808525,-23.525332886346398],[-46.44382255827754,-23.525332886346398],[-46.44377643837368,-23.52526772570476],[-46.44368419856597,-23.52526772570476],[-46.44359195875825,-23.52526772570476],[-46.443499718950534,-23.525202565063125],[-46.44345359904668,-23.525202565063125],[-46.44340747914282,-23.525202565063125],[-46.44331523933511,-23.525202565063125],[-46.44326911943124,-23.525202565063125],[-46.443222999527386,-23.525202565063125],[-46.44317687962353,-23.52513740442149],[-46.443084639815815,-23.52513740442149],[-46.44303851991196,-23.52513740442149],[-46.442946280104245,-23.52513740442149],[-46.44290016020038,-23.52513740442149],[-46.442854040296524,-23.52513740442149],[-46.44280792039267,-23.52513740442149],[-46.44271568058495,-23.52513740442149],[-46.44262344077724,-23.52513740442149],[-46.442577320873376,-23.52513740442149],[-46.44248508106566,-23.52513740442149],[-46.442438961161805,-23.52513740442149],[-46.44234672135409,-23.52513740442149],[-46.44225448154638,-23.52513740442149],[-46.44216224173866,-23.52513740442149],[-46.442070001930944,-23.52513740442149],[-46.44197776212323,-23.52513740442149],[-46.441885522315516,-23.525202565063125],[-46.441793282507795,-23.525202565063125],[-46.44170104270008,-23.525202565063125],[-46.441654922796225,-23.525202565063125],[-46.44160880289237,-23.525202565063125],[-46.44156268298851,-23.525202565063125],[-46.441424323276934,-23.52526772570476],[-46.44133208346922,-23.52526772570476],[-46.441239843661506,-23.52526772570476],[-46.44114760385379,-23.52526772570476],[-46.44114760385379,-23.525332886346398],[-46.441009244142215,-23.525332886346398],[-46.440870884430645,-23.525398046988034],[-46.44073252471907,-23.52546320762967],[-46.44068640481521,-23.52546320762967],[-46.44054804510364,-23.525528368271306],[-46.44050192519978,-23.525528368271306],[-46.440363565488205,-23.525593528912943],[-46.44017908587278,-23.52565868955458],[-46.44013296596892,-23.52565868955458],[-46.440086846065064,-23.52565868955458],[-46.43990236644963,-23.525723850196215],[-46.43985624654577,-23.525789010837848],[-46.4397178868342,-23.525854171479484],[-46.439579527122625,-23.525854171479484],[-46.43948728731491,-23.52591933212112],[-46.4393950475072,-23.52591933212112],[-46.43934892760334,-23.52591933212112],[-46.439164447987906,-23.525984492762756],[-46.43897996837248,-23.525984492762756],[-46.43893384846862,-23.525984492762756],[-46.43874936885319,-23.525984492762756],[-46.438657129045474,-23.525984492762756],[-46.43856488923776,-23.525984492762756],[-46.438518769333896,-23.525984492762756],[-46.43833428971847,-23.525984492762756],[-46.438149810103035,-23.52591933212112],[-46.43810369019918,-23.52591933212112],[-46.438011450391464,-23.52591933212112],[-46.43787309067989,-23.525854171479484],[-46.43782697077604,-23.525854171479484],[-46.4376424911606,-23.525789010837848],[-46.43750413144903,-23.525723850196215],[-46.437365771737454,-23.52565868955458],[-46.4373196518336,-23.52565868955458],[-46.437227412025884,-23.525593528912943],[-46.43704293241045,-23.525528368271306],[-46.43699681250659,-23.525528368271306],[-46.436812332891165,-23.52546320762967],[-46.43662785327573,-23.525398046988034],[-46.43653561346802,-23.525332886346398],[-46.43648949356416,-23.525332886346398],[-46.43635113385258,-23.52526772570476],[-46.43621277414101,-23.525202565063125],[-46.4361205343333,-23.525202565063125],[-46.436028294525585,-23.52513740442149],[-46.435936054717864,-23.52513740442149],[-46.43588993481401,-23.525072243779857],[-46.43584381491015,-23.525072243779857],[-46.43579769500629,-23.525072243779857],[-46.43575157510244,-23.525072243779857],[-46.43565933529472,-23.525072243779857],[-46.43561321539086,-23.525072243779857],[-46.435567095487,-23.525072243779857],[-46.435520975583145,-23.52500708313822],[-46.43547485567929,-23.52500708313822],[-46.435382615871575,-23.52500708313822],[-46.43533649596772,-23.52500708313822],[-46.43529037606386,-23.524941922496584],[-46.43524425616,-23.524941922496584],[-46.43519813625614,-23.524941922496584],[-46.43515201635228,-23.524941922496584],[-46.43510589644843,-23.524941922496584],[-46.43501365664071,-23.524941922496584],[-46.434967536736856,-23.524876761854948],[-46.434921416833,-23.524876761854948],[-46.434875296929135,-23.524876761854948],[-46.43482917702528,-23.524876761854948],[-46.434736937217565,-23.524876761854948],[-46.434598577505994,-23.524876761854948],[-46.43455245760214,-23.524941922496584],[-46.434506337698274,-23.524941922496584],[-46.43441409789056,-23.524941922496584],[-46.4343679779867,-23.524941922496584],[-46.43427573817899,-23.524941922496584],[-46.43422961827513,-23.524941922496584],[-46.434183498371276,-23.524941922496584],[-46.43413737846741,-23.524941922496584],[-46.434091258563555,-23.524941922496584],[-46.4340451386597,-23.52500708313822],[-46.433952898851985,-23.52500708313822],[-46.43390677894813,-23.52500708313822],[-46.43386065904427,-23.525072243779857],[-46.43376841923655,-23.525072243779857],[-46.43372229933269,-23.52513740442149],[-46.433676179428836,-23.52513740442149],[-46.43363005952498,-23.52513740442149],[-46.43358393962112,-23.52513740442149],[-46.43358393962112,-23.525202565063125],[-46.433537819717266,-23.525202565063125],[-46.43349169981341,-23.525202565063125],[-46.43344557990955,-23.52526772570476],[-46.43339946000569,-23.52526772570476],[-46.43335334010183,-23.525332886346398],[-46.433307220197975,-23.525332886346398],[-46.43326110029412,-23.525398046988034],[-46.43321498039026,-23.525398046988034],[-46.433168860486404,-23.52546320762967],[-46.43312274058255,-23.525528368271306],[-46.43307662067869,-23.525528368271306],[-46.43307662067869,-23.525593528912943],[-46.43303050077483,-23.525593528912943],[-46.43303050077483,-23.52565868955458],[-46.43298438087097,-23.52565868955458],[-46.43293826096711,-23.525723850196215],[-46.432892141063256,-23.525723850196215],[-46.432892141063256,-23.525789010837848],[-46.432892141063256,-23.525854171479484],[-46.4328460211594,-23.525854171479484],[-46.43279990125554,-23.52591933212112],[-46.432753781351686,-23.525984492762756],[-46.43270766144783,-23.526049653404392],[-46.43270766144783,-23.52611481404603],[-46.432661541543965,-23.526179974687665],[-46.432661541543965,-23.5262451353293],[-46.43261542164011,-23.526310295970937],[-46.43256930173625,-23.526310295970937],[-46.432523181832394,-23.526310295970937],[-46.43247706192854,-23.526310295970937],[-46.43243094202468,-23.526375456612573],[-46.43243094202468,-23.526440617254206],[-46.432384822120824,-23.526440617254206],[-46.43233870221697,-23.526505777895842],[-46.43233870221697,-23.52657093853748],[-46.4322925823131,-23.526636099179115],[-46.432246462409246,-23.52670125982075],[-46.432246462409246,-23.526766420462387],[-46.43220034250539,-23.526766420462387],[-46.43215422260153,-23.52689674174566],[-46.432108102697676,-23.526961902387296],[-46.432108102697676,-23.52702706302893],[-46.43206198279382,-23.527092223670564],[-46.4319697429861,-23.527222544953837],[-46.4319697429861,-23.527287705595473],[-46.43192362308224,-23.527418026878745],[-46.43183138327453,-23.527548348162018],[-46.43178526337067,-23.52767866944529],[-46.43169302356296,-23.52780899072856],[-46.43169302356296,-23.527874151370195],[-46.4316469036591,-23.52793931201183],[-46.431600783755236,-23.528004472653468],[-46.431600783755236,-23.528069633295104],[-46.43150854394752,-23.528265115220012],[-46.43141630413981,-23.528460597144917],[-46.43137018423595,-23.52859091842819],[-46.43127794442824,-23.528721239711462],[-46.431231824524374,-23.52891672163637],[-46.43113958471666,-23.529047042919643],[-46.431093464812804,-23.529177364202912],[-46.43104734490895,-23.52924252484455],[-46.43100122500509,-23.529307685486184],[-46.43095510510123,-23.529438006769457],[-46.43086286529351,-23.529633488694365],[-46.4307706254858,-23.52982897061927],[-46.430678385678085,-23.53002445254418],[-46.43058614587037,-23.53015477382745],[-46.43058614587037,-23.530219934469088],[-46.43049390606265,-23.530415416393996],[-46.430447786158794,-23.530415416393996],[-46.43040166625494,-23.5306108983189],[-46.43035554635108,-23.530676058960537],[-46.430309426447224,-23.53080638024381],[-46.430309426447224,-23.530871540885446],[-46.43026330654337,-23.530936701527082],[-46.43026330654337,-23.531067022810355],[-46.43021718663951,-23.531067022810355],[-46.43021718663951,-23.531197344093624],[-46.43017106673565,-23.531197344093624],[-46.43012494683179,-23.531327665376896],[-46.43012494683179,-23.531392826018532],[-46.430032707024075,-23.53158830794344],[-46.430032707024075,-23.531653468585077],[-46.42998658712022,-23.53178378986835],[-46.42994046721636,-23.531848950509982],[-46.42994046721636,-23.531914111151618],[-46.429894347312505,-23.53204443243489],[-46.42984822740865,-23.5322399143598],[-46.42980210750479,-23.53237023564307],[-46.42975598760093,-23.53250055692634],[-46.42970986769707,-23.532630878209613],[-46.429479268177786,-23.53347796655088],[-46.42943314827393,-23.533543127192516],[-46.42943314827393,-23.533608287834152],[-46.429387028370066,-23.53367344847579],[-46.429387028370066,-23.533738609117425],[-46.42934090846621,-23.53380376975906],[-46.42934090846621,-23.533868930400693],[-46.42929478856235,-23.533868930400693],[-46.429248668658495,-23.533999251683966],[-46.429248668658495,-23.534064412325602],[-46.42920254875464,-23.534064412325602],[-46.42915642885078,-23.534194733608874],[-46.429110308946925,-23.534194733608874],[-46.42906418904307,-23.53425989425051],[-46.429018069139204,-23.534325054892147],[-46.42892582933149,-23.534390215533783],[-46.42887970942763,-23.534520536817052],[-46.42878746961992,-23.534585697458688],[-46.428695229812206,-23.534650858100324],[-46.428602990004485,-23.534781179383597],[-46.42851075019677,-23.534846340025233],[-46.42841851038906,-23.53491150066687],[-46.4283723904852,-23.53491150066687],[-46.42818791086977,-23.53504182195014],[-46.428049551158196,-23.53517214323341],[-46.42791119144662,-23.535237303875046],[-46.42777283173505,-23.535302464516683],[-46.42772671183119,-23.53536762515832],[-46.427680591927334,-23.53536762515832],[-46.42754223221576,-23.535432785799955],[-46.427403872504186,-23.535563107083227],[-46.42735775260033,-23.535563107083227],[-46.427173272984895,-23.5356934283665],[-46.427034913273324,-23.535823749649772],[-46.42698879336947,-23.535823749649772],[-46.42685043365789,-23.535888910291405],[-46.42671207394632,-23.536019231574677],[-46.42657371423475,-23.536084392216313],[-46.42643535452317,-23.53614955285795],[-46.426389234619315,-23.53614955285795],[-46.42634311471546,-23.536214713499586],[-46.4262969948116,-23.536279874141222],[-46.426250874907744,-23.536279874141222],[-46.426112515196166,-23.536410195424494],[-46.42602027538845,-23.53647535606613],[-46.42588191567688,-23.536540516707763],[-46.42588191567688,-23.5366056773494],[-46.425743555965305,-23.536670837991036],[-46.42565131615759,-23.536801159274308],[-46.42551295644602,-23.53693148055758],[-46.42542071663831,-23.536996641199217],[-46.42528235692673,-23.53712696248249],[-46.42523623702287,-23.53719212312412],[-46.425190117119016,-23.53719212312412],[-46.42514399721516,-23.537257283765758],[-46.4250978773113,-23.537322444407394],[-46.425051757407445,-23.537322444407394],[-46.42500563750358,-23.53738760504903],[-46.424959517599724,-23.537517926332303],[-46.42486727779201,-23.53758308697394],[-46.424821157888154,-23.537648247615575],[-46.4247750379843,-23.53771340825721],[-46.4247750379843,-23.537778568898847],[-46.42472891808044,-23.537778568898847],[-46.42468279817658,-23.537843729540484],[-46.42463667827272,-23.537908890182116],[-46.424544438465006,-23.53803921146539],[-46.424406078753435,-23.538234693390297],[-46.42435995884958,-23.538299854031933],[-46.42431383894572,-23.53836501467357],[-46.42426771904186,-23.538430175315206],[-46.424221599138,-23.538495335956842],[-46.424175479234144,-23.538560496598475],[-46.42412935933029,-23.538560496598475],[-46.42412935933029,-23.53862565724011],[-46.42408323942643,-23.53862565724011],[-46.42403711952257,-23.538690817881747],[-46.42399099961872,-23.538755978523383],[-46.42394487971486,-23.53882113916502],[-46.42394487971486,-23.538886299806656],[-46.423898759810996,-23.539016621089928],[-46.42385263990714,-23.539081781731564],[-46.42380652000328,-23.5391469423732],[-46.423760400099425,-23.539212103014833],[-46.423760400099425,-23.53927726365647],[-46.42371428019557,-23.53927726365647],[-46.42371428019557,-23.539342424298106],[-46.42366816029171,-23.539342424298106],[-46.42366816029171,-23.53940758493974],[-46.423622040387855,-23.53940758493974],[-46.423575920484,-23.53940758493974],[-46.423206961253136,-23.539537906223014],[-46.42334532096471,-23.539733388147923],[-46.42334532096471,-23.53979854878956],[-46.42343756077242,-23.539928870072828],[-46.423529800580134,-23.5400591913561],[-46.423575920484,-23.5400591913561],[-46.42366816029171,-23.54025467328101],[-46.42371428019557,-23.540319833922645],[-46.42380652000328,-23.540450155205917],[-46.42385263990714,-23.540515315847554],[-46.42394487971486,-23.54071079777246],[-46.42399099961872,-23.540775958414095],[-46.42408323942643,-23.54084111905573],[-46.42412935933029,-23.540906279697367],[-46.42412935933029,-23.540971440339003],[-46.424221599138,-23.541101761622276],[-46.42431383894572,-23.541232082905545],[-46.424406078753435,-23.541362404188817],[-46.42445219865729,-23.54149272547209],[-46.42449831856115,-23.541557886113726],[-46.424544438465006,-23.54162304675536],[-46.42459055836886,-23.541688207396998],[-46.42463667827272,-23.541753368038634],[-46.42468279817658,-23.54181852868027],[-46.42472891808044,-23.541883689321907],[-46.424821157888154,-23.542014010605175],[-46.424821157888154,-23.54207917124681],[-46.42491339769587,-23.542209492530084],[-46.424959517599724,-23.542209492530084],[-46.424959517599724,-23.54227465317172],[-46.42500563750358,-23.54227465317172],[-46.42500563750358,-23.542339813813356],[-46.4250978773113,-23.54247013509663],[-46.42514399721516,-23.542535295738265],[-46.42514399721516,-23.542600456379898],[-46.4250978773113,-23.542600456379898],[-46.425051757407445,-23.542665617021534],[-46.42500563750358,-23.542795938304806],[-46.425051757407445,-23.542861098946442],[-46.425051757407445,-23.54292625958808],[-46.425190117119016,-23.54305658087135],[-46.42523623702287,-23.543186902154623],[-46.425328476830586,-23.543317223437892],[-46.425328476830586,-23.54338238407953],[-46.42537459673444,-23.54338238407953],[-46.42542071663831,-23.543447544721165],[-46.425466836542164,-23.5435127053628],[-46.425466836542164,-23.543577866004437],[-46.42551295644602,-23.543643026646073],[-46.42551295644602,-23.543773347929346],[-46.42555907634988,-23.543903669212618],[-46.42555907634988,-23.544033990495887],[-46.42555907634988,-23.544099151137523],[-46.42555907634988,-23.54416431177916],[-46.42555907634988,-23.544229472420795],[-46.42555907634988,-23.54429463306243],[-46.42551295644602,-23.544424954345704],[-46.42551295644602,-23.544555275628976],[-46.42551295644602,-23.54462043627061],[-46.425466836542164,-23.544685596912245],[-46.42551295644602,-23.544815918195518],[-46.42551295644602,-23.544881078837154],[-46.42551295644602,-23.54494623947879],[-46.42555907634988,-23.545011400120426],[-46.425605196253734,-23.545076560762062],[-46.425605196253734,-23.5451417214037],[-46.42565131615759,-23.5451417214037],[-46.42569743606145,-23.545272042686967],[-46.425743555965305,-23.545337203328604],[-46.425743555965305,-23.54540236397024],[-46.42578967586917,-23.545467524611876],[-46.425835795773025,-23.545532685253512],[-46.42588191567688,-23.54559784589515],[-46.42592803558074,-23.545663006536785],[-46.42602027538845,-23.545793327820057],[-46.42606639529231,-23.545793327820057],[-46.426112515196166,-23.545858488461693],[-46.42615863510003,-23.54592364910333],[-46.42620475500389,-23.545988809744962],[-46.426250874907744,-23.54618429166987],[-46.4262969948116,-23.546249452311507],[-46.42634311471546,-23.54637977359478],[-46.426389234619315,-23.546575255519688],[-46.42643535452317,-23.546705576802957],[-46.42648147442703,-23.546901058727865],[-46.42652759433089,-23.547096540652774],[-46.42652759433089,-23.54716170129441],[-46.42652759433089,-23.54729202257768],[-46.42652759433089,-23.547357183219315],[-46.42652759433089,-23.54742234386095],[-46.42652759433089,-23.547487504502588],[-46.42652759433089,-23.547552665144224],[-46.42652759433089,-23.54761782578586],[-46.42648147442703,-23.547682986427496],[-46.42648147442703,-23.54781330771077],[-46.42648147442703,-23.547878468352405],[-46.42648147442703,-23.547943628994037],[-46.42643535452317,-23.548008789635674],[-46.42643535452317,-23.548139110918946],[-46.42643535452317,-23.548204271560582],[-46.426389234619315,-23.548204271560582],[-46.426389234619315,-23.548334592843855],[-46.42634311471546,-23.548530074768763],[-46.4262969948116,-23.548660396052032],[-46.426250874907744,-23.548725556693668],[-46.426250874907744,-23.548790717335304],[-46.42620475500389,-23.54885587797694],[-46.42620475500389,-23.548921038618577],[-46.42615863510003,-23.54905135990185],[-46.42615863510003,-23.549116520543485],[-46.42606639529231,-23.54931200246839],[-46.42606639529231,-23.549377163110027],[-46.42602027538845,-23.549442323751663],[-46.425974155484596,-23.54963780567657],[-46.42592803558074,-23.549768126959844],[-46.42588191567688,-23.549898448243116],[-46.42588191567688,-23.54996360888475],[-46.425835795773025,-23.550159090809657],[-46.42578967586917,-23.55028941209293],[-46.425743555965305,-23.550354572734566],[-46.42569743606145,-23.550550054659475],[-46.42565131615759,-23.55074553658438],[-46.425605196253734,-23.550810697226016],[-46.42555907634988,-23.55094101850929],[-46.42551295644602,-23.551136500434197],[-46.425466836542164,-23.551331982359102],[-46.42542071663831,-23.551397143000738],[-46.42537459673444,-23.551592624925647],[-46.425328476830586,-23.551788106850555],[-46.42523623702287,-23.551918428133828],[-46.425190117119016,-23.552113910058733],[-46.42514399721516,-23.55230939198364],[-46.4250978773113,-23.552439713266914],[-46.4250978773113,-23.55250487390855],[-46.425051757407445,-23.552635195191822],[-46.42500563750358,-23.552700355833455],[-46.424959517599724,-23.552830677116727],[-46.424959517599724,-23.552895837758363],[-46.42491339769587,-23.5529609984],[-46.42486727779201,-23.553091319683272],[-46.4247750379843,-23.55328680160818],[-46.42468279817658,-23.55341712289145],[-46.42468279817658,-23.553482283533086],[-46.42459055836886,-23.553612604816358],[-46.42463667827272,-23.553677765457994],[-46.42472891808044,-23.553677765457994],[-46.4247750379843,-23.553677765457994],[-46.424821157888154,-23.553677765457994],[-46.42486727779201,-23.553677765457994],[-46.42486727779201,-23.55374292609963],[-46.42491339769587,-23.55374292609963],[-46.42491339769587,-23.553808086741267],[-46.424959517599724,-23.553808086741267],[-46.424959517599724,-23.553873247382903],[-46.42500563750358,-23.553873247382903],[-46.42500563750358,-23.55393840802454],[-46.42500563750358,-23.55400356866617],[-46.424959517599724,-23.55400356866617],[-46.424959517599724,-23.554068729307808],[-46.424959517599724,-23.554133889949444],[-46.424959517599724,-23.55419905059108],[-46.42500563750358,-23.554264211232717],[-46.424959517599724,-23.554264211232717],[-46.424959517599724,-23.554329371874353],[-46.424959517599724,-23.55439453251599],[-46.42491339769587,-23.55439453251599],[-46.42491339769587,-23.554459693157625],[-46.42491339769587,-23.55452485379926],[-46.42491339769587,-23.554590014440898],[-46.42486727779201,-23.554655175082534],[-46.42491339769587,-23.554655175082534],[-46.42491339769587,-23.554720335724166],[-46.42491339769587,-23.554785496365803],[-46.42491339769587,-23.55485065700744],[-46.42491339769587,-23.554915817649075],[-46.42486727779201,-23.554915817649075],[-46.42486727779201,-23.55498097829071],[-46.42486727779201,-23.555046138932347],[-46.42486727779201,-23.555111299573984],[-46.424821157888154,-23.555111299573984],[-46.424821157888154,-23.55517646021562],[-46.424821157888154,-23.555241620857256],[-46.424821157888154,-23.555306781498892],[-46.424821157888154,-23.555371942140525],[-46.4247750379843,-23.55543710278216],[-46.4247750379843,-23.555502263423797],[-46.42472891808044,-23.555567424065433],[-46.42472891808044,-23.55563258470707],[-46.4247750379843,-23.555697745348706],[-46.424821157888154,-23.555762905990342],[-46.424821157888154,-23.555828066631978],[-46.42486727779201,-23.555828066631978],[-46.42486727779201,-23.555893227273614],[-46.42491339769587,-23.555893227273614],[-46.42491339769587,-23.55595838791525],[-46.42500563750358,-23.556023548556883],[-46.425051757407445,-23.55608870919852],[-46.4250978773113,-23.55608870919852],[-46.42514399721516,-23.55608870919852],[-46.42514399721516,-23.556153869840156],[-46.425190117119016,-23.556153869840156],[-46.42528235692673,-23.55621903048179],[-46.425328476830586,-23.556284191123428],[-46.42537459673444,-23.556349351765064],[-46.42542071663831,-23.556349351765064],[-46.425466836542164,-23.5564145124067],[-46.425466836542164,-23.556479673048337],[-46.42551295644602,-23.556544833689973],[-46.42555907634988,-23.55660999433161],[-46.425605196253734,-23.55667515497324],[-46.425605196253734,-23.556740315614878],[-46.42565131615759,-23.556740315614878],[-46.42565131615759,-23.556805476256514],[-46.42569743606145,-23.55687063689815],[-46.425743555965305,-23.556935797539786],[-46.42578967586917,-23.55706611882306],[-46.42588191567688,-23.557131279464695],[-46.42592803558074,-23.55719644010633],[-46.425974155484596,-23.557261600747967],[-46.425974155484596,-23.557326761389604],[-46.42602027538845,-23.557391922031236],[-46.42602027538845,-23.557457082672872],[-46.42606639529231,-23.557457082672872],[-46.42606639529231,-23.55752224331451],[-46.426112515196166,-23.55752224331451],[-46.426112515196166,-23.557587403956145],[-46.426112515196166,-23.55765256459778],[-46.426112515196166,-23.557717725239417],[-46.426112515196166,-23.557782885881053],[-46.426112515196166,-23.55784804652269],[-46.426112515196166,-23.557913207164326],[-46.426112515196166,-23.557978367805962],[-46.426112515196166,-23.558043528447595],[-46.426112515196166,-23.55810868908923],[-46.42615863510003,-23.55810868908923],[-46.42615863510003,-23.558173849730867],[-46.42615863510003,-23.558239010372503],[-46.42615863510003,-23.55830417101414],[-46.42620475500389,-23.55830417101414],[-46.42620475500389,-23.558369331655776],[-46.426250874907744,-23.558369331655776],[-46.4262969948116,-23.558369331655776],[-46.4262969948116,-23.558434492297412],[-46.4262969948116,-23.558499652939048],[-46.4262969948116,-23.558564813580684],[-46.42634311471546,-23.55862997422232],[-46.4262969948116,-23.55862997422232],[-46.4262969948116,-23.558695134863953],[-46.4262969948116,-23.55876029550559],[-46.42634311471546,-23.55876029550559],[-46.42634311471546,-23.558825456147225],[-46.42634311471546,-23.55889061678886],[-46.426389234619315,-23.55889061678886],[-46.426389234619315,-23.558955777430498],[-46.426389234619315,-23.559020938072134],[-46.426389234619315,-23.55908609871377],[-46.426389234619315,-23.559151259355406],[-46.426389234619315,-23.559216419997043],[-46.42643535452317,-23.559216419997043],[-46.42643535452317,-23.55928158063868],[-46.42643535452317,-23.559346741280315],[-46.426389234619315,-23.559346741280315],[-46.426389234619315,-23.559411901921948],[-46.42634311471546,-23.559411901921948],[-46.42634311471546,-23.559477062563584],[-46.42634311471546,-23.55954222320522],[-46.42634311471546,-23.559607383846856],[-46.426389234619315,-23.559672544488492],[-46.42643535452317,-23.559672544488492],[-46.42643535452317,-23.55973770513013],[-46.42648147442703,-23.55973770513013],[-46.42648147442703,-23.559802865771765],[-46.42652759433089,-23.559802865771765],[-46.42657371423475,-23.559802865771765],[-46.42657371423475,-23.5598680264134],[-46.426619834138606,-23.5598680264134],[-46.42666595404246,-23.5598680264134],[-46.42671207394632,-23.5598680264134],[-46.426758193850176,-23.5598680264134],[-46.42680431375403,-23.5598680264134],[-46.42685043365789,-23.5598680264134],[-46.426896553561754,-23.559933187055037],[-46.42694267346561,-23.559933187055037],[-46.42698879336947,-23.559933187055037],[-46.427034913273324,-23.559933187055037],[-46.42708103317718,-23.559933187055037],[-46.42708103317718,-23.559998347696673],[-46.42712715308104,-23.560063508338306],[-46.42712715308104,-23.560128668979942],[-46.42712715308104,-23.56019382962158],[-46.42712715308104,-23.560258990263215],[-46.42712715308104,-23.56032415090485],[-46.42712715308104,-23.560389311546487],[-46.42712715308104,-23.560454472188123],[-46.42712715308104,-23.56051963282976],[-46.427173272984895,-23.56051963282976],[-46.427173272984895,-23.560584793471396],[-46.427173272984895,-23.560649954113032],[-46.427173272984895,-23.560715114754665],[-46.427173272984895,-23.5607802753963],[-46.42712715308104,-23.560845436037937],[-46.42712715308104,-23.560910596679573],[-46.42712715308104,-23.56097575732121],[-46.42712715308104,-23.561040917962845],[-46.427173272984895,-23.561040917962845],[-46.427173272984895,-23.56110607860448],[-46.42712715308104,-23.561171239246118],[-46.426896553561754,-23.56130156052939],[-46.426758193850176,-23.561497042454295],[-46.42652759433089,-23.561692524379204],[-46.42648147442703,-23.561692524379204],[-46.42648147442703,-23.56175768502084],[-46.4262969948116,-23.561888006304113],[-46.42620475500389,-23.56195316694575],[-46.42615863510003,-23.562018327587385],[-46.426112515196166,-23.562018327587385],[-46.426112515196166,-23.562083488229018],[-46.42602027538845,-23.562148648870654],[-46.425974155484596,-23.56221380951229],[-46.42592803558074,-23.56221380951229],[-46.42578967586917,-23.562344130795562],[-46.425743555965305,-23.5624092914372],[-46.425605196253734,-23.56253961272047],[-46.42551295644602,-23.562604773362107],[-46.42542071663831,-23.562735094645376],[-46.425328476830586,-23.562800255287012],[-46.425190117119016,-23.562930576570285],[-46.425051757407445,-23.563060897853557],[-46.42500563750358,-23.563126058495193],[-46.424959517599724,-23.563126058495193],[-46.42486727779201,-23.56319121913683],[-46.42491339769587,-23.563256379778466],[-46.42486727779201,-23.563256379778466],[-46.424821157888154,-23.563256379778466],[-46.4247750379843,-23.5633215404201],[-46.42472891808044,-23.563386701061738],[-46.42463667827272,-23.56345186170337],[-46.424544438465006,-23.563517022345007],[-46.42449831856115,-23.563582182986643],[-46.42445219865729,-23.56364734362828],[-46.424406078753435,-23.56364734362828],[-46.42435995884958,-23.563712504269915],[-46.42431383894572,-23.563712504269915],[-46.42426771904186,-23.56377766491155],[-46.424221599138,-23.563842825553188],[-46.42412935933029,-23.56377766491155],[-46.42399099961872,-23.563907986194824],[-46.42394487971486,-23.564038307478096],[-46.42385263990714,-23.564038307478096],[-46.42371428019557,-23.56410346811973],[-46.42348368067628,-23.564168628761365],[-46.42343756077242,-23.564168628761365],[-46.42329920106085,-23.564233789403],[-46.42325308115699,-23.564233789403],[-46.423206961253136,-23.564233789403],[-46.42316084134927,-23.564233789403],[-46.4230224816377,-23.564168628761365],[-46.422976361733845,-23.564168628761365],[-46.422976361733845,-23.564233789403],[-46.42293024182999,-23.564233789403],[-46.42288412192613,-23.564233789403],[-46.422838002022274,-23.564298950044638],[-46.42279188211841,-23.564298950044638],[-46.422745762214554,-23.564298950044638],[-46.4226996423107,-23.564298950044638],[-46.42265352240684,-23.564298950044638],[-46.42260740250298,-23.564364110686274],[-46.422561282599126,-23.564364110686274],[-46.42251516269527,-23.564364110686274],[-46.42246904279141,-23.564364110686274],[-46.42242292288755,-23.56442927132791],[-46.42237680298369,-23.56442927132791],[-46.422330683079835,-23.56442927132791],[-46.42228456317598,-23.56442927132791],[-46.42223844327212,-23.56442927132791],[-46.42223844327212,-23.564364110686274],[-46.422192323368265,-23.564364110686274],[-46.42214620346441,-23.564364110686274],[-46.42210008356055,-23.564364110686274],[-46.42205396365669,-23.564364110686274],[-46.42200784375283,-23.564364110686274],[-46.42196172384897,-23.564364110686274],[-46.421915603945116,-23.564298950044638],[-46.42186948404126,-23.564298950044638],[-46.4218233641374,-23.564298950044638],[-46.421777244233546,-23.564298950044638],[-46.42173112432968,-23.564298950044638],[-46.42173112432968,-23.564364110686274],[-46.421685004425825,-23.564364110686274],[-46.42163888452197,-23.564364110686274],[-46.42159276461811,-23.56442927132791],[-46.421546644714255,-23.56442927132791],[-46.4215005248104,-23.56442927132791],[-46.42145440490654,-23.56442927132791],[-46.421408285002684,-23.56442927132791],[-46.42136216509882,-23.56442927132791],[-46.42131604519496,-23.56442927132791],[-46.42126992529111,-23.56442927132791],[-46.42122380538725,-23.56442927132791],[-46.42117768548339,-23.564494431969546],[-46.421131565579536,-23.564494431969546],[-46.42108544567568,-23.564494431969546],[-46.42103932577182,-23.56442927132791],[-46.42099320586796,-23.56442927132791],[-46.4209470859641,-23.56442927132791],[-46.420900966060245,-23.56442927132791],[-46.42085484615639,-23.56442927132791],[-46.42080872625253,-23.56442927132791],[-46.42080872625253,-23.564494431969546],[-46.420762606348674,-23.564494431969546],[-46.42071648644482,-23.564494431969546],[-46.42067036654096,-23.564494431969546],[-46.42067036654096,-23.564559592611182],[-46.4206242466371,-23.564559592611182],[-46.42057812673324,-23.564559592611182],[-46.42053200682938,-23.56462475325282],[-46.420485886925526,-23.56462475325282],[-46.42043976702167,-23.56462475325282],[-46.42039364711781,-23.56462475325282],[-46.420347527213956,-23.56462475325282],[-46.4203014073101,-23.56462475325282],[-46.420255287406235,-23.56462475325282],[-46.42020916750238,-23.56462475325282],[-46.42016304759852,-23.56462475325282],[-46.42007080779081,-23.56462475325282],[-46.42002468788695,-23.564559592611182],[-46.419978567983094,-23.564559592611182],[-46.41993244807924,-23.564559592611182],[-46.419978567983094,-23.56462475325282],[-46.42002468788695,-23.564689913894455],[-46.42007080779081,-23.564755074536087],[-46.420116927694664,-23.56488539581936],[-46.42016304759852,-23.56488539581936],[-46.42016304759852,-23.564950556460996],[-46.42020916750238,-23.564950556460996],[-46.42020916750238,-23.565015717102632],[-46.420255287406235,-23.565015717102632],[-46.420255287406235,-23.56508087774427],[-46.420255287406235,-23.565146038385905],[-46.4203014073101,-23.565146038385905],[-46.4203014073101,-23.56521119902754],[-46.420347527213956,-23.565276359669177],[-46.42039364711781,-23.565341520310813],[-46.42039364711781,-23.56540668095245],[-46.42043976702167,-23.56540668095245],[-46.42043976702167,-23.565471841594082],[-46.42043976702167,-23.56553700223572],[-46.420485886925526,-23.56553700223572],[-46.420485886925526,-23.565602162877354],[-46.42053200682938,-23.56566732351899],[-46.42057812673324,-23.565732484160627],[-46.42057812673324,-23.565797644802263],[-46.4206242466371,-23.565797644802263],[-46.4206242466371,-23.5658628054439],[-46.4206242466371,-23.565927966085535],[-46.42067036654096,-23.56599312672717],[-46.42067036654096,-23.566058287368808],[-46.42071648644482,-23.566058287368808],[-46.420762606348674,-23.56612344801044],[-46.42080872625253,-23.566188608652077],[-46.42085484615639,-23.566253769293713],[-46.420900966060245,-23.56631892993535],[-46.4209470859641,-23.56631892993535],[-46.42099320586796,-23.566384090576985],[-46.42099320586796,-23.56644925121862],[-46.42103932577182,-23.56644925121862],[-46.42108544567568,-23.566514411860258],[-46.421131565579536,-23.566514411860258],[-46.421131565579536,-23.566579572501894],[-46.42117768548339,-23.566579572501894],[-46.42122380538725,-23.56664473314353],[-46.42122380538725,-23.566709893785166],[-46.42122380538725,-23.5667750544268],[-46.42126992529111,-23.5667750544268],[-46.42131604519496,-23.5667750544268],[-46.42136216509882,-23.5667750544268],[-46.42136216509882,-23.566840215068435],[-46.421408285002684,-23.566840215068435],[-46.421408285002684,-23.56690537571007],[-46.42145440490654,-23.56690537571007],[-46.42145440490654,-23.566970536351707],[-46.4215005248104,-23.567035696993344],[-46.4215005248104,-23.56710085763498],[-46.421546644714255,-23.56710085763498],[-46.421546644714255,-23.567166018276616],[-46.421546644714255,-23.567231178918252],[-46.421546644714255,-23.56729633955989],[-46.42159276461811,-23.56729633955989],[-46.42163888452197,-23.567361500201525],[-46.421685004425825,-23.567361500201525],[-46.42173112432968,-23.567361500201525],[-46.421777244233546,-23.56742666084316],[-46.421777244233546,-23.56755698212643],[-46.42173112432968,-23.567622142768066],[-46.421777244233546,-23.567622142768066],[-46.421777244233546,-23.567687303409702],[-46.4218233641374,-23.56775246405134],[-46.42186948404126,-23.567817624692974],[-46.42186948404126,-23.56788278533461],[-46.421915603945116,-23.567947945976247],[-46.421915603945116,-23.568013106617883],[-46.421915603945116,-23.56807826725952],[-46.42196172384897,-23.56807826725952],[-46.42196172384897,-23.568143427901152],[-46.42196172384897,-23.568208588542788],[-46.421915603945116,-23.568208588542788],[-46.421915603945116,-23.568273749184424],[-46.421915603945116,-23.56833890982606],[-46.42196172384897,-23.56833890982606],[-46.42196172384897,-23.568404070467697],[-46.421915603945116,-23.568404070467697],[-46.421915603945116,-23.568469231109333],[-46.421915603945116,-23.56853439175097],[-46.421915603945116,-23.568599552392605],[-46.42186948404126,-23.568599552392605],[-46.42186948404126,-23.56866471303424],[-46.421915603945116,-23.56866471303424],[-46.421915603945116,-23.568729873675878],[-46.42196172384897,-23.568729873675878],[-46.42196172384897,-23.56879503431751],[-46.42200784375283,-23.56879503431751],[-46.42200784375283,-23.568860194959147],[-46.42205396365669,-23.568925355600783],[-46.42205396365669,-23.56899051624242],[-46.42205396365669,-23.569055676884055],[-46.42205396365669,-23.56912083752569],[-46.42210008356055,-23.56912083752569],[-46.42210008356055,-23.569185998167328],[-46.42210008356055,-23.569251158808964],[-46.42214620346441,-23.569381480092236],[-46.422192323368265,-23.569446640733872],[-46.422192323368265,-23.569511801375505],[-46.42223844327212,-23.56957696201714],[-46.42223844327212,-23.569642122658777],[-46.42228456317598,-23.569707283300414],[-46.42228456317598,-23.56977244394205],[-46.422330683079835,-23.56977244394205],[-46.422330683079835,-23.569837604583686],[-46.422330683079835,-23.569902765225322],[-46.42237680298369,-23.569902765225322],[-46.42237680298369,-23.56996792586696],[-46.42242292288755,-23.56996792586696],[-46.42237680298369,-23.56996792586696],[-46.422330683079835,-23.570033086508595],[-46.42237680298369,-23.570033086508595],[-46.42242292288755,-23.570163407791863],[-46.42246904279141,-23.570293729075136],[-46.42251516269527,-23.570358889716772],[-46.422561282599126,-23.570424050358408],[-46.422561282599126,-23.570489211000044],[-46.422561282599126,-23.57055437164168],[-46.42260740250298,-23.570619532283317],[-46.42265352240684,-23.57074985356659],[-46.42265352240684,-23.570815014208222],[-46.422745762214554,-23.570880174849858],[-46.42279188211841,-23.570945335491494],[-46.422838002022274,-23.571075656774767],[-46.42288412192613,-23.571140817416403],[-46.42288412192613,-23.57120597805804],[-46.42293024182999,-23.571271138699675],[-46.422976361733845,-23.57133629934131],[-46.4230224816377,-23.57133629934131],[-46.42306860154156,-23.571401459982948],[-46.423114721445415,-23.571466620624584],[-46.42316084134927,-23.571531781266216],[-46.423206961253136,-23.571596941907853],[-46.42329920106085,-23.57166210254949],[-46.423575920484,-23.57179242383276],[-46.42371428019557,-23.57198790575767],[-46.423760400099425,-23.572118227040942],[-46.423760400099425,-23.572313708965847],[-46.42371428019557,-23.572378869607483],[-46.423529800580134,-23.572639512174028],[-46.42334532096471,-23.572965315382206],[-46.42325308115699,-23.573095636665478],[-46.42316084134927,-23.57322595794875],[-46.42316084134927,-23.573291118590387],[-46.423114721445415,-23.573291118590387],[-46.42306860154156,-23.57342143987366],[-46.42306860154156,-23.573486600515295],[-46.4230224816377,-23.573486600515295],[-46.422976361733845,-23.573551761156928],[-46.42293024182999,-23.573616921798564],[-46.42288412192613,-23.5736820824402],[-46.42288412192613,-23.573812403723473],[-46.422838002022274,-23.57387756436511],[-46.422745762214554,-23.57387756436511],[-46.42265352240684,-23.57400788564838],[-46.42260740250298,-23.574073046290017],[-46.422561282599126,-23.574138206931654],[-46.42246904279141,-23.574203367573286],[-46.42242292288755,-23.574203367573286],[-46.422330683079835,-23.574268528214922],[-46.42223844327212,-23.574268528214922],[-46.42214620346441,-23.57433368885656],[-46.42200784375283,-23.574398849498195],[-46.421915603945116,-23.57446401013983],[-46.42186948404126,-23.574529170781467],[-46.421777244233546,-23.574594331423103],[-46.42173112432968,-23.57465949206474],[-46.42163888452197,-23.574724652706376],[-46.42159276461811,-23.574724652706376],[-46.42145440490654,-23.574854973989645],[-46.42136216509882,-23.57492013463128],[-46.42122380538725,-23.574985295272917],[-46.42117768548339,-23.57511561655619],[-46.42108544567568,-23.575180777197826],[-46.42108544567568,-23.575245937839462],[-46.42099320586796,-23.575311098481098],[-46.4209470859641,-23.575376259122734],[-46.420900966060245,-23.575376259122734],[-46.420762606348674,-23.57557174104764],[-46.42071648644482,-23.57557174104764],[-46.42067036654096,-23.575636901689276],[-46.4206242466371,-23.575636901689276],[-46.42057812673324,-23.575636901689276],[-46.42053200682938,-23.57570206233091],[-46.420485886925526,-23.57570206233091],[-46.42039364711781,-23.57570206233091],[-46.4203014073101,-23.57570206233091],[-46.420255287406235,-23.57570206233091],[-46.42020916750238,-23.575767222972548],[-46.42016304759852,-23.575767222972548],[-46.420116927694664,-23.575767222972548],[-46.42007080779081,-23.575767222972548],[-46.419840208271516,-23.57589754425582],[-46.41979408836766,-23.57589754425582],[-46.41979408836766,-23.575832383614184],[-46.4197479684638,-23.575832383614184],[-46.419701848559946,-23.57589754425582],[-46.41965572865609,-23.57589754425582],[-46.41960960875223,-23.575962704897456],[-46.41951736894451,-23.575962704897456],[-46.41951736894451,-23.576027865539093],[-46.419471249040654,-23.576027865539093],[-46.4194251291368,-23.57609302618073],[-46.41937900923294,-23.576158186822365],[-46.419056169905936,-23.576158186822365],[-46.41901005000208,-23.576223347463998],[-46.418917810194365,-23.576288508105634],[-46.41887169029051,-23.576288508105634],[-46.41882557038665,-23.57635366874727],[-46.41877945048279,-23.57635366874727],[-46.41864109077122,-23.57635366874727],[-46.41864109077122,-23.576418829388906],[-46.41859497086736,-23.576418829388906],[-46.418548850963504,-23.576418829388906],[-46.418548850963504,-23.57635366874727],[-46.41850273105965,-23.57635366874727],[-46.41850273105965,-23.576288508105634],[-46.41845661115579,-23.576223347463998],[-46.418410491251926,-23.576158186822365],[-46.41836437134807,-23.576158186822365],[-46.41831825144421,-23.576158186822365],[-46.418272131540355,-23.576158186822365],[-46.4182260116365,-23.576158186822365],[-46.41817989173264,-23.576158186822365],[-46.41817989173264,-23.57609302618073],[-46.418133771828785,-23.57609302618073],[-46.41808765192493,-23.576027865539093],[-46.41808765192493,-23.575962704897456],[-46.418041532021064,-23.575962704897456],[-46.418041532021064,-23.57589754425582],[-46.41799541211721,-23.57589754425582],[-46.41794929221335,-23.575832383614184],[-46.417903172309494,-23.575832383614184],[-46.41785705240564,-23.575767222972548],[-46.41785705240564,-23.575832383614184],[-46.41785705240564,-23.57589754425582],[-46.41785705240564,-23.575962704897456],[-46.41785705240564,-23.576027865539093],[-46.41785705240564,-23.57609302618073],[-46.417903172309494,-23.576158186822365],[-46.41794929221335,-23.576158186822365],[-46.41799541211721,-23.576158186822365],[-46.41799541211721,-23.576223347463998],[-46.418041532021064,-23.576223347463998],[-46.41808765192493,-23.576223347463998],[-46.41808765192493,-23.576288508105634],[-46.418133771828785,-23.576288508105634],[-46.418133771828785,-23.57635366874727],[-46.41808765192493,-23.57635366874727],[-46.41808765192493,-23.576418829388906],[-46.418041532021064,-23.576418829388906],[-46.418041532021064,-23.576483990030543],[-46.41799541211721,-23.576483990030543],[-46.41794929221335,-23.576483990030543],[-46.41794929221335,-23.57654915067218],[-46.417903172309494,-23.576614311313815],[-46.417903172309494,-23.57667947195545],[-46.417903172309494,-23.576744632597087],[-46.41785705240564,-23.576744632597087],[-46.41785705240564,-23.576809793238724],[-46.41781093250178,-23.576874953880356],[-46.41781093250178,-23.576940114521992],[-46.41776481259792,-23.57700527516363],[-46.417718692694066,-23.577070435805265],[-46.417718692694066,-23.5771355964469],[-46.4176725727902,-23.5771355964469],[-46.417626452886346,-23.577200757088537],[-46.41758033298249,-23.577200757088537],[-46.41758033298249,-23.577265917730173],[-46.41753421307863,-23.577265917730173],[-46.417488093174775,-23.57733107837181],[-46.41744197327092,-23.57733107837181],[-46.41739585336706,-23.57733107837181],[-46.417349733463205,-23.57733107837181],[-46.41730361355934,-23.577396239013446],[-46.417257493655484,-23.577396239013446],[-46.417257493655484,-23.577461399655082],[-46.41721137375163,-23.577461399655082],[-46.41716525384777,-23.577526560296718],[-46.41711913394391,-23.57759172093835],[-46.41707301404006,-23.57759172093835],[-46.41707301404006,-23.577656881579987],[-46.4170268941362,-23.577656881579987],[-46.41698077423234,-23.577656881579987],[-46.41698077423234,-23.577722042221623],[-46.41693465432848,-23.577722042221623],[-46.41688853442462,-23.577722042221623],[-46.41688853442462,-23.57778720286326],[-46.41693465432848,-23.57778720286326],[-46.41693465432848,-23.577852363504896],[-46.41688853442462,-23.57791752414653],[-46.41688853442462,-23.577982684788168],[-46.416842414520765,-23.577982684788168],[-46.41679629461691,-23.577982684788168],[-46.41679629461691,-23.578047845429804],[-46.41675017471305,-23.578047845429804],[-46.416704054809195,-23.578047845429804],[-46.41665793490534,-23.578047845429804],[-46.416611815001474,-23.577982684788168],[-46.41656569509762,-23.577982684788168],[-46.41651957519376,-23.57791752414653],[-46.4164734552899,-23.57791752414653],[-46.41642733538605,-23.57791752414653],[-46.41638121548219,-23.577982684788168],[-46.41642733538605,-23.577982684788168],[-46.41642733538605,-23.578047845429804],[-46.41642733538605,-23.57811300607144],[-46.41642733538605,-23.578178166713077],[-46.41638121548219,-23.578178166713077],[-46.41638121548219,-23.57824332735471],[-46.41638121548219,-23.578308487996345],[-46.41633509557833,-23.578308487996345],[-46.416288975674476,-23.57837364863798],[-46.41624285577061,-23.578438809279618],[-46.41624285577061,-23.578503969921254],[-46.416196735866755,-23.578503969921254],[-46.416196735866755,-23.57856913056289],[-46.416196735866755,-23.578634291204526],[-46.4161506159629,-23.578634291204526],[-46.4161506159629,-23.578699451846163],[-46.4161506159629,-23.5787646124878],[-46.41610449605904,-23.578829773129435],[-46.416058376155185,-23.578894933771068],[-46.41610449605904,-23.578960094412704],[-46.41610449605904,-23.57902525505434],[-46.416058376155185,-23.57902525505434],[-46.416058376155185,-23.579090415695976],[-46.41601225625133,-23.579155576337612],[-46.41596613634747,-23.57922073697925],[-46.41596613634747,-23.579285897620885],[-46.41596613634747,-23.57935105826252],[-46.415920016443614,-23.579481379545793],[-46.415920016443614,-23.579546540187426],[-46.41587389653975,-23.579611700829062],[-46.41587389653975,-23.5796768614707],[-46.41587389653975,-23.579742022112335],[-46.41582777663589,-23.579742022112335],[-46.41587389653975,-23.57980718275397],[-46.41587389653975,-23.579872343395607],[-46.41587389653975,-23.579937504037243],[-46.41582777663589,-23.58000266467888],[-46.41587389653975,-23.580067825320516],[-46.415920016443614,-23.580067825320516],[-46.41596613634747,-23.580067825320516],[-46.41596613634747,-23.580132985962152],[-46.41596613634747,-23.580198146603788],[-46.41596613634747,-23.58026330724542],[-46.415920016443614,-23.580328467887057],[-46.41596613634747,-23.580393628528693],[-46.41601225625133,-23.58045878917033],[-46.41601225625133,-23.580523949811965],[-46.41601225625133,-23.5805891104536],[-46.41601225625133,-23.580654271095238],[-46.41601225625133,-23.580719431736874],[-46.41601225625133,-23.58078459237851],[-46.41601225625133,-23.580849753020146],[-46.41601225625133,-23.58091491366178],[-46.41601225625133,-23.580980074303415],[-46.41601225625133,-23.58104523494505],[-46.41596613634747,-23.581110395586688],[-46.41596613634747,-23.581175556228324],[-46.41596613634747,-23.58124071686996],[-46.41596613634747,-23.581305877511596],[-46.41596613634747,-23.581371038153232],[-46.41596613634747,-23.58143619879487],[-46.41596613634747,-23.581501359436505],[-46.41596613634747,-23.581566520078137],[-46.41596613634747,-23.581631680719774],[-46.41601225625133,-23.581631680719774],[-46.41601225625133,-23.58169684136141],[-46.41596613634747,-23.581762002003046],[-46.415920016443614,-23.581827162644682],[-46.415920016443614,-23.58189232328632],[-46.41587389653975,-23.581957483927955],[-46.41578165673204,-23.58202264456959],[-46.41568941692432,-23.582152965852863],[-46.415643297020466,-23.582087805211227],[-46.41555105721275,-23.58202264456959],[-46.41550493730889,-23.58202264456959],[-46.41545881740503,-23.58202264456959],[-46.41545881740503,-23.582087805211227],[-46.41545881740503,-23.582152965852863],[-46.415412697501175,-23.582283287136132],[-46.415412697501175,-23.58234844777777],[-46.415412697501175,-23.582413608419404],[-46.415412697501175,-23.58247876906104],[-46.415412697501175,-23.582543929702677],[-46.415412697501175,-23.582609090344313],[-46.415412697501175,-23.58267425098595],[-46.41536657759732,-23.582739411627585],[-46.41532045769346,-23.582739411627585],[-46.41532045769346,-23.58280457226922],[-46.41522821788575,-23.583195536119035],[-46.41522821788575,-23.58326069676067],[-46.41522821788575,-23.583391018043944],[-46.41522821788575,-23.58345617868558],[-46.41522821788575,-23.58358649996885],[-46.41518209798189,-23.583651660610485],[-46.41518209798189,-23.583781981893758],[-46.41518209798189,-23.583847142535394],[-46.41518209798189,-23.58391230317703],[-46.41518209798189,-23.583977463818666],[-46.41513597807803,-23.584303267026844],[-46.41513597807803,-23.584433588310116],[-46.41513597807803,-23.584498748951752],[-46.41513597807803,-23.584629070235025],[-46.41508985817417,-23.58469423087666],[-46.41508985817417,-23.584824552159933],[-46.41508985817417,-23.584954873443202],[-46.41508985817417,-23.585020034084838],[-46.41508985817417,-23.58515035536811],[-46.41504373827031,-23.585215516009747],[-46.41504373827031,-23.585280676651383],[-46.41504373827031,-23.585410997934655],[-46.41504373827031,-23.58547615857629],[-46.41504373827031,-23.58560647985956],[-46.414997618366456,-23.58580196178447],[-46.414997618366456,-23.585997443709378],[-46.414997618366456,-23.586062604351014],[-46.414997618366456,-23.586192925634286],[-46.414997618366456,-23.58625808627592],[-46.414997618366456,-23.586323246917555],[-46.414997618366456,-23.58638840755919],[-46.414997618366456,-23.586453568200827],[-46.414997618366456,-23.5865838894841],[-46.414997618366456,-23.586649050125736],[-46.414997618366456,-23.58677937140901],[-46.41504373827031,-23.58690969269228],[-46.41504373827031,-23.586974853333913],[-46.41504373827031,-23.58704001397555],[-46.41508985817417,-23.587235495900458],[-46.41508985817417,-23.587300656542094],[-46.41508985817417,-23.58736581718373],[-46.41513597807803,-23.58736581718373],[-46.41513597807803,-23.587496138467003],[-46.41513597807803,-23.58756129910864],[-46.41518209798189,-23.587626459750272],[-46.41518209798189,-23.587756781033544],[-46.41518209798189,-23.58782194167518],[-46.41522821788575,-23.587887102316817],[-46.41522821788575,-23.58801742360009],[-46.415274337789604,-23.58814774488336],[-46.41532045769346,-23.588343226808266],[-46.41532045769346,-23.58847354809154],[-46.41532045769346,-23.588538708733175],[-46.41536657759732,-23.58860386937481],[-46.41536657759732,-23.588669030016447],[-46.415412697501175,-23.588734190658084],[-46.41545881740503,-23.58879935129972],[-46.41550493730889,-23.588864511941356],[-46.41555105721275,-23.588994833224625],[-46.41559717711661,-23.588994833224625],[-46.415643297020466,-23.58905999386626],[-46.41568941692432,-23.589125154507897],[-46.41573553682818,-23.589190315149533],[-46.41578165673204,-23.589190315149533],[-46.41582777663589,-23.58925547579117],[-46.41587389653975,-23.58925547579117],[-46.415920016443614,-23.589320636432806],[-46.41596613634747,-23.589385797074442],[-46.416058376155185,-23.58945095771608],[-46.41610449605904,-23.58945095771608],[-46.41610449605904,-23.589516118357714],[-46.416196735866755,-23.589516118357714],[-46.416288975674476,-23.58958127899935],[-46.41633509557833,-23.589646439640983],[-46.41642733538605,-23.58971160028262],[-46.4164734552899,-23.589776760924256],[-46.41651957519376,-23.589776760924256],[-46.41656569509762,-23.589841921565892],[-46.416611815001474,-23.589841921565892],[-46.416611815001474,-23.589907082207528],[-46.41665793490534,-23.589972242849164],[-46.416704054809195,-23.5900374034908],[-46.41675017471305,-23.5900374034908],[-46.41679629461691,-23.590102564132437],[-46.41679629461691,-23.590167724774073],[-46.416842414520765,-23.590167724774073],[-46.416842414520765,-23.59023288541571],[-46.416842414520765,-23.59029804605734],[-46.41688853442462,-23.590428367340614],[-46.41693465432848,-23.590558688623886],[-46.41698077423234,-23.59068900990716],[-46.4170268941362,-23.59081933119043],[-46.41707301404006,-23.590949652473704],[-46.41711913394391,-23.591014813115336],[-46.41711913394391,-23.591079973756973],[-46.41716525384777,-23.59114513439861],[-46.41716525384777,-23.591210295040245],[-46.41721137375163,-23.591210295040245],[-46.41721137375163,-23.591340616323517],[-46.417257493655484,-23.591405776965154],[-46.417257493655484,-23.59147093760679],[-46.41730361355934,-23.591536098248426],[-46.417349733463205,-23.591536098248426],[-46.417349733463205,-23.591601258890062],[-46.41739585336706,-23.591666419531695],[-46.41744197327092,-23.59173158017333],[-46.417488093174775,-23.591796740814967],[-46.41753421307863,-23.591861901456603],[-46.417626452886346,-23.59192706209824],[-46.417626452886346,-23.591992222739876],[-46.4176725727902,-23.592057383381512],[-46.417718692694066,-23.592122544023148],[-46.41776481259792,-23.592187704664784],[-46.41781093250178,-23.59225286530642],[-46.41785705240564,-23.592318025948053],[-46.417903172309494,-23.59238318658969],[-46.41799541211721,-23.592448347231326],[-46.418041532021064,-23.59251350787296],[-46.41808765192493,-23.592578668514598],[-46.418133771828785,-23.592643829156234],[-46.41817989173264,-23.59270898979787],[-46.4182260116365,-23.592774150439507],[-46.4182260116365,-23.59270898979787],[-46.418272131540355,-23.59270898979787],[-46.41836437134807,-23.59270898979787],[-46.418410491251926,-23.592643829156234],[-46.41845661115579,-23.592643829156234],[-46.41850273105965,-23.592578668514598],[-46.418548850963504,-23.592578668514598],[-46.41859497086736,-23.592578668514598],[-46.41864109077122,-23.592578668514598],[-46.41873333057893,-23.592578668514598],[-46.41877945048279,-23.59251350787296],[-46.41882557038665,-23.59251350787296],[-46.41882557038665,-23.592448347231326],[-46.41882557038665,-23.59238318658969],[-46.41887169029051,-23.592318025948053],[-46.418917810194365,-23.592318025948053],[-46.41901005000208,-23.592318025948053],[-46.419056169905936,-23.592318025948053],[-46.41914840971365,-23.59238318658969],[-46.41919452961751,-23.59238318658969],[-46.41924064952137,-23.59238318658969],[-46.41928676942523,-23.59238318658969],[-46.41937900923294,-23.59238318658969],[-46.4194251291368,-23.59238318658969],[-46.41951736894451,-23.59238318658969],[-46.41960960875223,-23.59238318658969],[-46.41965572865609,-23.592318025948053],[-46.419701848559946,-23.59225286530642],[-46.4197479684638,-23.59225286530642],[-46.41979408836766,-23.592187704664784],[-46.41988632817537,-23.592122544023148],[-46.419978567983094,-23.592122544023148],[-46.42007080779081,-23.592057383381512],[-46.42020916750238,-23.592057383381512],[-46.4203014073101,-23.592057383381512],[-46.42039364711781,-23.592057383381512],[-46.420485886925526,-23.592057383381512],[-46.42053200682938,-23.592122544023148],[-46.42053200682938,-23.592187704664784],[-46.42053200682938,-23.59225286530642],[-46.42057812673324,-23.59225286530642],[-46.4206242466371,-23.592318025948053],[-46.42067036654096,-23.592318025948053],[-46.42071648644482,-23.59238318658969],[-46.420762606348674,-23.592448347231326],[-46.420900966060245,-23.592448347231326],[-46.4209470859641,-23.592448347231326],[-46.42099320586796,-23.592448347231326],[-46.42103932577182,-23.592448347231326],[-46.421131565579536,-23.59251350787296],[-46.42117768548339,-23.592578668514598],[-46.42122380538725,-23.592578668514598],[-46.42126992529111,-23.592643829156234],[-46.42131604519496,-23.592643829156234],[-46.42136216509882,-23.592643829156234],[-46.421408285002684,-23.592643829156234],[-46.42145440490654,-23.592643829156234],[-46.4215005248104,-23.592643829156234],[-46.421546644714255,-23.59270898979787],[-46.42163888452197,-23.592774150439507],[-46.421685004425825,-23.592774150439507],[-46.421685004425825,-23.592839311081143],[-46.42173112432968,-23.592839311081143],[-46.421777244233546,-23.592839311081143],[-46.4218233641374,-23.59290447172278],[-46.421915603945116,-23.59290447172278],[-46.42196172384897,-23.592969632364415],[-46.42200784375283,-23.592969632364415],[-46.42210008356055,-23.593034793006048],[-46.42214620346441,-23.593034793006048],[-46.422192323368265,-23.593034793006048],[-46.42223844327212,-23.593099953647684],[-46.42228456317598,-23.593099953647684],[-46.422330683079835,-23.593099953647684],[-46.42237680298369,-23.593099953647684],[-46.42242292288755,-23.593099953647684],[-46.42246904279141,-23.593099953647684],[-46.422561282599126,-23.593099953647684],[-46.42260740250298,-23.593099953647684],[-46.4226996423107,-23.593099953647684],[-46.422745762214554,-23.59316511428932],[-46.422838002022274,-23.593230274930956],[-46.42288412192613,-23.593230274930956],[-46.422976361733845,-23.593230274930956],[-46.42306860154156,-23.593295435572593],[-46.42316084134927,-23.593295435572593],[-46.42329920106085,-23.593295435572593],[-46.42334532096471,-23.59336059621423],[-46.42348368067628,-23.59336059621423],[-46.423575920484,-23.593295435572593],[-46.42366816029171,-23.593295435572593],[-46.423760400099425,-23.59336059621423],[-46.42380652000328,-23.59336059621423],[-46.42385263990714,-23.59336059621423],[-46.423898759810996,-23.59336059621423],[-46.42399099961872,-23.59336059621423],[-46.42403711952257,-23.593425756855865],[-46.42408323942643,-23.593425756855865],[-46.424175479234144,-23.593425756855865],[-46.42426771904186,-23.593425756855865],[-46.42431383894572,-23.5934909174975],[-46.424406078753435,-23.5934909174975],[-46.42449831856115,-23.5934909174975],[-46.42459055836886,-23.5934909174975],[-46.42463667827272,-23.5934909174975],[-46.42468279817658,-23.5934909174975],[-46.4247750379843,-23.5934909174975],[-46.42486727779201,-23.593425756855865],[-46.42491339769587,-23.593425756855865],[-46.424959517599724,-23.593425756855865],[-46.42500563750358,-23.5934909174975],[-46.4250978773113,-23.593425756855865],[-46.425328476830586,-23.5934909174975],[-46.42537459673444,-23.5934909174975],[-46.425466836542164,-23.5934909174975],[-46.42551295644602,-23.5934909174975],[-46.42555907634988,-23.593556078139137],[-46.42569743606145,-23.593556078139137],[-46.425743555965305,-23.593556078139137],[-46.425835795773025,-23.593556078139137],[-46.42588191567688,-23.5934909174975],[-46.42592803558074,-23.5934909174975],[-46.42602027538845,-23.5934909174975],[-46.426112515196166,-23.5934909174975],[-46.42620475500389,-23.593425756855865],[-46.4262969948116,-23.593425756855865],[-46.42634311471546,-23.593425756855865],[-46.42643535452317,-23.5934909174975],[-46.42652759433089,-23.5934909174975],[-46.426619834138606,-23.593556078139137],[-46.42671207394632,-23.593621238780774],[-46.426758193850176,-23.593621238780774],[-46.42680431375403,-23.593621238780774],[-46.42685043365789,-23.593686399422406],[-46.42694267346561,-23.593751560064042],[-46.427034913273324,-23.593751560064042],[-46.427034913273324,-23.59381672070568],[-46.42712715308104,-23.59381672070568],[-46.42721939288876,-23.59381672070568],[-46.427265512792616,-23.59381672070568],[-46.42731163269647,-23.593881881347315],[-46.42735775260033,-23.593881881347315],[-46.427403872504186,-23.593881881347315],[-46.42744999240804,-23.59394704198895],[-46.4274961123119,-23.59394704198895],[-46.42754223221576,-23.59394704198895],[-46.42758835211962,-23.594012202630587],[-46.427680591927334,-23.594012202630587],[-46.42772671183119,-23.594077363272223],[-46.42777283173505,-23.594077363272223],[-46.427818951638905,-23.594077363272223],[-46.42791119144662,-23.59414252391386],[-46.42795731135048,-23.59414252391386],[-46.428049551158196,-23.59414252391386],[-46.42814179096591,-23.594207684555496],[-46.42823403077362,-23.594272845197132],[-46.42828015067748,-23.594272845197132],[-46.428326270581344,-23.594272845197132],[-46.4283723904852,-23.594338005838765],[-46.42841851038906,-23.594338005838765],[-46.42851075019677,-23.5944031664804],[-46.428602990004485,-23.5944031664804],[-46.42864910990834,-23.5944031664804],[-46.428695229812206,-23.594468327122037],[-46.42878746961992,-23.594468327122037],[-46.42887970942763,-23.594533487763673],[-46.42892582933149,-23.594533487763673],[-46.429018069139204,-23.594533487763673],[-46.429110308946925,-23.59459864840531],[-46.42920254875464,-23.594663809046946],[-46.42929478856235,-23.594663809046946],[-46.429387028370066,-23.594728969688582],[-46.429479268177786,-23.594728969688582],[-46.42952538808164,-23.594728969688582],[-46.4295715079855,-23.594728969688582],[-46.429663747793214,-23.594728969688582],[-46.42970986769707,-23.594728969688582],[-46.42975598760093,-23.594728969688582],[-46.42975598760093,-23.594794130330218],[-46.42980210750479,-23.594794130330218],[-46.42984822740865,-23.594794130330218],[-46.42994046721636,-23.594859290971854],[-46.42998658712022,-23.594859290971854],[-46.430032707024075,-23.594859290971854],[-46.43007882692793,-23.594859290971854],[-46.43017106673565,-23.594794130330218],[-46.43021718663951,-23.594794130330218],[-46.43026330654337,-23.594794130330218],[-46.43026330654337,-23.594728969688582],[-46.43035554635108,-23.594663809046946],[-46.43040166625494,-23.594663809046946],[-46.43040166625494,-23.59459864840531],[-46.430447786158794,-23.59459864840531],[-46.43049390606265,-23.59459864840531],[-46.43049390606265,-23.594663809046946],[-46.430540025966515,-23.594663809046946],[-46.43058614587037,-23.594663809046946],[-46.43063226577423,-23.594663809046946],[-46.430678385678085,-23.594663809046946],[-46.43072450558194,-23.594663809046946],[-46.43072450558194,-23.59459864840531],[-46.430816745389656,-23.59459864840531],[-46.430816745389656,-23.594533487763673],[-46.43086286529351,-23.594533487763673],[-46.43086286529351,-23.594468327122037],[-46.43086286529351,-23.5944031664804],[-46.430816745389656,-23.5944031664804],[-46.430816745389656,-23.594338005838765],[-46.43086286529351,-23.594272845197132],[-46.43086286529351,-23.594207684555496],[-46.43090898519738,-23.594207684555496],[-46.43095510510123,-23.59414252391386],[-46.43095510510123,-23.594077363272223],[-46.43095510510123,-23.594012202630587],[-46.43100122500509,-23.59394704198895],[-46.43104734490895,-23.59394704198895],[-46.431093464812804,-23.59394704198895],[-46.43113958471666,-23.59394704198895],[-46.43118570462052,-23.59394704198895],[-46.431231824524374,-23.59394704198895],[-46.431324064332095,-23.59394704198895],[-46.43141630413981,-23.594012202630587],[-46.431462424043666,-23.594012202630587],[-46.43150854394752,-23.594012202630587],[-46.43155466385138,-23.594012202630587],[-46.431600783755236,-23.594077363272223],[-46.4316469036591,-23.594077363272223],[-46.43169302356296,-23.59414252391386],[-46.431739143466814,-23.594207684555496],[-46.43178526337067,-23.594272845197132],[-46.43178526337067,-23.594338005838765],[-46.43178526337067,-23.5944031664804],[-46.43178526337067,-23.594468327122037],[-46.43183138327453,-23.594533487763673],[-46.43183138327453,-23.59459864840531],[-46.431877503178384,-23.59459864840531],[-46.43192362308224,-23.59459864840531],[-46.4319697429861,-23.59459864840531],[-46.43201586288996,-23.594533487763673],[-46.43206198279382,-23.594533487763673],[-46.432108102697676,-23.594533487763673],[-46.43215422260153,-23.594533487763673],[-46.43215422260153,-23.594468327122037],[-46.43220034250539,-23.594468327122037],[-46.432246462409246,-23.594468327122037],[-46.4322925823131,-23.594468327122037],[-46.43233870221697,-23.594468327122037],[-46.432384822120824,-23.594468327122037],[-46.432384822120824,-23.5944031664804],[-46.43243094202468,-23.5944031664804],[-46.43243094202468,-23.594338005838765],[-46.43247706192854,-23.594338005838765],[-46.432523181832394,-23.594272845197132],[-46.43256930173625,-23.594272845197132],[-46.43261542164011,-23.594207684555496],[-46.43270766144783,-23.59414252391386],[-46.432753781351686,-23.59414252391386],[-46.43279990125554,-23.59414252391386],[-46.4328460211594,-23.594077363272223],[-46.432892141063256,-23.594077363272223],[-46.43293826096711,-23.594077363272223],[-46.43293826096711,-23.594012202630587],[-46.43298438087097,-23.594012202630587],[-46.43303050077483,-23.594012202630587],[-46.43307662067869,-23.594012202630587],[-46.43312274058255,-23.594012202630587],[-46.433168860486404,-23.594012202630587],[-46.433168860486404,-23.59394704198895],[-46.43321498039026,-23.59394704198895],[-46.433307220197975,-23.593881881347315],[-46.43335334010183,-23.59381672070568],[-46.43339946000569,-23.59381672070568],[-46.43349169981341,-23.593751560064042],[-46.433537819717266,-23.593751560064042],[-46.43363005952498,-23.593751560064042],[-46.43376841923655,-23.593751560064042],[-46.43386065904427,-23.593751560064042],[-46.43399901875584,-23.59381672070568],[-46.43413737846741,-23.59381672070568],[-46.434183498371276,-23.59381672070568],[-46.434321858082846,-23.59381672070568],[-46.4343679779867,-23.59381672070568],[-46.43446021779442,-23.59381672070568],[-46.43464469740985,-23.593881881347315],[-46.43469081731371,-23.593881881347315],[-46.434736937217565,-23.593881881347315],[-46.43482917702528,-23.59394704198895],[-46.434921416833,-23.59394704198895],[-46.43501365664071,-23.59394704198895],[-46.43505977654457,-23.594012202630587],[-46.43519813625614,-23.594012202630587],[-46.43524425616,-23.594012202630587],[-46.43533649596772,-23.594012202630587],[-46.43547485567929,-23.59394704198895],[-46.435567095487,-23.59394704198895],[-46.43570545519858,-23.593881881347315],[-46.43575157510244,-23.59381672070568],[-46.43579769500629,-23.59381672070568],[-46.43584381491015,-23.593751560064042],[-46.43588993481401,-23.593686399422406],[-46.43588993481401,-23.593621238780774],[-46.43598217462172,-23.593556078139137],[-46.43607441442944,-23.5934909174975],[-46.436166654237155,-23.59336059621423],[-46.43621277414101,-23.593295435572593],[-46.436305013948726,-23.593230274930956],[-46.43635113385258,-23.593230274930956],[-46.4364433736603,-23.59316511428932],[-46.43648949356416,-23.59316511428932],[-46.436581733371874,-23.593099953647684],[-46.43662785327573,-23.593099953647684],[-46.43667397317959,-23.593099953647684],[-46.436720093083444,-23.593099953647684],[-46.43676621298731,-23.593099953647684],[-46.436812332891165,-23.59316511428932],[-46.43685845279502,-23.59316511428932],[-46.43690457269888,-23.593230274930956],[-46.436950692602736,-23.593230274930956],[-46.43699681250659,-23.593295435572593],[-46.43704293241045,-23.593295435572593],[-46.437089052314306,-23.59336059621423],[-46.437089052314306,-23.593425756855865],[-46.43713517221817,-23.5934909174975],[-46.43713517221817,-23.593556078139137],[-46.43718129212203,-23.593556078139137],[-46.437227412025884,-23.593621238780774],[-46.4373196518336,-23.593621238780774],[-46.437365771737454,-23.593621238780774],[-46.43741189164131,-23.593686399422406],[-46.43750413144903,-23.593686399422406],[-46.43755025135289,-23.593621238780774],[-46.4376424911606,-23.593621238780774],[-46.43768861106446,-23.593621238780774],[-46.43782697077604,-23.593621238780774],[-46.43787309067989,-23.593621238780774],[-46.43810369019918,-23.593556078139137],[-46.438149810103035,-23.593556078139137],[-46.4381959300069,-23.593556078139137],[-46.438242049910755,-23.5934909174975],[-46.43828816981461,-23.5934909174975],[-46.43833428971847,-23.5934909174975],[-46.438380409622326,-23.5934909174975],[-46.43842652952618,-23.593425756855865],[-46.43847264943004,-23.59336059621423],[-46.43856488923776,-23.59336059621423],[-46.43861100914162,-23.59336059621423],[-46.438657129045474,-23.593295435572593],[-46.43870324894933,-23.593295435572593],[-46.43874936885319,-23.593230274930956],[-46.438795488757044,-23.593230274930956],[-46.4388416086609,-23.59316511428932],[-46.43888772856476,-23.593099953647684],[-46.43893384846862,-23.593034793006048],[-46.43893384846862,-23.592969632364415],[-46.43897996837248,-23.592969632364415],[-46.43897996837248,-23.59290447172278],[-46.439026088276336,-23.59290447172278],[-46.43907220818019,-23.592839311081143],[-46.43911832808405,-23.592839311081143],[-46.439164447987906,-23.592839311081143],[-46.439164447987906,-23.592774150439507],[-46.43921056789176,-23.592774150439507],[-46.43925668779562,-23.59270898979787],[-46.439302807699484,-23.59270898979787],[-46.4393950475072,-23.592643829156234],[-46.4393950475072,-23.592578668514598],[-46.439441167411054,-23.592578668514598],[-46.439441167411054,-23.59251350787296],[-46.439441167411054,-23.592448347231326],[-46.439441167411054,-23.59238318658969],[-46.439441167411054,-23.592318025948053],[-46.439441167411054,-23.59225286530642],[-46.43948728731491,-23.592187704664784],[-46.43953340721877,-23.592122544023148],[-46.439579527122625,-23.592122544023148],[-46.439579527122625,-23.592057383381512],[-46.43962564702648,-23.592057383381512],[-46.439671766930346,-23.59192706209824],[-46.4397178868342,-23.591861901456603],[-46.43976400673806,-23.591796740814967],[-46.439810126641916,-23.59173158017333],[-46.43990236644963,-23.59173158017333],[-46.43994848635349,-23.59173158017333],[-46.43999460625734,-23.59173158017333],[-46.44004072616121,-23.59173158017333],[-46.440086846065064,-23.59173158017333],[-46.44017908587278,-23.591796740814967],[-46.440225205776635,-23.591861901456603],[-46.44027132568049,-23.591861901456603],[-46.440363565488205,-23.59192706209824],[-46.44040968539207,-23.59192706209824],[-46.440455805295926,-23.59192706209824],[-46.44050192519978,-23.59192706209824],[-46.44054804510364,-23.59192706209824],[-46.4405941650075,-23.59192706209824],[-46.44064028491135,-23.591861901456603],[-46.44068640481521,-23.591796740814967],[-46.44073252471907,-23.59173158017333],[-46.44073252471907,-23.591601258890062],[-46.44068640481521,-23.591601258890062],[-46.44068640481521,-23.591536098248426],[-46.44068640481521,-23.59147093760679],[-46.44068640481521,-23.591405776965154],[-46.44073252471907,-23.591405776965154],[-46.44077864462293,-23.591405776965154],[-46.44082476452679,-23.591340616323517],[-46.440870884430645,-23.591340616323517],[-46.4409170043345,-23.591340616323517],[-46.44096312423836,-23.591340616323517],[-46.441009244142215,-23.591340616323517],[-46.44105536404607,-23.591340616323517],[-46.44110148394993,-23.591340616323517],[-46.44114760385379,-23.591405776965154],[-46.44119372375765,-23.591405776965154],[-46.441239843661506,-23.59147093760679],[-46.44128596356536,-23.59147093760679],[-46.44133208346922,-23.59147093760679],[-46.44137820337308,-23.59147093760679],[-46.441424323276934,-23.59147093760679],[-46.44147044318079,-23.59147093760679],[-46.441516563084654,-23.59147093760679],[-46.44156268298851,-23.59147093760679],[-46.44160880289237,-23.59147093760679],[-46.44170104270008,-23.59147093760679],[-46.44174716260394,-23.59147093760679],[-46.441793282507795,-23.59147093760679],[-46.441885522315516,-23.59147093760679],[-46.441885522315516,-23.591536098248426],[-46.44197776212323,-23.591536098248426],[-46.44202388202709,-23.591536098248426],[-46.442070001930944,-23.591536098248426],[-46.4421161218348,-23.591536098248426],[-46.44216224173866,-23.591536098248426],[-46.442208361642514,-23.591536098248426],[-46.44225448154638,-23.591536098248426],[-46.442300601450235,-23.591536098248426],[-46.44239284125795,-23.591536098248426],[-46.44239284125795,-23.591601258890062],[-46.442438961161805,-23.591601258890062],[-46.44248508106566,-23.591601258890062],[-46.442577320873376,-23.591666419531695],[-46.4426695606811,-23.59173158017333],[-46.44271568058495,-23.591796740814967],[-46.44276180048881,-23.591796740814967],[-46.44280792039267,-23.591796740814967],[-46.442854040296524,-23.591861901456603],[-46.44290016020038,-23.591861901456603],[-46.442946280104245,-23.591861901456603],[-46.442946280104245,-23.59192706209824],[-46.442946280104245,-23.591992222739876],[-46.442946280104245,-23.592057383381512],[-46.44290016020038,-23.592057383381512],[-46.44290016020038,-23.592122544023148],[-46.442854040296524,-23.592187704664784],[-46.442854040296524,-23.59225286530642],[-46.44280792039267,-23.592318025948053],[-46.442854040296524,-23.59238318658969],[-46.442854040296524,-23.592448347231326],[-46.44290016020038,-23.59251350787296],[-46.44290016020038,-23.592578668514598],[-46.44290016020038,-23.592643829156234],[-46.44290016020038,-23.59270898979787],[-46.44290016020038,-23.592774150439507],[-46.44290016020038,-23.592839311081143],[-46.44290016020038,-23.59290447172278],[-46.44290016020038,-23.592969632364415],[-46.442946280104245,-23.593034793006048],[-46.4429924000081,-23.593099953647684],[-46.44303851991196,-23.593099953647684],[-46.443084639815815,-23.59316511428932],[-46.44313075971967,-23.59316511428932],[-46.44317687962353,-23.59316511428932],[-46.443222999527386,-23.59316511428932],[-46.44326911943124,-23.59316511428932],[-46.44331523933511,-23.59316511428932],[-46.44331523933511,-23.593099953647684],[-46.44336135923896,-23.593099953647684],[-46.44336135923896,-23.593034793006048],[-46.44340747914282,-23.593034793006048],[-46.44345359904668,-23.592969632364415],[-46.443499718950534,-23.592969632364415],[-46.44354583885439,-23.592969632364415],[-46.443638078662104,-23.592969632364415],[-46.44368419856597,-23.59290447172278],[-46.44377643837368,-23.59290447172278],[-46.44382255827754,-23.59290447172278],[-46.443868678181396,-23.59290447172278],[-46.44396091798911,-23.592839311081143],[-46.44405315779683,-23.592839311081143],[-46.444145397604544,-23.592839311081143],[-46.4441915175084,-23.592839311081143],[-46.44423763741226,-23.592839311081143],[-46.44432987721997,-23.592774150439507],[-46.44442211702769,-23.592774150439507],[-46.444514356835406,-23.592774150439507],[-46.44469883645083,-23.592774150439507],[-46.44474495635469,-23.592774150439507],[-46.44483719616241,-23.592774150439507],[-46.44497555587398,-23.59270898979787],[-46.44502167577784,-23.59270898979787],[-46.445067795681695,-23.59270898979787],[-46.44511391558555,-23.59270898979787],[-46.44520615539327,-23.592774150439507],[-46.445298395200986,-23.592774150439507],[-46.4453906350087,-23.592839311081143],[-46.44552899472028,-23.59290447172278],[-46.44562123452799,-23.59290447172278],[-46.44566735443185,-23.592969632364415],[-46.445713474335705,-23.592969632364415],[-46.44575959423956,-23.593034793006048],[-46.44580571414342,-23.593034793006048],[-46.445851834047275,-23.593034793006048],[-46.44589795395114,-23.593099953647684],[-46.44599019375885,-23.593099953647684],[-46.44617467337428,-23.593099953647684],[-46.446359152989714,-23.59316511428932],[-46.44640527289357,-23.59316511428932],[-46.44645139279743,-23.593230274930956],[-46.446497512701285,-23.593230274930956],[-46.44663587241286,-23.593230274930956],[-46.446728112220576,-23.593230274930956],[-46.44677423212443,-23.593230274930956],[-46.44686647193215,-23.593230274930956],[-46.44695871173986,-23.593230274930956],[-46.447004831643724,-23.593230274930956],[-46.44709707145144,-23.593230274930956],[-46.44718931125915,-23.593230274930956],[-46.447281551066865,-23.59316511428932],[-46.4474660306823,-23.59316511428932],[-46.44751215058616,-23.59316511428932],[-46.44755827049001,-23.59316511428932],[-46.44760439039387,-23.59316511428932],[-46.44774275010545,-23.59316511428932],[-46.44783498991316,-23.59316511428932],[-46.447927229720875,-23.59316511428932],[-46.44801946952859,-23.593099953647684],[-46.44811170933631,-23.59316511428932],[-46.448434548663315,-23.593230274930956],[-46.44848066856717,-23.593230274930956],[-46.44875738799031,-23.593295435572593],[-46.44926470693275,-23.593425756855865],[-46.449356946740465,-23.593425756855865],[-46.44944918654818,-23.593425756855865],[-46.4495414263559,-23.593425756855865],[-46.449633666163614,-23.593425756855865],[-46.450002625394475,-23.593295435572593],[-46.45027934481762,-23.593295435572593],[-46.45037158462534,-23.593295435572593],[-46.45046382443305,-23.593295435572593],[-46.450556064240764,-23.593295435572593],[-46.45101726327935,-23.593295435572593],[-46.451201742894774,-23.593295435572593],[-46.45180130164493,-23.59336059621423],[-46.45189354145264,-23.59336059621423],[-46.4519396613565,-23.59336059621423],[-46.45207802106807,-23.59336059621423],[-46.45230862058736,-23.59336059621423],[-46.45244698029893,-23.593425756855865],[-46.452493100202794,-23.593425756855865],[-46.45253922010665,-23.593425756855865],[-46.45258534001051,-23.5934909174975],[-46.452631459914365,-23.5934909174975],[-46.45290817933751,-23.593621238780774],[-46.453184898760654,-23.593686399422406],[-46.45336937837609,-23.593751560064042],[-46.45350773808766,-23.59381672070568],[-46.45359997789538,-23.59381672070568],[-46.45369221770309,-23.593881881347315],[-46.45373833760695,-23.593881881347315],[-46.453922817222384,-23.593881881347315],[-46.454061176933955,-23.593881881347315],[-46.45415341674167,-23.593881881347315],[-46.45424565654938,-23.593881881347315],[-46.454291776453246,-23.593881881347315],[-46.45452237597253,-23.593881881347315],[-46.45466073568411,-23.59394704198895],[-46.45479909539568,-23.59394704198895],[-46.45479909539568,-23.594012202630587],[-46.454845215299535,-23.594012202630587],[-46.45493745510725,-23.594077363272223],[-46.454983575011106,-23.59414252391386],[-46.454983575011106,-23.594207684555496],[-46.45502969491497,-23.594272845197132],[-46.45502969491497,-23.594338005838765],[-46.45507581481883,-23.594338005838765],[-46.45512193472268,-23.5944031664804],[-46.45516805462654,-23.5944031664804],[-46.455260294434254,-23.594468327122037],[-46.45530641433811,-23.594468327122037],[-46.45539865414583,-23.594533487763673],[-46.45544477404969,-23.594533487763673],[-46.455490893953545,-23.594533487763673],[-46.4555370138574,-23.594533487763673],[-46.45558313376126,-23.594533487763673],[-46.455629253665116,-23.594533487763673],[-46.45567537356897,-23.594468327122037],[-46.45572149347283,-23.594468327122037],[-46.45572149347283,-23.5944031664804],[-46.45576761337669,-23.5944031664804],[-46.455905973088264,-23.594272845197132],[-46.45595209299212,-23.594272845197132],[-46.45599821289598,-23.594272845197132],[-46.456044332799834,-23.594272845197132],[-46.45609045270369,-23.594272845197132],[-46.456136572607555,-23.594207684555496],[-46.456136572607555,-23.594272845197132],[-46.45618269251141,-23.594272845197132],[-46.45622881241527,-23.594272845197132],[-46.456274932319126,-23.594338005838765],[-46.45632105222298,-23.5944031664804],[-46.45636717212684,-23.5944031664804],[-46.456413292030696,-23.5944031664804],[-46.45650553183842,-23.594468327122037],[-46.456551651742274,-23.594468327122037],[-46.45659777164613,-23.594468327122037],[-46.45659777164613,-23.594533487763673],[-46.45664389154999,-23.594533487763673],[-46.4567361313577,-23.59459864840531],[-46.456828371165415,-23.594663809046946],[-46.45687449106928,-23.594663809046946],[-46.45696673087699,-23.594728969688582],[-46.45701285078085,-23.594794130330218],[-46.45710509058856,-23.59492445161349],[-46.45715121049242,-23.594989612255127],[-46.457197330396276,-23.59505477289676],[-46.45724345030014,-23.59505477289676],[-46.457289570204,-23.595119933538395],[-46.45742792991557,-23.595250254821668],[-46.45752016972328,-23.595315415463304],[-46.457612409531,-23.595445736746576],[-46.45775076924257,-23.595510897388213],[-46.45779688914643,-23.59557605802985],[-46.457843009050286,-23.59557605802985],[-46.45788912895414,-23.595641218671485],[-46.457981368761864,-23.595706379313118],[-46.458119728473434,-23.595901861238026],[-46.45821196828115,-23.5960321825213],[-46.45830420808886,-23.59616250380457],[-46.458350327992726,-23.59616250380457],[-46.45844256780044,-23.596227664446207],[-46.458488687704296,-23.596292825087843],[-46.45858092751201,-23.596423146371112],[-46.45862704741587,-23.59648830701275],[-46.458765407127444,-23.59661862829602],[-46.458903766839015,-23.596748949579293],[-46.45899600664673,-23.59681411022093],[-46.45904212655059,-23.596879270862566],[-46.45908824645445,-23.596944431504202],[-46.459134366358306,-23.596944431504202],[-46.45931884597373,-23.59707475278747],[-46.45936496587759,-23.597139913429107],[-46.459411085781454,-23.597139913429107],[-46.459411085781454,-23.597205074070743],[-46.45945720568531,-23.59727023471238],[-46.45950332558917,-23.597335395354015],[-46.45945720568531,-23.59740055599565],[-46.459411085781454,-23.597465716637288],[-46.459411085781454,-23.597530877278924],[-46.45936496587759,-23.59759603792056],[-46.45936496587759,-23.597661198562196],[-46.45936496587759,-23.59772635920383],[-46.45936496587759,-23.597791519845465],[-46.459411085781454,-23.5978566804871],[-46.45945720568531,-23.5978566804871],[-46.45950332558917,-23.5978566804871],[-46.45973392510845,-23.5978566804871],[-46.45996452462774,-23.597921841128738],[-46.46014900424318,-23.597921841128738],[-46.46024124405089,-23.597921841128738],[-46.460333483858605,-23.597921841128738],[-46.460564083377896,-23.597921841128738],[-46.46061020328175,-23.597921841128738],[-46.46065632318561,-23.597921841128738],[-46.460748562993324,-23.5978566804871],[-46.46084080280104,-23.597791519845465],[-46.460979162512615,-23.597661198562196],[-46.461117522224185,-23.597465716637288],[-46.46125588193576,-23.59740055599565],[-46.46144036155119,-23.597335395354015],[-46.461532601358904,-23.597335395354015],[-46.46157872126276,-23.597335395354015],[-46.461624841166625,-23.597335395354015],[-46.46180932078205,-23.597335395354015],[-46.461901560589766,-23.59727023471238],[-46.46203992030134,-23.597139913429107],[-46.46213216010906,-23.597009592145838],[-46.462178280012914,-23.596879270862566],[-46.46222439991677,-23.59681411022093],[-46.46227051982063,-23.596748949579293],[-46.46236275962835,-23.596553467654385],[-46.462408879532205,-23.59648830701275],[-46.46236275962835,-23.596423146371112],[-46.462316639724484,-23.596292825087843],[-46.462316639724484,-23.59616250380457],[-46.46227051982063,-23.596097343162935],[-46.462178280012914,-23.595967021879662],[-46.462178280012914,-23.595901861238026],[-46.46213216010906,-23.595901861238026],[-46.46213216010906,-23.59583670059639],[-46.4620860402052,-23.59583670059639],[-46.4620860402052,-23.595771539954754],[-46.46203992030134,-23.595771539954754],[-46.46203992030134,-23.595706379313118],[-46.46199380039749,-23.595706379313118],[-46.46199380039749,-23.595641218671485],[-46.46194768049362,-23.595641218671485],[-46.46194768049362,-23.59557605802985],[-46.461901560589766,-23.59557605802985],[-46.461901560589766,-23.595510897388213],[-46.46185544068591,-23.595510897388213],[-46.46185544068591,-23.595445736746576],[-46.46180932078205,-23.595445736746576],[-46.461763200878195,-23.59538057610494],[-46.46171708097434,-23.59538057610494],[-46.46171708097434,-23.595315415463304],[-46.46167096107048,-23.595315415463304],[-46.46167096107048,-23.595250254821668],[-46.461624841166625,-23.595250254821668],[-46.46167096107048,-23.59518509418003],[-46.46167096107048,-23.595119933538395],[-46.46171708097434,-23.595119933538395],[-46.46171708097434,-23.59505477289676],[-46.461763200878195,-23.59505477289676],[-46.461763200878195,-23.594989612255127],[-46.46180932078205,-23.594989612255127],[-46.46180932078205,-23.59492445161349],[-46.46185544068591,-23.59492445161349],[-46.46185544068591,-23.594859290971854],[-46.461901560589766,-23.594859290971854],[-46.46194768049362,-23.594859290971854],[-46.46199380039749,-23.594859290971854],[-46.46203992030134,-23.594859290971854],[-46.46203992030134,-23.59492445161349],[-46.4620860402052,-23.59492445161349],[-46.46213216010906,-23.59492445161349],[-46.462178280012914,-23.59492445161349],[-46.46222439991677,-23.59492445161349],[-46.46227051982063,-23.59492445161349],[-46.462316639724484,-23.59492445161349],[-46.46236275962835,-23.59492445161349],[-46.46245499943606,-23.59492445161349],[-46.46250111933992,-23.59492445161349],[-46.462547239243776,-23.594859290971854],[-46.462547239243776,-23.594794130330218],[-46.46259335914763,-23.594728969688582],[-46.46259335914763,-23.594663809046946],[-46.46263947905149,-23.594663809046946],[-46.46263947905149,-23.59459864840531],[-46.46263947905149,-23.594533487763673],[-46.46259335914763,-23.594468327122037],[-46.462547239243776,-23.594468327122037],[-46.46250111933992,-23.594468327122037],[-46.46245499943606,-23.594468327122037],[-46.462408879532205,-23.594468327122037],[-46.46236275962835,-23.594468327122037],[-46.462316639724484,-23.594468327122037],[-46.46227051982063,-23.5944031664804],[-46.46222439991677,-23.5944031664804],[-46.462178280012914,-23.5944031664804],[-46.46213216010906,-23.594338005838765],[-46.46213216010906,-23.594272845197132],[-46.4620860402052,-23.594272845197132],[-46.4620860402052,-23.594207684555496],[-46.4620860402052,-23.59414252391386],[-46.46213216010906,-23.594077363272223],[-46.462178280012914,-23.594012202630587],[-46.46222439991677,-23.594012202630587],[-46.46227051982063,-23.594012202630587],[-46.462316639724484,-23.594012202630587],[-46.46236275962835,-23.594077363272223],[-46.462408879532205,-23.594077363272223],[-46.46245499943606,-23.594077363272223],[-46.46250111933992,-23.594077363272223],[-46.462547239243776,-23.594077363272223],[-46.462685598955346,-23.594012202630587],[-46.46273171885921,-23.594012202630587],[-46.46277783876307,-23.594012202630587],[-46.46287007857078,-23.594012202630587],[-46.46291619847464,-23.594012202630587],[-46.462962318378494,-23.594012202630587],[-46.46300843828235,-23.594012202630587],[-46.46300843828235,-23.594077363272223],[-46.46305455818621,-23.594077363272223],[-46.46305455818621,-23.594012202630587],[-46.46310067809007,-23.594012202630587],[-46.46314679799393,-23.594012202630587],[-46.463192917897786,-23.594077363272223],[-46.46314679799393,-23.594077363272223],[-46.46314679799393,-23.59414252391386],[-46.463192917897786,-23.59414252391386],[-46.46323903780164,-23.59414252391386],[-46.4632851577055,-23.59414252391386],[-46.463331277609356,-23.59414252391386],[-46.46337739751321,-23.594207684555496],[-46.46342351741707,-23.594207684555496],[-46.463469637320934,-23.594272845197132],[-46.46351575722479,-23.594272845197132],[-46.46356187712865,-23.594338005838765],[-46.46365411693636,-23.594338005838765],[-46.46379247664794,-23.594338005838765],[-46.463838596551795,-23.594338005838765],[-46.463838596551795,-23.5944031664804],[-46.46379247664794,-23.5944031664804],[-46.46379247664794,-23.594468327122037],[-46.463746356744075,-23.594468327122037],[-46.463746356744075,-23.594533487763673],[-46.463746356744075,-23.59459864840531],[-46.463746356744075,-23.594663809046946],[-46.463746356744075,-23.594728969688582],[-46.463746356744075,-23.594794130330218],[-46.46379247664794,-23.594794130330218],[-46.46379247664794,-23.594859290971854],[-46.463838596551795,-23.594859290971854],[-46.463838596551795,-23.59492445161349],[-46.463838596551795,-23.594989612255127],[-46.46388471645565,-23.594989612255127],[-46.46388471645565,-23.59505477289676],[-46.46411531597494,-23.59492445161349],[-46.46420755578266,-23.59492445161349],[-46.464253675686514,-23.594859290971854],[-46.46429979559037,-23.594859290971854],[-46.464392035398085,-23.594794130330218],[-46.46443815530194,-23.594794130330218],[-46.4644842752058,-23.594728969688582],[-46.46457651501352,-23.594663809046946],[-46.46471487472509,-23.59459864840531],[-46.464760994628946,-23.59459864840531],[-46.46485323443666,-23.594533487763673],[-46.465037714052094,-23.594468327122037],[-46.465176073763665,-23.5944031664804],[-46.46522219366752,-23.5944031664804],[-46.465268313571386,-23.5944031664804],[-46.46531443347524,-23.594338005838765],[-46.46545279318681,-23.594338005838765],[-46.46549891309067,-23.594338005838765],[-46.46554503299453,-23.594272845197132],[-46.46554503299453,-23.594207684555496],[-46.465591152898384,-23.594077363272223],[-46.465683392706104,-23.59394704198895],[-46.46572951260996,-23.59381672070568],[-46.465821752417675,-23.593751560064042],[-46.46586787232153,-23.593686399422406],[-46.46591399222539,-23.593621238780774],[-46.46600623203311,-23.5934909174975],[-46.46614459174468,-23.59336059621423],[-46.46628295145625,-23.593230274930956],[-46.46632907136011,-23.593230274930956],[-46.46642131116783,-23.59316511428932],[-46.466605790783255,-23.593034793006048],[-46.46669803059097,-23.592969632364415],[-46.4668825102064,-23.59290447172278],[-46.46692863011026,-23.59290447172278],[-46.467113109725695,-23.592839311081143],[-46.46720534953341,-23.592774150439507],[-46.467251469437265,-23.592774150439507],[-46.46743594905269,-23.59270898979787],[-46.46762042866813,-23.59270898979787],[-46.467804908283554,-23.59270898979787],[-46.46798938789899,-23.59270898979787],[-46.468173867514416,-23.59270898979787],[-46.46835834712985,-23.592643829156234],[-46.46840446703371,-23.592643829156234],[-46.46858894664914,-23.592643829156234],[-46.46872730636071,-23.592643829156234],[-46.46891178597615,-23.592643829156234],[-46.46914238549543,-23.592643829156234],[-46.469326865110865,-23.592643829156234],[-46.46941910491858,-23.592643829156234],[-46.469603584534006,-23.592643829156234],[-46.46964970443787,-23.592643829156234],[-46.4698341840533,-23.592578668514598],[-46.47001866366873,-23.592578668514598],[-46.47006478357259,-23.592578668514598],[-46.470249263188016,-23.592578668514598],[-46.47029538309187,-23.592578668514598],[-46.47047986270731,-23.592578668514598],[-46.470664342322735,-23.592578668514598],[-46.47071046222659,-23.592578668514598],[-46.470894941842026,-23.592578668514598],[-46.47107942145745,-23.592578668514598],[-46.47126390107289,-23.59251350787296],[-46.471448380688315,-23.59251350787296],[-46.47163286030375,-23.59251350787296],[-46.47181733991918,-23.59251350787296],[-46.47200181953461,-23.59251350787296],[-46.47218629915004,-23.59251350787296],[-46.47241689866933,-23.59251350787296],[-46.472509138477044,-23.59251350787296],[-46.47269361809248,-23.59251350787296],[-46.47283197780405,-23.592448347231326],[-46.47292421761176,-23.592448347231326],[-46.47301645741948,-23.592448347231326],[-46.47306257732334,-23.592448347231326],[-46.4731086972272,-23.592448347231326],[-46.47320093703491,-23.592448347231326],[-46.47324705693877,-23.592448347231326],[-46.473293176842624,-23.592448347231326],[-46.47333929674649,-23.592448347231326],[-46.473385416650345,-23.592448347231326],[-46.4734315365542,-23.592448347231326],[-46.473523776361915,-23.59238318658969],[-46.47356989626577,-23.59238318658969],[-46.47361601616963,-23.59238318658969],[-46.47370825597735,-23.59238318658969],[-46.47375437588121,-23.59238318658969],[-46.47384661568892,-23.592318025948053],[-46.47389273559278,-23.592318025948053],[-46.473938855496634,-23.592318025948053],[-46.474031095304355,-23.592318025948053],[-46.47407721520821,-23.59225286530642],[-46.47412333511207,-23.59225286530642],[-46.47421557491978,-23.59225286530642],[-46.47426169482364,-23.59225286530642],[-46.47435393463135,-23.592187704664784],[-46.47440005453522,-23.592187704664784],[-46.47444617443907,-23.592187704664784],[-46.47449229434293,-23.592122544023148],[-46.47453841424679,-23.592122544023148],[-46.474584534150644,-23.592122544023148],[-46.4746306540545,-23.592057383381512],[-46.47467677395836,-23.592057383381512],[-46.474722893862214,-23.592057383381512],[-46.474815133669935,-23.591992222739876],[-46.47486125357379,-23.591992222739876],[-46.47490737347765,-23.59192706209824],[-46.474953493381506,-23.59192706209824],[-46.47499961328536,-23.59192706209824],[-46.475091853093076,-23.591861901456603],[-46.47513797299694,-23.591796740814967],[-46.475230212804654,-23.591796740814967],[-46.47527633270851,-23.59173158017333],[-46.475368572516224,-23.59173158017333],[-46.47546081232394,-23.591666419531695],[-46.4755069322278,-23.591601258890062],[-46.475599172035515,-23.591536098248426],[-46.47569141184323,-23.59147093760679],[-46.47578365165094,-23.591405776965154],[-46.475875891458664,-23.591340616323517],[-46.47596813126638,-23.591210295040245],[-46.47610649097795,-23.59114513439861],[-46.47629097059338,-23.591014813115336],[-46.47642933030495,-23.590884491832067],[-46.476521570112666,-23.59081933119043],[-46.476659929824244,-23.59068900990716],[-46.47675216963196,-23.590623849265523],[-46.47689052934353,-23.590558688623886],[-46.476936649247385,-23.59049352798225],[-46.477028889055106,-23.59049352798225],[-46.47707500895896,-23.590428367340614],[-46.477167248766676,-23.590363206698978],[-46.47721336867053,-23.590363206698978],[-46.47725948857439,-23.59029804605734],[-46.47730560847825,-23.59029804605734],[-46.47735172838211,-23.59023288541571],[-46.47739784828597,-23.59023288541571],[-46.47749008809368,-23.59023288541571],[-46.47753620799754,-23.590167724774073],[-46.477582327901395,-23.590167724774073],[-46.47767456770911,-23.590102564132437],[-46.47772068761297,-23.590102564132437],[-46.47776680751683,-23.590102564132437],[-46.47785904732454,-23.5900374034908],[-46.4779051672284,-23.5900374034908],[-46.47799740703611,-23.589972242849164],[-46.47804352693997,-23.589972242849164],[-46.478089646843834,-23.589972242849164],[-46.47818188665155,-23.589907082207528],[-46.478228006555405,-23.589907082207528],[-46.47832024636312,-23.589907082207528],[-46.47841248617083,-23.589841921565892],[-46.47850472597855,-23.589841921565892],[-46.47855084588241,-23.589841921565892],[-46.47864308569012,-23.589841921565892],[-46.47873532549784,-23.589776760924256],[-46.47882756530556,-23.589776760924256],[-46.47891980511327,-23.589776760924256],[-46.479012044920985,-23.58971160028262],[-46.4791042847287,-23.58971160028262],[-46.47915040463256,-23.58971160028262],[-46.47919652453642,-23.589646439640983],[-46.47928876434413,-23.589646439640983],[-46.47933488424799,-23.589646439640983],[-46.47938100415185,-23.589646439640983],[-46.479427124055704,-23.58958127899935],[-46.479519363863425,-23.58958127899935],[-46.47956548376728,-23.58958127899935],[-46.47961160367114,-23.589516118357714],[-46.479657723574995,-23.589516118357714],[-46.47970384347885,-23.58945095771608],[-46.47974996338271,-23.58945095771608],[-46.479796083286566,-23.58945095771608],[-46.47984220319042,-23.589385797074442],[-46.479888323094286,-23.589385797074442],[-46.479980562902,-23.589320636432806],[-46.48002668280586,-23.58925547579117],[-46.48011892261357,-23.58925547579117],[-46.480211162421284,-23.589190315149533],[-46.48025728232515,-23.589125154507897],[-46.480303402229005,-23.58905999386626],[-46.48034952213286,-23.58905999386626],[-46.480441761940575,-23.588994833224625],[-46.48048788184443,-23.588929672582992],[-46.48053400174829,-23.588864511941356],[-46.48067236145987,-23.588734190658084],[-46.48076460126758,-23.58860386937481],[-46.48090296097915,-23.58847354809154],[-46.48104132069073,-23.58827806616663],[-46.4811796804023,-23.58814774488336],[-46.48127192021001,-23.58801742360009],[-46.48136416001773,-23.587952262958453],[-46.481502519729304,-23.587756781033544],[-46.48159475953702,-23.587691620391908],[-46.48168699934473,-23.58756129910864],[-46.48177923915245,-23.587496138467003],[-46.481871478960166,-23.58736581718373],[-46.48205595857559,-23.587235495900458],[-46.482148198383314,-23.587170335258822],[-46.482286558094884,-23.587105174617186],[-46.4823787979026,-23.58704001397555],[-46.48260939742189,-23.58690969269228],[-46.48274775713346,-23.58690969269228],[-46.48283999694118,-23.586844532050645],[-46.482932236748894,-23.586844532050645],[-46.48297835665275,-23.586844532050645],[-46.48302447655661,-23.58677937140901],[-46.48311671636432,-23.58677937140901],[-46.48320895617204,-23.58677937140901],[-46.48334731588361,-23.586714210767372],[-46.48343955569133,-23.586714210767372],[-46.48353179549904,-23.586714210767372],[-46.48362403530676,-23.586714210767372],[-46.48376239501833,-23.586649050125736],[-46.4839007547299,-23.586649050125736],[-46.48403911444148,-23.586649050125736],[-46.48417747415305,-23.586714210767372],[-46.484361953768484,-23.586714210767372],[-46.48459255328777,-23.586714210767372],[-46.48463867319163,-23.586714210767372],[-46.48482315280706,-23.586714210767372],[-46.48496151251863,-23.586714210767372],[-46.485007632422494,-23.586714210767372],[-46.48519211203792,-23.586714210767372],[-46.48533047174949,-23.586714210767372],[-46.48551495136493,-23.586714210767372],[-46.485699430980354,-23.586714210767372],[-46.48583779069193,-23.586714210767372],[-46.4859761504035,-23.586714210767372],[-46.486068390211216,-23.586714210767372],[-46.48616063001894,-23.586714210767372],[-46.48629898973051,-23.586649050125736],[-46.48639122953822,-23.586649050125736],[-46.48648346934594,-23.586649050125736],[-46.486575709153655,-23.5865838894841],[-46.48666794896137,-23.5865838894841],[-46.486714068865226,-23.5865838894841],[-46.48680630867294,-23.586518728842464],[-46.48694466838452,-23.586453568200827],[-46.48703690819223,-23.586453568200827],[-46.4871752679038,-23.58638840755919],[-46.48726750771152,-23.586323246917555],[-46.48740586742309,-23.58625808627592],[-46.48754422713466,-23.586192925634286],[-46.48759034703853,-23.58612776499265],[-46.48768258684624,-23.586062604351014],[-46.487774826653954,-23.585997443709378],[-46.48786706646167,-23.58593228306774],[-46.48795930626939,-23.585867122426105],[-46.4880515460771,-23.58580196178447],[-46.48809766598096,-23.585736801142833],[-46.48818990578867,-23.585671640501197],[-46.48823602569253,-23.585541319217928],[-46.48832826550025,-23.58547615857629],[-46.488420505307964,-23.58534583729302],[-46.48851274511568,-23.585215516009747],[-46.48860498492339,-23.585085194726474],[-46.48869722473111,-23.585020034084838],[-46.488789464538826,-23.584824552159933],[-46.48883558444268,-23.584824552159933],[-46.488927824250396,-23.584629070235025],[-46.48902006405811,-23.58456390959339],[-46.48902006405811,-23.584498748951752],[-46.48911230386583,-23.58436842766848],[-46.489204543673544,-23.58423810638521],[-46.489342903385115,-23.58410778510194],[-46.489342903385115,-23.584042624460302],[-46.489435143192836,-23.583847142535394],[-46.48948126309669,-23.583847142535394],[-46.48948126309669,-23.583781981893758],[-46.48952738300055,-23.583781981893758],[-46.489573502904406,-23.58371682125212],[-46.48961962280826,-23.583651660610485],[-46.48966574271212,-23.58358649996885],[-46.48975798251984,-23.58345617868558],[-46.48975798251984,-23.583391018043944],[-46.489850222327554,-23.58326069676067],[-46.48989634223141,-23.583065214835763],[-46.489988582039125,-23.583000054194127],[-46.49003470194298,-23.582869732910858],[-46.4901269417507,-23.58280457226922],[-46.49017306165456,-23.582739411627585],[-46.490219181558416,-23.582609090344313],[-46.49035754126999,-23.58247876906104],[-46.49040366117384,-23.582413608419404],[-46.4904497810777,-23.58234844777777],[-46.490495900981564,-23.582283287136132],[-46.490634260693135,-23.582152965852863],[-46.49068038059699,-23.582152965852863],[-46.49081874030856,-23.581957483927955],[-46.49054202088542,-23.581762002003046],[-46.49040366117384,-23.581631680719774],[-46.49026530146227,-23.581566520078137],[-46.49017306165456,-23.58143619879487],[-46.49008082184684,-23.581371038153232],[-46.4901269417507,-23.581371038153232],[-46.49017306165456,-23.58143619879487],[-46.490219181558416,-23.58143619879487],[-46.49026530146227,-23.58143619879487],[-46.49035754126999,-23.581501359436505],[-46.49040366117384,-23.581501359436505],[-46.490495900981564,-23.581501359436505],[-46.49054202088542,-23.581501359436505],[-46.49058814078928,-23.581566520078137],[-46.490634260693135,-23.581566520078137],[-46.49068038059699,-23.581566520078137],[-46.49072650050085,-23.581566520078137],[-46.49081874030856,-23.581566520078137],[-46.490864860212426,-23.581566520078137],[-46.49091098011628,-23.581501359436505],[-46.491003219923996,-23.581501359436505],[-46.49109545973171,-23.581501359436505],[-46.491187699539424,-23.581501359436505],[-46.49123381944329,-23.58143619879487],[-46.491279939347145,-23.58143619879487],[-46.491326059251,-23.58143619879487],[-46.491418299058715,-23.581371038153232],[-46.49146441896257,-23.581371038153232],[-46.49151053886643,-23.581305877511596],[-46.491556658770286,-23.58124071686996],[-46.49160277867415,-23.58124071686996],[-46.491648898578006,-23.581175556228324],[-46.49169501848186,-23.581110395586688],[-46.49174113838572,-23.581110395586688],[-46.491833378193434,-23.58104523494505],[-46.49187949809729,-23.58091491366178],[-46.49197173790501,-23.580849753020146],[-46.492063977712725,-23.580719431736874],[-46.49215621752044,-23.5805891104536],[-46.49224845732815,-23.580523949811965],[-46.49234069713587,-23.580393628528693],[-46.49243293694359,-23.58026330724542],[-46.49247905684744,-23.580198146603788],[-46.49257129665516,-23.580132985962152],[-46.492617416559014,-23.580067825320516],[-46.49266353646287,-23.58000266467888],[-46.49275577627059,-23.579937504037243],[-46.49280189617445,-23.579872343395607],[-46.492848016078305,-23.57980718275397],[-46.49289413598216,-23.579742022112335],[-46.49294025588602,-23.579742022112335],[-46.492986375789876,-23.5796768614707],[-46.49303249569373,-23.579611700829062],[-46.4930786155976,-23.579611700829062],[-46.49312473550145,-23.579546540187426],[-46.49317085540531,-23.579481379545793],[-46.493263095213024,-23.579481379545793],[-46.49330921511688,-23.579416218904157],[-46.49335533502074,-23.57935105826252],[-46.49344757482846,-23.57935105826252],[-46.493493694732315,-23.579285897620885],[-46.49353981463617,-23.57922073697925],[-46.49358593454003,-23.57922073697925],[-46.493632054443886,-23.579155576337612],[-46.49367817434774,-23.579155576337612],[-46.493770414155456,-23.579090415695976],[-46.49381653405932,-23.579090415695976],[-46.49386265396318,-23.57902525505434],[-46.49395489377089,-23.57902525505434],[-46.49409325348246,-23.578960094412704],[-46.49413937338632,-23.578894933771068],[-46.49436997290561,-23.578829773129435],[-46.494416092809466,-23.578829773129435],[-46.494416092809466,-23.5787646124878],[-46.494554452521044,-23.5787646124878],[-46.49473893213647,-23.578699451846163],[-46.49478505204033,-23.578699451846163],[-46.49487729184805,-23.578634291204526],[-46.49501565155962,-23.578634291204526],[-46.49520013117505,-23.57856913056289],[-46.49524625107891,-23.57856913056289],[-46.49538461079048,-23.57856913056289],[-46.49543073069434,-23.57856913056289],[-46.49561521030977,-23.57856913056289],[-46.49575357002134,-23.578503969921254],[-46.49593804963677,-23.578503969921254],[-46.496122529252204,-23.578503969921254],[-46.49630700886763,-23.578503969921254],[-46.496491488483066,-23.578503969921254],[-46.49653760838692,-23.578503969921254],[-46.49672208800236,-23.578503969921254],[-46.49681432781007,-23.578503969921254],[-46.496906567617785,-23.578503969921254],[-46.4969988074255,-23.578503969921254],[-46.497044927329355,-23.578503969921254],[-46.497137167137076,-23.578503969921254],[-46.49718328704093,-23.578503969921254],[-46.49722940694479,-23.578503969921254],[-46.4973216467525,-23.578503969921254],[-46.49750612636794,-23.578503969921254],[-46.497690605983365,-23.578503969921254],[-46.49778284579108,-23.578503969921254],[-46.4978750855988,-23.578503969921254],[-46.49805956521423,-23.578438809279618],[-46.49824404482966,-23.578438809279618],[-46.49838240454123,-23.57837364863798],[-46.498566884156666,-23.57837364863798],[-46.49870524386824,-23.578308487996345],[-46.49879748367595,-23.57824332735471],[-46.498981963291385,-23.57824332735471],[-46.499120323002956,-23.578178166713077],[-46.49921256281067,-23.57811300607144],[-46.49935092252225,-23.578047845429804],[-46.49944316232996,-23.578047845429804],[-46.499627641945395,-23.577982684788168],[-46.499766001656965,-23.57791752414653],[-46.499904361368536,-23.57778720286326],[-46.50004272108011,-23.577722042221623],[-46.50013496088783,-23.577656881579987],[-46.5002733205994,-23.57759172093835],[-46.500411680310975,-23.577526560296718],[-46.50050392011869,-23.577461399655082],[-46.500550040022546,-23.577396239013446],[-46.5005961599264,-23.577396239013446],[-46.5005961599264,-23.57733107837181],[-46.500688399734116,-23.577265917730173],[-46.50078063954184,-23.577265917730173],[-46.50087287934955,-23.5771355964469],[-46.50101123906112,-23.577070435805265],[-46.50110347886884,-23.576940114521992],[-46.501195718676556,-23.576874953880356],[-46.50128795848427,-23.576809793238724],[-46.50142631819584,-23.57667947195545],[-46.50151855800356,-23.576614311313815],[-46.501610797811274,-23.576483990030543],[-46.501749157522845,-23.576418829388906],[-46.501841397330566,-23.576288508105634],[-46.50188751723442,-23.576223347463998],[-46.50193363713828,-23.576158186822365],[-46.50202587694599,-23.576027865539093],[-46.50207199684985,-23.576027865539093],[-46.50216423665756,-23.57589754425582],[-46.50221035656143,-23.57589754425582],[-46.502348716273,-23.57570206233091],[-46.50248707598457,-23.57557174104764],[-46.502533195888425,-23.575506580406007],[-46.50257931579229,-23.57544141976437],[-46.502625435696146,-23.575376259122734],[-46.502763795407716,-23.575180777197826],[-46.50294827502315,-23.574985295272917],[-46.503040514830865,-23.574789813348012],[-46.50313275463858,-23.57465949206474],[-46.50322499444629,-23.574529170781467],[-46.50331723425401,-23.57433368885656],[-46.503409474061726,-23.574203367573286],[-46.5035478337733,-23.573942725006745],[-46.50364007358101,-23.573812403723473],[-46.50373231338873,-23.5736820824402],[-46.50377843329259,-23.573551761156928],[-46.503824553196445,-23.57342143987366],[-46.503824553196445,-23.573356279232023],[-46.5038706731003,-23.573291118590387],[-46.50391679300416,-23.573095636665478],[-46.503962912908015,-23.573030476023842],[-46.503962912908015,-23.57290015474057],[-46.50400903281187,-23.572834994098933],[-46.50400903281187,-23.572704672815664],[-46.504055152715736,-23.572509190890756],[-46.504055152715736,-23.57244403024912],[-46.504055152715736,-23.572378869607483],[-46.504055152715736,-23.57224854832421],[-46.504055152715736,-23.572053066399306],[-46.504055152715736,-23.57198790575767],[-46.504055152715736,-23.571922745116034],[-46.504055152715736,-23.571531781266216],[-46.50400903281187,-23.571401459982948],[-46.50400903281187,-23.57055437164168],[-46.50400903281187,-23.5702285684335],[-46.504055152715736,-23.56996792586696],[-46.50410127261959,-23.56977244394205],[-46.50414739252345,-23.569642122658777],[-46.50414739252345,-23.56957696201714],[-46.50423963233116,-23.569381480092236],[-46.50428575223502,-23.569185998167328],[-46.50433187213888,-23.569055676884055],[-46.504377992042734,-23.56899051624242],[-46.5044241119466,-23.568925355600783],[-46.50451635175431,-23.56879503431751],[-46.50456247165817,-23.56866471303424],[-46.504608591562025,-23.568599552392605],[-46.50465471146588,-23.568469231109333],[-46.50470083136974,-23.568404070467697],[-46.504746951273596,-23.56833890982606],[-46.504746951273596,-23.568273749184424],[-46.50483919108132,-23.568273749184424],[-46.50488531098517,-23.568273749184424],[-46.50493143088903,-23.568208588542788],[-46.50497755079289,-23.568143427901152],[-46.505023670696744,-23.56807826725952],[-46.5050697906006,-23.568013106617883],[-46.505115910504465,-23.567947945976247],[-46.505254270216035,-23.56788278533461],[-46.50543874983146,-23.567687303409702],[-46.505669349350754,-23.567491821484793],[-46.50585382896619,-23.567361500201525],[-46.50613054838933,-23.567035696993344],[-46.506453387716334,-23.566709893785166],[-46.506683987235625,-23.56644925121862],[-46.50677622704334,-23.56631892993535],[-46.50686846685105,-23.56612344801044],[-46.50691458675491,-23.56612344801044],[-46.50691458675491,-23.566058287368808],[-46.506960706658774,-23.56599312672717],[-46.506960706658774,-23.565927966085535],[-46.506960706658774,-23.5658628054439],[-46.506960706658774,-23.565797644802263],[-46.50705294646649,-23.56553700223572],[-46.50705294646649,-23.565471841594082],[-46.507099066370344,-23.56540668095245],[-46.507099066370344,-23.565276359669177],[-46.50719130617806,-23.56521119902754],[-46.50728354598577,-23.565146038385905],[-46.50742190569735,-23.56488539581936],[-46.507468025601206,-23.56488539581936],[-46.50751414550506,-23.56488539581936],[-46.50756026540892,-23.56488539581936],[-46.50756026540892,-23.564820235177724],[-46.507606385312776,-23.564820235177724],[-46.50765250521663,-23.564755074536087],[-46.507744745024354,-23.564559592611182],[-46.507883104735924,-23.564364110686274],[-46.50806758435136,-23.56397314683646],[-46.508252063966786,-23.56377766491155],[-46.50848266348608,-23.56345186170337],[-46.50885162271694,-23.563060897853557],[-46.50935894165937,-23.562604773362107],[-46.50972790089023,-23.562278970153926],[-46.51000462031338,-23.562083488229018],[-46.5104196994481,-23.561822845662476],[-46.51069641887125,-23.561627363737568],[-46.511157617909824,-23.56130156052939],[-46.51143433733297,-23.561040917962845],[-46.51157269704454,-23.560910596679573],[-46.5116188169484,-23.560910596679573],[-46.51175717665998,-23.5607802753963],[-46.51184941646769,-23.560715114754665],[-46.51189553637155,-23.560649954113032],[-46.511941656275404,-23.560584793471396],[-46.51208001598698,-23.560454472188123],[-46.51240285531398,-23.560128668979942],[-46.51263345483327,-23.559802865771765],[-46.51286405435256,-23.55954222320522],[-46.5131407737757,-23.55928158063868],[-46.51327913348728,-23.55908609871377],[-46.51341749319885,-23.558955777430498],[-46.51355585291043,-23.558825456147225],[-46.513740332525856,-23.558695134863953],[-46.51406317185286,-23.558434492297412],[-46.51420153156443,-23.55830417101414],[-46.51420153156443,-23.558239010372503],[-46.51433989127601,-23.558173849730867],[-46.51447825098758,-23.558043528447595],[-46.51461661069915,-23.557913207164326],[-46.51484721021844,-23.557717725239417],[-46.51498556993001,-23.557587403956145],[-46.51512392964159,-23.557391922031236],[-46.5152161694493,-23.557326761389604],[-46.51549288887245,-23.55706611882306],[-46.51563124858402,-23.556935797539786],[-46.5157696082956,-23.556805476256514],[-46.51604632771874,-23.556479673048337],[-46.51613856752646,-23.556349351765064],[-46.51627692723803,-23.556153869840156],[-46.5164152869496,-23.556023548556883],[-46.51659976656504,-23.555697745348706],[-46.516784246180464,-23.555502263423797],[-46.516876485988185,-23.555306781498892],[-46.5169687257959,-23.555241620857256],[-46.5169687257959,-23.55517646021562],[-46.517014845699755,-23.55517646021562],[-46.51706096560361,-23.555111299573984],[-46.51706096560361,-23.555046138932347],[-46.51710708550747,-23.55498097829071],[-46.517153205411326,-23.55498097829071],[-46.516876485988185,-23.55485065700744],[-46.51673812627661,-23.55485065700744],[-46.51659976656504,-23.554785496365803],[-46.516461406853466,-23.554785496365803],[-46.51632304714189,-23.554720335724166],[-46.516230807334175,-23.554720335724166],[-46.516092447622604,-23.554655175082534],[-46.51600020781488,-23.554590014440898],[-46.51590796800717,-23.554590014440898],[-46.515585128680165,-23.554459693157625],[-46.5152161694493,-23.554264211232717],[-46.514939450026155,-23.554133889949444],[-46.51457049079529,-23.55400356866617],[-46.514386011179866,-23.553873247382903],[-46.51424765146829,-23.553808086741267],[-46.514155411660575,-23.553677765457994],[-46.51406317185286,-23.553612604816358],[-46.514017051949004,-23.553547444174722],[-46.51392481214129,-23.553351962249813],[-46.51383257233357,-23.553091319683272],[-46.51378645242971,-23.553026159041636],[-46.513694212622,-23.55276551647509],[-46.51364809271814,-23.552635195191822],[-46.513509733006565,-23.552439713266914],[-46.51341749319885,-23.552244231342005],[-46.51327913348728,-23.552113910058733],[-46.5131407737757,-23.551918428133828],[-46.512956294160276,-23.551788106850555],[-46.51291017425642,-23.55172294620892],[-46.512725694640984,-23.55152746428401],[-46.51254121502556,-23.551331982359102],[-46.512310615506266,-23.551136500434197],[-46.51212613589084,-23.551006179150924],[-46.51203389608312,-23.550875857867652],[-46.51189553637155,-23.55074553658438],[-46.511664936852256,-23.550550054659475],[-46.511526577140685,-23.55048489401784],[-46.51134209752526,-23.550354572734566],[-46.51111149800597,-23.55028941209293],[-46.51092701839053,-23.55028941209293],[-46.51069641887125,-23.550224251451294],[-46.51037357954424,-23.550224251451294],[-46.51014298002495,-23.550224251451294],[-46.50958954117866,-23.550224251451294],[-46.50940506156323,-23.550224251451294],[-46.50926670185166,-23.550224251451294],[-46.509174462043944,-23.550224251451294],[-46.50898998242851,-23.550224251451294],[-46.50885162271694,-23.550224251451294],[-46.50880550281308,-23.550224251451294],[-46.50875938290922,-23.550159090809657],[-46.50857490329379,-23.550159090809657],[-46.50843654358222,-23.55009393016802],[-46.50829818387064,-23.550028769526385],[-46.50820594406293,-23.54996360888475],[-46.508113704255216,-23.54983328760148],[-46.507883104735924,-23.54963780567657],[-46.507606385312776,-23.549442323751663],[-46.50728354598577,-23.549246841826758],[-46.506822346947196,-23.548986199260213],[-46.506683987235625,-23.548986199260213],[-46.506453387716334,-23.54885587797694],[-46.505899948870045,-23.548790717335304],[-46.50576158915847,-23.548790717335304],[-46.50548486973533,-23.548790717335304],[-46.50493143088903,-23.54885587797694],[-46.504746951273596,-23.548921038618577],[-46.50414739252345,-23.548986199260213],[-46.50364007358101,-23.549116520543485],[-46.50331723425401,-23.54918168118512],[-46.50290215511929,-23.549246841826758],[-46.502625435696146,-23.54931200246839],[-46.50248707598457,-23.549377163110027],[-46.502394836176855,-23.549377163110027],[-46.502348716273,-23.549442323751663],[-46.50207199684985,-23.5495074843933],[-46.50188751723442,-23.549572645034935],[-46.50170303761899,-23.54963780567657],[-46.50156467790742,-23.549702966318208],[-46.50142631819584,-23.549702966318208],[-46.50124183858041,-23.549768126959844],[-46.50105735896498,-23.54983328760148],[-46.500826759445694,-23.54983328760148],[-46.50064227983026,-23.54983328760148],[-46.500550040022546,-23.54983328760148],[-46.500319440503254,-23.54983328760148],[-46.500181080791684,-23.54983328760148],[-46.49981212156082,-23.54983328760148],[-46.49948928223382,-23.54983328760148],[-46.49930480261839,-23.54983328760148],[-46.49916644290681,-23.54983328760148],[-46.49893584338753,-23.549898448243116],[-46.498751363772094,-23.549898448243116],[-46.498566884156666,-23.54996360888475],[-46.49829016473352,-23.55009393016802],[-46.498105685118084,-23.55009393016802],[-46.49796732540651,-23.550159090809657],[-46.4978750855988,-23.550224251451294],[-46.49773672588722,-23.550224251451294],[-46.49741388656022,-23.550419733376202],[-46.49727552684865,-23.55048489401784],[-46.49722940694479,-23.550550054659475],[-46.496906567617785,-23.55074553658438],[-46.49672208800236,-23.550875857867652],[-46.49644536857921,-23.55107133979256],[-46.496353128771496,-23.551136500434197],[-46.49621476905992,-23.55126682171747],[-46.49603028944449,-23.551331982359102],[-46.4957996899252,-23.55152746428401],[-46.49561521030977,-23.551592624925647],[-46.49538461079048,-23.551788106850555],[-46.49520013117505,-23.55185326749219],[-46.494923411751905,-23.552048749417096],[-46.4946005724249,-23.552244231342005],[-46.49418549329018,-23.55250487390855],[-46.49395489377089,-23.552635195191822],[-46.493632054443886,-23.552895837758363],[-46.493401454924594,-23.5529609984],[-46.49321697530917,-23.553091319683272],[-46.49294025588602,-23.553221640966544],[-46.49266353646287,-23.55328680160818],[-46.49243293694359,-23.553351962249813],[-46.49215621752044,-23.553482283533086],[-46.49201785780887,-23.553482283533086],[-46.49169501848186,-23.553547444174722],[-46.491556658770286,-23.553612604816358],[-46.491279939347145,-23.553612604816358],[-46.49123381944329,-23.553612604816358],[-46.49091098011628,-23.553677765457994],[-46.49081874030856,-23.553677765457994],[-46.490495900981564,-23.553677765457994],[-46.49017306165456,-23.55374292609963],[-46.49008082184684,-23.55374292609963],[-46.489435143192836,-23.553808086741267],[-46.48846662521182,-23.55393840802454],[-46.48809766598096,-23.55393840802454],[-46.48759034703853,-23.55400356866617],[-46.48708302809609,-23.554068729307808],[-46.48676018876908,-23.554133889949444],[-46.48643734944208,-23.55419905059108],[-46.48620674992279,-23.554264211232717],[-46.485930030499645,-23.554329371874353],[-46.4856533110765,-23.554459693157625],[-46.48551495136493,-23.55452485379926],[-46.48542271155721,-23.55452485379926],[-46.485376591653356,-23.554590014440898],[-46.48533047174949,-23.554590014440898],[-46.485284351845635,-23.554590014440898],[-46.48523823194178,-23.554590014440898],[-46.48519211203792,-23.554590014440898],[-46.48509987223021,-23.554655175082534],[-46.485007632422494,-23.554655175082534],[-46.484915392614774,-23.554655175082534],[-46.48486927271092,-23.554720335724166],[-46.4847770329032,-23.554720335724166],[-46.484730912999346,-23.554720335724166],[-46.48463867319163,-23.554720335724166],[-46.48459255328777,-23.554720335724166],[-46.484361953768484,-23.554720335724166],[-46.48431583386463,-23.554720335724166],[-46.48426971396077,-23.554720335724166],[-46.48417747415305,-23.554720335724166],[-46.48413135424919,-23.554720335724166],[-46.484085234345336,-23.554720335724166],[-46.48403911444148,-23.554655175082534],[-46.48399299453762,-23.554655175082534],[-46.483946874633766,-23.554655175082534],[-46.4839007547299,-23.554655175082534],[-46.483854634826045,-23.554590014440898],[-46.48380851492219,-23.554590014440898],[-46.48376239501833,-23.55452485379926],[-46.483716275114475,-23.55452485379926],[-46.483716275114475,-23.554459693157625],[-46.48367015521062,-23.554459693157625],[-46.483577915402904,-23.554329371874353],[-46.48348567559518,-23.554264211232717],[-46.48334731588361,-23.554133889949444],[-46.48297835665275,-23.55393840802454],[-46.48279387703732,-23.553873247382903],[-46.482517157614176,-23.55374292609963],[-46.48219431828717,-23.553808086741267],[-46.482148198383314,-23.553808086741267],[-46.48210207847946,-23.553808086741267],[-46.48191759886402,-23.553873247382903],[-46.481871478960166,-23.55393840802454],[-46.48177923915245,-23.55393840802454],[-46.481733119248595,-23.55400356866617],[-46.48168699934473,-23.554068729307808],[-46.48131804011387,-23.55419905059108],[-46.481225800306156,-23.55419905059108],[-46.4811796804023,-23.55419905059108],[-46.48113356049844,-23.55419905059108],[-46.481087440594585,-23.55419905059108],[-46.48104132069073,-23.55419905059108],[-46.48104132069073,-23.554133889949444],[-46.48099520078687,-23.554133889949444],[-46.48099520078687,-23.55400356866617],[-46.48099520078687,-23.55393840802454],[-46.48094908088301,-23.553873247382903],[-46.48090296097915,-23.553808086741267],[-46.48071848136372,-23.55374292609963],[-46.480580121652146,-23.553677765457994],[-46.48048788184443,-23.553677765457994],[-46.48039564203672,-23.553612604816358],[-46.48034952213286,-23.553612604816358],[-46.480303402229005,-23.553612604816358],[-46.48025728232515,-23.553547444174722],[-46.480211162421284,-23.553547444174722],[-46.48016504251743,-23.553547444174722],[-46.48016504251743,-23.553482283533086],[-46.48011892261357,-23.553482283533086],[-46.48002668280586,-23.55341712289145],[-46.479980562902,-23.55341712289145],[-46.47993444299814,-23.55341712289145],[-46.47993444299814,-23.553351962249813],[-46.479888323094286,-23.553351962249813],[-46.47984220319042,-23.55328680160818],[-46.479796083286566,-23.55328680160818],[-46.47974996338271,-23.553221640966544],[-46.47970384347885,-23.553221640966544],[-46.47970384347885,-23.55315648032491],[-46.479657723574995,-23.55315648032491],[-46.479657723574995,-23.553091319683272],[-46.47961160367114,-23.553091319683272],[-46.47956548376728,-23.5529609984],[-46.47956548376728,-23.552895837758363],[-46.479519363863425,-23.552830677116727],[-46.479427124055704,-23.552635195191822],[-46.47933488424799,-23.55230939198364],[-46.47919652453642,-23.55198358877546],[-46.4791042847287,-23.55185326749219],[-46.47905816482484,-23.55172294620892],[-46.47905816482484,-23.55152746428401],[-46.47915040463256,-23.551462303642374],[-46.47919652453642,-23.551462303642374],[-46.479242644440276,-23.551462303642374],[-46.47919652453642,-23.551397143000738],[-46.478781445401694,-23.550810697226016],[-46.47855084588241,-23.550419733376202],[-46.47850472597855,-23.55028941209293],[-46.47841248617083,-23.550159090809657],[-46.47827412645926,-23.549898448243116],[-46.478089646843834,-23.5495074843933],[-46.47785904732454,-23.54931200246839],[-46.47776680751683,-23.548986199260213],[-46.47762844780525,-23.548660396052032],[-46.47762844780525,-23.54826943220222],[-46.47739784828597,-23.54742234386095],[-46.47698276915125,-23.546444934236415],[-46.476659929824244,-23.545858488461693],[-46.476383210401096,-23.545076560762062],[-46.475599172035515,-23.544555275628976],[-46.47453841424679,-23.5435127053628],[-46.47435393463135,-23.543121741512987],[-46.47421557491978,-23.54273077766317],[-46.47412333511207,-23.542339813813356],[-46.47398497540049,-23.542014010605175],[-46.47389273559278,-23.54162304675536],[-46.47380049578506,-23.540906279697367],[-46.473662136073486,-23.539994030714464],[-46.47361601616963,-23.539733388147923],[-46.47440005453522,-23.53882113916502],[-46.47490737347765,-23.538104372107025],[-46.47532245261237,-23.536996641199217],[-46.47513797299694,-23.536866319915944],[-46.475091853093076,-23.536801159274308],[-46.474953493381506,-23.536670837991036],[-46.47490737347765,-23.5366056773494],[-46.47476901376608,-23.53647535606613],[-46.474722893862214,-23.536345034782858],[-46.47467677395836,-23.536345034782858],[-46.4746306540545,-23.536279874141222],[-46.474584534150644,-23.536279874141222],[-46.47453841424679,-23.536214713499586],[-46.47449229434293,-23.53614955285795],[-46.47444617443907,-23.536084392216313],[-46.47440005453522,-23.536019231574677],[-46.474307814727496,-23.535888910291405],[-46.474307814727496,-23.535823749649772],[-46.47426169482364,-23.535823749649772],[-46.474169455015925,-23.53549794644159],[-46.47412333511207,-23.53536762515832],[-46.474031095304355,-23.535237303875046],[-46.47398497540049,-23.535106982591778],[-46.473938855496634,-23.534976661308505],[-46.473938855496634,-23.534846340025233],[-46.47389273559278,-23.53471601874196],[-46.47384661568892,-23.534650858100324],[-46.47380049578506,-23.53445537617542],[-46.47375437588121,-23.53425989425051],[-46.47375437588121,-23.534194733608874],[-46.47370825597735,-23.533999251683966],[-46.47370825597735,-23.53393409104233],[-46.473662136073486,-23.533868930400693],[-46.473662136073486,-23.53367344847579],[-46.47361601616963,-23.53347796655088],[-46.47361601616963,-23.533412805909244],[-46.47361601616963,-23.533217323984335],[-46.47361601616963,-23.533087002701066],[-46.47361601616963,-23.532891520776158],[-46.47361601616963,-23.53269603885125],[-46.47361601616963,-23.532630878209613],[-46.47361601616963,-23.53250055692634],[-46.47361601616963,-23.532174753718163],[-46.47361601616963,-23.532109593076527],[-46.47361601616963,-23.53204443243489],[-46.473662136073486,-23.531979271793254],[-46.473662136073486,-23.531914111151618],[-46.473662136073486,-23.531848950509982],[-46.473662136073486,-23.53178378986835],[-46.473662136073486,-23.531718629226713],[-46.47370825597735,-23.531718629226713],[-46.47370825597735,-23.531653468585077],[-46.47375437588121,-23.53145798666017],[-46.47375437588121,-23.531327665376896],[-46.47380049578506,-23.531197344093624],[-46.47384661568892,-23.53100186216872],[-46.47384661568892,-23.530871540885446],[-46.47389273559278,-23.530676058960537],[-46.47389273559278,-23.530545737677265],[-46.473938855496634,-23.53035025575236],[-46.473938855496634,-23.530285095110724],[-46.47398497540049,-23.530089613185815],[-46.474031095304355,-23.52982897061927],[-46.474031095304355,-23.529763809977638],[-46.47407721520821,-23.52956832805273],[-46.47412333511207,-23.52937284612782],[-46.474169455015925,-23.529177364202912],[-46.474169455015925,-23.529047042919643],[-46.474169455015925,-23.528981882278007],[-46.47421557491978,-23.528851560994735],[-46.47426169482364,-23.528656079069826],[-46.474307814727496,-23.528525757786554],[-46.474307814727496,-23.528460597144917],[-46.474307814727496,-23.528395436503285],[-46.474307814727496,-23.52833027586165],[-46.47435393463135,-23.528265115220012],[-46.47435393463135,-23.528199954578376],[-46.47435393463135,-23.528069633295104],[-46.47440005453522,-23.527874151370195],[-46.47444617443907,-23.52767866944529],[-46.47444617443907,-23.527613508803654],[-46.47449229434293,-23.527418026878745],[-46.47453841424679,-23.527222544953837],[-46.47453841424679,-23.527092223670564],[-46.474584534150644,-23.526961902387296],[-46.4746306540545,-23.526766420462387],[-46.4746306540545,-23.52670125982075],[-46.4746306540545,-23.52657093853748],[-46.47467677395836,-23.526440617254206],[-46.474722893862214,-23.5262451353293],[-46.474722893862214,-23.52611481404603],[-46.47476901376608,-23.52591933212112],[-46.47476901376608,-23.525854171479484],[-46.474815133669935,-23.52565868955458],[-46.47486125357379,-23.525528368271306],[-46.47486125357379,-23.525332886346398],[-46.47490737347765,-23.52513740442149],[-46.474953493381506,-23.52500708313822],[-46.474953493381506,-23.52481160121331],[-46.47499961328536,-23.52468127993004],[-46.47504573318922,-23.52448579800513],[-46.47504573318922,-23.524420637363495],[-46.475091853093076,-23.52422515543859],[-46.475091853093076,-23.524094834155317],[-46.47513797299694,-23.52389935223041],[-46.47513797299694,-23.523834191588772]]]}}]}