{"type":"FeatureCollection","features":[{"type":"Feature","properties":{"DATA_ULT_A":"2009/10/09","DATA_CRIAC":"2009/10/09","id":"06","name":"Jaçanã/Tremembé","area":64.1,"pop_2010":291867,"pop_density_2010":4553,"budget_2015":36400783},"geometry":{"type":"Polygon","coordinates":[[[-46.56124383349932,-23.487344232272697],[-46.56161279273018,-23.487083589706153],[-46.56179727234561,-23.487018429064516],[-46.56212011167261,-23.486822947139608],[-46.56230459128805,-23.48669262585634],[-46.562489070903474,-23.486562304573066],[-46.56295026994206,-23.486236501364885],[-46.56308862965363,-23.48617134072325],[-46.563134749557484,-23.48617134072325],[-46.56345758888449,-23.485910698156708],[-46.563918787923065,-23.485584894948527],[-46.56396490782692,-23.485584894948527],[-46.56405714763464,-23.48551973430689],[-46.56447222676936,-23.48525909174035],[-46.56465670638479,-23.485128770457077],[-46.56488730590408,-23.48493328853217],[-46.56488730590408,-23.484868127890532],[-46.564933425807936,-23.484868127890532],[-46.56502566561565,-23.484672645965627],[-46.56511790542337,-23.484542324682355],[-46.56525626513494,-23.48428168211581],[-46.56553298455809,-23.483760396982724],[-46.5656252243658,-23.483630075699452],[-46.5656252243658,-23.483564915057816],[-46.565855823885094,-23.483173951208002],[-46.56608642340438,-23.482782987358185],[-46.566132543308235,-23.482717826716552],[-46.566224783115956,-23.48258750543328],[-46.566224783115956,-23.482522344791644],[-46.56631702292367,-23.48239202350837],[-46.56636314282753,-23.4822617022251],[-46.56645538263524,-23.482131380941826],[-46.56659374234682,-23.481870738375285],[-46.566778221962245,-23.481544935167104],[-46.56687046176996,-23.4813494532422],[-46.566916581673816,-23.481284292600563],[-46.56696270157768,-23.481219131958927],[-46.56700882148154,-23.48115397131729],[-46.567193301096964,-23.480763007467473],[-46.56733166080854,-23.480502364900932],[-46.5673777807124,-23.480437204259296],[-46.56751614042397,-23.48017656169275],[-46.567654500135546,-23.479981079767846],[-46.56774673994326,-23.479785597842938],[-46.567838979750974,-23.47959011591803],[-46.56788509965483,-23.479524955276393],[-46.56830017878955,-23.478743027576762],[-46.56839241859727,-23.478612706293493],[-46.568484658404984,-23.478417224368584],[-46.568623018116554,-23.478221742443676],[-46.56871525792427,-23.478026260518767],[-46.5688997375397,-23.477765617952226],[-46.56894585744356,-23.477570136027317],[-46.568991977347416,-23.47750497538568],[-46.56913033705899,-23.477309493460776],[-46.56922257686671,-23.477114011535868],[-46.569407056482135,-23.476853368969323],[-46.569499296289855,-23.47659272640278],[-46.56959153609757,-23.47646240511951],[-46.56968377590528,-23.476332083836237],[-46.569914375424574,-23.475875959344787],[-46.57000661523229,-23.475745638061515],[-46.57009885504,-23.475550156136606],[-46.57023721475158,-23.475354674211697],[-46.57023721475158,-23.475289513570065],[-46.570283334655436,-23.47522435292843],[-46.57037557446315,-23.47502887100352],[-46.57051393417472,-23.474768228436975],[-46.57056005407858,-23.474768228436975],[-46.57056005407858,-23.47470306779534],[-46.57060617398244,-23.474637907153706],[-46.570698413790154,-23.474507585870434],[-46.57079065359787,-23.474312103945525],[-46.57088289340558,-23.474181782662253],[-46.57092901330944,-23.474116622020617],[-46.5709751332133,-23.47405146137898],[-46.5709751332133,-23.473986300737344],[-46.571067373021016,-23.47379081881244],[-46.57120573273259,-23.47359533688753],[-46.57120573273259,-23.473530176245895],[-46.57125185263644,-23.473530176245895],[-46.57125185263644,-23.47346501560426],[-46.57143633225188,-23.473204373037717],[-46.57143633225188,-23.47313921239608],[-46.571482452155735,-23.473074051754445],[-46.571620811867305,-23.4728134091879],[-46.57166693177116,-23.472748248546264],[-46.571713051675026,-23.472683087904628],[-46.57180529148274,-23.472487605979723],[-46.5718514113866,-23.472422445338086],[-46.5718514113866,-23.47235728469645],[-46.57189753129045,-23.47235728469645],[-46.57194365119431,-23.472422445338086],[-46.572035891002024,-23.472617927262995],[-46.572128130809745,-23.472683087904628],[-46.5721742507136,-23.472748248546264],[-46.572266490521315,-23.472748248546264],[-46.57235873032903,-23.4728134091879],[-46.572404850232886,-23.472748248546264],[-46.57254320994446,-23.472748248546264],[-46.572681569656034,-23.472748248546264],[-46.572912169175325,-23.472748248546264],[-46.573142768694616,-23.4728134091879],[-46.57318888859847,-23.4728134091879],[-46.57328112840619,-23.4728134091879],[-46.5733733682139,-23.472878569829536],[-46.573465608021614,-23.472878569829536],[-46.57351172792548,-23.472878569829536],[-46.57360396773319,-23.472943730471172],[-46.57365008763705,-23.47300889111281],[-46.573696207540905,-23.473074051754445],[-46.57374232744476,-23.473074051754445],[-46.57374232744476,-23.47313921239608],[-46.57378844734862,-23.473204373037717],[-46.573834567252476,-23.473204373037717],[-46.57397292696405,-23.473334694320986],[-46.574111286675624,-23.473334694320986],[-46.57415740657948,-23.473334694320986],[-46.5742496463872,-23.473334694320986],[-46.574341886194915,-23.473399854962622],[-46.574480245906486,-23.473399854962622],[-46.57471084542578,-23.473399854962622],[-46.574895325041204,-23.473399854962622],[-46.57503368475278,-23.473399854962622],[-46.57521816436821,-23.473399854962622],[-46.57535652407979,-23.473399854962622],[-46.57563324350293,-23.473334694320986],[-46.57572548331065,-23.473269533679353],[-46.575771603214505,-23.473269533679353],[-46.57581772311836,-23.473269533679353],[-46.575909962926076,-23.473269533679353],[-46.57600220273379,-23.473334694320986],[-46.57604832263765,-23.473334694320986],[-46.57609444254151,-23.473334694320986],[-46.57614056244537,-23.473334694320986],[-46.576186682349224,-23.473399854962622],[-46.57637116196465,-23.47346501560426],[-46.57641728186851,-23.47346501560426],[-46.57660176148394,-23.473530176245895],[-46.5766478813878,-23.47359533688753],[-46.57678624109937,-23.47359533688753],[-46.576832361003234,-23.47359533688753],[-46.57687848090709,-23.47359533688753],[-46.57701684061866,-23.47359533688753],[-46.57715520033023,-23.473660497529167],[-46.57729356004181,-23.473725658170803],[-46.57747803965724,-23.473855979454076],[-46.57757027946496,-23.473855979454076],[-46.577616399368814,-23.47392114009571],[-46.57770863917653,-23.47392114009571],[-46.57780087898424,-23.473986300737344],[-46.5778469988881,-23.473986300737344],[-46.57789311879196,-23.473986300737344],[-46.57793923869582,-23.473986300737344],[-46.57807759840739,-23.47392114009571],[-46.578262078022824,-23.47392114009571],[-46.57849267754211,-23.47392114009571],[-46.57858491734982,-23.47392114009571],[-46.5787232770614,-23.473986300737344],[-46.57886163677297,-23.473986300737344],[-46.579046116388405,-23.473986300737344],[-46.579184476099975,-23.473986300737344],[-46.57923059600383,-23.473986300737344],[-46.57927671590769,-23.473986300737344],[-46.57936895571541,-23.47405146137898],[-46.579415075619266,-23.47405146137898],[-46.57946119552312,-23.474116622020617],[-46.57950731542698,-23.474116622020617],[-46.57955343533084,-23.474181782662253],[-46.57969179504241,-23.47424694330389],[-46.57978403485013,-23.474312103945525],[-46.57978403485013,-23.47437726458716],[-46.5799223945617,-23.474442425228798],[-46.58006075427327,-23.474507585870434],[-46.58010687417713,-23.47457274651207],[-46.58019911398485,-23.47457274651207],[-46.580245233888704,-23.474637907153706],[-46.58029135379256,-23.47470306779534],[-46.58033747369642,-23.47470306779534],[-46.580383593600274,-23.474768228436975],[-46.580383593600274,-23.47483338907861],[-46.58042971350413,-23.47483338907861],[-46.580475833407995,-23.474898549720248],[-46.58052195331185,-23.474963710361884],[-46.58052195331185,-23.47502887100352],[-46.580614193119565,-23.475094031645156],[-46.58070643292728,-23.475159192286792],[-46.580752552831136,-23.47522435292843],[-46.58079867273499,-23.47522435292843],[-46.58084479263886,-23.475289513570065],[-46.58089091254271,-23.475354674211697],[-46.581029272254284,-23.475419834853334],[-46.58121375186972,-23.47548499549497],[-46.58130599167743,-23.475550156136606],[-46.58135211158129,-23.475550156136606],[-46.581444351389,-23.475615316778242],[-46.58149047129286,-23.475615316778242],[-46.581536591196716,-23.47568047741988],[-46.58158271110058,-23.47568047741988],[-46.58162883100444,-23.47568047741988],[-46.58172107081215,-23.47581079870315],[-46.581813310619864,-23.475941119986423],[-46.58190555042758,-23.47613660191133],[-46.582043910139156,-23.476332083836237],[-46.582043910139156,-23.476397244477873],[-46.58209003004301,-23.476397244477873],[-46.58209003004301,-23.47646240511951],[-46.58213614994687,-23.476527565761145],[-46.582182269850726,-23.47659272640278],[-46.58227450965844,-23.476657887044418],[-46.58227450965844,-23.47672304768605],[-46.582320629562304,-23.47672304768605],[-46.582320629562304,-23.476788208327687],[-46.58241286937002,-23.476853368969323],[-46.582458989273874,-23.476853368969323],[-46.582458989273874,-23.47691852961096],[-46.582597348985445,-23.476983690252595],[-46.5826434688893,-23.47704885089423],[-46.58273570869702,-23.47704885089423],[-46.58278182860088,-23.477114011535868],[-46.582827948504736,-23.477179172177504],[-46.58287406840859,-23.477179172177504],[-46.58292018831245,-23.47724433281914],[-46.58296630821631,-23.47737465410241],[-46.58301242812017,-23.477439814744045],[-46.58301242812017,-23.47750497538568],[-46.58305854802403,-23.477635296668954],[-46.58305854802403,-23.47770045731059],[-46.583104667927884,-23.477765617952226],[-46.58315078783174,-23.477830778593862],[-46.5831969077356,-23.477830778593862],[-46.58328914754331,-23.477961099877135],[-46.58338138735103,-23.477961099877135],[-46.583473627158746,-23.478026260518767],[-46.5835197470626,-23.478091421160403],[-46.58356586696646,-23.478091421160403],[-46.58365810677417,-23.47815658180204],[-46.583888706293465,-23.4778959392355],[-46.584119305812756,-23.477765617952226],[-46.5843960252359,-23.47750497538568],[-46.58448826504362,-23.477439814744045],[-46.584534384947474,-23.477439814744045],[-46.58476498446676,-23.47724433281914],[-46.58494946408219,-23.47704885089423],[-46.58494946408219,-23.476983690252595],[-46.584903344178336,-23.47672304768605],[-46.584811104370615,-23.47646240511951],[-46.58476498446676,-23.476201762552964],[-46.5847188645629,-23.476006280628056],[-46.5847188645629,-23.475941119986423],[-46.5847188645629,-23.475875959344787],[-46.584672744659045,-23.47581079870315],[-46.5847188645629,-23.475745638061515],[-46.5847188645629,-23.475615316778242],[-46.5847188645629,-23.47548499549497],[-46.5847188645629,-23.475354674211697],[-46.5847188645629,-23.475289513570065],[-46.5847188645629,-23.47522435292843],[-46.58476498446676,-23.475159192286792],[-46.584811104370615,-23.474963710361884],[-46.58485722427448,-23.47470306779534],[-46.584903344178336,-23.474637907153706],[-46.58494946408219,-23.474507585870434],[-46.58504170388991,-23.47437726458716],[-46.585087823793764,-23.47424694330389],[-46.58518006360148,-23.474116622020617],[-46.58522618350534,-23.47405146137898],[-46.58522618350534,-23.473986300737344],[-46.5852723034092,-23.473986300737344],[-46.5852723034092,-23.47392114009571],[-46.58536454321691,-23.473855979454076],[-46.58541066312077,-23.47379081881244],[-46.585456783024625,-23.473725658170803],[-46.58550290292848,-23.473725658170803],[-46.58550290292848,-23.473660497529167],[-46.58554902283234,-23.473660497529167],[-46.58568738254392,-23.473530176245895],[-46.585871862159344,-23.473334694320986],[-46.58601022187092,-23.473204373037717],[-46.58614858158249,-23.473074051754445],[-46.58619470148635,-23.47300889111281],[-46.586240821390206,-23.47300889111281],[-46.586240821390206,-23.472943730471172],[-46.58633306119793,-23.472878569829536],[-46.58642530100564,-23.472748248546264],[-46.5864714209095,-23.472748248546264],[-46.58656366071721,-23.472617927262995],[-46.586655900524924,-23.47255276662136],[-46.58670202042879,-23.472487605979723],[-46.5867942602365,-23.472422445338086],[-46.586886500044216,-23.47235728469645],[-46.58697873985193,-23.472226963413178],[-46.58707097965965,-23.47216180277154],[-46.587163219467364,-23.47203148148827],[-46.58725545927508,-23.471966320846633],[-46.58734769908279,-23.471901160205],[-46.58739381898665,-23.471835999563364],[-46.58743993889051,-23.471835999563364],[-46.58748605879437,-23.471770838921728],[-46.58748605879437,-23.47170567828009],[-46.58776277821751,-23.471510196355183],[-46.58776277821751,-23.471445035713547],[-46.587947257832944,-23.471314714430275],[-46.5879933777368,-23.471249553788642],[-46.588085617544515,-23.471184393147006],[-46.58813173744838,-23.47111923250537],[-46.58822397725609,-23.471054071863733],[-46.58827009715995,-23.470988911222097],[-46.588316217063806,-23.47092375058046],[-46.58840845687152,-23.470858589938825],[-46.588454576775376,-23.47079342929719],[-46.58850069667924,-23.47079342929719],[-46.58850069667924,-23.470728268655552],[-46.5885468165831,-23.470728268655552],[-46.588592936486954,-23.470663108013916],[-46.588731296198524,-23.470532786730647],[-46.58877741610238,-23.47046762608901],[-46.5888696559101,-23.470402465447375],[-46.58891577581396,-23.47033730480574],[-46.58900801562167,-23.470272144164102],[-46.58905413552553,-23.470206983522466],[-46.589100255429386,-23.47014182288083],[-46.58914637533324,-23.47014182288083],[-46.589238615140964,-23.470076662239194],[-46.58928473504482,-23.470011501597558],[-46.58933085494868,-23.46994634095592],[-46.589376974852534,-23.46994634095592],[-46.58942309475639,-23.470011501597558],[-46.58956145446796,-23.470011501597558],[-46.58969981417954,-23.470076662239194],[-46.58983817389111,-23.470076662239194],[-46.58988429379497,-23.470011501597558],[-46.58988429379497,-23.46988118031429],[-46.58993041369882,-23.469750859031016],[-46.58997653360269,-23.469620537747744],[-46.58997653360269,-23.469555377106108],[-46.590022653506544,-23.469555377106108],[-46.590022653506544,-23.46949021646447],[-46.5900687734104,-23.469425055822835],[-46.59011489331426,-23.469294734539563],[-46.59011489331426,-23.46922957389793],[-46.590161013218115,-23.469164413256294],[-46.590161013218115,-23.469099252614658],[-46.59020713312197,-23.469034091973022],[-46.59020713312197,-23.468968931331386],[-46.59020713312197,-23.46890377068975],[-46.59025325302583,-23.468838610048113],[-46.59025325302583,-23.468773449406477],[-46.590299372929685,-23.468773449406477],[-46.590299372929685,-23.46870828876484],[-46.590299372929685,-23.468643128123205],[-46.59034549283355,-23.468512806839936],[-46.590391612737406,-23.468382485556663],[-46.590391612737406,-23.468317324915027],[-46.59043773264126,-23.46825216427339],[-46.59043773264126,-23.468187003631755],[-46.59048385254512,-23.468187003631755],[-46.59062221225669,-23.46825216427339],[-46.590806691872125,-23.468382485556663],[-46.590945051583695,-23.4684476461983],[-46.59103729139141,-23.4684476461983],[-46.59108341129527,-23.468512806839936],[-46.591175651102986,-23.468512806839936],[-46.591175651102986,-23.468577967481572],[-46.59122177100684,-23.468577967481572],[-46.5912678909107,-23.468577967481572],[-46.59131401081456,-23.468577967481572],[-46.591360130718414,-23.468643128123205],[-46.59140625062227,-23.468643128123205],[-46.591452370526135,-23.468643128123205],[-46.59149849042999,-23.468643128123205],[-46.59154461033385,-23.46870828876484],[-46.591590730237705,-23.46870828876484],[-46.59163685014156,-23.46870828876484],[-46.59168297004542,-23.46870828876484],[-46.591729089949276,-23.46870828876484],[-46.59177520985313,-23.468773449406477],[-46.591821329756996,-23.468773449406477],[-46.59186744966085,-23.468773449406477],[-46.59191356956471,-23.468773449406477],[-46.59195968946857,-23.468773449406477],[-46.592005809372424,-23.468773449406477],[-46.59205192927628,-23.468773449406477],[-46.59209804918014,-23.468773449406477],[-46.592144169083994,-23.468773449406477],[-46.59219028898786,-23.46870828876484],[-46.59232864869943,-23.46870828876484],[-46.592513128314856,-23.468643128123205],[-46.59265148802643,-23.468643128123205],[-46.59274372783415,-23.468577967481572],[-46.59283596764186,-23.468577967481572],[-46.59288208754572,-23.468512806839936],[-46.59292820744958,-23.468512806839936],[-46.59297432735344,-23.468512806839936],[-46.59311268706501,-23.4684476461983],[-46.59329716668044,-23.468382485556663],[-46.5933432865843,-23.468317324915027],[-46.59338940648816,-23.468317324915027],[-46.593435526392014,-23.468317324915027],[-46.59348164629587,-23.46825216427339],[-46.59352776619973,-23.46825216427339],[-46.593666125911305,-23.468187003631755],[-46.59375836571902,-23.46812184299012],[-46.593804485622876,-23.46812184299012],[-46.59389672543059,-23.46812184299012],[-46.593942845334446,-23.46812184299012],[-46.593942845334446,-23.468056682348482],[-46.59398896523831,-23.468056682348482],[-46.594081205046024,-23.467991521706846],[-46.59412732494988,-23.46792636106521],[-46.59417344485374,-23.46792636106521],[-46.59426568466145,-23.467861200423577],[-46.59431180456531,-23.46779603978194],[-46.59435792446917,-23.46779603978194],[-46.59440404437303,-23.467730879140305],[-46.59449628418074,-23.46766571849867],[-46.594588523988456,-23.467600557857033],[-46.59463464389231,-23.467535397215396],[-46.59468076379617,-23.46747023657376],[-46.594726883700034,-23.46747023657376],[-46.59481912350775,-23.467405075932124],[-46.59491136331546,-23.467339915290488],[-46.59504972302703,-23.46720959400722],[-46.595095842930895,-23.467144433365583],[-46.59514196283475,-23.467144433365583],[-46.59518808273861,-23.467144433365583],[-46.595234202642466,-23.467079272723947],[-46.59528032254632,-23.467079272723947],[-46.59532644245018,-23.46701411208231],[-46.595510922065614,-23.466948951440674],[-46.59555704196947,-23.466883790799038],[-46.59569540168104,-23.4668186301574],[-46.5957415215849,-23.4668186301574],[-46.595787641488755,-23.4668186301574],[-46.595879881296476,-23.466753469515766],[-46.596018241008046,-23.46668830887413],[-46.59615660071962,-23.46655798759086],[-46.59624884052734,-23.46655798759086],[-46.596433320142765,-23.466427666307588],[-46.5966177997582,-23.466297345024316],[-46.596663919662056,-23.466297345024316],[-46.596848399277484,-23.466167023741043],[-46.596940639085204,-23.466167023741043],[-46.59698675898906,-23.466101863099407],[-46.597078998796775,-23.466101863099407],[-46.59717123860449,-23.46603670245777],[-46.597217358508345,-23.465971541816135],[-46.5972634784122,-23.465971541816135],[-46.597309598316066,-23.465971541816135],[-46.59735571821992,-23.4659063811745],[-46.59740183812378,-23.4659063811745],[-46.59749407793149,-23.465841220532866],[-46.59754019783535,-23.465841220532866],[-46.59758631773921,-23.46577605989123],[-46.59767855754693,-23.465710899249594],[-46.597724677450785,-23.465710899249594],[-46.5978169172585,-23.465645738607957],[-46.597863037162355,-23.465645738607957],[-46.59795527697007,-23.46558057796632],[-46.598001396873926,-23.46558057796632],[-46.59804751677779,-23.46558057796632],[-46.5981397565855,-23.465515417324685],[-46.59818587648936,-23.46545025668305],[-46.59832423620093,-23.465385096041413],[-46.598370356104795,-23.465385096041413],[-46.59841647600865,-23.465385096041413],[-46.59846259591251,-23.465385096041413],[-46.598508715816365,-23.465319935399776],[-46.59855483572022,-23.465319935399776],[-46.59860095562408,-23.465319935399776],[-46.599062154662654,-23.46525477475814],[-46.59920051437423,-23.46525477475814],[-46.59924663427809,-23.46525477475814],[-46.5993388740858,-23.46525477475814],[-46.59938499398966,-23.46525477475814],[-46.599431113893516,-23.46525477475814],[-46.59952335370124,-23.46525477475814],[-46.59952335370124,-23.465189614116507],[-46.59961559350895,-23.465189614116507],[-46.59975395322052,-23.46512445347487],[-46.59984619302824,-23.465059292833235],[-46.59984619302824,-23.4649941321916],[-46.599938432835955,-23.464928971549963],[-46.59998455273981,-23.464928971549963],[-46.60003067264367,-23.464863810908327],[-46.600076792547526,-23.464863810908327],[-46.600076792547526,-23.46479865026669],[-46.60012291245138,-23.464733489625054],[-46.60016903235524,-23.46460316834178],[-46.6002151522591,-23.46453800770015],[-46.60026127216296,-23.464472847058513],[-46.60030739206682,-23.46434252577524],[-46.600353511970674,-23.46434252577524],[-46.60039963187453,-23.464277365133604],[-46.60044575177839,-23.464212204491968],[-46.600491871682244,-23.464147043850332],[-46.6005379915861,-23.464081883208696],[-46.600584111489965,-23.46401672256706],[-46.60063023139382,-23.46401672256706],[-46.60067635129768,-23.463951561925423],[-46.60076859110539,-23.463951561925423],[-46.60081471100925,-23.463886401283787],[-46.600860830913106,-23.463886401283787],[-46.60090695081696,-23.463886401283787],[-46.600999190624684,-23.463821240642154],[-46.6010914304324,-23.463821240642154],[-46.60118367024011,-23.463821240642154],[-46.601275910047825,-23.463821240642154],[-46.60132202995169,-23.463821240642154],[-46.601368149855546,-23.463821240642154],[-46.6014142697594,-23.463821240642154],[-46.601506509567116,-23.463821240642154],[-46.60155262947097,-23.463821240642154],[-46.60159874937483,-23.463821240642154],[-46.60169098918255,-23.463821240642154],[-46.60182934889412,-23.463886401283787],[-46.601921588701835,-23.463886401283787],[-46.60201382850955,-23.463886401283787],[-46.602152188221126,-23.463886401283787],[-46.6022905479327,-23.463886401283787],[-46.60238278774041,-23.463886401283787],[-46.60247502754813,-23.463821240642154],[-46.60252114745199,-23.463821240642154],[-46.6026133872597,-23.46375608000052],[-46.602705627067415,-23.46375608000052],[-46.60275174697127,-23.46375608000052],[-46.60284398677899,-23.463625758717246],[-46.602936226586706,-23.463625758717246],[-46.60298234649056,-23.46356059807561],[-46.60302846639442,-23.463495437433973],[-46.60307458629828,-23.463430276792337],[-46.603120706202134,-23.463430276792337],[-46.603166826106,-23.4633651161507],[-46.603166826106,-23.463299955509065],[-46.603212946009855,-23.46323479486743],[-46.60325906591371,-23.463169634225796],[-46.60330518581757,-23.46310447358416],[-46.60339742562528,-23.462974152300887],[-46.60344354552914,-23.46290899165925],[-46.603489665433,-23.463039312942524],[-46.603489665433,-23.46310447358416],[-46.60353578533686,-23.46310447358416],[-46.60353578533686,-23.463169634225796],[-46.603581905240716,-23.463169634225796],[-46.60372026495229,-23.463039312942524],[-46.603858624663864,-23.462974152300887],[-46.60395086447158,-23.46290899165925],[-46.60408922418315,-23.462843831017615],[-46.60427370379858,-23.46277867037598],[-46.60441206351015,-23.462713509734343],[-46.60450430331787,-23.462648349092706],[-46.60459654312559,-23.46258318845107],[-46.604642663029445,-23.46258318845107],[-46.604642663029445,-23.462648349092706],[-46.604642663029445,-23.462713509734343],[-46.6046887829333,-23.462713509734343],[-46.60473490283716,-23.46277867037598],[-46.60473490283716,-23.462843831017615],[-46.604781022741015,-23.462843831017615],[-46.60487326254873,-23.46290899165925],[-46.60496550235645,-23.462974152300887],[-46.60505774216416,-23.462974152300887],[-46.60514998197188,-23.463039312942524],[-46.60524222177959,-23.463039312942524],[-46.60538058149117,-23.46310447358416],[-46.605565061106596,-23.46310447358416],[-46.60574954072203,-23.46310447358416],[-46.60602626014517,-23.463169634225796],[-46.60630297956832,-23.46323479486743],[-46.60639521937603,-23.46323479486743],[-46.6064413392799,-23.46323479486743],[-46.60657969899147,-23.46323479486743],[-46.60671805870304,-23.463299955509065],[-46.60681029851076,-23.463299955509065],[-46.606856418414615,-23.463299955509065],[-46.60694865822233,-23.463299955509065],[-46.60713313783776,-23.463299955509065],[-46.607271497549334,-23.4633651161507],[-46.607409857260905,-23.4633651161507],[-46.60750209706862,-23.4633651161507],[-46.60754821697248,-23.4633651161507],[-46.60759433687634,-23.463430276792337],[-46.60768657668405,-23.463430276792337],[-46.60773269658791,-23.463430276792337],[-46.607778816491766,-23.463430276792337],[-46.60782493639562,-23.463430276792337],[-46.60787105629948,-23.463430276792337],[-46.607917176203344,-23.463430276792337],[-46.60800941601106,-23.463430276792337],[-46.608055535914914,-23.463495437433973],[-46.60814777572263,-23.463495437433973],[-46.60824001553034,-23.463495437433973],[-46.608286135434206,-23.463495437433973],[-46.60833225533806,-23.463495437433973],[-46.608424495145776,-23.463495437433973],[-46.60847061504963,-23.463495437433973],[-46.60851673495349,-23.46356059807561],[-46.60860897476121,-23.46356059807561],[-46.60865509466507,-23.46356059807561],[-46.608701214568924,-23.46356059807561],[-46.60874733447278,-23.46356059807561],[-46.60879345437664,-23.46356059807561],[-46.60888569418435,-23.46356059807561],[-46.60893181408821,-23.463625758717246],[-46.60897793399207,-23.463625758717246],[-46.60902405389593,-23.463625758717246],[-46.60911629370364,-23.463625758717246],[-46.6091624136075,-23.463625758717246],[-46.60920853351136,-23.463625758717246],[-46.60925465341521,-23.463625758717246],[-46.60939301312679,-23.463690919358882],[-46.60943913303065,-23.463690919358882],[-46.609485252934505,-23.463690919358882],[-46.60953137283836,-23.463690919358882],[-46.609623612646075,-23.463690919358882],[-46.60966973254993,-23.463690919358882],[-46.609715852453796,-23.463690919358882],[-46.60980809226151,-23.46375608000052],[-46.60990033206922,-23.46375608000052],[-46.60994645197308,-23.46375608000052],[-46.60999257187694,-23.46375608000052],[-46.61008481168466,-23.463821240642154],[-46.61017705149237,-23.463821240642154],[-46.610269291300085,-23.463886401283787],[-46.6103615311078,-23.463886401283787],[-46.6103615311078,-23.463951561925423],[-46.61045377091552,-23.463951561925423],[-46.610499890819376,-23.463951561925423],[-46.61054601072323,-23.463951561925423],[-46.61059213062709,-23.46401672256706],[-46.61063825053095,-23.46401672256706],[-46.610684370434804,-23.464081883208696],[-46.61073049033866,-23.464147043850332],[-46.61077661024252,-23.464147043850332],[-46.61082273014638,-23.464212204491968],[-46.61086885005024,-23.464212204491968],[-46.61086885005024,-23.464147043850332],[-46.61096108985795,-23.464081883208696],[-46.61100720976181,-23.464081883208696],[-46.611053329665666,-23.46401672256706],[-46.61109944956952,-23.46401672256706],[-46.61109944956952,-23.463951561925423],[-46.61114556947338,-23.463886401283787],[-46.6112378092811,-23.463821240642154],[-46.61128392918496,-23.46375608000052],[-46.611330049088814,-23.46375608000052],[-46.611330049088814,-23.463690919358882],[-46.61137616899267,-23.463690919358882],[-46.61142228889653,-23.46356059807561],[-46.611468408800384,-23.463495437433973],[-46.61151452870424,-23.463430276792337],[-46.61151452870424,-23.4633651161507],[-46.611560648608105,-23.4633651161507],[-46.61160676851196,-23.463299955509065],[-46.61160676851196,-23.46323479486743],[-46.61165288841582,-23.46323479486743],[-46.61165288841582,-23.463169634225796],[-46.611699008319675,-23.463169634225796],[-46.611699008319675,-23.46310447358416],[-46.61174512822353,-23.463039312942524],[-46.61179124812739,-23.462974152300887],[-46.611837368031246,-23.46290899165925],[-46.611837368031246,-23.462843831017615],[-46.6118834879351,-23.462843831017615],[-46.61192960783897,-23.46277867037598],[-46.61192960783897,-23.462713509734343],[-46.61197572774282,-23.462713509734343],[-46.61197572774282,-23.462648349092706],[-46.61202184764668,-23.462648349092706],[-46.61202184764668,-23.46258318845107],[-46.61206796755054,-23.46258318845107],[-46.61206796755054,-23.462518027809438],[-46.612114087454394,-23.462518027809438],[-46.612114087454394,-23.4624528671678],[-46.61216020735825,-23.4624528671678],[-46.61216020735825,-23.462387706526165],[-46.61220632726211,-23.462387706526165],[-46.61220632726211,-23.46232254588453],[-46.612252447165964,-23.462257385242893],[-46.61229856706983,-23.462192224601257],[-46.61239080687754,-23.462192224601257],[-46.612483046685256,-23.46212706395962],[-46.61266752630069,-23.462061903317984],[-46.612759766108404,-23.462061903317984],[-46.61280588601226,-23.461996742676348],[-46.61294424572383,-23.461996742676348],[-46.61294424572383,-23.461931582034712],[-46.61299036562769,-23.461931582034712],[-46.61303648553155,-23.461931582034712],[-46.613128725339266,-23.461866421393076],[-46.61317484524312,-23.461866421393076],[-46.61322096514698,-23.461866421393076],[-46.613267085050836,-23.461801260751443],[-46.61331320495469,-23.461801260751443],[-46.613405444762414,-23.461931582034712],[-46.61345156466627,-23.461996742676348],[-46.61349768457013,-23.462061903317984],[-46.61349768457013,-23.46212706395962],[-46.61358992437784,-23.46212706395962],[-46.6136360442817,-23.462192224601257],[-46.613682164185555,-23.462192224601257],[-46.613682164185555,-23.46212706395962],[-46.613912763704846,-23.462061903317984],[-46.6139588836087,-23.462061903317984],[-46.61400500351256,-23.462061903317984],[-46.61409724332028,-23.462061903317984],[-46.61414336322414,-23.461996742676348],[-46.61423560303185,-23.461996742676348],[-46.61428172293571,-23.461996742676348],[-46.61437396274342,-23.461996742676348],[-46.61437396274342,-23.461931582034712],[-46.61442008264728,-23.461931582034712],[-46.61442008264728,-23.461996742676348],[-46.61446620255114,-23.461996742676348],[-46.614512322455,-23.46212706395962],[-46.614558442358856,-23.46212706395962],[-46.61465068216657,-23.462192224601257],[-46.61460456226271,-23.462192224601257],[-46.61460456226271,-23.462257385242893],[-46.61465068216657,-23.462257385242893],[-46.614696802070426,-23.462257385242893],[-46.61474292197428,-23.462257385242893],[-46.61474292197428,-23.46232254588453],[-46.61478904187814,-23.46232254588453],[-46.61478904187814,-23.462387706526165],[-46.614835161782004,-23.462387706526165],[-46.61488128168586,-23.462387706526165],[-46.61492740158972,-23.462518027809438],[-46.614973521493575,-23.4624528671678],[-46.61501964139743,-23.462518027809438],[-46.61501964139743,-23.46258318845107],[-46.61506576130129,-23.46258318845107],[-46.615111881205145,-23.462648349092706],[-46.615111881205145,-23.462713509734343],[-46.615158001109,-23.46277867037598],[-46.615204121012866,-23.46277867037598],[-46.61525024091672,-23.46277867037598],[-46.61529636082058,-23.462713509734343],[-46.61538860062829,-23.462713509734343],[-46.61543472053215,-23.462713509734343],[-46.61548084043601,-23.462713509734343],[-46.61557308024373,-23.462648349092706],[-46.615619200147584,-23.462648349092706],[-46.61566532005144,-23.462648349092706],[-46.615757559859155,-23.46258318845107],[-46.61580367976301,-23.46258318845107],[-46.615895919570725,-23.46258318845107],[-46.6160342792823,-23.462518027809438],[-46.61608039918616,-23.462518027809438],[-46.61612651909002,-23.462518027809438],[-46.61617263899387,-23.462518027809438],[-46.61621875889773,-23.4624528671678],[-46.61626487880159,-23.4624528671678],[-46.61631099870545,-23.4624528671678],[-46.61635711860931,-23.4624528671678],[-46.616403238513165,-23.462518027809438],[-46.61644935841702,-23.46258318845107],[-46.61649547832088,-23.462713509734343],[-46.616541598224735,-23.462843831017615],[-46.61658771812859,-23.46290899165925],[-46.61663383803245,-23.462974152300887],[-46.61663383803245,-23.463039312942524],[-46.61667995793631,-23.463169634225796],[-46.61667995793631,-23.463299955509065],[-46.61672607784017,-23.463430276792337],[-46.61677219774403,-23.463495437433973],[-46.61681831764788,-23.46375608000052],[-46.61681831764788,-23.463821240642154],[-46.61681831764788,-23.463886401283787],[-46.61686443755174,-23.463886401283787],[-46.61686443755174,-23.463951561925423],[-46.61686443755174,-23.46401672256706],[-46.61686443755174,-23.464081883208696],[-46.61686443755174,-23.464147043850332],[-46.61681831764788,-23.46434252577524],[-46.61681831764788,-23.464407686416877],[-46.61681831764788,-23.464472847058513],[-46.61681831764788,-23.46453800770015],[-46.61681831764788,-23.46460316834178],[-46.61681831764788,-23.464668328983418],[-46.61681831764788,-23.46460316834178],[-46.61686443755174,-23.46460316834178],[-46.617048917167175,-23.46453800770015],[-46.61714115697489,-23.464472847058513],[-46.617325636590316,-23.464407686416877],[-46.61741787639804,-23.46434252577524],[-46.61755623610961,-23.464277365133604],[-46.61764847591732,-23.464212204491968],[-46.617832955532755,-23.464147043850332],[-46.61792519534047,-23.464081883208696],[-46.61801743514818,-23.464081883208696],[-46.618109674955896,-23.46401672256706],[-46.61815579485976,-23.46401672256706],[-46.618248034667474,-23.463951561925423],[-46.61829415457133,-23.463951561925423],[-46.61834027447519,-23.463951561925423],[-46.618386394379044,-23.463886401283787],[-46.61847863418676,-23.463886401283787],[-46.61857087399448,-23.463886401283787],[-46.61857087399448,-23.463821240642154],[-46.61866311380219,-23.463821240642154],[-46.61870923370605,-23.463821240642154],[-46.618755353609906,-23.46375608000052],[-46.61884759341762,-23.46375608000052],[-46.618893713321484,-23.46375608000052],[-46.61893983322534,-23.463690919358882],[-46.6189859531292,-23.463690919358882],[-46.619032073033054,-23.463690919358882],[-46.61907819293691,-23.463690919358882],[-46.61912431284077,-23.463625758717246],[-46.619170432744625,-23.463625758717246],[-46.619262672552345,-23.463625758717246],[-46.61935491236006,-23.46356059807561],[-46.619401032263916,-23.46356059807561],[-46.61944715216777,-23.46356059807561],[-46.619539391975486,-23.463495437433973],[-46.61958551187935,-23.463495437433973],[-46.61963163178321,-23.463495437433973],[-46.61972387159092,-23.463495437433973],[-46.619816111398634,-23.463495437433973],[-46.61986223130249,-23.463495437433973],[-46.61995447111021,-23.463495437433973],[-46.620185070629496,-23.463430276792337],[-46.620323430341074,-23.463430276792337],[-46.62036955024493,-23.463430276792337],[-46.62041567014879,-23.463430276792337],[-46.620461790052644,-23.463430276792337],[-46.6205079099565,-23.463430276792337],[-46.62055402986036,-23.463430276792337],[-46.62078462937965,-23.463495437433973],[-46.62087686918736,-23.463495437433973],[-46.62101522889893,-23.46356059807561],[-46.6210613488028,-23.46356059807561],[-46.62115358861051,-23.463625758717246],[-46.62119970851437,-23.463625758717246],[-46.621245828418225,-23.463625758717246],[-46.62129194832208,-23.463690919358882],[-46.621384188129795,-23.463690919358882],[-46.62143030803366,-23.463690919358882],[-46.621476427937516,-23.463690919358882],[-46.62152254784137,-23.463690919358882],[-46.62156866774523,-23.463690919358882],[-46.62161478764909,-23.463690919358882],[-46.62166090755294,-23.463690919358882],[-46.62175314736066,-23.463690919358882],[-46.62179926726452,-23.463690919358882],[-46.621891507072235,-23.463690919358882],[-46.62198374687995,-23.463690919358882],[-46.622029866783805,-23.463625758717246],[-46.62207598668766,-23.463625758717246],[-46.62212210659152,-23.463625758717246],[-46.62216822649538,-23.463625758717246],[-46.62221434639924,-23.463625758717246],[-46.622260466303096,-23.463625758717246],[-46.62235270611081,-23.463625758717246],[-46.62239882601467,-23.463625758717246],[-46.622444945918524,-23.463625758717246],[-46.62249106582238,-23.463625758717246],[-46.622537185726245,-23.463690919358882],[-46.6225833056301,-23.463690919358882],[-46.62262942553396,-23.463690919358882],[-46.622675545437815,-23.463690919358882],[-46.62272166534167,-23.463690919358882],[-46.622813905149386,-23.463625758717246],[-46.62299838476482,-23.46356059807561],[-46.62318286438025,-23.463495437433973],[-46.623228984284104,-23.463495437433973],[-46.62327510418797,-23.463495437433973],[-46.62336734399568,-23.463430276792337],[-46.62341346389954,-23.463430276792337],[-46.623459583803395,-23.463430276792337],[-46.62350570370725,-23.463430276792337],[-46.62355182361111,-23.4633651161507],[-46.623597943514966,-23.4633651161507],[-46.62364406341883,-23.4633651161507],[-46.62369018332269,-23.4633651161507],[-46.62373630322654,-23.463299955509065],[-46.62382854303426,-23.463299955509065],[-46.623874662938114,-23.46323479486743],[-46.62392078284197,-23.46323479486743],[-46.62401302264969,-23.46323479486743],[-46.62405914255355,-23.463169634225796],[-46.62415138236126,-23.46310447358416],[-46.624243622168976,-23.46310447358416],[-46.62428974207283,-23.463039312942524],[-46.6243358619767,-23.463039312942524],[-46.62442810178441,-23.462974152300887],[-46.62456646149598,-23.46290899165925],[-46.624658701303694,-23.46290899165925],[-46.62470482120756,-23.462843831017615],[-46.62479706101527,-23.462843831017615],[-46.62479706101527,-23.46277867037598],[-46.62484318091913,-23.46277867037598],[-46.624889300822986,-23.46277867037598],[-46.624889300822986,-23.462843831017615],[-46.6249815406307,-23.462843831017615],[-46.62507378043842,-23.46290899165925],[-46.625166020246134,-23.46290899165925],[-46.62521214014999,-23.462974152300887],[-46.62525826005385,-23.462974152300887],[-46.62535049986156,-23.462974152300887],[-46.62544273966928,-23.463039312942524],[-46.62548885957314,-23.463039312942524],[-46.625534979476996,-23.463039312942524],[-46.62558109938085,-23.463039312942524],[-46.625673339188566,-23.463039312942524],[-46.62571945909242,-23.463039312942524],[-46.625811698900144,-23.46310447358416],[-46.625950058611714,-23.46310447358416],[-46.626088418323285,-23.463169634225796],[-46.626180658131005,-23.463169634225796],[-46.626319017842576,-23.463169634225796],[-46.62636513774643,-23.46323479486743],[-46.62641125765029,-23.46323479486743],[-46.626457377554146,-23.46323479486743],[-46.626503497458,-23.46323479486743],[-46.62654961736187,-23.463299955509065],[-46.626595737265724,-23.463299955509065],[-46.62664185716958,-23.4633651161507],[-46.62668797707344,-23.4633651161507],[-46.626734096977295,-23.463430276792337],[-46.62678021688115,-23.463495437433973],[-46.62682633678501,-23.46356059807561],[-46.626872456688865,-23.46356059807561],[-46.62691857659273,-23.463625758717246],[-46.626964696496586,-23.463625758717246],[-46.62701081640044,-23.463625758717246],[-46.62728753582359,-23.46375608000052],[-46.62733365572745,-23.46375608000052],[-46.62742589553516,-23.463821240642154],[-46.627518135342875,-23.463886401283787],[-46.62756425524673,-23.463886401283787],[-46.62761037515059,-23.463886401283787],[-46.62765649505445,-23.463886401283787],[-46.627748734862166,-23.463886401283787],[-46.62779485476602,-23.463886401283787],[-46.62779485476602,-23.463821240642154],[-46.62784097466988,-23.463821240642154],[-46.62788709457374,-23.46375608000052],[-46.62793321447759,-23.463690919358882],[-46.62797933438145,-23.463625758717246],[-46.628025454285314,-23.46356059807561],[-46.62807157418917,-23.46356059807561],[-46.62807157418917,-23.463495437433973],[-46.62811769409303,-23.463430276792337],[-46.628163813996885,-23.463430276792337],[-46.628163813996885,-23.4633651161507],[-46.62820993390074,-23.463299955509065],[-46.6282560538046,-23.463299955509065],[-46.628302173708455,-23.46323479486743],[-46.628302173708455,-23.463169634225796],[-46.62834829361231,-23.463169634225796],[-46.628394413516176,-23.46310447358416],[-46.62844053342003,-23.463039312942524],[-46.62848665332389,-23.462974152300887],[-46.62853277322775,-23.46290899165925],[-46.6285788931316,-23.462843831017615],[-46.62862501303546,-23.46277867037598],[-46.62867113293932,-23.462713509734343],[-46.628717252843174,-23.462713509734343],[-46.62876337274704,-23.462648349092706],[-46.628809492650895,-23.462648349092706],[-46.62885561255475,-23.462648349092706],[-46.62890173245861,-23.462648349092706],[-46.62890173245861,-23.46258318845107],[-46.628947852362465,-23.46258318845107],[-46.62904009217018,-23.462518027809438],[-46.629086212074036,-23.462518027809438],[-46.6291323319779,-23.4624528671678],[-46.62917845188176,-23.4624528671678],[-46.62922457178561,-23.462387706526165],[-46.62927069168947,-23.462387706526165],[-46.629362931497184,-23.46232254588453],[-46.62940905140104,-23.46232254588453],[-46.6294551713049,-23.462257385242893],[-46.62950129120876,-23.462257385242893],[-46.62954741111262,-23.462192224601257],[-46.629593531016475,-23.462192224601257],[-46.62963965092033,-23.462192224601257],[-46.62968577082419,-23.462192224601257],[-46.6297780106319,-23.46212706395962],[-46.629824130535766,-23.46212706395962],[-46.62987025043962,-23.46212706395962],[-46.62987025043962,-23.462061903317984],[-46.62991637034348,-23.462061903317984],[-46.63005473005505,-23.461996742676348],[-46.63010084995891,-23.461996742676348],[-46.630146969862764,-23.461931582034712],[-46.63019308976663,-23.461931582034712],[-46.63019308976663,-23.461866421393076],[-46.630239209670485,-23.461866421393076],[-46.63028532957434,-23.461801260751443],[-46.63028532957434,-23.461736100109807],[-46.6303314494782,-23.461736100109807],[-46.6303314494782,-23.46167093946817],[-46.6303314494782,-23.461605778826534],[-46.6303314494782,-23.461540618184898],[-46.630377569382055,-23.461410296901626],[-46.630377569382055,-23.461214814976717],[-46.630377569382055,-23.46108449369345],[-46.630377569382055,-23.461019333051812],[-46.630377569382055,-23.460954172410176],[-46.630377569382055,-23.460758690485267],[-46.630377569382055,-23.46069352984363],[-46.630377569382055,-23.460628369201995],[-46.630377569382055,-23.46056320856036],[-46.630377569382055,-23.460498047918726],[-46.630377569382055,-23.46043288727709],[-46.63042368928591,-23.46043288727709],[-46.63042368928591,-23.460367726635454],[-46.63046980918977,-23.460367726635454],[-46.630515929093626,-23.460302565993818],[-46.63060816890135,-23.460172244710545],[-46.63070040870906,-23.46010708406891],[-46.630792648516774,-23.460041923427273],[-46.630792648516774,-23.459976762785637],[-46.63083876842063,-23.459976762785637],[-46.63088488832449,-23.459911602144],[-46.63093100822835,-23.459846441502368],[-46.63097712813221,-23.459846441502368],[-46.631023248036065,-23.459846441502368],[-46.63106936793992,-23.45978128086073],[-46.63111548784378,-23.45978128086073],[-46.63120772765149,-23.459716120219095],[-46.63125384755535,-23.459716120219095],[-46.63129996745921,-23.45965095957746],[-46.63139220726693,-23.45965095957746],[-46.63148444707464,-23.45965095957746],[-46.6315305669785,-23.459585798935823],[-46.631576686882354,-23.459585798935823],[-46.63162280678621,-23.459585798935823],[-46.63171504659393,-23.459585798935823],[-46.6318534063055,-23.459585798935823],[-46.63203788592094,-23.459585798935823],[-46.63217624563251,-23.459585798935823],[-46.63231460534408,-23.459585798935823],[-46.632452965055656,-23.459520638294187],[-46.632591324767226,-23.459520638294187],[-46.6327296844788,-23.459520638294187],[-46.63277580438266,-23.45945547765255],[-46.63291416409423,-23.45945547765255],[-46.633006403901945,-23.45945547765255],[-46.63319088351738,-23.459390317010914],[-46.63332924322895,-23.459390317010914],[-46.63337536313281,-23.459390317010914],[-46.63342148303666,-23.459325156369278],[-46.63346760294052,-23.459325156369278],[-46.633513722844384,-23.459325156369278],[-46.63355984274824,-23.459325156369278],[-46.633652082555955,-23.459325156369278],[-46.633652082555955,-23.459259995727642],[-46.633652082555955,-23.45919483508601],[-46.633652082555955,-23.459129674444373],[-46.6336059626521,-23.459129674444373],[-46.6336059626521,-23.459064513802737],[-46.63369820245981,-23.4589993531611],[-46.63374432236367,-23.4589993531611],[-46.633790442267525,-23.458934192519465],[-46.63383656217138,-23.458934192519465],[-46.63383656217138,-23.45886903187783],[-46.633882682075246,-23.45886903187783],[-46.633882682075246,-23.458803871236192],[-46.6339288019791,-23.458803871236192],[-46.6339288019791,-23.458738710594556],[-46.6339288019791,-23.45867354995292],[-46.63397492188296,-23.45867354995292],[-46.63397492188296,-23.458543228669647],[-46.63397492188296,-23.45841290738638],[-46.63397492188296,-23.458282586103106],[-46.634021041786816,-23.458152264819834],[-46.634021041786816,-23.45802194353656],[-46.63406716169067,-23.457956782894925],[-46.63406716169067,-23.457826461611656],[-46.63406716169067,-23.45776130097002],[-46.63411328159453,-23.457696140328384],[-46.63411328159453,-23.457630979686748],[-46.63411328159453,-23.457500658403475],[-46.63415940149839,-23.45743549776184],[-46.63415940149839,-23.457370337120203],[-46.634205521402244,-23.457305176478567],[-46.634205521402244,-23.45724001583693],[-46.63425164130611,-23.45710969455366],[-46.63434388111382,-23.457044533912025],[-46.63439000101768,-23.456849051987117],[-46.634436120921535,-23.45678389134548],[-46.63448224082539,-23.456718730703844],[-46.63448224082539,-23.45665357006221],[-46.63452836072925,-23.45665357006221],[-46.634574480633106,-23.456588409420572],[-46.63462060053697,-23.456523248778936],[-46.634666720440826,-23.456458088137303],[-46.63475896024854,-23.45632776685403],[-46.6348050801524,-23.456262606212395],[-46.63489731996011,-23.45619744557076],[-46.63503567967169,-23.45600196364585],[-46.63517403938326,-23.455871642362577],[-46.635220159287115,-23.455806481720945],[-46.63526627919097,-23.45574132107931],[-46.635312399094836,-23.455676160437672],[-46.63535851899869,-23.4555458391544],[-46.63540463890255,-23.455480678512764],[-46.63549687871026,-23.455415517871128],[-46.63554299861412,-23.45535035722949],[-46.63558911851798,-23.455285196587855],[-46.635635238421834,-23.45522003594622],[-46.6356813583257,-23.455154875304586],[-46.635727478229555,-23.45508971466295],[-46.63577359813341,-23.455024554021314],[-46.635865837941125,-23.454959393379678],[-46.63591195784498,-23.454829072096405],[-46.63595807774884,-23.45476391145477],[-46.636004197652696,-23.45476391145477],[-46.636004197652696,-23.454698750813133],[-46.63605031755656,-23.454698750813133],[-46.63605031755656,-23.454633590171497],[-46.63609643746042,-23.454633590171497],[-46.63609643746042,-23.45456842952986],[-46.63614255736427,-23.454503268888224],[-46.63614255736427,-23.454438108246592],[-46.63618867726813,-23.454438108246592],[-46.63618867726813,-23.454372947604956],[-46.63623479717199,-23.45430778696332],[-46.63623479717199,-23.454242626321683],[-46.636280917075844,-23.454242626321683],[-46.636280917075844,-23.454177465680047],[-46.636280917075844,-23.45411230503841],[-46.6363270369797,-23.45411230503841],[-46.6363270369797,-23.454047144396775],[-46.63637315688356,-23.45398198375514],[-46.63637315688356,-23.453916823113502],[-46.63641927678742,-23.453916823113502],[-46.63641927678742,-23.453851662471866],[-46.63646539669128,-23.453786501830233],[-46.63646539669128,-23.453721341188597],[-46.636511516595135,-23.45365618054696],[-46.636511516595135,-23.453591019905325],[-46.63655763649899,-23.453591019905325],[-46.63655763649899,-23.45352585926369],[-46.63660375640285,-23.453460698622052],[-46.636649876306706,-23.45333037733878],[-46.63674211611442,-23.453134895413875],[-46.63683435592214,-23.452939413488966],[-46.636880475826,-23.452809092205694],[-46.636926595729854,-23.452743931564058],[-46.636926595729854,-23.452613610280785],[-46.63697271563371,-23.45254844963915],[-46.636880475826,-23.452287807072608],[-46.636880475826,-23.45222264643097],[-46.63678823601828,-23.4520923251477],[-46.63674211611442,-23.451962003864427],[-46.63669599621056,-23.451962003864427],[-46.636649876306706,-23.451766521939522],[-46.63660375640285,-23.45163620065625],[-46.63660375640285,-23.451505879372977],[-46.63660375640285,-23.451375558089705],[-46.63660375640285,-23.45131039744807],[-46.636649876306706,-23.451114915523164],[-46.636649876306706,-23.451049754881527],[-46.636649876306706,-23.45098459423989],[-46.63669599621056,-23.450919433598255],[-46.63669599621056,-23.45085427295662],[-46.63669599621056,-23.450789112314983],[-46.63669599621056,-23.450723951673346],[-46.63674211611442,-23.450723951673346],[-46.63674211611442,-23.45065879103171],[-46.63674211611442,-23.450593630390074],[-46.63678823601828,-23.450593630390074],[-46.63678823601828,-23.450528469748438],[-46.63683435592214,-23.45039814846517],[-46.63683435592214,-23.450332987823533],[-46.63683435592214,-23.450267827181897],[-46.63683435592214,-23.45020266654026],[-46.63683435592214,-23.450137505898624],[-46.63683435592214,-23.450072345256988],[-46.63678823601828,-23.450072345256988],[-46.63678823601828,-23.45000718461535],[-46.63674211611442,-23.45000718461535],[-46.63669599621056,-23.449942023973716],[-46.63655763649899,-23.449811702690443],[-46.636511516595135,-23.449811702690443],[-46.63646539669128,-23.44974654204881],[-46.63637315688356,-23.449681381407174],[-46.63637315688356,-23.449616220765538],[-46.6363270369797,-23.449616220765538],[-46.636280917075844,-23.449551060123902],[-46.63623479717199,-23.449551060123902],[-46.63618867726813,-23.449485899482266],[-46.63618867726813,-23.44942073884063],[-46.63609643746042,-23.449290417557357],[-46.63609643746042,-23.449094935632452],[-46.63609643746042,-23.449029774990816],[-46.63614255736427,-23.44896461434918],[-46.63623479717199,-23.448899453707543],[-46.636280917075844,-23.448834293065907],[-46.6363270369797,-23.44876913242427],[-46.63637315688356,-23.448703971782635],[-46.63641927678742,-23.448638811141],[-46.63646539669128,-23.448638811141],[-46.63660375640285,-23.448508489857726],[-46.636649876306706,-23.44844332921609],[-46.63669599621056,-23.448378168574457],[-46.63674211611442,-23.44831300793282],[-46.63683435592214,-23.44831300793282],[-46.63697271563371,-23.44831300793282],[-46.637203315153,-23.448378168574457],[-46.637295554960716,-23.448378168574457],[-46.63734167486457,-23.448378168574457],[-46.63738779476843,-23.448378168574457],[-46.63748003457614,-23.44844332921609],[-46.63752615448001,-23.44844332921609],[-46.63752615448001,-23.448508489857726],[-46.637572274383864,-23.448508489857726],[-46.63761839428772,-23.448508489857726],[-46.63766451419158,-23.448508489857726],[-46.637710634095434,-23.44844332921609],[-46.63780287390315,-23.448378168574457],[-46.63789511371087,-23.448247847291185],[-46.637941233614725,-23.44818268664955],[-46.63798735351858,-23.448052365366276],[-46.63803347342244,-23.447922044083004],[-46.63803347342244,-23.44779172279973],[-46.63798735351858,-23.447661401516463],[-46.63798735351858,-23.447596240874827],[-46.63798735351858,-23.447465919591554],[-46.63798735351858,-23.447400758949918],[-46.63798735351858,-23.447270437666646],[-46.63798735351858,-23.447140116383373],[-46.637941233614725,-23.447140116383373],[-46.637941233614725,-23.44707495574174],[-46.637941233614725,-23.447009795100104],[-46.63789511371087,-23.446944634458468],[-46.637848993807005,-23.446879473816832],[-46.637848993807005,-23.44674915253356],[-46.63775675399929,-23.446618831250287],[-46.637710634095434,-23.44655367060865],[-46.63752615448001,-23.44642334932538],[-46.637295554960716,-23.446227867400474],[-46.637157195249145,-23.4460975461172],[-46.63711107534528,-23.4460975461172],[-46.63701883553757,-23.445902064192293],[-46.63683435592214,-23.445706582267388],[-46.63674211611442,-23.44551110034248],[-46.63674211611442,-23.44531561841757],[-46.63674211611442,-23.445120136492662],[-46.63655763649899,-23.44505497585103],[-46.63655763649899,-23.444989815209393],[-46.63641927678742,-23.44485949392612],[-46.63618867726813,-23.444598851359576],[-46.636004197652696,-23.444338208793035],[-46.635865837941125,-23.444012405584854],[-46.63581971803727,-23.444012405584854],[-46.635727478229555,-23.443816923659945],[-46.63554299861412,-23.443686602376676],[-46.63540463890255,-23.44362144173504],[-46.63535851899869,-23.443556281093404],[-46.63526627919097,-23.443491120451768],[-46.6351279194794,-23.443360799168495],[-46.63489731996011,-23.443165317243587],[-46.6348050801524,-23.44310015660195],[-46.63471284034468,-23.44310015660195],[-46.63452836072925,-23.44296983531868],[-46.63425164130611,-23.44283951403541],[-46.63397492188296,-23.4426440321105],[-46.633790442267525,-23.442513710827228],[-46.63374432236367,-23.442513710827228],[-46.6336059626521,-23.442383389543956],[-46.63342148303666,-23.442122746977414],[-46.63328312332509,-23.441927265052506],[-46.633237003421236,-23.44186210441087],[-46.63314476361352,-23.44160146184433],[-46.633006403901945,-23.44140597991942],[-46.63296028399809,-23.441340819277784],[-46.632868044190374,-23.44121049799451],[-46.632868044190374,-23.44108017671124],[-46.63277580438266,-23.44094985542797],[-46.6327296844788,-23.440884694786334],[-46.63268356457494,-23.44075437350306],[-46.632591324767226,-23.440689212861425],[-46.63254520486337,-23.44062405221979],[-46.632452965055656,-23.440558891578153],[-46.6324068451518,-23.440493730936517],[-46.63231460534408,-23.44042857029488],[-46.632222365536364,-23.440233088369975],[-46.63217624563251,-23.44016792772834],[-46.63213012572865,-23.440102767086703],[-46.63203788592094,-23.43997244580343],[-46.63199176601707,-23.439907285161794],[-46.63189952620936,-23.439776963878522],[-46.631807286401646,-23.439646642595253],[-46.63176116649779,-23.439581481953617],[-46.63171504659393,-23.439451160670345],[-46.631668926690075,-23.439125357462164],[-46.63171504659393,-23.438864714895622],[-46.63176116649779,-23.438669232970714],[-46.63176116649779,-23.438473751045805],[-46.631807286401646,-23.438343429762533],[-46.63189952620936,-23.43808278719599],[-46.631945646113216,-23.438017626554355],[-46.63199176601707,-23.437887305271083],[-46.63203788592094,-23.437887305271083],[-46.63213012572865,-23.437822144629447],[-46.63231460534408,-23.437691823346174],[-46.632360725247935,-23.437691823346174],[-46.632452965055656,-23.43762666270454],[-46.63263744467108,-23.437561502062906],[-46.63268356457494,-23.437561502062906],[-46.63282192428652,-23.43749634142127],[-46.63296028399809,-23.43749634142127],[-46.633006403901945,-23.437431180779633],[-46.63309864370966,-23.437366020137997],[-46.63309864370966,-23.437235698854725],[-46.63309864370966,-23.43717053821309],[-46.63309864370966,-23.437105377571452],[-46.6330525238058,-23.437040216929816],[-46.633006403901945,-23.436909895646547],[-46.63296028399809,-23.43671441372164],[-46.63296028399809,-23.436649253080002],[-46.63296028399809,-23.43651893179673],[-46.633006403901945,-23.43625828923019],[-46.633006403901945,-23.436193128588553],[-46.63296028399809,-23.43606280730528],[-46.63291416409423,-23.435997646663644],[-46.63291416409423,-23.435932486022008],[-46.63282192428652,-23.435802164738735],[-46.63282192428652,-23.435671843455463],[-46.63282192428652,-23.43560668281383],[-46.632868044190374,-23.435476361530558],[-46.63291416409423,-23.435346040247286],[-46.633006403901945,-23.435150558322377],[-46.63314476361352,-23.435020237039105],[-46.63328312332509,-23.4348247551142],[-46.63346760294052,-23.434694433830927],[-46.6336059626521,-23.434564112547655],[-46.633652082555955,-23.434433791264382],[-46.63369820245981,-23.434433791264382],[-46.633790442267525,-23.43430346998111],[-46.63383656217138,-23.43417314869784],[-46.63397492188296,-23.433912506131296],[-46.634021041786816,-23.43384734548966],[-46.63411328159453,-23.43365186356475],[-46.63415940149839,-23.433521542281483],[-46.63425164130611,-23.433326060356574],[-46.634297761209965,-23.4331957390733],[-46.634297761209965,-23.433000257148393],[-46.634297761209965,-23.43293509650676],[-46.634297761209965,-23.432869935865124],[-46.63425164130611,-23.432674453940216],[-46.634205521402244,-23.432544132656943],[-46.63415940149839,-23.43241381137367],[-46.63415940149839,-23.432348650732035],[-46.63411328159453,-23.432218329448766],[-46.63406716169067,-23.432022847523857],[-46.634021041786816,-23.432022847523857],[-46.634021041786816,-23.431892526240585],[-46.63397492188296,-23.431762204957312],[-46.63397492188296,-23.431697044315676],[-46.63397492188296,-23.43163188367404],[-46.634021041786816,-23.431566723032407],[-46.63406716169067,-23.43150156239077],[-46.63406716169067,-23.431436401749135],[-46.63415940149839,-23.4313712411075],[-46.63425164130611,-23.431240919824226],[-46.634297761209965,-23.431240919824226],[-46.63434388111382,-23.43117575918259],[-46.63439000101768,-23.431110598540954],[-46.63439000101768,-23.431045437899318],[-46.63434388111382,-23.43098027725768],[-46.63434388111382,-23.43091511661605],[-46.63425164130611,-23.430784795332777],[-46.63415940149839,-23.430654474049504],[-46.63411328159453,-23.430589313407868],[-46.634021041786816,-23.43039383148296],[-46.63397492188296,-23.43026351019969],[-46.63397492188296,-23.430198349558054],[-46.63397492188296,-23.430133188916418],[-46.634021041786816,-23.430068028274782],[-46.634021041786816,-23.42993770699151],[-46.63406716169067,-23.429807385708237],[-46.63406716169067,-23.429611903783332],[-46.63406716169067,-23.429416421858424],[-46.63406716169067,-23.429220939933515],[-46.63406716169067,-23.429090618650243],[-46.63406716169067,-23.42896029736697],[-46.634021041786816,-23.428764815442065],[-46.634021041786816,-23.42869965480043],[-46.63397492188296,-23.428634494158793],[-46.63397492188296,-23.42850417287552],[-46.6339288019791,-23.42830869095061],[-46.63374432236367,-23.42830869095061],[-46.63314476361352,-23.428373851592248],[-46.63282192428652,-23.428439012233884],[-46.63254520486337,-23.428373851592248],[-46.63226848544022,-23.42830869095061],[-46.63189952620936,-23.428178369667343],[-46.6315305669785,-23.428113209025707],[-46.631438327170784,-23.427982887742434],[-46.63139220726693,-23.427852566459162],[-46.63139220726693,-23.42746160260935],[-46.63139220726693,-23.427135799401167],[-46.63134608736307,-23.426679674909717],[-46.63120772765149,-23.4262887110599],[-46.631023248036065,-23.42602806849336],[-46.630792648516774,-23.42583258656845],[-46.63060816890135,-23.425702265285178],[-46.6303314494782,-23.425637104643542],[-46.62991637034348,-23.425637104643542],[-46.62968577082419,-23.42557194400191],[-46.62950129120876,-23.425506783360273],[-46.62931681159333,-23.425376462077],[-46.62917845188176,-23.425180980152092],[-46.62917845188176,-23.42505065886882],[-46.6291323319779,-23.424985498227183],[-46.62899397226632,-23.42459453437737],[-46.628947852362465,-23.424529373735734],[-46.62890173245861,-23.424464213094097],[-46.62867113293932,-23.42426873116919],[-46.62811769409303,-23.42381260667774],[-46.62779485476602,-23.42361712475283],[-46.62747201543902,-23.42335648218629],[-46.627103056208156,-23.42316100026138],[-46.626734096977295,-23.422965518336472],[-46.626457377554146,-23.422900357694836],[-46.626319017842576,-23.422835197053203],[-46.62599617851557,-23.422835197053203],[-46.62571945909242,-23.422900357694836],[-46.62558109938085,-23.422900357694836],[-46.62548885957314,-23.422900357694836],[-46.625304379957704,-23.422900357694836],[-46.62511990034228,-23.422835197053203],[-46.624520341592124,-23.422900357694836],[-46.62396690274583,-23.422835197053203],[-46.623874662938114,-23.422835197053203],[-46.623459583803395,-23.422835197053203],[-46.62299838476482,-23.422770036411567],[-46.622813905149386,-23.422770036411567],[-46.62276778524553,-23.422770036411567],[-46.622444945918524,-23.422639715128295],[-46.62212210659152,-23.422444233203386],[-46.62193762697609,-23.422313911920114],[-46.621891507072235,-23.422248751278477],[-46.62179926726452,-23.422053269353572],[-46.62156866774523,-23.42159714486212],[-46.621476427937516,-23.421401662937214],[-46.62143030803366,-23.42127134165394],[-46.62143030803366,-23.421206181012305],[-46.62133806822594,-23.421010699087397],[-46.621384188129795,-23.42094553844576],[-46.621384188129795,-23.420880377804124],[-46.621384188129795,-23.42081521716249],[-46.62143030803366,-23.42068489587922],[-46.62143030803366,-23.420619735237583],[-46.62143030803366,-23.420554574595947],[-46.621476427937516,-23.42048941395431],[-46.62166090755294,-23.420163610746133],[-46.6217070274568,-23.420098450104497],[-46.62179926726452,-23.419968128821225],[-46.62184538716838,-23.419968128821225],[-46.621891507072235,-23.41990296817959],[-46.62193762697609,-23.419837807537952],[-46.62198374687995,-23.419772646896316],[-46.622029866783805,-23.419772646896316],[-46.62216822649538,-23.419512004329775],[-46.62221434639924,-23.419381683046502],[-46.622260466303096,-23.41925136176323],[-46.62239882601467,-23.419121040479958],[-46.622444945918524,-23.418990719196685],[-46.62249106582238,-23.41879523727178],[-46.622537185726245,-23.41859975534687],[-46.62262942553396,-23.417882988288877],[-46.622675545437815,-23.417752667005605],[-46.62272166534167,-23.417557185080696],[-46.62295226486096,-23.41723138187252],[-46.62318286438025,-23.4168404180227],[-46.62327510418797,-23.41657977545616],[-46.623228984284104,-23.416449454172888],[-46.623090624572534,-23.41638429353125],[-46.622906144957106,-23.416319132889615],[-46.622675545437815,-23.416449454172888],[-46.622029866783805,-23.416710096739433],[-46.62143030803366,-23.4168404180227],[-46.6210613488028,-23.416905578664338],[-46.62041567014879,-23.41703589994761],[-46.62027731043721,-23.417166221230882],[-46.620185070629496,-23.41723138187252],[-46.620185070629496,-23.417296542514155],[-46.62013895072564,-23.417426863797427],[-46.62013895072564,-23.417752667005605],[-46.620046710917926,-23.417948148930513],[-46.62000059101407,-23.418143630855422],[-46.61990835120635,-23.418339112780327],[-46.61986223130249,-23.4184694340636],[-46.61990835120635,-23.418664915988508],[-46.61995447111021,-23.418730076630144],[-46.62000059101407,-23.418860397913413],[-46.62009283082178,-23.41905587983832],[-46.62013895072564,-23.419121040479958],[-46.62009283082178,-23.419121040479958],[-46.61995447111021,-23.419121040479958],[-46.61976999149478,-23.418990719196685],[-46.619677751687064,-23.41892555855505],[-46.61949327207163,-23.418730076630144],[-46.61935491236006,-23.41859975534687],[-46.619170432744625,-23.418534594705235],[-46.61880147351376,-23.418208791497054],[-46.61870923370605,-23.418143630855422],[-46.61866311380219,-23.418078470213786],[-46.6184325142829,-23.418078470213786],[-46.618386394379044,-23.418078470213786],[-46.618248034667474,-23.418078470213786],[-46.618109674955896,-23.418143630855422],[-46.617832955532755,-23.41827395213869],[-46.617602356013464,-23.418404273421963],[-46.61755623610961,-23.418404273421963],[-46.61746399630189,-23.418404273421963],[-46.617325636590316,-23.418404273421963],[-46.6172333967826,-23.418404273421963],[-46.61714115697489,-23.418339112780327],[-46.616956677359454,-23.418143630855422],[-46.61681831764788,-23.417948148930513],[-46.61663383803245,-23.41781782764724],[-46.61621875889773,-23.417622345722332],[-46.61608039918616,-23.417557185080696],[-46.615988159378446,-23.417492024439063],[-46.615757559859155,-23.417492024439063],[-46.6157114399553,-23.417492024439063],[-46.61548084043601,-23.417557185080696],[-46.61529636082058,-23.41768750636397],[-46.615111881205145,-23.417882988288877],[-46.615111881205145,-23.417948148930513],[-46.615111881205145,-23.41801330957215],[-46.61506576130129,-23.418078470213786],[-46.61506576130129,-23.418143630855422],[-46.61506576130129,-23.418208791497054],[-46.614973521493575,-23.418208791497054],[-46.614835161782004,-23.418208791497054],[-46.61478904187814,-23.418143630855422],[-46.61474292197428,-23.418143630855422],[-46.61446620255114,-23.418078470213786],[-46.61442008264728,-23.41801330957215],[-46.61428172293571,-23.41801330957215],[-46.614189483127994,-23.417948148930513],[-46.61400500351256,-23.41801330957215],[-46.613774403993276,-23.41801330957215],[-46.613543804473984,-23.41801330957215],[-46.61335932485855,-23.41801330957215],[-46.61322096514698,-23.417948148930513],[-46.61317484524312,-23.417948148930513],[-46.61317484524312,-23.417882988288877],[-46.61322096514698,-23.417882988288877],[-46.613267085050836,-23.41781782764724],[-46.613267085050836,-23.417752667005605],[-46.61331320495469,-23.417557185080696],[-46.613267085050836,-23.417426863797427],[-46.61317484524312,-23.41736170315579],[-46.613128725339266,-23.417296542514155],[-46.61303648553155,-23.417296542514155],[-46.61294424572383,-23.417296542514155],[-46.61271364620455,-23.417296542514155],[-46.61257528649297,-23.41723138187252],[-46.612621406396826,-23.41677525738107],[-46.61266752630069,-23.416449454172888],[-46.61271364620455,-23.41625397224798],[-46.61280588601226,-23.415993329681438],[-46.61294424572383,-23.415732687114893],[-46.61303648553155,-23.41560236583162],[-46.61317484524312,-23.415537205189985],[-46.61345156466627,-23.415276562623443],[-46.61372828408941,-23.4150159200569],[-46.61382052389713,-23.4150159200569],[-46.61409724332028,-23.414885598773626],[-46.61414336322414,-23.41482043813199],[-46.614189483127994,-23.414755277490357],[-46.614189483127994,-23.41469011684872],[-46.61414336322414,-23.41455979556545],[-46.61405112341642,-23.414299152998904],[-46.61400500351256,-23.414103671074],[-46.61400500351256,-23.41390818914909],[-46.61400500351256,-23.413777867865818],[-46.61409724332028,-23.41358238594091],[-46.61428172293571,-23.413256582732732],[-46.614327842839565,-23.412865618882915],[-46.614512322455,-23.412279173108193],[-46.614512322455,-23.41201853054165],[-46.61446620255114,-23.411757887975106],[-46.61428172293571,-23.41149724540856],[-46.61405112341642,-23.41123660284202],[-46.613774403993276,-23.411041120917112],[-46.61358992437784,-23.41091079963384],[-46.61322096514698,-23.410780478350567],[-46.61294424572383,-23.410715317708934],[-46.61252916658911,-23.4106501570673],[-46.61216020735825,-23.410584996425662],[-46.61142228889653,-23.41045467514239],[-46.61128392918496,-23.410389514500753],[-46.61119168937724,-23.410194032575845],[-46.61119168937724,-23.410063711292576],[-46.61119168937724,-23.409933390009304],[-46.6112378092811,-23.409737908084395],[-46.61128392918496,-23.409542426159486],[-46.61137616899267,-23.409281783592945],[-46.611468408800384,-23.408695337818223],[-46.61165288841582,-23.40823921332677],[-46.61197572774282,-23.40758760691041],[-46.612114087454394,-23.407261803702234],[-46.612114087454394,-23.40700116113569],[-46.61206796755054,-23.406870839852417],[-46.61206796755054,-23.40680567921078],[-46.61202184764668,-23.40667535792751],[-46.61192960783897,-23.40654503664424],[-46.611837368031246,-23.406414715360967],[-46.611837368031246,-23.40634955471933],[-46.61179124812739,-23.40634955471933],[-46.61137616899267,-23.405697948302972],[-46.61119168937724,-23.4055676270197],[-46.61100720976181,-23.40530698445316],[-46.61086885005024,-23.404981181244978],[-46.610684370434804,-23.404590217395164],[-46.61059213062709,-23.404264414186983],[-46.610269291300085,-23.403808289695533],[-46.60990033206922,-23.403352165204083],[-46.609715852453796,-23.40322184392081],[-46.60957749274222,-23.402961201354266],[-46.609485252934505,-23.402765719429357],[-46.60925465341521,-23.402179273654635],[-46.60925465341521,-23.401918631088094],[-46.6091624136075,-23.401592827879913],[-46.60911629370364,-23.401397345955004],[-46.60897793399207,-23.40100638210519],[-46.60888569418435,-23.400810900180282],[-46.608701214568924,-23.40068057889701],[-46.60837837524192,-23.400485096972105],[-46.60800941601106,-23.400289615047196],[-46.60773269658791,-23.400159293763924],[-46.60754821697248,-23.39996381183902],[-46.6070870179339,-23.399377366064293],[-46.606856418414615,-23.399051562856116],[-46.606487459183754,-23.398399956439757],[-46.60639521937603,-23.39820447451485],[-46.606349099472176,-23.398074153231576],[-46.606349099472176,-23.39787867130667],[-46.60630297956832,-23.397683189381763],[-46.60611849995289,-23.397422546815218],[-46.605841780529744,-23.39729222553195],[-46.605565061106596,-23.397227064890313],[-46.60528834168345,-23.397161904248676],[-46.60496550235645,-23.39709674360704],[-46.604781022741015,-23.397031582965404],[-46.60450430331787,-23.396836101040495],[-46.60418146399086,-23.396575458473954],[-46.60404310427929,-23.396510297832318],[-46.60362802514457,-23.396445137190682],[-46.60330518581757,-23.396445137190682],[-46.60325906591371,-23.396510297832318],[-46.602936226586706,-23.396510297832318],[-46.60252114745199,-23.396705779757223],[-46.60219830812498,-23.39690126168213],[-46.60205994841341,-23.39690126168213],[-46.60196770860569,-23.39690126168213],[-46.60187546879798,-23.396836101040495],[-46.60173710908641,-23.39677094039886],[-46.60155262947097,-23.396705779757223],[-46.60095307072083,-23.396575458473954],[-46.60067635129768,-23.396445137190682],[-46.60026127216296,-23.396249655265773],[-46.600076792547526,-23.3961193339825],[-46.5998923129321,-23.396054173340865],[-46.59961559350895,-23.395793530774323],[-46.599431113893516,-23.395598048849415],[-46.5993388740858,-23.39533740628287],[-46.599154394470375,-23.394946442433056],[-46.599062154662654,-23.394555478583243],[-46.598923794951084,-23.394229675375062],[-46.59887767504723,-23.394034193450153],[-46.59883155514337,-23.393708390241976],[-46.59878543523951,-23.393252265750526],[-46.59878543523951,-23.39299162318398],[-46.59883155514337,-23.392730980617436],[-46.59883155514337,-23.3926658199758],[-46.59887767504723,-23.392470338050895],[-46.598923794951084,-23.392274856125987],[-46.59896991485494,-23.392144534842714],[-46.5990160347588,-23.39194905291781],[-46.59910827456652,-23.3917535709929],[-46.59920051437423,-23.391623249709628],[-46.5993388740858,-23.391492928426356],[-46.59947723379738,-23.391362607143083],[-46.59980007312438,-23.39116712521818],[-46.59998455273981,-23.391036803934906],[-46.600353511970674,-23.390906482651634],[-46.600722471201536,-23.390841322009997],[-46.60076859110539,-23.390841322009997],[-46.600860830913106,-23.39077616136836],[-46.60090695081696,-23.390711000726725],[-46.600999190624684,-23.39051551880182],[-46.60104531052854,-23.39032003687691],[-46.6010914304324,-23.39018971559364],[-46.6010914304324,-23.38999423366873],[-46.601137550336254,-23.38986391238546],[-46.60118367024011,-23.38953810917728],[-46.60122979014397,-23.389212305969103],[-46.60122979014397,-23.38908198468583],[-46.60118367024011,-23.388886502760922],[-46.601137550336254,-23.38875618147765],[-46.600999190624684,-23.388560699552745],[-46.60081471100925,-23.388365217627836],[-46.600491871682244,-23.38810457506129],[-46.59975395322052,-23.387778771853114],[-46.59947723379738,-23.38764845056984],[-46.5990160347588,-23.387452968644933],[-46.598739315335656,-23.38732264736166],[-46.598508715816365,-23.38719232607839],[-46.59832423620093,-23.386996844153483],[-46.59804751677779,-23.386801362228574],[-46.597863037162355,-23.386540719662033],[-46.59767855754693,-23.386345237737125],[-46.597632437643064,-23.38628007709549],[-46.59754019783535,-23.386149755812216],[-46.59740183812378,-23.386019434528944],[-46.597217358508345,-23.385954273887307],[-46.59675615946977,-23.38582395260404],[-46.59597212110419,-23.38562847067913],[-46.59518808273861,-23.385563310037494],[-46.59481912350775,-23.385563310037494],[-46.59435792446917,-23.38562847067913],[-46.59426568466145,-23.38562847067913],[-46.59362000600745,-23.385563310037494],[-46.5933432865843,-23.38543298875422],[-46.59311268706501,-23.385042024904408],[-46.593020447257295,-23.38497686426277],[-46.59288208754572,-23.3848465429795],[-46.59274372783415,-23.384781382337863],[-46.592005809372424,-23.384325257846413],[-46.591590730237705,-23.383999454638232],[-46.591360130718414,-23.383869133354963],[-46.59108341129527,-23.38360849078842],[-46.59085281177598,-23.383282687580238],[-46.59071445206441,-23.3832175269386],[-46.59020713312197,-23.382891723730424],[-46.58983817389111,-23.382696241805515],[-46.58928473504482,-23.382044635389157],[-46.58868517629467,-23.3813930289728],[-46.58850069667924,-23.38119754704789],[-46.58827009715995,-23.38106722576462],[-46.58813173744838,-23.38093690448135],[-46.58785501802523,-23.38093690448135],[-46.587670538409796,-23.38093690448135],[-46.58748605879437,-23.380871743839712],[-46.58711709956351,-23.380676261914804],[-46.58601022187092,-23.38028529806499],[-46.5855951427362,-23.380024655498445],[-46.585318423313055,-23.37982917357354],[-46.585087823793764,-23.37950337036536],[-46.58416542571661,-23.37904724587391],[-46.584027066005035,-23.378916924590637],[-46.58384258638961,-23.37872144266573],[-46.583750346581894,-23.378591121382456],[-46.58361198687032,-23.37826531817428],[-46.5835197470626,-23.377939514966098],[-46.58333526744717,-23.377483390474648],[-46.58315078783174,-23.37728790854974],[-46.58301242812017,-23.37728790854974],[-46.582689588793166,-23.377157587266467],[-46.58227450965844,-23.377092426624834],[-46.58195167033144,-23.377027265983198],[-46.58176719071601,-23.376962105341562],[-46.58162883100444,-23.376962105341562],[-46.58121375186972,-23.377027265983198],[-46.581167631965855,-23.376962105341562],[-46.58107539215814,-23.376962105341562],[-46.58093703244657,-23.376766623416653],[-46.58089091254271,-23.376571141491745],[-46.580752552831136,-23.37618017764193],[-46.58070643292728,-23.375789213792117],[-46.580752552831136,-23.375528571225573],[-46.58084479263886,-23.375007286092487],[-46.58089091254271,-23.37461632224267],[-46.58084479263886,-23.373899555184675],[-46.58079867273499,-23.373443430693225],[-46.580752552831136,-23.37305246684341],[-46.580752552831136,-23.37227053914378],[-46.58042971350413,-23.372205378502144],[-46.580245233888704,-23.372400860427053],[-46.5799223945617,-23.37292214556014],[-46.58001463436941,-23.37305246684341],[-46.58001463436941,-23.37318278812668],[-46.579968514465556,-23.37318278812668],[-46.579830154753985,-23.373313109409953],[-46.57978403485013,-23.37337827005159],[-46.57969179504241,-23.373443430693225],[-46.57969179504241,-23.37350859133486],[-46.57955343533084,-23.373573751976497],[-46.57946119552312,-23.37370407325977],[-46.579322835811546,-23.37370407325977],[-46.579046116388405,-23.373769233901406],[-46.578631037253686,-23.37383439454304],[-46.57844655763825,-23.37383439454304],[-46.57821595811896,-23.37383439454304],[-46.57789311879196,-23.37383439454304],[-46.57738579984952,-23.37383439454304],[-46.57674012119551,-23.37370407325977],[-46.57660176148394,-23.37370407325977],[-46.57650952167623,-23.37370407325977],[-46.576325042060795,-23.373769233901406],[-46.576186682349224,-23.373769233901406],[-46.57604832263765,-23.37383439454304],[-46.575909962926076,-23.37383439454304],[-46.575679363406785,-23.37396471582631],[-46.57517204446435,-23.374095037109583],[-46.57494144494506,-23.37416019775122],[-46.57480308523349,-23.374290519034492],[-46.57466472552192,-23.374551161601033],[-46.57452636581034,-23.374746643525942],[-46.57438800609877,-23.374811804167578],[-46.5742496463872,-23.375007286092487],[-46.57401904686791,-23.375137607375756],[-46.57374232744476,-23.37520276801739],[-46.57309664879075,-23.375333089300664],[-46.57272768955989,-23.3753982499423],[-46.572497090040606,-23.375463410583937],[-46.572404850232886,-23.375463410583937],[-46.572266490521315,-23.37559373186721],[-46.572128130809745,-23.375789213792117],[-46.572035891002024,-23.375789213792117],[-46.57198977109817,-23.37585437443375],[-46.5718514113866,-23.375919535075386],[-46.57166693177116,-23.375919535075386],[-46.57139021234802,-23.375919535075386],[-46.57115961282873,-23.375919535075386],[-46.5709751332133,-23.37585437443375],[-46.570698413790154,-23.375919535075386],[-46.57037557446315,-23.375984695717023],[-46.57009885504,-23.375984695717023],[-46.56986825552072,-23.375919535075386],[-46.569637656001426,-23.37585437443375],[-46.569407056482135,-23.37572405315048],[-46.56922257686671,-23.37559373186721],[-46.56913033705899,-23.375528571225573],[-46.56908421715513,-23.375528571225573],[-46.56908421715513,-23.375463410583937],[-46.56903809725127,-23.375333089300664],[-46.568991977347416,-23.37520276801739],[-46.56894585744356,-23.374876964809214],[-46.56894585744356,-23.374746643525942],[-46.5688997375397,-23.374681482884306],[-46.56871525792427,-23.374290519034492],[-46.568484658404984,-23.37383439454304],[-46.56839241859727,-23.37370407325977],[-46.56825405888569,-23.373573751976497],[-46.56802345936641,-23.373313109409953],[-46.56779285984712,-23.373117627485044],[-46.567423900616255,-23.37272666363523],[-46.56705494138539,-23.372400860427053],[-46.566639862250675,-23.372075057218872],[-46.56640926273138,-23.371879575293963],[-46.566224783115956,-23.371618932727422],[-46.56594806369281,-23.37129312951924],[-46.56571746417352,-23.3710324869527],[-46.56516402532723,-23.370576362461247],[-46.56488730590408,-23.37038088053634],[-46.564564466577075,-23.370185398611433],[-46.56419550734621,-23.369989916686524],[-46.5635498286922,-23.369729274119983],[-46.563365349076776,-23.36959895283671],[-46.56308862965363,-23.36946863155344],[-46.56267355051891,-23.369403470911802],[-46.56221235148033,-23.369207988986894],[-46.56179727234561,-23.369077667703625],[-46.56133607330703,-23.36881702513708],[-46.56096711407617,-23.36862154321217],[-46.56069039465302,-23.368426061287266],[-46.56022919561445,-23.368100258079085],[-46.56022919561445,-23.36803509743745],[-46.5599524761913,-23.367774454870904],[-46.559860236383585,-23.36770929422927],[-46.55958351696044,-23.36738349102109],[-46.559306797537296,-23.36692736652964],[-46.55903007811415,-23.36660156332146],[-46.55889171840258,-23.366406081396555],[-46.55847663926785,-23.366080278188374],[-46.55838439946014,-23.366015117546738],[-46.55824603974857,-23.3659499569051],[-46.558015440229276,-23.365624153696924],[-46.55773872080613,-23.365233189847107],[-46.557508121286844,-23.36490738663893],[-46.55732364167141,-23.36471190471402],[-46.55695468244055,-23.364516422789112],[-46.55649348340197,-23.364451262147476],[-46.55589392465182,-23.364320940864207],[-46.555801684844106,-23.36425578022257],[-46.55575556494025,-23.36425578022257],[-46.55570944503639,-23.36425578022257],[-46.555571085324814,-23.364060298297662],[-46.5554788455171,-23.363864816372754],[-46.555432725613244,-23.363539013164576],[-46.55529436590167,-23.363082888673123],[-46.55510988628624,-23.362757085464946],[-46.55497152657467,-23.362626764181673],[-46.55474092705538,-23.3624964428984],[-46.55451032753609,-23.362105479048587],[-46.554233608112945,-23.36190999712368],[-46.55409524840137,-23.361844836482042],[-46.55391076878594,-23.361649354557137],[-46.55363404936279,-23.36125839070732],[-46.55349568965122,-23.360932587499143],[-46.552942250804925,-23.35969453530806],[-46.55289613090107,-23.359499053383153],[-46.55285001099721,-23.35936873209988],[-46.5527577711895,-23.359173250174972],[-46.552665531381784,-23.35891260760843],[-46.55229657215092,-23.358065519267164],[-46.55206597263163,-23.357739716058983],[-46.55183537311234,-23.357544234134078],[-46.551604773593056,-23.357413912850806],[-46.551374174073764,-23.357283591567533],[-46.55086685513133,-23.357218430925897],[-46.55063625561204,-23.357088109642625],[-46.55035953618889,-23.356957788359356],[-46.550082816765745,-23.356827467076084],[-46.549944457054174,-23.35669714579281],[-46.54985221724646,-23.35669714579281],[-46.549529377919455,-23.356631985151175],[-46.549160418688594,-23.356762306434447],[-46.54879145945773,-23.356957788359356],[-46.548514740034584,-23.357218430925897],[-46.54837638032301,-23.35734875220917],[-46.548238020611436,-23.357609394775714],[-46.54805354099601,-23.35780487670062],[-46.54791518128444,-23.357935197983892],[-46.547730701669,-23.358000358625528],[-46.54750010214971,-23.358065519267164],[-46.547407862342,-23.358065519267164],[-46.547315622534285,-23.358065519267164],[-46.54726950263043,-23.358065519267164],[-46.54694666330342,-23.3581306799088],[-46.54662382397642,-23.3581306799088],[-46.54616262493784,-23.358065519267164],[-46.54579366570698,-23.357935197983892],[-46.54551694628383,-23.35780487670062],[-46.5453324666684,-23.357739716058983],[-46.54491738753368,-23.357674555417347],[-46.54450230839896,-23.35780487670062],[-46.544317828783534,-23.357870037342256],[-46.54385662974495,-23.358000358625528],[-46.54344155061023,-23.358195840550437],[-46.542749752052366,-23.358456483116978],[-46.54251915253308,-23.35858680440025],[-46.542473032629225,-23.358651965041886],[-46.54242691272537,-23.35878228632516],[-46.54233467291765,-23.358977768250067],[-46.54219631320608,-23.359303571458245],[-46.54210407339836,-23.35956421402479],[-46.541965713686785,-23.35969453530806],[-46.541827353975215,-23.359890017232967],[-46.54164287435978,-23.360085499157876],[-46.54150451464821,-23.36034614172442],[-46.54136615493664,-23.36047646300769],[-46.541043315609635,-23.36080226621587],[-46.5408588359942,-23.360867426857507],[-46.54081271609034,-23.360932587499143],[-46.54067435637877,-23.360932587499143],[-46.54044375685948,-23.360932587499143],[-46.54016703743633,-23.360932587499143],[-46.53989031801319,-23.361128069424048],[-46.539751958301615,-23.361323551348956],[-46.53970583839776,-23.361519033273865],[-46.53956747868619,-23.36171451519877],[-46.539336879166896,-23.361844836482042],[-46.53906015974375,-23.362170639690223],[-46.53887568012832,-23.362366121615132],[-46.538691200512886,-23.362366121615132],[-46.5384606009936,-23.362431282256765],[-46.53827612137817,-23.362561603540037],[-46.53809164176274,-23.362626764181673],[-46.53795328205116,-23.362757085464946],[-46.537907162147306,-23.36282224610658],[-46.537768802435735,-23.362887406748218],[-46.53767656262802,-23.362887406748218],[-46.537399843204874,-23.363082888673123],[-46.537123123781726,-23.363213209956395],[-46.53670804464701,-23.36347385252294],[-46.536569684935436,-23.363539013164576],[-46.53615460580071,-23.363539013164576],[-46.53629296551229,-23.363604173806213],[-46.536339085416145,-23.363604173806213],[-46.536477445127716,-23.363799655731118],[-46.536477445127716,-23.363864816372754],[-46.53666192474315,-23.3641254589393],[-46.536754164550864,-23.364320940864207],[-46.53680028445472,-23.364516422789112],[-46.536892524262434,-23.36471190471402],[-46.53721536358944,-23.365233189847107],[-46.53730760339716,-23.36536351113038],[-46.53744596310873,-23.365624153696924],[-46.537538202916444,-23.3659499569051],[-46.53767656262802,-23.36634092075492],[-46.537768802435735,-23.366471242038187],[-46.53786104224345,-23.36660156332146],[-46.53786104224345,-23.366731884604732],[-46.53781492233959,-23.366862205888005],[-46.537768802435735,-23.366992527171277],[-46.53772268253188,-23.367057687812913],[-46.53763044272416,-23.367188009096182],[-46.53763044272416,-23.36725316973782],[-46.53763044272416,-23.36738349102109],[-46.53772268253188,-23.36770929422927],[-46.53772268253188,-23.367774454870904],[-46.53772268253188,-23.367904776154177],[-46.53767656262802,-23.36803509743745],[-46.5375843228203,-23.36816541872072],[-46.53744596310873,-23.368556382570535],[-46.53744596310873,-23.368686703853808],[-46.53744596310873,-23.368751864495444],[-46.53749208301259,-23.36901250706199],[-46.537538202916444,-23.369338310270166],[-46.53763044272416,-23.369403470911802],[-46.537907162147306,-23.369533792195075],[-46.53827612137817,-23.369729274119983],[-46.538552840801316,-23.369794434761616],[-46.53878344032061,-23.369924756044888],[-46.538829560224464,-23.369924756044888],[-46.53887568012832,-23.369989916686524],[-46.53892180003218,-23.370185398611433],[-46.53901403983989,-23.370576362461247],[-46.53901403983989,-23.37070668374452],[-46.53906015974375,-23.370771844386155],[-46.539106279647605,-23.370902165669428],[-46.539198519455326,-23.371097647594333],[-46.53929075926304,-23.371227968877605],[-46.53952135878233,-23.371553772085786],[-46.54002867772476,-23.3719447359356],[-46.54035151705177,-23.372205378502144],[-46.54067435637877,-23.372466021068686],[-46.54076659618649,-23.372466021068686],[-46.54113555541735,-23.372856984918503],[-46.54164287435978,-23.373313109409953],[-46.542057953494506,-23.373638912618134],[-46.54228855301379,-23.373769233901406],[-46.54251915253308,-23.37396471582631],[-46.542749752052366,-23.374225358392856],[-46.54307259137937,-23.37435567967613],[-46.54334931080252,-23.374486000959397],[-46.54376438993724,-23.374746643525942],[-46.544041109360386,-23.374876964809214],[-46.544179469071956,-23.374876964809214],[-46.54436394868739,-23.375007286092487],[-46.544456188495104,-23.375072446734123],[-46.54454842830282,-23.375333089300664],[-46.54473290791825,-23.375528571225573],[-46.545240226860685,-23.37604985635866],[-46.54542470647612,-23.37618017764193],[-46.54542470647612,-23.376245338283567],[-46.545470826379976,-23.376701462775017],[-46.545470826379976,-23.377353069191376],[-46.54551694628383,-23.377678872399557],[-46.54551694628383,-23.377939514966098],[-46.54551694628383,-23.37806983624937],[-46.545470826379976,-23.37826531817428],[-46.54537858657226,-23.378591121382456],[-46.54528634676454,-23.378982085232273],[-46.54514798705297,-23.379373049082087],[-46.54505574724526,-23.37950337036536],[-46.5450096273414,-23.379633691648632],[-46.54491738753368,-23.379894334215173],[-46.544825147725966,-23.380350458706626],[-46.544825147725966,-23.380676261914804],[-46.54487126762982,-23.38119754704789],[-46.54496350743754,-23.381653671539343],[-46.5450096273414,-23.38171883218098],[-46.54505574724526,-23.38197947474752],[-46.545101867149114,-23.382240117314065],[-46.5450096273414,-23.38295688437206],[-46.54491738753368,-23.38341300886351],[-46.544825147725966,-23.383803972713327],[-46.54477902782211,-23.383999454638232],[-46.54477902782211,-23.384325257846413],[-46.54487126762982,-23.384455579129686],[-46.54505574724526,-23.38465106105459],[-46.545470826379976,-23.38497686426277],[-46.54556306618769,-23.385042024904408],[-46.54570142589926,-23.385237506829313],[-46.545747545803124,-23.38530266747095],[-46.545885905514695,-23.38543298875422],[-46.546024265226265,-23.385693631320766],[-46.546024265226265,-23.385954273887307],[-46.546024265226265,-23.386149755812216],[-46.546024265226265,-23.386345237737125],[-46.546116505033986,-23.386475559020397],[-46.546254864745556,-23.386605880303666],[-46.54639322445713,-23.386736201586938],[-46.54657770407256,-23.386996844153483],[-46.54694666330342,-23.387257486720024],[-46.54722338272657,-23.387387808003297],[-46.547407862342,-23.387583289928205],[-46.547546222053576,-23.387713611211478],[-46.547730701669,-23.38797425377802],[-46.547869061380574,-23.388234896344564],[-46.54805354099601,-23.38849553891111],[-46.548330260419156,-23.389016824044194],[-46.548514740034584,-23.389147145327467],[-46.548883699265446,-23.38953810917728],[-46.54897593907316,-23.389603269818917],[-46.549391018207885,-23.38999423366873],[-46.55012893666961,-23.39064584008509],[-46.551097454650616,-23.391492928426356],[-46.55285001099721,-23.392730980617436],[-46.55312673042036,-23.393056783825617],[-46.55321897022807,-23.39318710510889],[-46.553587929458935,-23.394034193450153],[-46.55363404936279,-23.394164514733426],[-46.554003008593654,-23.39468579986651],[-46.55451032753609,-23.39533740628287],[-46.55460256734381,-23.395402566924506],[-46.55497152657467,-23.395793530774323],[-46.55529436590167,-23.396054173340865],[-46.55561720522868,-23.396379976549046],[-46.55598616445954,-23.396705779757223],[-46.55617064407497,-23.396966422323768],[-46.556585723209686,-23.397422546815218],[-46.557231401863696,-23.39820447451485],[-46.55732364167141,-23.398269635156485],[-46.55746200138299,-23.398399956439757],[-46.557646480998415,-23.39853027772303],[-46.55819991984471,-23.398856080931207],[-46.55847663926785,-23.39898640221448],[-46.55879947859486,-23.399051562856116],[-46.559306797537296,-23.399181884139388],[-46.5596296368643,-23.399377366064293],[-46.5599524761913,-23.399507687347565],[-46.56009083590288,-23.399638008630838],[-46.56013695580673,-23.399703169272474],[-46.560275315518304,-23.399898651197383],[-46.56032143542216,-23.39996381183902],[-46.560367555326025,-23.40002897248065],[-46.56041367522988,-23.400159293763924],[-46.56045979513374,-23.40022445440556],[-46.560505915037595,-23.400289615047196],[-46.560505915037595,-23.400354775688832],[-46.560505915037595,-23.400485096972105],[-46.560505915037595,-23.400615418255377],[-46.56045979513374,-23.40068057889701],[-46.560367555326025,-23.400745739538646],[-46.560275315518304,-23.400810900180282],[-46.56018307571059,-23.400810900180282],[-46.5599524761913,-23.400810900180282],[-46.559860236383585,-23.400810900180282],[-46.55976799657587,-23.400810900180282],[-46.55967575676816,-23.400810900180282],[-46.55958351696044,-23.400810900180282],[-46.55949127715272,-23.40087606082192],[-46.55944515724887,-23.40087606082192],[-46.55939903734501,-23.40087606082192],[-46.55935291744115,-23.400941221463555],[-46.559306797537296,-23.400941221463555],[-46.55926067763344,-23.400941221463555],[-46.55916843782572,-23.40100638210519],[-46.559076198018005,-23.401071542746827],[-46.55898395821029,-23.401136703388463],[-46.55898395821029,-23.4012018640301],[-46.558937838306434,-23.401267024671736],[-46.55889171840258,-23.401267024671736],[-46.55879947859486,-23.401332185313372],[-46.55861499897943,-23.401332185313372],[-46.558522759171716,-23.401397345955004],[-46.55838439946014,-23.40146250659664],[-46.55824603974857,-23.401527667238277],[-46.558153799940854,-23.401592827879913],[-46.558015440229276,-23.401723149163185],[-46.55796932032542,-23.401853470446458],[-46.557877080517706,-23.401918631088094],[-46.55773872080613,-23.402048952371363],[-46.55769260090227,-23.402114113013],[-46.5575542411907,-23.40224443429627],[-46.55741588147913,-23.402309594937908],[-46.557093042152125,-23.40263539814609],[-46.556862442632834,-23.402830880070994],[-46.55667796301741,-23.403026361995902],[-46.55649348340197,-23.403352165204083],[-46.55649348340197,-23.403612807770624],[-46.55649348340197,-23.403808289695533],[-46.55649348340197,-23.40400377162044],[-46.55649348340197,-23.40413409290371],[-46.55640124359426,-23.404525056753528],[-46.5563551236904,-23.4046553780368],[-46.55626288388268,-23.404850859961705],[-46.556216763978824,-23.40511150252825],[-46.55617064407497,-23.40530698445316],[-46.55617064407497,-23.405372145094795],[-46.556216763978824,-23.4055676270197],[-46.55630900378654,-23.40576310894461],[-46.55630900378654,-23.40589343022788],[-46.55626288388268,-23.406414715360967],[-46.55626288388268,-23.406610197285875],[-46.55626288388268,-23.406740518569144],[-46.55640124359426,-23.407196643060598],[-46.556447363498116,-23.40732696434387],[-46.556585723209686,-23.407522446268775],[-46.556724082921264,-23.407652767552047],[-46.55695468244055,-23.407848249476956],[-46.55704692224827,-23.408043731401865],[-46.55718528195984,-23.408174052685133],[-46.557231401863696,-23.40823921332677],[-46.557231401863696,-23.408434695251678],[-46.55727752176755,-23.409151462309673],[-46.55732364167141,-23.409281783592945],[-46.557508121286844,-23.40947726551785],[-46.55769260090227,-23.40967274744276],[-46.55796932032542,-23.409868229367667],[-46.55819991984471,-23.40999855065094],[-46.558522759171716,-23.40999855065094],[-46.55935291744115,-23.410194032575845],[-46.55939903734501,-23.410194032575845],[-46.55944515724887,-23.410194032575845],[-46.5596296368643,-23.410194032575845],[-46.559721876672015,-23.410324353859117],[-46.559860236383585,-23.41025919321748],[-46.56004471599902,-23.41025919321748],[-46.56009083590288,-23.410389514500753],[-46.56022919561445,-23.410519835784026],[-46.56041367522988,-23.4106501570673],[-46.56059815484531,-23.410780478350567],[-46.560920994172314,-23.41091079963384],[-46.561428313114746,-23.41123660284202],[-46.56161279273018,-23.41143208476693],[-46.562073991768756,-23.41201853054165],[-46.56253519080734,-23.4124746550331],[-46.56281191023048,-23.41267013695801],[-46.5629041500382,-23.412735297599646],[-46.56308862965363,-23.412865618882915],[-46.56262743061505,-23.41312626144946],[-46.56262743061505,-23.413191422091096],[-46.562581310711195,-23.413191422091096],[-46.562581310711195,-23.413256582732732],[-46.56253519080734,-23.413321743374368],[-46.562489070903474,-23.413386904016004],[-46.56244295099962,-23.41345206465764],[-46.56239683109576,-23.413517225299273],[-46.562350711191904,-23.413647546582546],[-46.562350711191904,-23.413777867865818],[-46.56230459128805,-23.413843028507454],[-46.56221235148033,-23.413973349790727],[-46.56216623157648,-23.413973349790727],[-46.56212011167261,-23.414038510432363],[-46.56212011167261,-23.414103671074],[-46.562073991768756,-23.41416883171563],[-46.562073991768756,-23.414233992357268],[-46.5620278718649,-23.414233992357268],[-46.5620278718649,-23.414299152998904],[-46.56198175196104,-23.414299152998904],[-46.56198175196104,-23.41436431364054],[-46.561935632057185,-23.414429474282176],[-46.561935632057185,-23.414494634923813],[-46.56188951215333,-23.414494634923813],[-46.56188951215333,-23.41455979556545],[-46.56188951215333,-23.414624956207085],[-46.56184339224947,-23.41469011684872],[-46.56175115244175,-23.41482043813199],[-46.56179727234561,-23.41482043813199],[-46.56184339224947,-23.414885598773626],[-46.56184339224947,-23.414950759415262],[-46.56188951215333,-23.414950759415262],[-46.561935632057185,-23.414950759415262],[-46.56198175196104,-23.414950759415262],[-46.56198175196104,-23.4150159200569],[-46.5620278718649,-23.4150159200569],[-46.5620278718649,-23.415081080698535],[-46.562073991768756,-23.415081080698535],[-46.56212011167261,-23.41514624134017],[-46.56216623157648,-23.415211401981807],[-46.56221235148033,-23.415211401981807],[-46.56225847138419,-23.415211401981807],[-46.56225847138419,-23.415276562623443],[-46.56230459128805,-23.415276562623443],[-46.56230459128805,-23.41534172326508],[-46.56244295099962,-23.41534172326508],[-46.56244295099962,-23.415406883906716],[-46.562489070903474,-23.415406883906716],[-46.56253519080734,-23.415472044548352],[-46.562581310711195,-23.415472044548352],[-46.56262743061505,-23.415537205189985],[-46.562719670422766,-23.415537205189985],[-46.562719670422766,-23.41560236583162],[-46.56276579032662,-23.41560236583162],[-46.56276579032662,-23.415667526473257],[-46.56281191023048,-23.415667526473257],[-46.562858030134336,-23.415667526473257],[-46.562858030134336,-23.415732687114893],[-46.5629041500382,-23.415732687114893],[-46.56295026994206,-23.415732687114893],[-46.56295026994206,-23.41579784775653],[-46.562996389845914,-23.41579784775653],[-46.56304250974977,-23.415863008398166],[-46.56308862965363,-23.415863008398166],[-46.563134749557484,-23.415928169039802],[-46.56318086946134,-23.415993329681438],[-46.5632269893652,-23.415993329681438],[-46.56327310926906,-23.415993329681438],[-46.56327310926906,-23.416058490323074],[-46.56331922917292,-23.416058490323074],[-46.56345758888449,-23.416188811606343],[-46.563503708788346,-23.41625397224798],[-46.5635498286922,-23.416319132889615],[-46.56359594859606,-23.416319132889615],[-46.56359594859606,-23.41638429353125],[-46.56368818840378,-23.41638429353125],[-46.56368818840378,-23.416449454172888],[-46.56387266801921,-23.416449454172888],[-46.563918787923065,-23.416449454172888],[-46.563918787923065,-23.416514614814524],[-46.564011027730785,-23.41657977545616],[-46.56405714763464,-23.416644936097796],[-46.56433386705778,-23.416970739305974],[-46.56433386705778,-23.41703589994761],[-46.56437998696165,-23.41703589994761],[-46.564426106865504,-23.417166221230882],[-46.564426106865504,-23.41723138187252],[-46.56437998696165,-23.41723138187252],[-46.564426106865504,-23.417296542514155],[-46.56447222676936,-23.41736170315579],[-46.56451834667322,-23.417426863797427],[-46.56465670638479,-23.41736170315579],[-46.564702826288645,-23.41736170315579],[-46.56474894619251,-23.417426863797427],[-46.56474894619251,-23.417557185080696],[-46.564702826288645,-23.417622345722332],[-46.564564466577075,-23.417752667005605],[-46.56451834667322,-23.417882988288877],[-46.56451834667322,-23.417948148930513],[-46.56461058648093,-23.418208791497054],[-46.56447222676936,-23.41827395213869],[-46.564426106865504,-23.418534594705235],[-46.564426106865504,-23.41859975534687],[-46.56437998696165,-23.418664915988508],[-46.56437998696165,-23.418730076630144],[-46.56428774715393,-23.41879523727178],[-46.56424162725007,-23.418860397913413],[-46.56419550734621,-23.418990719196685],[-46.56396490782692,-23.41925136176323],[-46.56396490782692,-23.41944684368814],[-46.563918787923065,-23.419772646896316],[-46.56387266801921,-23.419968128821225],[-46.56373430830764,-23.420098450104497],[-46.563780428211494,-23.420228771387766],[-46.56387266801921,-23.420293932029402],[-46.56396490782692,-23.420424253312675],[-46.563918787923065,-23.420424253312675],[-46.563918787923065,-23.421010699087397],[-46.56387266801921,-23.421075859729033],[-46.56396490782692,-23.421075859729033],[-46.56387266801921,-23.42114102037067],[-46.56387266801921,-23.421206181012305],[-46.56387266801921,-23.42127134165394],[-46.563918787923065,-23.42127134165394],[-46.56387266801921,-23.421401662937214],[-46.56387266801921,-23.42146682357885],[-46.56387266801921,-23.421531984220486],[-46.563918787923065,-23.42159714486212],[-46.563918787923065,-23.421662305503755],[-46.56387266801921,-23.42172746614539],[-46.56387266801921,-23.4219229480703],[-46.563780428211494,-23.422053269353572],[-46.56382654811535,-23.422053269353572],[-46.56387266801921,-23.42211842999521],[-46.563918787923065,-23.42211842999521],[-46.56396490782692,-23.422183590636845],[-46.563918787923065,-23.422248751278477],[-46.563918787923065,-23.422313911920114],[-46.56382654811535,-23.42237907256175],[-46.56359594859606,-23.42257455448666],[-46.5635498286922,-23.422639715128295],[-46.563503708788346,-23.422639715128295],[-46.56345758888449,-23.42270487576993],[-46.56331922917292,-23.422900357694836],[-46.56327310926906,-23.422900357694836],[-46.56327310926906,-23.422965518336472],[-46.56318086946134,-23.423095839619744],[-46.56318086946134,-23.42316100026138],[-46.563134749557484,-23.42316100026138],[-46.563134749557484,-23.423226160903017],[-46.563134749557484,-23.423291321544653],[-46.56318086946134,-23.42335648218629],[-46.563134749557484,-23.423421642827925],[-46.5632269893652,-23.42335648218629],[-46.56327310926906,-23.42335648218629],[-46.56331922917292,-23.42335648218629],[-46.563365349076776,-23.42335648218629],[-46.56345758888449,-23.42335648218629],[-46.5635498286922,-23.42335648218629],[-46.56359594859606,-23.42335648218629],[-46.56368818840378,-23.42335648218629],[-46.563780428211494,-23.42335648218629],[-46.56382654811535,-23.42335648218629],[-46.56387266801921,-23.42335648218629],[-46.563918787923065,-23.42335648218629],[-46.564011027730785,-23.42335648218629],[-46.56405714763464,-23.423421642827925],[-46.5641032675385,-23.423421642827925],[-46.564149387442356,-23.423421642827925],[-46.56424162725007,-23.423421642827925],[-46.56433386705778,-23.423421642827925],[-46.56437998696165,-23.423421642827925],[-46.564426106865504,-23.423421642827925],[-46.56447222676936,-23.423421642827925],[-46.564564466577075,-23.423421642827925],[-46.56461058648093,-23.423421642827925],[-46.56465670638479,-23.423421642827925],[-46.564702826288645,-23.42335648218629],[-46.56474894619251,-23.42335648218629],[-46.564795066096366,-23.42335648218629],[-46.56488730590408,-23.423291321544653],[-46.564933425807936,-23.423291321544653],[-46.56497954571179,-23.423291321544653],[-46.56502566561565,-23.423291321544653],[-46.56507178551951,-23.42335648218629],[-46.56507178551951,-23.423421642827925],[-46.56511790542337,-23.423421642827925],[-46.56507178551951,-23.42348680346956],[-46.56502566561565,-23.423551964111198],[-46.56497954571179,-23.42361712475283],[-46.56497954571179,-23.423682285394467],[-46.564933425807936,-23.423877767319375],[-46.564933425807936,-23.42394292796101],[-46.564933425807936,-23.424008088602648],[-46.564933425807936,-23.424073249244284],[-46.564933425807936,-23.42413840988592],[-46.56488730590408,-23.424203570527556],[-46.56488730590408,-23.42426873116919],[-46.56484118600022,-23.424333891810825],[-46.564795066096366,-23.424464213094097],[-46.56474894619251,-23.424529373735734],[-46.56474894619251,-23.42459453437737],[-46.564702826288645,-23.424659695019006],[-46.564702826288645,-23.424724855660642],[-46.564702826288645,-23.42479001630228],[-46.564702826288645,-23.424855176943915],[-46.564702826288645,-23.424920337585547],[-46.56474894619251,-23.424920337585547],[-46.564795066096366,-23.424920337585547],[-46.56488730590408,-23.424920337585547],[-46.564933425807936,-23.424920337585547],[-46.56497954571179,-23.424985498227183],[-46.56502566561565,-23.424985498227183],[-46.56511790542337,-23.424985498227183],[-46.56516402532723,-23.424985498227183],[-46.56525626513494,-23.424985498227183],[-46.56539462484651,-23.42505065886882],[-46.56548686465423,-23.425115819510456],[-46.56553298455809,-23.425180980152092],[-46.565579104461946,-23.42524614079373],[-46.5656252243658,-23.425311301435364],[-46.5656252243658,-23.425376462077],[-46.565579104461946,-23.425376462077],[-46.56553298455809,-23.425441622718637],[-46.56548686465423,-23.42557194400191],[-46.56539462484651,-23.425637104643542],[-46.565348504942655,-23.425767425926814],[-46.5653023850388,-23.425897747210087],[-46.5653023850388,-23.425962907851723],[-46.5653023850388,-23.426093229134995],[-46.5653023850388,-23.42615838977663],[-46.565348504942655,-23.426223550418268],[-46.56539462484651,-23.426223550418268],[-46.56544074475037,-23.426353871701536],[-46.56553298455809,-23.426419032343173],[-46.565579104461946,-23.42648419298481],[-46.565579104461946,-23.426549353626445],[-46.56567134426966,-23.42680999619299],[-46.56571746417352,-23.426875156834626],[-46.56571746417352,-23.42694031747626],[-46.565763584077374,-23.42694031747626],[-46.565763584077374,-23.427005478117895],[-46.56580970398123,-23.427135799401167],[-46.56580970398123,-23.42726612068444],[-46.565855823885094,-23.427396441967712],[-46.56594806369281,-23.42759192389262],[-46.56604030350052,-23.42772224517589],[-46.566132543308235,-23.427852566459162],[-46.56617866321209,-23.427917727100798],[-46.566224783115956,-23.427982887742434],[-46.56636314282753,-23.42830869095061],[-46.56645538263524,-23.428569333517157],[-46.566547622442954,-23.42869965480043],[-46.56659374234682,-23.4288299760837],[-46.56668598215453,-23.42896029736697],[-46.5668243418661,-23.429025458008606],[-46.56687046176996,-23.429090618650243],[-46.566916581673816,-23.429090618650243],[-46.56700882148154,-23.429220939933515],[-46.56710106128925,-23.42928610057515],[-46.56714718119311,-23.429416421858424],[-46.567193301096964,-23.429546743141696],[-46.567193301096964,-23.429611903783332],[-46.567193301096964,-23.429807385708237],[-46.567193301096964,-23.430068028274782],[-46.56723942100082,-23.430198349558054],[-46.56723942100082,-23.43026351019969],[-46.56723942100082,-23.430328670841323],[-46.56723942100082,-23.43039383148296],[-46.56728554090468,-23.430458992124596],[-46.56728554090468,-23.430524152766232],[-46.56733166080854,-23.430589313407868],[-46.56733166080854,-23.430654474049504],[-46.5673777807124,-23.43071963469114],[-46.5673777807124,-23.430784795332777],[-46.5673777807124,-23.430849955974413],[-46.567423900616255,-23.43091511661605],[-46.56747002052011,-23.43098027725768],[-46.56751614042397,-23.431045437899318],[-46.567562260327826,-23.431045437899318],[-46.56760838023168,-23.431045437899318],[-46.56760838023168,-23.431110598540954],[-46.567654500135546,-23.431110598540954],[-46.567654500135546,-23.431240919824226],[-46.5677006200394,-23.431240919824226],[-46.5677006200394,-23.431306080465863],[-46.56774673994326,-23.4313712411075],[-46.56779285984712,-23.431436401749135],[-46.567838979750974,-23.431436401749135],[-46.567838979750974,-23.43150156239077],[-46.56788509965483,-23.43150156239077],[-46.567977339462544,-23.43163188367404],[-46.568069579270265,-23.431697044315676],[-46.568207938981836,-23.43182736559895],[-46.56825405888569,-23.431892526240585],[-46.56830017878955,-23.43195768688222],[-46.568346298693406,-23.432022847523857],[-46.56839241859727,-23.432088008165493],[-46.56843853850113,-23.43215316880713],[-46.568484658404984,-23.432218329448766],[-46.568484658404984,-23.4322834900904],[-46.56853077830884,-23.4322834900904],[-46.5685768982127,-23.432348650732035],[-46.568623018116554,-23.43241381137367],[-46.568623018116554,-23.432544132656943],[-46.568623018116554,-23.43260929329858],[-46.5685768982127,-23.432674453940216],[-46.5685768982127,-23.432739614581852],[-46.568484658404984,-23.432804775223488],[-46.568484658404984,-23.432869935865124],[-46.56843853850113,-23.432869935865124],[-46.56839241859727,-23.432869935865124],[-46.56839241859727,-23.43293509650676],[-46.56830017878955,-23.43293509650676],[-46.56825405888569,-23.43293509650676],[-46.568207938981836,-23.433000257148393],[-46.568069579270265,-23.433000257148393],[-46.56788509965483,-23.433000257148393],[-46.567838979750974,-23.433000257148393],[-46.56774673994326,-23.43306541779003],[-46.567654500135546,-23.43306541779003],[-46.56760838023168,-23.433130578431665],[-46.567562260327826,-23.4331957390733],[-46.567562260327826,-23.433260899714938],[-46.567562260327826,-23.43339122099821],[-46.56751614042397,-23.433521542281483],[-46.56751614042397,-23.43358670292312],[-46.56747002052011,-23.43365186356475],[-46.5673777807124,-23.433782184848024],[-46.56733166080854,-23.433782184848024],[-46.56733166080854,-23.43384734548966],[-46.56728554090468,-23.433912506131296],[-46.567193301096964,-23.433912506131296],[-46.56710106128925,-23.433977666772932],[-46.56705494138539,-23.43404282741457],[-46.56700882148154,-23.43417314869784],[-46.56696270157768,-23.434238309339477],[-46.566916581673816,-23.434368630622746],[-46.566916581673816,-23.434433791264382],[-46.566916581673816,-23.434564112547655],[-46.56687046176996,-23.434694433830927],[-46.5668243418661,-23.4348247551142],[-46.566778221962245,-23.434955076397472],[-46.56673210205839,-23.435020237039105],[-46.56668598215453,-23.43508539768074],[-46.56659374234682,-23.435150558322377],[-46.566547622442954,-23.435150558322377],[-46.56645538263524,-23.435215718964013],[-46.56640926273138,-23.435215718964013],[-46.56636314282753,-23.435215718964013],[-46.56631702292367,-23.435215718964013],[-46.56627090301981,-23.435215718964013],[-46.56617866321209,-23.43528087960565],[-46.56608642340438,-23.43528087960565],[-46.565994183596665,-23.435346040247286],[-46.56594806369281,-23.435346040247286],[-46.56590194378895,-23.43541120088892],[-46.56580970398123,-23.43541120088892],[-46.565763584077374,-23.435541522172194],[-46.56567134426966,-23.43560668281383],[-46.56553298455809,-23.43560668281383],[-46.56539462484651,-23.435671843455463],[-46.5653023850388,-23.435671843455463],[-46.56525626513494,-23.435671843455463],[-46.565210145231084,-23.435671843455463],[-46.56511790542337,-23.435671843455463],[-46.56502566561565,-23.4357370040971],[-46.56497954571179,-23.435802164738735],[-46.564933425807936,-23.43586732538037],[-46.564933425807936,-23.435932486022008],[-46.564933425807936,-23.435997646663644],[-46.564933425807936,-23.436127967946916],[-46.56497954571179,-23.43625828923019],[-46.56497954571179,-23.436388610513458],[-46.56507178551951,-23.43651893179673],[-46.56511790542337,-23.436649253080002],[-46.56516402532723,-23.436779574363275],[-46.565210145231084,-23.43684473500491],[-46.565210145231084,-23.437040216929816],[-46.565210145231084,-23.437105377571452],[-46.565210145231084,-23.43717053821309],[-46.565210145231084,-23.437235698854725],[-46.56516402532723,-23.43730085949636],[-46.56516402532723,-23.437366020137997],[-46.56516402532723,-23.437431180779633],[-46.565210145231084,-23.437431180779633],[-46.565210145231084,-23.43749634142127],[-46.565210145231084,-23.437561502062906],[-46.56525626513494,-23.43762666270454],[-46.56525626513494,-23.437691823346174],[-46.56525626513494,-23.437822144629447],[-46.5653023850388,-23.438017626554355],[-46.5653023850388,-23.438147947837628],[-46.5653023850388,-23.438213108479264],[-46.5653023850388,-23.4382782691209],[-46.5653023850388,-23.438343429762533],[-46.565348504942655,-23.438473751045805],[-46.56539462484651,-23.43853891168744],[-46.56539462484651,-23.438604072329078],[-46.56539462484651,-23.438669232970714],[-46.56544074475037,-23.43873439361235],[-46.56548686465423,-23.438864714895622],[-46.56548686465423,-23.438995036178895],[-46.56544074475037,-23.439125357462164],[-46.56544074475037,-23.4391905181038],[-46.56539462484651,-23.43938600002871],[-46.565348504942655,-23.43951632131198],[-46.565348504942655,-23.439646642595253],[-46.565348504942655,-23.439711803236886],[-46.565348504942655,-23.43984212452016],[-46.565348504942655,-23.439907285161794],[-46.5653023850388,-23.43997244580343],[-46.5653023850388,-23.440037606445067],[-46.5653023850388,-23.440102767086703],[-46.5653023850388,-23.44016792772834],[-46.5653023850388,-23.440233088369975],[-46.5653023850388,-23.44029824901161],[-46.5653023850388,-23.440363409653244],[-46.5653023850388,-23.44042857029488],[-46.565348504942655,-23.440558891578153],[-46.565348504942655,-23.440689212861425],[-46.56539462484651,-23.44075437350306],[-46.56539462484651,-23.440884694786334],[-46.56539462484651,-23.441145337352875],[-46.56544074475037,-23.44121049799451],[-46.56544074475037,-23.441275658636147],[-46.56544074475037,-23.441340819277784],[-46.56544074475037,-23.441471140561056],[-46.56544074475037,-23.441536301202692],[-46.56548686465423,-23.44160146184433],[-46.56553298455809,-23.441666622485965],[-46.5656252243658,-23.441731783127597],[-46.56567134426966,-23.441731783127597],[-46.56580970398123,-23.441796943769234],[-46.56590194378895,-23.441796943769234],[-46.565994183596665,-23.44186210441087],[-46.566224783115956,-23.441927265052506],[-46.56627090301981,-23.441927265052506],[-46.56631702292367,-23.441927265052506],[-46.56636314282753,-23.441927265052506],[-46.56640926273138,-23.441927265052506],[-46.56659374234682,-23.441992425694142],[-46.566639862250675,-23.441992425694142],[-46.56668598215453,-23.44205758633578],[-46.56673210205839,-23.442122746977414],[-46.566778221962245,-23.44218790761905],[-46.56687046176996,-23.442383389543956],[-46.566916581673816,-23.442448550185592],[-46.566916581673816,-23.442578871468864],[-46.56696270157768,-23.442774353393773],[-46.56696270157768,-23.442904674677045],[-46.56696270157768,-23.44296983531868],[-46.56700882148154,-23.443034995960318],[-46.56700882148154,-23.44310015660195],[-46.56705494138539,-23.443165317243587],[-46.56705494138539,-23.443230477885223],[-46.56705494138539,-23.44329563852686],[-46.56710106128925,-23.443360799168495],[-46.56710106128925,-23.44342595981013],[-46.56705494138539,-23.443491120451768],[-46.56705494138539,-23.443556281093404],[-46.56705494138539,-23.44362144173504],[-46.56710106128925,-23.443686602376676],[-46.56710106128925,-23.443816923659945],[-46.56710106128925,-23.44388208430158],[-46.56710106128925,-23.443947244943217],[-46.56710106128925,-23.44407756622649],[-46.56710106128925,-23.444142726868126],[-46.56710106128925,-23.444207887509762],[-46.56710106128925,-23.4442730481514],[-46.56705494138539,-23.444403369434667],[-46.56705494138539,-23.444468530076303],[-46.56705494138539,-23.44453369071794],[-46.56700882148154,-23.44453369071794],[-46.56700882148154,-23.444598851359576],[-46.56696270157768,-23.444664012001212],[-46.56696270157768,-23.444729172642848],[-46.566916581673816,-23.444794333284484],[-46.566916581673816,-23.44485949392612],[-46.566916581673816,-23.444924654567757],[-46.566916581673816,-23.44505497585103],[-46.566916581673816,-23.445120136492662],[-46.566916581673816,-23.445185297134298],[-46.566916581673816,-23.445250457775934],[-46.56696270157768,-23.44531561841757],[-46.56696270157768,-23.445380779059207],[-46.56700882148154,-23.445445939700843],[-46.56700882148154,-23.44551110034248],[-46.56705494138539,-23.445576260984115],[-46.56710106128925,-23.445576260984115],[-46.56710106128925,-23.44564142162575],[-46.56710106128925,-23.445706582267388],[-46.56710106128925,-23.44577174290902],[-46.56710106128925,-23.445836903550656],[-46.56710106128925,-23.445902064192293],[-46.56710106128925,-23.44596722483393],[-46.56710106128925,-23.4460975461172],[-46.56710106128925,-23.446162706758837],[-46.56710106128925,-23.446227867400474],[-46.56710106128925,-23.44629302804211],[-46.56714718119311,-23.446358188683746],[-46.56714718119311,-23.44642334932538],[-46.56714718119311,-23.446488509967015],[-46.56714718119311,-23.44655367060865],[-46.56714718119311,-23.446618831250287],[-46.567193301096964,-23.446683991891923],[-46.567193301096964,-23.44674915253356],[-46.56723942100082,-23.44674915253356],[-46.56728554090468,-23.446814313175196],[-46.56733166080854,-23.446879473816832],[-46.5673777807124,-23.446879473816832],[-46.567423900616255,-23.446944634458468],[-46.56747002052011,-23.447009795100104],[-46.56751614042397,-23.447009795100104],[-46.56751614042397,-23.44707495574174],[-46.567562260327826,-23.44707495574174],[-46.56760838023168,-23.447140116383373],[-46.567654500135546,-23.44720527702501],[-46.5677006200394,-23.447270437666646],[-46.56774673994326,-23.447270437666646],[-46.56774673994326,-23.447335598308282],[-46.56779285984712,-23.447335598308282],[-46.56779285984712,-23.447400758949918],[-46.567838979750974,-23.447400758949918],[-46.567977339462544,-23.447596240874827],[-46.56802345936641,-23.447661401516463],[-46.568069579270265,-23.44779172279973],[-46.56811569917412,-23.44779172279973],[-46.568207938981836,-23.44798720472464],[-46.56825405888569,-23.448117526007913],[-46.56830017878955,-23.44818268664955],[-46.568346298693406,-23.44831300793282],[-46.568346298693406,-23.448378168574457],[-46.56839241859727,-23.448378168574457],[-46.56839241859727,-23.44844332921609],[-46.568484658404984,-23.448638811141],[-46.568484658404984,-23.448703971782635],[-46.56853077830884,-23.44876913242427],[-46.5685768982127,-23.448834293065907],[-46.5685768982127,-23.448899453707543],[-46.5685768982127,-23.44896461434918],[-46.568623018116554,-23.449029774990816],[-46.568623018116554,-23.449094935632452],[-46.56866913802041,-23.449094935632452],[-46.56866913802041,-23.449160096274085],[-46.56871525792427,-23.44922525691572],[-46.56876137782813,-23.449355578198993],[-46.56880749773199,-23.449485899482266],[-46.56880749773199,-23.449551060123902],[-46.56880749773199,-23.449616220765538],[-46.56880749773199,-23.449681381407174],[-46.56880749773199,-23.44974654204881],[-46.56880749773199,-23.44987686333208],[-46.56876137782813,-23.449942023973716],[-46.56871525792427,-23.449942023973716],[-46.56871525792427,-23.45000718461535],[-46.568623018116554,-23.450137505898624],[-46.5685768982127,-23.45020266654026],[-46.568484658404984,-23.450267827181897],[-46.56843853850113,-23.450332987823533],[-46.56843853850113,-23.45039814846517],[-46.56843853850113,-23.4504633091068],[-46.56839241859727,-23.450528469748438],[-46.56843853850113,-23.45065879103171],[-46.56843853850113,-23.45085427295662],[-46.568484658404984,-23.450919433598255],[-46.56853077830884,-23.451049754881527],[-46.5685768982127,-23.451180076164796],[-46.5685768982127,-23.45131039744807],[-46.5685768982127,-23.45144071873134],[-46.568623018116554,-23.451571040014613],[-46.56866913802041,-23.451701361297886],[-46.56871525792427,-23.451831682581155],[-46.56876137782813,-23.45189684322279],[-46.56880749773199,-23.451962003864427],[-46.568853617635845,-23.452027164506063],[-46.56894585744356,-23.4520923251477],[-46.568991977347416,-23.4520923251477],[-46.568991977347416,-23.452157485789336],[-46.56903809725127,-23.452157485789336],[-46.56913033705899,-23.452287807072608],[-46.56922257686671,-23.45241812835588],[-46.56931481667442,-23.45254844963915],[-46.56936093657828,-23.452613610280785],[-46.569499296289855,-23.452743931564058],[-46.56968377590528,-23.453004574130603],[-46.56972989580914,-23.453004574130603],[-46.56972989580914,-23.45306973477224],[-46.569776015712996,-23.45306973477224],[-46.56982213561685,-23.453134895413875],[-46.56986825552072,-23.453200056055508],[-46.56996049532843,-23.453265216697144],[-46.570052735136144,-23.453265216697144],[-46.57009885504,-23.45333037733878],[-46.570191094847715,-23.453395537980416],[-46.570283334655436,-23.453460698622052],[-46.57032945455929,-23.453460698622052],[-46.57037557446315,-23.45352585926369],[-46.570421694367006,-23.453591019905325],[-46.57046781427086,-23.45365618054696],[-46.57051393417472,-23.453721341188597],[-46.57051393417472,-23.453786501830233],[-46.57051393417472,-23.453851662471866],[-46.57051393417472,-23.45398198375514],[-46.57056005407858,-23.45411230503841],[-46.57056005407858,-23.454177465680047],[-46.57056005407858,-23.454242626321683],[-46.57056005407858,-23.45430778696332],[-46.57056005407858,-23.454372947604956],[-46.57056005407858,-23.454503268888224],[-46.57056005407858,-23.45456842952986],[-46.57056005407858,-23.454698750813133],[-46.57056005407858,-23.454829072096405],[-46.57056005407858,-23.454959393379678],[-46.57056005407858,-23.455024554021314],[-46.57056005407858,-23.45508971466295],[-46.57056005407858,-23.455154875304586],[-46.57056005407858,-23.45522003594622],[-46.57051393417472,-23.455415517871128],[-46.57051393417472,-23.455480678512764],[-46.57046781427086,-23.4555458391544],[-46.57046781427086,-23.455610999796036],[-46.57046781427086,-23.455676160437672],[-46.57046781427086,-23.45574132107931],[-46.57051393417472,-23.45574132107931],[-46.57051393417472,-23.455806481720945],[-46.57051393417472,-23.455871642362577],[-46.57046781427086,-23.455936803004214],[-46.570421694367006,-23.45600196364585],[-46.570421694367006,-23.456067124287486],[-46.570421694367006,-23.456132284929122],[-46.570421694367006,-23.45619744557076],[-46.57046781427086,-23.456262606212395],[-46.57046781427086,-23.45632776685403],[-46.57051393417472,-23.45632776685403],[-46.57056005407858,-23.456458088137303],[-46.5706522938863,-23.456588409420572],[-46.570698413790154,-23.45665357006221],[-46.57074453369401,-23.456718730703844],[-46.57079065359787,-23.45678389134548],[-46.57079065359787,-23.456849051987117],[-46.570836773501725,-23.45697937327039],[-46.570836773501725,-23.457044533912025],[-46.57088289340558,-23.45710969455366],[-46.570836773501725,-23.457174855195298],[-46.570836773501725,-23.45724001583693],[-46.570836773501725,-23.457305176478567],[-46.57079065359787,-23.457370337120203],[-46.57079065359787,-23.45743549776184],[-46.57074453369401,-23.457500658403475],[-46.57074453369401,-23.457630979686748],[-46.570698413790154,-23.457826461611656],[-46.570698413790154,-23.457956782894925],[-46.570698413790154,-23.45802194353656],[-46.570698413790154,-23.458087104178198],[-46.570698413790154,-23.458152264819834],[-46.570698413790154,-23.45821742546147],[-46.57074453369401,-23.458282586103106],[-46.57074453369401,-23.45841290738638],[-46.57074453369401,-23.458478068028015],[-46.570698413790154,-23.458478068028015],[-46.570698413790154,-23.458543228669647],[-46.570698413790154,-23.458608389311284],[-46.5706522938863,-23.45867354995292],[-46.5706522938863,-23.458738710594556],[-46.57060617398244,-23.458803871236192],[-46.57060617398244,-23.45886903187783],[-46.57056005407858,-23.4589993531611],[-46.57056005407858,-23.459064513802737],[-46.57051393417472,-23.459129674444373],[-46.57051393417472,-23.459259995727642],[-46.57051393417472,-23.459325156369278],[-46.57051393417472,-23.459390317010914],[-46.57051393417472,-23.45945547765255],[-46.57046781427086,-23.459520638294187],[-46.570421694367006,-23.459520638294187],[-46.570421694367006,-23.459585798935823],[-46.57037557446315,-23.459585798935823],[-46.57032945455929,-23.45965095957746],[-46.57032945455929,-23.459716120219095],[-46.570283334655436,-23.459716120219095],[-46.57023721475158,-23.459846441502368],[-46.570191094847715,-23.459846441502368],[-46.57014497494386,-23.459911602144],[-46.57000661523229,-23.460041923427273],[-46.569914375424574,-23.460172244710545],[-46.56986825552072,-23.46023740535218],[-46.56972989580914,-23.460367726635454],[-46.56968377590528,-23.46043288727709],[-46.569637656001426,-23.460498047918726],[-46.56959153609757,-23.460498047918726],[-46.56954541619371,-23.46056320856036],[-46.569499296289855,-23.460628369201995],[-46.56945317638599,-23.46069352984363],[-46.569407056482135,-23.460758690485267],[-46.569407056482135,-23.46088901176854],[-46.56936093657828,-23.461019333051812],[-46.56931481667442,-23.461279975618353],[-46.569268696770564,-23.461475457543262],[-46.56922257686671,-23.461605778826534],[-46.56917645696285,-23.461801260751443],[-46.56917645696285,-23.461866421393076],[-46.56913033705899,-23.461996742676348],[-46.56913033705899,-23.462061903317984],[-46.56903809725127,-23.462192224601257],[-46.56903809725127,-23.462257385242893],[-46.568991977347416,-23.46232254588453],[-46.568991977347416,-23.462387706526165],[-46.56894585744356,-23.462518027809438],[-46.5688997375397,-23.46258318845107],[-46.56880749773199,-23.462713509734343],[-46.56871525792427,-23.462843831017615],[-46.56866913802041,-23.462974152300887],[-46.568623018116554,-23.463039312942524],[-46.568623018116554,-23.46310447358416],[-46.5685768982127,-23.463169634225796],[-46.5685768982127,-23.46323479486743],[-46.56853077830884,-23.463299955509065],[-46.568484658404984,-23.4633651161507],[-46.56843853850113,-23.463495437433973],[-46.56839241859727,-23.46356059807561],[-46.56839241859727,-23.463625758717246],[-46.568346298693406,-23.463690919358882],[-46.56830017878955,-23.463821240642154],[-46.56825405888569,-23.463886401283787],[-46.568207938981836,-23.463886401283787],[-46.568207938981836,-23.463951561925423],[-46.56816181907798,-23.46401672256706],[-46.56816181907798,-23.464081883208696],[-46.56811569917412,-23.464147043850332],[-46.568069579270265,-23.464277365133604],[-46.568069579270265,-23.464407686416877],[-46.567977339462544,-23.46460316834178],[-46.56793121955869,-23.464733489625054],[-46.56774673994326,-23.464863810908327],[-46.567654500135546,-23.4649941321916],[-46.56760838023168,-23.4649941321916],[-46.56747002052011,-23.46512445347487],[-46.567423900616255,-23.46512445347487],[-46.567193301096964,-23.465319935399776],[-46.56696270157768,-23.465515417324685],[-46.5668243418661,-23.46558057796632],[-46.566778221962245,-23.465710899249594],[-46.56673210205839,-23.46577605989123],[-46.56668598215453,-23.465841220532866],[-46.56668598215453,-23.4659063811745],[-46.56659374234682,-23.46603670245777],[-46.56659374234682,-23.466167023741043],[-46.566547622442954,-23.46623218438268],[-46.5665015025391,-23.466427666307588],[-46.56645538263524,-23.46655798759086],[-46.56631702292367,-23.46668830887413],[-46.566224783115956,-23.4668186301574],[-46.566224783115956,-23.466883790799038],[-46.56617866321209,-23.466883790799038],[-46.566132543308235,-23.46701411208231],[-46.565994183596665,-23.46720959400722],[-46.56594806369281,-23.46727475464885],[-46.565855823885094,-23.467405075932124],[-46.565855823885094,-23.46747023657376],[-46.56580970398123,-23.46747023657376],[-46.565763584077374,-23.467600557857033],[-46.56580970398123,-23.467730879140305],[-46.56580970398123,-23.467991521706846],[-46.565763584077374,-23.46825216427339],[-46.565763584077374,-23.468382485556663],[-46.56567134426966,-23.468512806839936],[-46.565579104461946,-23.468643128123205],[-46.56553298455809,-23.46870828876484],[-46.56539462484651,-23.468838610048113],[-46.565348504942655,-23.46890377068975],[-46.56507178551951,-23.469099252614658],[-46.56488730590408,-23.469294734539563],[-46.564795066096366,-23.4693598951812],[-46.564795066096366,-23.469425055822835],[-46.564702826288645,-23.46949021646447],[-46.56465670638479,-23.469555377106108],[-46.56451834667322,-23.46968569838938],[-46.56424162725007,-23.46988118031429],[-46.56419550734621,-23.46994634095592],[-46.564011027730785,-23.47014182288083],[-46.56396490782692,-23.470206983522466],[-46.56359594859606,-23.470532786730647],[-46.56341146898063,-23.47079342929719],[-46.56327310926906,-23.471054071863733],[-46.56308862965363,-23.471184393147006],[-46.56308862965363,-23.471249553788642],[-46.56295026994206,-23.471445035713547],[-46.562858030134336,-23.47157535699682],[-46.56281191023048,-23.47157535699682],[-46.56276579032662,-23.471640517638455],[-46.56267355051891,-23.471770838921728],[-46.56253519080734,-23.471966320846633],[-46.56221235148033,-23.47235728469645],[-46.56216623157648,-23.472422445338086],[-46.5620278718649,-23.47255276662136],[-46.561935632057185,-23.472683087904628],[-46.56184339224947,-23.4728134091879],[-46.56184339224947,-23.472878569829536],[-46.56175115244175,-23.473204373037717],[-46.56175115244175,-23.473530176245895],[-46.56179727234561,-23.473660497529167],[-46.56179727234561,-23.473725658170803],[-46.56179727234561,-23.47379081881244],[-46.56179727234561,-23.473986300737344],[-46.56179727234561,-23.474116622020617],[-46.56179727234561,-23.474181782662253],[-46.56184339224947,-23.47424694330389],[-46.56184339224947,-23.474507585870434],[-46.56184339224947,-23.474637907153706],[-46.56179727234561,-23.474768228436975],[-46.561566672826324,-23.475094031645156],[-46.56147443301861,-23.47522435292843],[-46.56138219321089,-23.475289513570065],[-46.56138219321089,-23.475354674211697],[-46.56124383349932,-23.475550156136606],[-46.56110547378775,-23.47581079870315],[-46.56101323398003,-23.476201762552964],[-46.560920994172314,-23.476527565761145],[-46.560920994172314,-23.476853368969323],[-46.560920994172314,-23.47704885089423],[-46.560920994172314,-23.477309493460776],[-46.56087487426846,-23.47750497538568],[-46.560920994172314,-23.477830778593862],[-46.56096711407617,-23.478026260518767],[-46.561059353883884,-23.47815658180204],[-46.561151593691605,-23.478417224368584],[-46.561289953403175,-23.47867786693513],[-46.56138219321089,-23.47893850950167],[-46.56147443301861,-23.479199152068215],[-46.56147443301861,-23.479524955276393],[-46.56147443301861,-23.4797204372013],[-46.56138219321089,-23.480111401051115],[-46.56133607330703,-23.480437204259296],[-46.561289953403175,-23.48069784682584],[-46.56124383349932,-23.480958489392382],[-46.56119771359546,-23.481284292600563],[-46.56119771359546,-23.481479774525468],[-46.56119771359546,-23.481740417092013],[-46.56124383349932,-23.48193589901692],[-46.56133607330703,-23.48206622030019],[-46.561428313114746,-23.4822617022251],[-46.56147443301861,-23.48239202350837],[-46.56147443301861,-23.482652666074916],[-46.561428313114746,-23.48284814799982],[-46.56138219321089,-23.483239111849638],[-46.56138219321089,-23.483304272491274],[-46.56138219321089,-23.483434593774543],[-46.56147443301861,-23.483695236341088],[-46.56147443301861,-23.48382555762436],[-46.561566672826324,-23.4840862001909],[-46.56161279273018,-23.484346842757446],[-46.56165891263404,-23.48460748532399],[-46.56165891263404,-23.484868127890532],[-46.561566672826324,-23.485584894948527],[-46.56152055292247,-23.485845537515072],[-46.56147443301861,-23.486236501364885],[-46.56138219321089,-23.486757786497975],[-46.561289953403175,-23.48727907163106],[-46.56124383349932,-23.487344232272697]]]}}]}