{"type":"FeatureCollection","features":[{"type":"Feature","properties":{"DATA_ULT_A":"2009/10/09","DATA_CRIAC":"2009/10/09","id":20,"name":"Parelheiros","area":353.5,"pop_2010":139441,"pop_density_2010":394,"budget_2015":40239383},"geometry":{"type":"Polygon","coordinates":[[[-46.76979803874397,-23.756783485436948],[-46.76721532412794,-23.754307381054787],[-46.76624680614693,-23.752873846938797],[-46.766477405666215,-23.74713971047484],[-46.765693367300635,-23.742513304918695],[-46.763479611915464,-23.73821270257073],[-46.76135809633801,-23.73769141743764],[-46.75753014431782,-23.738733987703817],[-46.75420951124006,-23.73932043347854],[-46.74789108441155,-23.742187501710518],[-46.744017012487504,-23.743360393259962],[-46.74000458085188,-23.743360393259962],[-46.73543871036996,-23.741861698502337],[-46.73244091661921,-23.739515915403448],[-46.728474604887445,-23.744533284809407],[-46.727828926233435,-23.74590165828376],[-46.72681428834857,-23.747074549833204],[-46.72658368882928,-23.747660995607927],[-46.72653756892542,-23.74902936908228],[-46.72635308930999,-23.74955065421537],[-46.726260849502275,-23.75013709999009],[-46.726260849502275,-23.75046290319827],[-46.72616860969456,-23.750723545764814],[-46.726122489790704,-23.750919027689722],[-46.72603024998299,-23.751179670256263],[-46.72598413007913,-23.751375152181172],[-46.72598413007913,-23.751635794747717],[-46.72598413007913,-23.751831276672622],[-46.726122489790704,-23.75202675859753],[-46.72616860969456,-23.75222224052244],[-46.72621472959842,-23.752417722447344],[-46.72635308930999,-23.752613204372253],[-46.72644532911771,-23.752939007580434],[-46.72653756892542,-23.75313448950534],[-46.72667592863699,-23.75326481078861],[-46.72686040825243,-23.753395132071883],[-46.726906528156285,-23.753525453355156],[-46.727044887867855,-23.75365577463843],[-46.727137127675576,-23.753786095921697],[-46.727321607291,-23.753851256563333],[-46.72741384709872,-23.75391641720497],[-46.727552206810294,-23.754046738488242],[-46.72764444661801,-23.754177059771514],[-46.727690566521865,-23.754437702338056],[-46.72778280632958,-23.754568023621328],[-46.727828926233435,-23.754633184262964],[-46.7278750461373,-23.754828666187873],[-46.7278750461373,-23.754958987471145],[-46.7278750461373,-23.75515446939605],[-46.7278750461373,-23.755284790679323],[-46.7278750461373,-23.755415111962595],[-46.727828926233435,-23.755545433245867],[-46.72778280632958,-23.755740915170772],[-46.72773668642572,-23.75593639709568],[-46.727690566521865,-23.756001557737317],[-46.72759832671415,-23.756197039662226],[-46.72750608690644,-23.756327360945498],[-46.72736772719486,-23.756522842870403],[-46.72722936748329,-23.756653164153676],[-46.72709100777171,-23.756848646078584],[-46.726998767964,-23.75691380672022],[-46.726906528156285,-23.75691380672022],[-46.72681428834857,-23.75691380672022],[-46.72672204854085,-23.75691380672022],[-46.72667592863699,-23.75691380672022],[-46.72653756892542,-23.75691380672022],[-46.72644532911771,-23.756848646078584],[-46.72630696940613,-23.756783485436948],[-46.72621472959842,-23.75671832479531],[-46.72616860969456,-23.75671832479531],[-46.72603024998299,-23.756653164153676],[-46.72598413007913,-23.756653164153676],[-46.72593801017527,-23.75658800351204],[-46.72589189027141,-23.75658800351204],[-46.725845770367556,-23.75658800351204],[-46.7257996504637,-23.75658800351204],[-46.725707410655986,-23.75658800351204],[-46.725615170848265,-23.75658800351204],[-46.72556905094441,-23.756653164153676],[-46.72552293104055,-23.75671832479531],[-46.725476811136694,-23.75671832479531],[-46.72543069123284,-23.756783485436948],[-46.72538457132898,-23.756783485436948],[-46.725338451425124,-23.756783485436948],[-46.72529233152127,-23.756783485436948],[-46.725200091713546,-23.756783485436948],[-46.72515397180969,-23.756783485436948],[-46.72510785190583,-23.75671832479531],[-46.725061732001976,-23.75671832479531],[-46.72501561209812,-23.75671832479531],[-46.72496949219426,-23.756783485436948],[-46.724923372290405,-23.756783485436948],[-46.72487725238654,-23.756783485436948],[-46.72478501257883,-23.756848646078584],[-46.72473889267497,-23.756848646078584],[-46.724692772771114,-23.756848646078584],[-46.72464665286726,-23.756848646078584],[-46.72464665286726,-23.75691380672022],[-46.7246005329634,-23.75691380672022],[-46.72464665286726,-23.756978967361857],[-46.72464665286726,-23.757044128003493],[-46.724692772771114,-23.757109288645125],[-46.72473889267497,-23.757109288645125],[-46.72478501257883,-23.757109288645125],[-46.724831132482684,-23.757109288645125],[-46.72487725238654,-23.75717444928676],[-46.72487725238654,-23.757239609928398],[-46.724923372290405,-23.757304770570034],[-46.724923372290405,-23.75736993121167],[-46.724923372290405,-23.757435091853306],[-46.72496949219426,-23.757435091853306],[-46.72501561209812,-23.757435091853306],[-46.725061732001976,-23.757435091853306],[-46.72510785190583,-23.757435091853306],[-46.725200091713546,-23.75736993121167],[-46.7252462116174,-23.757304770570034],[-46.72529233152127,-23.757304770570034],[-46.725338451425124,-23.757239609928398],[-46.72538457132898,-23.757239609928398],[-46.72543069123284,-23.757239609928398],[-46.72543069123284,-23.757304770570034],[-46.72538457132898,-23.757304770570034],[-46.72538457132898,-23.75736993121167],[-46.72543069123284,-23.757435091853306],[-46.72543069123284,-23.757500252494943],[-46.72538457132898,-23.75756541313658],[-46.72538457132898,-23.757630573778215],[-46.725338451425124,-23.757630573778215],[-46.72529233152127,-23.75769573441985],[-46.72529233152127,-23.757760895061484],[-46.72529233152127,-23.75782605570312],[-46.725338451425124,-23.75782605570312],[-46.725338451425124,-23.757891216344756],[-46.72538457132898,-23.757891216344756],[-46.72538457132898,-23.757956376986392],[-46.725338451425124,-23.75802153762803],[-46.725338451425124,-23.758086698269665],[-46.72529233152127,-23.7581518589113],[-46.7252462116174,-23.758217019552937],[-46.725200091713546,-23.758282180194573],[-46.7252462116174,-23.758282180194573],[-46.7252462116174,-23.75834734083621],[-46.72529233152127,-23.75834734083621],[-46.725338451425124,-23.75834734083621],[-46.72538457132898,-23.758282180194573],[-46.72538457132898,-23.758217019552937],[-46.72543069123284,-23.758282180194573],[-46.725476811136694,-23.758282180194573],[-46.72552293104055,-23.758282180194573],[-46.72556905094441,-23.758282180194573],[-46.72556905094441,-23.75834734083621],[-46.72552293104055,-23.75834734083621],[-46.72552293104055,-23.758412501477842],[-46.725476811136694,-23.758412501477842],[-46.72552293104055,-23.75847766211948],[-46.72556905094441,-23.75847766211948],[-46.725615170848265,-23.75847766211948],[-46.725615170848265,-23.758542822761115],[-46.72566129075213,-23.758542822761115],[-46.72575353055984,-23.758542822761115],[-46.7257996504637,-23.758542822761115],[-46.725845770367556,-23.758542822761115],[-46.72589189027141,-23.758542822761115],[-46.72589189027141,-23.75860798340275],[-46.72589189027141,-23.758673144044387],[-46.72589189027141,-23.758738304686023],[-46.72589189027141,-23.75880346532766],[-46.72593801017527,-23.758868625969296],[-46.72593801017527,-23.758933786610932],[-46.72598413007913,-23.758933786610932],[-46.72603024998299,-23.758933786610932],[-46.72603024998299,-23.758998947252568],[-46.72607636988685,-23.758933786610932],[-46.726122489790704,-23.758933786610932],[-46.72616860969456,-23.758998947252568],[-46.72621472959842,-23.7590641078942],[-46.72630696940613,-23.759129268535837],[-46.72630696940613,-23.759194429177473],[-46.726260849502275,-23.759194429177473],[-46.726260849502275,-23.75925958981911],[-46.72621472959842,-23.75925958981911],[-46.72616860969456,-23.75925958981911],[-46.726122489790704,-23.75925958981911],[-46.726122489790704,-23.759324750460745],[-46.72607636988685,-23.759324750460745],[-46.726122489790704,-23.75938991110238],[-46.726122489790704,-23.759455071744018],[-46.726122489790704,-23.759520232385654],[-46.726122489790704,-23.75958539302729],[-46.726122489790704,-23.759650553668926],[-46.726122489790704,-23.759715714310563],[-46.72607636988685,-23.759715714310563],[-46.72607636988685,-23.759780874952195],[-46.72603024998299,-23.75984603559383],[-46.72607636988685,-23.75984603559383],[-46.72607636988685,-23.759911196235468],[-46.72607636988685,-23.759976356877104],[-46.726122489790704,-23.759976356877104],[-46.72616860969456,-23.759976356877104],[-46.72621472959842,-23.759976356877104],[-46.72621472959842,-23.76004151751874],[-46.72621472959842,-23.760106678160376],[-46.72616860969456,-23.760106678160376],[-46.726122489790704,-23.760106678160376],[-46.72607636988685,-23.760106678160376],[-46.72603024998299,-23.760106678160376],[-46.72603024998299,-23.76004151751874],[-46.72603024998299,-23.760106678160376],[-46.72598413007913,-23.760106678160376],[-46.72598413007913,-23.760171838802012],[-46.72598413007913,-23.76023699944365],[-46.72598413007913,-23.760302160085285],[-46.72589189027141,-23.760302160085285],[-46.7257996504637,-23.760302160085285],[-46.72575353055984,-23.76036732072692],[-46.72575353055984,-23.760432481368554],[-46.7257996504637,-23.76049764201019],[-46.72575353055984,-23.760562802651826],[-46.72575353055984,-23.760627963293462],[-46.725707410655986,-23.7606931239351],[-46.725707410655986,-23.76082344521837],[-46.725707410655986,-23.760888605860007],[-46.725707410655986,-23.760953766501643],[-46.72575353055984,-23.760953766501643],[-46.72575353055984,-23.76101892714328],[-46.725707410655986,-23.761084087784912],[-46.72566129075213,-23.761084087784912],[-46.725615170848265,-23.761084087784912],[-46.72556905094441,-23.76114924842655],[-46.72552293104055,-23.76114924842655],[-46.725476811136694,-23.76114924842655],[-46.725476811136694,-23.761084087784912],[-46.72543069123284,-23.761084087784912],[-46.72538457132898,-23.761084087784912],[-46.72538457132898,-23.76101892714328],[-46.725338451425124,-23.76101892714328],[-46.7252462116174,-23.76101892714328],[-46.725200091713546,-23.76101892714328],[-46.72515397180969,-23.76101892714328],[-46.72515397180969,-23.761084087784912],[-46.72510785190583,-23.761084087784912],[-46.72515397180969,-23.76114924842655],[-46.725200091713546,-23.761214409068184],[-46.7252462116174,-23.761214409068184],[-46.725338451425124,-23.76127956970982],[-46.72543069123284,-23.76127956970982],[-46.725476811136694,-23.76127956970982],[-46.72552293104055,-23.761344730351457],[-46.72556905094441,-23.761344730351457],[-46.72556905094441,-23.761409890993093],[-46.725476811136694,-23.761409890993093],[-46.72543069123284,-23.761409890993093],[-46.72538457132898,-23.76147505163473],[-46.725338451425124,-23.76147505163473],[-46.72529233152127,-23.76147505163473],[-46.7252462116174,-23.76147505163473],[-46.725200091713546,-23.761540212276365],[-46.7252462116174,-23.761540212276365],[-46.72529233152127,-23.761605372918],[-46.72529233152127,-23.761670533559638],[-46.72529233152127,-23.761735694201274],[-46.72529233152127,-23.761800854842907],[-46.72529233152127,-23.76193117612618],[-46.72529233152127,-23.761996336767815],[-46.7252462116174,-23.76206149740945],[-46.7252462116174,-23.762126658051088],[-46.7252462116174,-23.762191818692724],[-46.72529233152127,-23.76225697933436],[-46.72529233152127,-23.762322139975996],[-46.725338451425124,-23.762387300617632],[-46.72538457132898,-23.762387300617632],[-46.72543069123284,-23.762452461259265],[-46.72543069123284,-23.7625176219009],[-46.725476811136694,-23.7625176219009],[-46.72543069123284,-23.762582782542538],[-46.72543069123284,-23.76271310382581],[-46.72543069123284,-23.762778264467446],[-46.72538457132898,-23.762843425109082],[-46.72538457132898,-23.76290858575072],[-46.72543069123284,-23.76290858575072],[-46.72543069123284,-23.762973746392355],[-46.72543069123284,-23.76303890703399],[-46.72538457132898,-23.76303890703399],[-46.72529233152127,-23.763104067675624],[-46.7252462116174,-23.763104067675624],[-46.725200091713546,-23.763104067675624],[-46.72510785190583,-23.763104067675624],[-46.725061732001976,-23.763104067675624],[-46.72501561209812,-23.76303890703399],[-46.72496949219426,-23.76303890703399],[-46.724923372290405,-23.76303890703399],[-46.724923372290405,-23.763104067675624],[-46.724923372290405,-23.76316922831726],[-46.724923372290405,-23.763234388958896],[-46.72496949219426,-23.763299549600532],[-46.72501561209812,-23.76336471024217],[-46.725061732001976,-23.76349503152544],[-46.72510785190583,-23.76349503152544],[-46.72515397180969,-23.763560192167077],[-46.72515397180969,-23.763625352808713],[-46.72510785190583,-23.763625352808713],[-46.725061732001976,-23.763625352808713],[-46.72501561209812,-23.763560192167077],[-46.72496949219426,-23.763560192167077],[-46.72487725238654,-23.763560192167077],[-46.724831132482684,-23.763625352808713],[-46.72473889267497,-23.763625352808713],[-46.724692772771114,-23.76369051345035],[-46.72473889267497,-23.763755674091986],[-46.72478501257883,-23.763755674091986],[-46.724831132482684,-23.763820834733618],[-46.72487725238654,-23.763820834733618],[-46.72487725238654,-23.763885995375254],[-46.72487725238654,-23.76395115601689],[-46.724831132482684,-23.764016316658527],[-46.72478501257883,-23.764016316658527],[-46.72473889267497,-23.764081477300163],[-46.72473889267497,-23.7641466379418],[-46.72473889267497,-23.764211798583435],[-46.72478501257883,-23.76427695922507],[-46.72487725238654,-23.76427695922507],[-46.72501561209812,-23.76427695922507],[-46.72510785190583,-23.76427695922507],[-46.725200091713546,-23.764211798583435],[-46.7252462116174,-23.764211798583435],[-46.725338451425124,-23.76427695922507],[-46.725476811136694,-23.764342119866708],[-46.725476811136694,-23.764407280508344],[-46.72552293104055,-23.764472441149977],[-46.72556905094441,-23.764537601791613],[-46.72566129075213,-23.764537601791613],[-46.725707410655986,-23.764537601791613],[-46.72575353055984,-23.76460276243325],[-46.725845770367556,-23.76460276243325],[-46.725845770367556,-23.764667923074885],[-46.72589189027141,-23.76473308371652],[-46.72593801017527,-23.764798244358158],[-46.72598413007913,-23.764863404999794],[-46.72598413007913,-23.764993726283066],[-46.72603024998299,-23.765058886924702],[-46.72607636988685,-23.765058886924702],[-46.726122489790704,-23.765124047566335],[-46.726122489790704,-23.76518920820797],[-46.72603024998299,-23.765254368849607],[-46.72598413007913,-23.765319529491244],[-46.72598413007913,-23.76538469013288],[-46.72593801017527,-23.76538469013288],[-46.72589189027141,-23.76538469013288],[-46.725845770367556,-23.765449850774516],[-46.7257996504637,-23.765449850774516],[-46.7257996504637,-23.765515011416152],[-46.7257996504637,-23.76558017205779],[-46.72575353055984,-23.76558017205779],[-46.725707410655986,-23.76571049334106],[-46.725707410655986,-23.765775653982697],[-46.72566129075213,-23.76584081462433],[-46.72552293104055,-23.765971135907602],[-46.725476811136694,-23.766036296549238],[-46.725476811136694,-23.766101457190874],[-46.72543069123284,-23.766101457190874],[-46.72538457132898,-23.76616661783251],[-46.725338451425124,-23.76616661783251],[-46.72529233152127,-23.76616661783251],[-46.7252462116174,-23.766231778474147],[-46.725200091713546,-23.766231778474147],[-46.72515397180969,-23.766231778474147],[-46.72510785190583,-23.766231778474147],[-46.72510785190583,-23.76616661783251],[-46.725061732001976,-23.76616661783251],[-46.72501561209812,-23.76616661783251],[-46.72496949219426,-23.76616661783251],[-46.724923372290405,-23.76616661783251],[-46.72487725238654,-23.76616661783251],[-46.724831132482684,-23.76616661783251],[-46.72478501257883,-23.76616661783251],[-46.72473889267497,-23.76616661783251],[-46.724692772771114,-23.76616661783251],[-46.72464665286726,-23.76616661783251],[-46.7246005329634,-23.76616661783251],[-46.7246005329634,-23.766101457190874],[-46.72455441305954,-23.766101457190874],[-46.72450829315568,-23.766101457190874],[-46.72446217325182,-23.766101457190874],[-46.724416053347966,-23.766101457190874],[-46.724416053347966,-23.766036296549238],[-46.72436993344411,-23.766036296549238],[-46.72432381354025,-23.766036296549238],[-46.724277693636395,-23.766036296549238],[-46.724277693636395,-23.765971135907602],[-46.72423157373254,-23.765971135907602],[-46.72418545382868,-23.765971135907602],[-46.72413933392482,-23.765971135907602],[-46.72409321402096,-23.765971135907602],[-46.724047094117104,-23.765971135907602],[-46.724047094117104,-23.766036296549238],[-46.72400097421325,-23.766036296549238],[-46.72395485430939,-23.766036296549238],[-46.72390873440553,-23.766036296549238],[-46.72386261450168,-23.766036296549238],[-46.72381649459782,-23.766036296549238],[-46.723770374693956,-23.766036296549238],[-46.7237242547901,-23.766036296549238],[-46.72367813488624,-23.766036296549238],[-46.723632014982385,-23.766036296549238],[-46.72358589507853,-23.766036296549238],[-46.72353977517467,-23.766036296549238],[-46.723493655270815,-23.766036296549238],[-46.723493655270815,-23.766101457190874],[-46.72344753536696,-23.766101457190874],[-46.723401415463094,-23.766101457190874],[-46.72335529555924,-23.766101457190874],[-46.72330917565538,-23.766101457190874],[-46.72330917565538,-23.76616661783251],[-46.723263055751524,-23.76616661783251],[-46.723263055751524,-23.766101457190874],[-46.72321693584767,-23.766101457190874],[-46.72317081594381,-23.766101457190874],[-46.72312469603995,-23.766101457190874],[-46.72312469603995,-23.766036296549238],[-46.723078576136096,-23.766036296549238],[-46.723078576136096,-23.765971135907602],[-46.72303245623223,-23.765971135907602],[-46.72303245623223,-23.765905975265966],[-46.72303245623223,-23.76584081462433],[-46.722986336328376,-23.76584081462433],[-46.72294021642452,-23.76584081462433],[-46.72289409652066,-23.76584081462433],[-46.722847976616805,-23.76584081462433],[-46.722847976616805,-23.765775653982697],[-46.72280185671295,-23.765775653982697],[-46.72275573680909,-23.76584081462433],[-46.722709616905234,-23.76584081462433],[-46.72266349700137,-23.76584081462433],[-46.722617377097514,-23.76584081462433],[-46.72257125719366,-23.76584081462433],[-46.7225251372898,-23.76584081462433],[-46.72247901738594,-23.76584081462433],[-46.72238677757823,-23.76584081462433],[-46.722340657674366,-23.76584081462433],[-46.72229453777051,-23.76584081462433],[-46.722202297962795,-23.76584081462433],[-46.72215617805894,-23.765775653982697],[-46.722063938251225,-23.765775653982697],[-46.72201781834737,-23.765775653982697],[-46.721971698443504,-23.76571049334106],[-46.72192557853965,-23.76571049334106],[-46.72187945863579,-23.76571049334106],[-46.72183333873193,-23.76571049334106],[-46.72174109892422,-23.765775653982697],[-46.72169497902036,-23.765775653982697],[-46.721648859116506,-23.765775653982697],[-46.72160273921264,-23.76584081462433],[-46.721556619308785,-23.76584081462433],[-46.72151049940493,-23.765905975265966],[-46.72146437950107,-23.765971135907602],[-46.721418259597215,-23.765971135907602],[-46.72137213969336,-23.765971135907602],[-46.7213260197895,-23.765971135907602],[-46.721279899885644,-23.765971135907602],[-46.72123377998178,-23.765971135907602],[-46.72118766007792,-23.765971135907602],[-46.72114154017407,-23.765971135907602],[-46.72104930036635,-23.765971135907602],[-46.721003180462496,-23.765971135907602],[-46.72095706055864,-23.765971135907602],[-46.72086482075092,-23.765971135907602],[-46.72081870084706,-23.766036296549238],[-46.720772580943205,-23.766036296549238],[-46.72072646103935,-23.766036296549238],[-46.72068034113549,-23.766036296549238],[-46.720634221231634,-23.766036296549238],[-46.72058810132778,-23.766036296549238],[-46.72054198142392,-23.766036296549238],[-46.72054198142392,-23.765971135907602],[-46.72049586152006,-23.765971135907602],[-46.7204497416162,-23.765905975265966],[-46.72040362171234,-23.765905975265966],[-46.720357501808486,-23.765905975265966],[-46.72031138190463,-23.765905975265966],[-46.72026526200077,-23.76584081462433],[-46.720219142096916,-23.76584081462433],[-46.72017302219306,-23.76584081462433],[-46.720126902289195,-23.76584081462433],[-46.72008078238534,-23.76584081462433],[-46.72003466248148,-23.76584081462433],[-46.719988542577624,-23.76584081462433],[-46.71994242267377,-23.76584081462433],[-46.71989630276991,-23.765905975265966],[-46.719850182866054,-23.765905975265966],[-46.7198040629622,-23.765905975265966],[-46.71975794305833,-23.765905975265966],[-46.719711823154476,-23.765971135907602],[-46.71966570325062,-23.765971135907602],[-46.71961958334676,-23.765971135907602],[-46.719573463442906,-23.765971135907602],[-46.71952734353905,-23.765971135907602],[-46.71948122363519,-23.765971135907602],[-46.719435103731335,-23.765905975265966],[-46.71938898382747,-23.765905975265966],[-46.719342863923615,-23.765905975265966],[-46.71929674401976,-23.765905975265966],[-46.7192506241159,-23.765905975265966],[-46.719204504212044,-23.765905975265966],[-46.71911226440433,-23.765905975265966],[-46.719066144500474,-23.765905975265966],[-46.71902002459661,-23.765905975265966],[-46.71897390469275,-23.765905975265966],[-46.718927784788896,-23.765905975265966],[-46.71888166488504,-23.765905975265966],[-46.71883554498118,-23.765905975265966],[-46.718789425077325,-23.765905975265966],[-46.718789425077325,-23.76584081462433],[-46.71874330517347,-23.76584081462433],[-46.71869718526961,-23.76584081462433],[-46.71860494546189,-23.765775653982697],[-46.718558825558034,-23.765775653982697],[-46.71851270565418,-23.76571049334106],[-46.71846658575032,-23.76571049334106],[-46.71846658575032,-23.765645332699425],[-46.71851270565418,-23.765645332699425],[-46.71846658575032,-23.765645332699425],[-46.71846658575032,-23.76558017205779],[-46.71851270565418,-23.765515011416152],[-46.718558825558034,-23.765515011416152],[-46.718558825558034,-23.765449850774516],[-46.71851270565418,-23.765449850774516],[-46.71851270565418,-23.76538469013288],[-46.71846658575032,-23.76538469013288],[-46.71837434594261,-23.76538469013288],[-46.71832822603875,-23.76538469013288],[-46.718282106134886,-23.76538469013288],[-46.71823598623103,-23.76538469013288],[-46.71818986632717,-23.765449850774516],[-46.718143746423316,-23.765449850774516],[-46.71809762651946,-23.765515011416152],[-46.7180515066156,-23.765515011416152],[-46.717913146904024,-23.765645332699425],[-46.71786702700017,-23.76571049334106],[-46.717774787192454,-23.76571049334106],[-46.71768254738474,-23.765775653982697],[-46.71754418767316,-23.76584081462433],[-46.71745194786545,-23.765905975265966],[-46.717359708057735,-23.765905975265966],[-46.71694462892302,-23.765905975265966],[-46.71680626921144,-23.765971135907602],[-46.71676014930758,-23.765971135907602],[-46.716714029403725,-23.765971135907602],[-46.716483429884434,-23.765971135907602],[-46.71639119007672,-23.765971135907602],[-46.71634507017286,-23.765971135907602],[-46.71625283036515,-23.766036296549238],[-46.716160590557436,-23.766036296549238],[-46.71611447065357,-23.766036296549238],[-46.71602223084586,-23.766036296549238],[-46.715976110942,-23.766036296549238],[-46.715929991038145,-23.766101457190874],[-46.71588387113429,-23.766101457190874],[-46.71583775123043,-23.766101457190874],[-46.715791631326574,-23.766101457190874],[-46.71574551142271,-23.766101457190874],[-46.715699391518854,-23.766101457190874],[-46.71560715171114,-23.766101457190874],[-46.71556103180728,-23.766101457190874],[-46.715514911903426,-23.766101457190874],[-46.71546879199957,-23.766101457190874],[-46.71542267209571,-23.766101457190874],[-46.71537655219185,-23.76616661783251],[-46.71533043228799,-23.76616661783251],[-46.71523819248028,-23.76616661783251],[-46.715145952672565,-23.766231778474147],[-46.71509983276871,-23.766231778474147],[-46.71505371286485,-23.766231778474147],[-46.71496147305713,-23.766296939115783],[-46.71491535315327,-23.766296939115783],[-46.71482311334556,-23.766296939115783],[-46.7147769934417,-23.766296939115783],[-46.714730873537846,-23.766296939115783],[-46.71468475363399,-23.766296939115783],[-46.714638633730125,-23.766231778474147],[-46.71459251382627,-23.766231778474147],[-46.71459251382627,-23.766296939115783],[-46.71454639392241,-23.766296939115783],[-46.714500274018555,-23.766296939115783],[-46.7144541541147,-23.766296939115783],[-46.71440803421084,-23.766296939115783],[-46.714361914306984,-23.766296939115783],[-46.71431579440313,-23.766296939115783],[-46.71426967449926,-23.766296939115783],[-46.71426967449926,-23.76636209975742],[-46.71422355459541,-23.76636209975742],[-46.71417743469155,-23.76636209975742],[-46.71413131478769,-23.766427260399055],[-46.714085194883836,-23.766427260399055],[-46.71403907497998,-23.766427260399055],[-46.713946835172266,-23.766492421040688],[-46.7139007152684,-23.766492421040688],[-46.713854595364545,-23.766557581682324],[-46.71380847546069,-23.766557581682324],[-46.71376235555683,-23.76662274232396],[-46.713716235652974,-23.76662274232396],[-46.713716235652974,-23.766687902965597],[-46.71367011574912,-23.766687902965597],[-46.71362399584526,-23.766687902965597],[-46.71362399584526,-23.766753063607233],[-46.71362399584526,-23.76681822424887],[-46.713577875941404,-23.76681822424887],[-46.71353175603754,-23.766883384890505],[-46.71348563613368,-23.766883384890505],[-46.713439516229826,-23.766883384890505],[-46.71339339632597,-23.76694854553214],[-46.71334727642211,-23.76694854553214],[-46.713301156518256,-23.767013706173778],[-46.7132550366144,-23.767013706173778],[-46.71320891671054,-23.767078866815414],[-46.71316279680668,-23.767078866815414],[-46.71311667690282,-23.767144027457046],[-46.713070556998964,-23.767209188098683],[-46.71302443709511,-23.76727434874032],[-46.71297831719125,-23.767339509381955],[-46.712932197287394,-23.76740467002359],[-46.71288607738354,-23.76740467002359],[-46.71283995747968,-23.767469830665227],[-46.71283995747968,-23.767534991306864],[-46.71283995747968,-23.7676001519485],[-46.712793837575816,-23.7676001519485],[-46.712793837575816,-23.767665312590136],[-46.712793837575816,-23.767730473231772],[-46.71274771767196,-23.76779563387341],[-46.71274771767196,-23.76786079451504],[-46.71274771767196,-23.767925955156677],[-46.71274771767196,-23.767991115798313],[-46.71274771767196,-23.76805627643995],[-46.71274771767196,-23.768121437081586],[-46.71274771767196,-23.768186597723222],[-46.7127015977681,-23.76825175836486],[-46.7127015977681,-23.768316919006494],[-46.7127015977681,-23.76838207964813],[-46.712655477864246,-23.76838207964813],[-46.712655477864246,-23.768447240289767],[-46.71260935796039,-23.7685124009314],[-46.71256323805653,-23.768577561573036],[-46.712517118152675,-23.768577561573036],[-46.71247099824882,-23.768577561573036],[-46.712424878344954,-23.768577561573036],[-46.7123787584411,-23.768642722214672],[-46.71224039872953,-23.768642722214672],[-46.71214815892181,-23.768642722214672],[-46.71210203901795,-23.768642722214672],[-46.71210203901795,-23.768707882856308],[-46.71210203901795,-23.76883820413958],[-46.71210203901795,-23.769098846706125],[-46.71210203901795,-23.769424649914303],[-46.71210203901795,-23.769685292480847],[-46.71210203901795,-23.769880774405753],[-46.71210203901795,-23.77007625633066],[-46.71210203901795,-23.77027173825557],[-46.71210203901795,-23.77046722018048],[-46.71210203901795,-23.770793023388656],[-46.71210203901795,-23.7710536659552],[-46.71210203901795,-23.771249147880106],[-46.71210203901795,-23.771379469163378],[-46.71210203901795,-23.771444629805014],[-46.71210203901795,-23.771640111729923],[-46.71210203901795,-23.771835593654828],[-46.71210203901795,-23.772031075579736],[-46.71210203901795,-23.772226557504645],[-46.71214815892181,-23.772552360712822],[-46.71214815892181,-23.77274784263773],[-46.71214815892181,-23.773008485204276],[-46.71214815892181,-23.773269127770817],[-46.71214815892181,-23.773529770337362],[-46.71214815892181,-23.773790412903907],[-46.71214815892181,-23.774051055470448],[-46.71214815892181,-23.774311698036993],[-46.71214815892181,-23.774572340603534],[-46.71214815892181,-23.77463750124517],[-46.71214815892181,-23.774767822528442],[-46.71214815892181,-23.77496330445335],[-46.71214815892181,-23.77515878637826],[-46.71210203901795,-23.775354268303165],[-46.71210203901795,-23.775484589586437],[-46.71210203901795,-23.775680071511346],[-46.71205591911409,-23.775810392794618],[-46.71205591911409,-23.77607103536116],[-46.712009799210236,-23.77620135664443],[-46.71196367930638,-23.776331677927704],[-46.71191755940252,-23.776527159852613],[-46.71191755940252,-23.776592320494245],[-46.71191755940252,-23.77665748113588],[-46.711871439498665,-23.776722641777518],[-46.711871439498665,-23.776787802419154],[-46.71182531959481,-23.776918123702426],[-46.71182531959481,-23.776983284344062],[-46.71177919969095,-23.777113605627335],[-46.71173307978709,-23.77717876626897],[-46.71173307978709,-23.77730908755224],[-46.71168695988323,-23.777439408835512],[-46.711640839979374,-23.77750456947715],[-46.71159472007552,-23.77763489076042],[-46.71154860017166,-23.777765212043693],[-46.711502480267804,-23.777895533326962],[-46.71145636036395,-23.778025854610235],[-46.71141024046009,-23.77809101525187],[-46.711364120556226,-23.778221336535143],[-46.711364120556226,-23.778351657818416],[-46.71131800065237,-23.77841681846005],[-46.71127188074851,-23.778547139743324],[-46.711225760844655,-23.778612300384957],[-46.711225760844655,-23.77874262166823],[-46.7111796409408,-23.7788729429515],[-46.71113352103694,-23.778938103593138],[-46.711087401133085,-23.77906842487641],[-46.71104128122923,-23.779198746159683],[-46.710995161325364,-23.77932906744295],[-46.71094904142151,-23.779459388726224],[-46.71090292151765,-23.779589710009496],[-46.710856801613794,-23.77972003129277],[-46.71081068170994,-23.77985035257604],[-46.71076456180608,-23.77998067385931],[-46.71071844190222,-23.780045834500946],[-46.710672321998366,-23.78017615578422],[-46.7106262020945,-23.780241316425855],[-46.7106262020945,-23.780371637709127],[-46.710580082190646,-23.7805019589924],[-46.71053396228679,-23.780567119634036],[-46.71048784238293,-23.780697440917304],[-46.710441722479075,-23.780827762200577],[-46.71034948267136,-23.781023244125485],[-46.71034948267136,-23.781153565408758],[-46.71025724286364,-23.781283886692027],[-46.710211122959784,-23.7814142079753],[-46.71016500305593,-23.78154452925857],[-46.71011888315207,-23.781674850541844],[-46.71007276324821,-23.781805171825116],[-46.71002664334436,-23.78200065375002],[-46.70993440353664,-23.78219613567493],[-46.70993440353664,-23.782261296316566],[-46.70984216372892,-23.782456778241475],[-46.709796043825065,-23.782587099524747],[-46.70974992392121,-23.78265226016638],[-46.70970380401735,-23.782782581449652],[-46.70970380401735,-23.782912902732924],[-46.709657684113495,-23.783043224016197],[-46.70961156420964,-23.783108384657833],[-46.70956544430578,-23.783238705941105],[-46.70951932440192,-23.783369027224374],[-46.70947320449806,-23.783499348507647],[-46.7094270845942,-23.78362966979092],[-46.70938096469035,-23.78375999107419],[-46.70933484478649,-23.783890312357464],[-46.70928872488263,-23.784020633640733],[-46.709242604978776,-23.784150954924005],[-46.709150365171055,-23.784346436848914],[-46.7091042452672,-23.784476758132186],[-46.70905812536334,-23.784541918773822],[-46.709012005459485,-23.78467224005709],[-46.709012005459485,-23.784802561340364],[-46.70891976565177,-23.784932882623636],[-46.70891976565177,-23.784998043265272],[-46.708873645747914,-23.78506320390691],[-46.708873645747914,-23.78519352519018],[-46.70882752584406,-23.785258685831817],[-46.708781405940194,-23.785389007115086],[-46.70873528603634,-23.785519328398358],[-46.70868916613248,-23.78564964968163],[-46.70864304622862,-23.785779970964903],[-46.70855080642091,-23.785975452889808],[-46.70850468651705,-23.78610577417308],[-46.708458566613196,-23.786236095456353],[-46.70841244670933,-23.786366416739625],[-46.708366326805475,-23.786496738022898],[-46.70832020690162,-23.78662705930617],[-46.70827408699776,-23.78675738058944],[-46.708227967093904,-23.78688770187271],[-46.70818184719005,-23.787018023155984],[-46.70818184719005,-23.78708318379762],[-46.70813572728619,-23.787213505080892],[-46.708089607382334,-23.787213505080892],[-46.70799736757461,-23.787474147647433],[-46.707951247670756,-23.787669629572342],[-46.7079051277669,-23.787799950855614],[-46.707812887959186,-23.788060593422156],[-46.70776676805533,-23.788125754063792],[-46.70772064815147,-23.7883212359887],[-46.70767452824761,-23.788386396630337],[-46.70767452824761,-23.788451557271973],[-46.707582288439895,-23.788712199838514],[-46.70749004863218,-23.78897284240506],[-46.70739780882447,-23.789233484971604],[-46.70730556901675,-23.78942896689651],[-46.70721332920903,-23.789624448821417],[-46.70721332920903,-23.789689609463053],[-46.707167209305176,-23.78975477010469],[-46.707167209305176,-23.789819930746326],[-46.70707496949746,-23.79001541267123],[-46.70698272968974,-23.790276055237776],[-46.70684436997817,-23.79066701908759],[-46.706798250074314,-23.790732179729225],[-46.706798250074314,-23.790862501012498],[-46.7067060102666,-23.791057982937406],[-46.706659890362744,-23.79118830422068],[-46.706521530651166,-23.791579268070493],[-46.706383170939596,-23.792035392561942],[-46.70633705103574,-23.792035392561942],[-46.70629093113188,-23.79223087448685],[-46.70596809180488,-23.793077962828118],[-46.70564525247787,-23.79399021181102],[-46.705506892766294,-23.794381175660835],[-46.70541465295858,-23.79464181822738],[-46.70527629324701,-23.795032782077193],[-46.7051840534393,-23.795293424643738],[-46.70499957382386,-23.795749549135188],[-46.70467673449686,-23.79666179811809],[-46.70458449468914,-23.796857280042996],[-46.70440001507371,-23.797378565176086],[-46.70435389516985,-23.79757404710099],[-46.70426165536214,-23.7977695290259],[-46.70421553545828,-23.79789985030917],[-46.704169415554425,-23.798095332234077],[-46.70407717574671,-23.79835597480062],[-46.70403105584285,-23.798421135442258],[-46.703938816035134,-23.798616617367166],[-46.70389269613128,-23.79881209929207],[-46.70370821651585,-23.799268223783525],[-46.70347761699656,-23.799919830199883],[-46.70315477766955,-23.800832079182783],[-46.70283193834255,-23.80167916752405],[-46.70264745872712,-23.8021352920155],[-46.70246297911169,-23.802721737790225],[-46.70227849949626,-23.803177862281675],[-46.702094019880825,-23.803764308056397],[-46.7019095402654,-23.804285593189483],[-46.70177118055382,-23.8046765570393],[-46.70163282084225,-23.805002360247478],[-46.70149446113067,-23.805393324097295],[-46.70140222132296,-23.805653966663836],[-46.701309981515244,-23.805979769872017],[-46.70121774170753,-23.80624041243856],[-46.701171621803674,-23.806501055005103],[-46.70112550189981,-23.806696536930012],[-46.70107938199595,-23.806957179496553],[-46.70107938199595,-23.807217822063098],[-46.70107938199595,-23.807543625271276],[-46.701033262092096,-23.80780426783782],[-46.701033262092096,-23.808064910404365],[-46.70107938199595,-23.808195231687634],[-46.70107938199595,-23.80845587425418],[-46.70112550189981,-23.80858619553745],[-46.70121774170753,-23.808977159387265],[-46.70126386161139,-23.809172641312173],[-46.7013561014191,-23.809563605161987],[-46.701540581034536,-23.81028037221998],[-46.701678940746106,-23.8106713360698],[-46.70186342036153,-23.81145326376943],[-46.701955660169254,-23.81171390633597],[-46.702094019880825,-23.812104870185788],[-46.70227849949626,-23.812821637243783],[-46.70237073930397,-23.81314744045196],[-46.70246297911169,-23.81347324366014],[-46.70250909901554,-23.81360356494341],[-46.7025552189194,-23.81379904686832],[-46.702601338823264,-23.81392936815159],[-46.70264745872712,-23.8141248500765],[-46.70269357863098,-23.81425517135977],[-46.702739698534835,-23.81438549264304],[-46.70283193834255,-23.814646135209586],[-46.70283193834255,-23.814776456492858],[-46.70301641795798,-23.815297741625944],[-46.70301641795798,-23.81536290226758],[-46.70306253786184,-23.815493223550853],[-46.70306253786184,-23.81562354483412],[-46.703108657765696,-23.815688705475758],[-46.703108657765696,-23.81581902675903],[-46.70315477766955,-23.815949348042302],[-46.70315477766955,-23.81601450868394],[-46.70320089757341,-23.816209990608847],[-46.70320089757341,-23.816340311892116],[-46.70324701747727,-23.816535793817025],[-46.70324701747727,-23.816666115100297],[-46.70324701747727,-23.81679643638357],[-46.70324701747727,-23.816861597025206],[-46.70324701747727,-23.817122239591747],[-46.70324701747727,-23.817187400233383],[-46.70324701747727,-23.817317721516655],[-46.70324701747727,-23.817448042799928],[-46.70324701747727,-23.817578364083197],[-46.70320089757341,-23.817643524724833],[-46.70320089757341,-23.817773846008105],[-46.70320089757341,-23.81783900664974],[-46.70315477766955,-23.81803448857465],[-46.70315477766955,-23.818164809857922],[-46.703108657765696,-23.81822997049956],[-46.70306253786184,-23.8184906130661],[-46.70306253786184,-23.818555773707736],[-46.70301641795798,-23.81868609499101],[-46.70292417815026,-23.81894673755755],[-46.702878058246405,-23.819207380124094],[-46.70283193834255,-23.819337701407367],[-46.70278581843869,-23.819402862049003],[-46.70278581843869,-23.81946802269064],[-46.702739698534835,-23.819533183332275],[-46.702739698534835,-23.819663504615544],[-46.70269357863098,-23.81972866525718],[-46.70269357863098,-23.819793825898817],[-46.70264745872712,-23.819858986540453],[-46.70264745872712,-23.81992414718209],[-46.702601338823264,-23.819989307823725],[-46.70250909901554,-23.820315111031903],[-46.70250909901554,-23.82038027167354],[-46.70246297911169,-23.82051059295681],[-46.70246297911169,-23.820575753598447],[-46.7022323795924,-23.821227360014806],[-46.7022323795924,-23.821292520656442],[-46.70218625968854,-23.821292520656442],[-46.70218625968854,-23.82135768129808],[-46.702094019880825,-23.821683484506256],[-46.70204789997697,-23.821813805789528],[-46.70200178007311,-23.822074448356073],[-46.70200178007311,-23.82213960899771],[-46.701955660169254,-23.822269930280978],[-46.70140222132296,-23.823442821830426],[-46.701171621803674,-23.823898946321876],[-46.700664302861234,-23.82481119530478],[-46.70043370334195,-23.825202159154593],[-46.70020310382266,-23.825658283646042],[-46.70006474411109,-23.825918926212587],[-46.69997250430337,-23.82604924749586],[-46.69992638439951,-23.826114408137496],[-46.69964966497636,-23.826570532628946],[-46.69955742516865,-23.826766014553854],[-46.699465185360935,-23.826896335837127],[-46.69937294555322,-23.827156978403668],[-46.699326825649365,-23.827222139045304],[-46.6992807057455,-23.827352460328576],[-46.69918846593779,-23.827547942253485],[-46.699096226130074,-23.82774342417839],[-46.69900398632236,-23.828004066744935],[-46.6989578664185,-23.82806922738657],[-46.69886562661078,-23.82826470931148],[-46.69877338680307,-23.828590512519657],[-46.698681146995355,-23.828785994444566],[-46.698173828052916,-23.83028468920219],[-46.69812770814906,-23.83041501048546],[-46.69812770814906,-23.830480171127096],[-46.698035468341345,-23.83074081369364],[-46.697897108629775,-23.831131777543455],[-46.697897108629775,-23.83119693818509],[-46.69785098872592,-23.831327259468363],[-46.697804868822054,-23.831457580751636],[-46.69762038920663,-23.831913705243085],[-46.697482029495056,-23.832304669092903],[-46.69743590959119,-23.832500151017808],[-46.69734366978348,-23.832760793584352],[-46.69720531007191,-23.833216918075802],[-46.69706695036033,-23.833542721283983],[-46.69706695036033,-23.833673042567256],[-46.697020830456474,-23.833803363850524],[-46.69697471055262,-23.833933685133797],[-46.69692859064876,-23.83406400641707],[-46.69692859064876,-23.83419432770034],[-46.6968824707449,-23.834324648983614],[-46.6968824707449,-23.83452013090852],[-46.696836350841046,-23.834585291550155],[-46.696836350841046,-23.834715612833428],[-46.696836350841046,-23.8348459341167],[-46.69679023093719,-23.834976255399972],[-46.69679023093719,-23.83510657668324],[-46.696744111033325,-23.83562786181633],[-46.69669799112947,-23.836018825666144],[-46.69669799112947,-23.836474950157594],[-46.696605751321755,-23.837452359782134],[-46.6965596314179,-23.83797364491522],[-46.6965596314179,-23.83816912684013],[-46.696467391610184,-23.839342018389573],[-46.69642127170633,-23.840058785447567],[-46.696375151802464,-23.840840713147198],[-46.696375151802464,-23.841036195072107],[-46.69632903189861,-23.841166516355376],[-46.69632903189861,-23.841361998280284],[-46.69628291199475,-23.841492319563557],[-46.69623679209089,-23.841687801488465],[-46.696190672187036,-23.84188328341337],[-46.69614455228318,-23.842143925979915],[-46.69609843237932,-23.842339407904824],[-46.696052312475466,-23.84240456854646],[-46.6960061925716,-23.84253488982973],[-46.695960072667745,-23.842665211113],[-46.69591395276389,-23.842795532396273],[-46.695821712956175,-23.842925853679546],[-46.69577559305232,-23.84312133560445],[-46.69572947314846,-23.843251656887723],[-46.695683353244604,-23.843251656887723],[-46.69559111343688,-23.843447138812632],[-46.69549887362917,-23.84364262073754],[-46.69531439401374,-23.843968423945718],[-46.695176034302165,-23.8442942271539],[-46.69512991439831,-23.844359387795535],[-46.695037674590594,-23.84455486972044],[-46.69499155468674,-23.844685191003713],[-46.69494543478288,-23.844815512286985],[-46.69489931487902,-23.844945833570257],[-46.69485319497516,-23.84507615485353],[-46.694760955167446,-23.8452064761368],[-46.694760955167446,-23.84533679742007],[-46.69471483526359,-23.845467118703343],[-46.69466871535973,-23.845662600628252],[-46.694622595455876,-23.845792921911524],[-46.69457647555202,-23.845858082553157],[-46.69457647555202,-23.845923243194793],[-46.694530355648155,-23.8461187251197],[-46.694530355648155,-23.846249046402974],[-46.6944842357443,-23.846444528327883],[-46.6944842357443,-23.84657484961115],[-46.694391995936584,-23.847161295385874],[-46.694391995936584,-23.847291616669146],[-46.69434587603273,-23.847487098594055],[-46.69429975612887,-23.8477477411606],[-46.69429975612887,-23.848073544368777],[-46.69416139641729,-23.848920632710044],[-46.69406915660958,-23.84944191784313],[-46.693976916801866,-23.849507078484766],[-46.69379243718643,-23.849507078484766],[-46.69365407747486,-23.84944191784313],[-46.69356183766715,-23.84944191784313],[-46.69351571776329,-23.849507078484766],[-46.69346959785943,-23.849507078484766],[-46.69346959785943,-23.849572239126402],[-46.69342347795557,-23.849572239126402],[-46.69337735805171,-23.849702560409675],[-46.693331238147856,-23.84976772105131],[-46.693331238147856,-23.849832881692947],[-46.693285118244,-23.849832881692947],[-46.693192878436285,-23.849963202976216],[-46.693192878436285,-23.850028363617852],[-46.69314675853243,-23.850028363617852],[-46.69310063862857,-23.85009352425949],[-46.692962278916994,-23.85022384554276],[-46.69287003910928,-23.850289006184397],[-46.69282391920542,-23.850289006184397],[-46.69273167939771,-23.850354166826033],[-46.69263943958999,-23.85041932746767],[-46.69259331968613,-23.850484488109306],[-46.69250107987842,-23.850614809392575],[-46.69245495997456,-23.850614809392575],[-46.692408840070705,-23.850745130675847],[-46.69236272016685,-23.850810291317483],[-46.692316600262984,-23.85087545195912],[-46.69227048035913,-23.850940612600755],[-46.69222436045527,-23.85100577324239],[-46.692178240551414,-23.851070933884028],[-46.69213212064756,-23.851136094525664],[-46.69203988083984,-23.851201255167297],[-46.691993760935986,-23.851201255167297],[-46.691993760935986,-23.851266415808933],[-46.69194764103212,-23.851266415808933],[-46.691901521128266,-23.85133157645057],[-46.69185540122441,-23.851396737092205],[-46.69180928132055,-23.85146189773384],[-46.69180928132055,-23.851527058375478],[-46.691763161416695,-23.851527058375478],[-46.691763161416695,-23.851592219017114],[-46.69171704151284,-23.851592219017114],[-46.69171704151284,-23.85165737965875],[-46.69162480170512,-23.85165737965875],[-46.69157868180126,-23.851722540300386],[-46.691532561897404,-23.851722540300386],[-46.69148644199355,-23.85165737965875],[-46.69144032208969,-23.85165737965875],[-46.69139420218583,-23.85165737965875],[-46.69130196237812,-23.851722540300386],[-46.691255842474256,-23.851722540300386],[-46.6912097225704,-23.851722540300386],[-46.69116360266654,-23.851722540300386],[-46.691117482762685,-23.851722540300386],[-46.69107136285883,-23.851722540300386],[-46.69102524295497,-23.851722540300386],[-46.690979123051115,-23.851722540300386],[-46.690886883243394,-23.851722540300386],[-46.69084076333954,-23.851722540300386],[-46.69079464343568,-23.851787700942022],[-46.69074852353182,-23.851787700942022],[-46.69070240362797,-23.851852861583655],[-46.69065628372411,-23.85191802222529],[-46.69065628372411,-23.851983182866928],[-46.69065628372411,-23.852048343508564],[-46.69061016382025,-23.852048343508564],[-46.690564043916396,-23.852048343508564],[-46.69051792401253,-23.8521135041502],[-46.690471804108675,-23.8521135041502],[-46.69042568420482,-23.8521135041502],[-46.690333444397105,-23.8521135041502],[-46.69024120458939,-23.8521135041502],[-46.69010284487781,-23.8521135041502],[-46.69005672497396,-23.8521135041502],[-46.6900106050701,-23.8521135041502],[-46.68996448516624,-23.8521135041502],[-46.68996448516624,-23.852178664791836],[-46.689918365262386,-23.852178664791836],[-46.689918365262386,-23.852243825433472],[-46.68987224535853,-23.852243825433472],[-46.68982612545467,-23.852243825433472],[-46.68982612545467,-23.85230898607511],[-46.68978000555081,-23.85230898607511],[-46.68973388564695,-23.852374146716745],[-46.689687765743095,-23.852374146716745],[-46.68964164583924,-23.852374146716745],[-46.68959552593538,-23.85230898607511],[-46.689549406031524,-23.85230898607511],[-46.68950328612767,-23.852374146716745],[-46.68945716622381,-23.85230898607511],[-46.68945716622381,-23.852243825433472],[-46.68945716622381,-23.852178664791836],[-46.68941104631995,-23.852178664791836],[-46.68936492641609,-23.852178664791836],[-46.68931880651223,-23.852178664791836],[-46.68931880651223,-23.852243825433472],[-46.689272686608376,-23.852243825433472],[-46.68922656670452,-23.852243825433472],[-46.68922656670452,-23.852178664791836],[-46.68918044680066,-23.852178664791836],[-46.689134326896806,-23.8521135041502],[-46.689134326896806,-23.852048343508564],[-46.68908820699295,-23.852048343508564],[-46.68908820699295,-23.851983182866928],[-46.689042087089085,-23.851983182866928],[-46.68899596718523,-23.85191802222529],[-46.68894984728137,-23.85191802222529],[-46.688903727377514,-23.85191802222529],[-46.68885760747366,-23.85191802222529],[-46.6888114875698,-23.85191802222529],[-46.688765367665944,-23.85191802222529],[-46.688765367665944,-23.851852861583655],[-46.68871924776209,-23.851852861583655],[-46.68867312785822,-23.851852861583655],[-46.68867312785822,-23.85191802222529],[-46.68867312785822,-23.851983182866928],[-46.688627007954366,-23.851983182866928],[-46.68858088805051,-23.851983182866928],[-46.68858088805051,-23.85191802222529],[-46.688488648242796,-23.85191802222529],[-46.68844252833894,-23.85191802222529],[-46.68839640843508,-23.85191802222529],[-46.688350288531225,-23.851852861583655],[-46.68830416862736,-23.851852861583655],[-46.688258048723505,-23.851787700942022],[-46.68816580891579,-23.851722540300386],[-46.68816580891579,-23.85165737965875],[-46.688119689011934,-23.85165737965875],[-46.68807356910808,-23.85165737965875],[-46.68802744920422,-23.85165737965875],[-46.687981329300364,-23.85165737965875],[-46.6879352093965,-23.85165737965875],[-46.68788908949264,-23.851592219017114],[-46.687842969588786,-23.851527058375478],[-46.68779684968493,-23.85146189773384],[-46.68775072978107,-23.85146189773384],[-46.68775072978107,-23.851396737092205],[-46.687704609877215,-23.851396737092205],[-46.68765848997336,-23.85133157645057],[-46.6876123700695,-23.85133157645057],[-46.68756625016564,-23.85133157645057],[-46.68752013026178,-23.85133157645057],[-46.68752013026178,-23.851396737092205],[-46.68742789045407,-23.851396737092205],[-46.68738177055021,-23.851396737092205],[-46.687335650646354,-23.851396737092205],[-46.6872895307425,-23.85146189773384],[-46.687197290934776,-23.85146189773384],[-46.68715117103092,-23.851527058375478],[-46.68710505112706,-23.851527058375478],[-46.687058931223206,-23.851527058375478],[-46.68701281131935,-23.851527058375478],[-46.68701281131935,-23.85146189773384],[-46.68696669141549,-23.85146189773384],[-46.686920571511635,-23.851396737092205],[-46.68687445160778,-23.85133157645057],[-46.68687445160778,-23.851266415808933],[-46.686920571511635,-23.851201255167297],[-46.68696669141549,-23.851201255167297],[-46.68696669141549,-23.851136094525664],[-46.68701281131935,-23.851136094525664],[-46.687058931223206,-23.851070933884028],[-46.687058931223206,-23.85100577324239],[-46.68710505112706,-23.85100577324239],[-46.68710505112706,-23.850940612600755],[-46.68710505112706,-23.85087545195912],[-46.68715117103092,-23.85087545195912],[-46.68715117103092,-23.850810291317483],[-46.687197290934776,-23.850810291317483],[-46.687197290934776,-23.850745130675847],[-46.68715117103092,-23.850745130675847],[-46.68710505112706,-23.850745130675847],[-46.687058931223206,-23.850745130675847],[-46.68701281131935,-23.850745130675847],[-46.68701281131935,-23.85067997003421],[-46.687058931223206,-23.850614809392575],[-46.68710505112706,-23.850614809392575],[-46.68710505112706,-23.85054964875094],[-46.687058931223206,-23.85054964875094],[-46.68701281131935,-23.850484488109306],[-46.68696669141549,-23.850484488109306],[-46.686920571511635,-23.850484488109306],[-46.68687445160778,-23.850484488109306],[-46.686828331703914,-23.850484488109306],[-46.68678221180006,-23.850484488109306],[-46.6867360918962,-23.850484488109306],[-46.686689971992344,-23.85041932746767],[-46.68664385208849,-23.85041932746767],[-46.68659773218463,-23.85041932746767],[-46.68659773218463,-23.850354166826033],[-46.68655161228077,-23.850354166826033],[-46.68655161228077,-23.850289006184397],[-46.68650549237692,-23.850289006184397],[-46.68650549237692,-23.85022384554276],[-46.68645937247305,-23.850158684901125],[-46.686413252569196,-23.850158684901125],[-46.68636713266534,-23.85009352425949],[-46.68636713266534,-23.850028363617852],[-46.68632101276148,-23.849963202976216],[-46.686274892857625,-23.849963202976216],[-46.68622877295377,-23.849963202976216],[-46.68618265304991,-23.84989804233458],[-46.68609041324219,-23.84989804233458],[-46.686044293338334,-23.84989804233458],[-46.68599817343448,-23.84989804233458],[-46.68595205353062,-23.849832881692947],[-46.68595205353062,-23.84976772105131],[-46.68599817343448,-23.84976772105131],[-46.686044293338334,-23.84976772105131],[-46.68609041324219,-23.84976772105131],[-46.68613653314605,-23.84976772105131],[-46.68618265304991,-23.84976772105131],[-46.68622877295377,-23.84976772105131],[-46.686274892857625,-23.84976772105131],[-46.68632101276148,-23.84976772105131],[-46.68636713266534,-23.84976772105131],[-46.686413252569196,-23.84976772105131],[-46.686413252569196,-23.849702560409675],[-46.68636713266534,-23.849702560409675],[-46.68636713266534,-23.84963739976804],[-46.68632101276148,-23.84963739976804],[-46.686274892857625,-23.84963739976804],[-46.68622877295377,-23.84963739976804],[-46.68618265304991,-23.84963739976804],[-46.68618265304991,-23.849572239126402],[-46.68622877295377,-23.849507078484766],[-46.68622877295377,-23.84944191784313],[-46.68622877295377,-23.849376757201494],[-46.686274892857625,-23.849311596559858],[-46.68622877295377,-23.84924643591822],[-46.68618265304991,-23.84924643591822],[-46.68613653314605,-23.84924643591822],[-46.68609041324219,-23.84924643591822],[-46.686044293338334,-23.849376757201494],[-46.68599817343448,-23.84944191784313],[-46.68595205353062,-23.84944191784313],[-46.68595205353062,-23.849507078484766],[-46.68590593362676,-23.849507078484766],[-46.68585981372291,-23.849507078484766],[-46.68581369381905,-23.849572239126402],[-46.68581369381905,-23.84963739976804],[-46.685767573915186,-23.84963739976804],[-46.685767573915186,-23.849702560409675],[-46.68572145401133,-23.849702560409675],[-46.68567533410747,-23.849702560409675],[-46.68567533410747,-23.84963739976804],[-46.685629214203615,-23.849702560409675],[-46.68558309429976,-23.849702560409675],[-46.685490854492045,-23.849702560409675],[-46.68544473458819,-23.849702560409675],[-46.685398614684324,-23.849702560409675],[-46.68530637487661,-23.849702560409675],[-46.685260254972754,-23.849702560409675],[-46.685260254972754,-23.84963739976804],[-46.685260254972754,-23.849572239126402],[-46.685260254972754,-23.849507078484766],[-46.6852141350689,-23.849507078484766],[-46.68516801516504,-23.84944191784313],[-46.68512189526118,-23.84944191784313],[-46.68512189526118,-23.849376757201494],[-46.685075775357326,-23.849376757201494],[-46.68502965545346,-23.849376757201494],[-46.68502965545346,-23.84944191784313],[-46.684983535549605,-23.84944191784313],[-46.68493741564575,-23.84944191784313],[-46.68489129574189,-23.84944191784313],[-46.68489129574189,-23.849376757201494],[-46.68489129574189,-23.849311596559858],[-46.68493741564575,-23.849311596559858],[-46.68493741564575,-23.84924643591822],[-46.68493741564575,-23.849181275276585],[-46.68489129574189,-23.849181275276585],[-46.684845175838035,-23.849181275276585],[-46.68479905593418,-23.849181275276585],[-46.68475293603032,-23.849181275276585],[-46.684706816126464,-23.849181275276585],[-46.684614576318744,-23.849181275276585],[-46.68456845641489,-23.849181275276585],[-46.68452233651103,-23.849181275276585],[-46.684430096703316,-23.849181275276585],[-46.68438397679946,-23.849181275276585],[-46.68429173699174,-23.849181275276585],[-46.684199497184025,-23.849181275276585],[-46.68415337728017,-23.849181275276585],[-46.68415337728017,-23.84924643591822],[-46.68410725737631,-23.849311596559858],[-46.684061137472455,-23.849311596559858],[-46.6840150175686,-23.84924643591822],[-46.68396889766474,-23.84924643591822],[-46.68392277776088,-23.849311596559858],[-46.68396889766474,-23.849311596559858],[-46.68396889766474,-23.849376757201494],[-46.68392277776088,-23.849376757201494],[-46.68392277776088,-23.84944191784313],[-46.68387665785702,-23.84944191784313],[-46.68373829814545,-23.849507078484766],[-46.683646058337736,-23.84963739976804],[-46.683646058337736,-23.849702560409675],[-46.683553818530015,-23.849702560409675],[-46.68350769862616,-23.849702560409675],[-46.68350769862616,-23.84963739976804],[-46.68350769862616,-23.849572239126402],[-46.6834615787223,-23.849507078484766],[-46.683415458818445,-23.849507078484766],[-46.68336933891459,-23.849507078484766],[-46.68332321901073,-23.849507078484766],[-46.683277099106874,-23.849507078484766],[-46.68323097920302,-23.849507078484766],[-46.68318485929915,-23.849507078484766],[-46.6831387393953,-23.849507078484766],[-46.68309261949144,-23.849507078484766],[-46.68304649958758,-23.849507078484766],[-46.683000379683726,-23.849507078484766],[-46.68295425977987,-23.849507078484766],[-46.68290813987601,-23.849507078484766],[-46.682862019972156,-23.849572239126402],[-46.68281590006829,-23.849572239126402],[-46.682769780164435,-23.849572239126402],[-46.68272366026058,-23.849572239126402],[-46.68267754035672,-23.849572239126402],[-46.68272366026058,-23.84963739976804],[-46.682769780164435,-23.84963739976804],[-46.682769780164435,-23.849702560409675],[-46.68281590006829,-23.849702560409675],[-46.682862019972156,-23.84976772105131],[-46.682862019972156,-23.849832881692947],[-46.682862019972156,-23.84989804233458],[-46.682862019972156,-23.849963202976216],[-46.682862019972156,-23.84989804233458],[-46.68281590006829,-23.84989804233458],[-46.682769780164435,-23.84989804233458],[-46.68272366026058,-23.84989804233458],[-46.68267754035672,-23.849832881692947],[-46.682631420452864,-23.849832881692947],[-46.68258530054901,-23.849832881692947],[-46.68253918064515,-23.849832881692947],[-46.68253918064515,-23.84976772105131],[-46.682493060741294,-23.84976772105131],[-46.68244694083743,-23.84976772105131],[-46.68240082093357,-23.84976772105131],[-46.682354701029716,-23.84976772105131],[-46.68230858112586,-23.84976772105131],[-46.682262461222,-23.84976772105131],[-46.682216341318146,-23.84976772105131],[-46.68217022141429,-23.849832881692947],[-46.68217022141429,-23.84976772105131],[-46.68212410151043,-23.84976772105131],[-46.68207798160657,-23.849702560409675],[-46.68203186170271,-23.849702560409675],[-46.681985741798854,-23.84963739976804],[-46.681939621895,-23.849572239126402],[-46.681939621895,-23.849507078484766],[-46.681939621895,-23.84944191784313],[-46.68189350199114,-23.849376757201494],[-46.68189350199114,-23.849311596559858],[-46.681847382087284,-23.84924643591822],[-46.681847382087284,-23.849181275276585],[-46.681847382087284,-23.849116114634953],[-46.681847382087284,-23.849050953993316],[-46.681847382087284,-23.84898579335168],[-46.68180126218343,-23.84898579335168],[-46.68180126218343,-23.848920632710044],[-46.68175514227957,-23.848855472068408],[-46.68175514227957,-23.84879031142677],[-46.68175514227957,-23.848725150785135],[-46.681709022375706,-23.8486599901435],[-46.681709022375706,-23.848594829501863],[-46.68166290247185,-23.848594829501863],[-46.68166290247185,-23.848529668860227],[-46.68166290247185,-23.848464508218594],[-46.68161678256799,-23.848464508218594],[-46.68161678256799,-23.848399347576958],[-46.68161678256799,-23.848334186935322],[-46.68161678256799,-23.848269026293686],[-46.681570662664136,-23.848269026293686],[-46.681570662664136,-23.84820386565205],[-46.68152454276028,-23.84820386565205],[-46.68152454276028,-23.848138705010413],[-46.68147842285642,-23.848138705010413],[-46.68152454276028,-23.848073544368777],[-46.68152454276028,-23.84800838372714],[-46.681570662664136,-23.84800838372714],[-46.681570662664136,-23.847943223085505],[-46.681570662664136,-23.84787806244387],[-46.681570662664136,-23.847812901802236],[-46.68161678256799,-23.847812901802236],[-46.68161678256799,-23.8477477411606],[-46.68166290247185,-23.8477477411606],[-46.68166290247185,-23.847682580518963],[-46.68166290247185,-23.847617419877327],[-46.681709022375706,-23.84755225923569],[-46.681709022375706,-23.847487098594055],[-46.681709022375706,-23.84742193795242],[-46.68175514227957,-23.847356777310782],[-46.68180126218343,-23.847291616669146],[-46.68180126218343,-23.84722645602751],[-46.68175514227957,-23.84722645602751],[-46.681709022375706,-23.84722645602751],[-46.68166290247185,-23.847161295385874],[-46.681570662664136,-23.847161295385874],[-46.68147842285642,-23.84709613474424],[-46.681432302952565,-23.84709613474424],[-46.681340063144845,-23.847030974102605],[-46.68124782333713,-23.847030974102605],[-46.68115558352942,-23.84696581346097],[-46.68115558352942,-23.846900652819333],[-46.681201703433274,-23.846835492177696],[-46.68124782333713,-23.846835492177696],[-46.68129394324099,-23.846835492177696],[-46.681340063144845,-23.84677033153606],[-46.68129394324099,-23.846705170894424],[-46.68124782333713,-23.846640010252788],[-46.681201703433274,-23.846640010252788],[-46.68115558352942,-23.84657484961115],[-46.6810633437217,-23.846509688969515],[-46.68101722381784,-23.846444528327883],[-46.68097110391398,-23.846379367686247],[-46.680924984010126,-23.846379367686247],[-46.68083274420241,-23.84631420704461],[-46.6807405043947,-23.84631420704461],[-46.68064826458698,-23.846249046402974],[-46.68060214468312,-23.846249046402974],[-46.680556024779264,-23.846183885761338],[-46.680556024779264,-23.8461187251197],[-46.680556024779264,-23.846053564478066],[-46.68060214468312,-23.84598840383643],[-46.680556024779264,-23.84598840383643],[-46.68004870583683,-23.845792921911524],[-46.67954138689439,-23.845792921911524],[-46.67903406795196,-23.845727761269888],[-46.678711228624955,-23.845858082553157],[-46.67834226939409,-23.846053564478066],[-46.67718927179765,-23.846705170894424],[-46.675851794585775,-23.846509688969515],[-46.67336131977746,-23.8461187251197],[-46.670870844969144,-23.846249046402974],[-46.66888768910326,-23.846640010252788],[-46.667596331795245,-23.84722645602751],[-46.66658169391037,-23.84820386565205],[-46.66450629823677,-23.849181275276585],[-46.6622925428516,-23.849507078484766],[-46.659894307851005,-23.84989804233458],[-46.657957271888975,-23.849702560409675],[-46.65685039419639,-23.849507078484766],[-46.65514395775366,-23.849181275276585],[-46.65085480669489,-23.84631420704461],[-46.64753417361713,-23.843512299454268],[-46.64425966044323,-23.840710391863926],[-46.64126186669248,-23.83875557261485],[-46.638725271980306,-23.83771300234868],[-46.63646539669128,-23.836931074649048],[-46.634297761209965,-23.836800753365775],[-46.63411328159453,-23.845401958061707],[-46.63249908495951,-23.85289543184983],[-46.63060816890135,-23.854394126607456],[-46.62950129120876,-23.854719929815634],[-46.62876337274704,-23.854915411740542],[-46.62419750226512,-23.857391516122703],[-46.623228984284104,-23.858629568313784],[-46.618386394379044,-23.86091019077104],[-46.61635711860931,-23.86279984937848],[-46.61700279726331,-23.864494026061013],[-46.617325636590316,-23.866383684668453],[-46.61737175649417,-23.866514005951725],[-46.61751011620575,-23.866514005951725],[-46.61755623610961,-23.86657916659336],[-46.61755623610961,-23.86670948787663],[-46.61751011620575,-23.866774648518266],[-46.61746399630189,-23.866839809159902],[-46.61741787639804,-23.86690496980154],[-46.617325636590316,-23.86690496980154],[-46.617325636590316,-23.866970130443175],[-46.617325636590316,-23.86703529108481],[-46.617325636590316,-23.867165612368083],[-46.617325636590316,-23.86723077300972],[-46.617325636590316,-23.86736109429299],[-46.61727951668646,-23.867426254934625],[-46.61727951668646,-23.86749141557626],[-46.6172333967826,-23.867556576217897],[-46.61727951668646,-23.867556576217897],[-46.61727951668646,-23.867621736859533],[-46.61727951668646,-23.86768689750117],[-46.61727951668646,-23.867752058142806],[-46.6172333967826,-23.867752058142806],[-46.6172333967826,-23.86781721878444],[-46.617187276878745,-23.867882379426078],[-46.61714115697489,-23.867947540067714],[-46.61709503707103,-23.868012700709347],[-46.61709503707103,-23.868077861350983],[-46.61714115697489,-23.86814302199262],[-46.617187276878745,-23.868208182634255],[-46.617187276878745,-23.86827334327589],[-46.617187276878745,-23.868338503917528],[-46.61714115697489,-23.868403664559164],[-46.61709503707103,-23.8684688252008],[-46.61709503707103,-23.868533985842436],[-46.617048917167175,-23.868664307125705],[-46.617048917167175,-23.86872946776734],[-46.61700279726331,-23.868794628408978],[-46.61700279726331,-23.868859789050614],[-46.616956677359454,-23.868859789050614],[-46.616956677359454,-23.86892494969225],[-46.61700279726331,-23.86892494969225],[-46.61700279726331,-23.868990110333886],[-46.61700279726331,-23.869055270975522],[-46.617048917167175,-23.86912043161716],[-46.617048917167175,-23.869185592258795],[-46.61709503707103,-23.86925075290043],[-46.61714115697489,-23.869315913542067],[-46.617187276878745,-23.869315913542067],[-46.617187276878745,-23.8693810741837],[-46.6172333967826,-23.8693810741837],[-46.6172333967826,-23.869446234825336],[-46.6172333967826,-23.869511395466972],[-46.617187276878745,-23.86957655610861],[-46.617187276878745,-23.869641716750245],[-46.617187276878745,-23.86970687739188],[-46.6172333967826,-23.86970687739188],[-46.61727951668646,-23.869772038033517],[-46.617325636590316,-23.869772038033517],[-46.617325636590316,-23.869837198675153],[-46.61737175649417,-23.86990235931679],[-46.61741787639804,-23.86990235931679],[-46.61746399630189,-23.869967519958426],[-46.61746399630189,-23.87003268060006],[-46.61741787639804,-23.870097841241694],[-46.61737175649417,-23.870097841241694],[-46.617325636590316,-23.870097841241694],[-46.61727951668646,-23.870097841241694],[-46.6172333967826,-23.870097841241694],[-46.617187276878745,-23.87016300188333],[-46.61714115697489,-23.87016300188333],[-46.61714115697489,-23.870228162524967],[-46.617187276878745,-23.870228162524967],[-46.617187276878745,-23.870293323166603],[-46.6172333967826,-23.870293323166603],[-46.61727951668646,-23.870293323166603],[-46.617325636590316,-23.870293323166603],[-46.617325636590316,-23.87035848380824],[-46.617325636590316,-23.870423644449875],[-46.61727951668646,-23.870423644449875],[-46.61727951668646,-23.87048880509151],[-46.6172333967826,-23.870553965733148],[-46.617187276878745,-23.870553965733148],[-46.61714115697489,-23.870619126374784],[-46.61709503707103,-23.870619126374784],[-46.61709503707103,-23.870684287016417],[-46.61709503707103,-23.870749447658053],[-46.617048917167175,-23.870749447658053],[-46.617048917167175,-23.87081460829969],[-46.61700279726331,-23.87081460829969],[-46.616956677359454,-23.87081460829969],[-46.6169105574556,-23.870879768941325],[-46.616956677359454,-23.87094492958296],[-46.616956677359454,-23.871010090224598],[-46.61700279726331,-23.871075250866234],[-46.61700279726331,-23.87114041150787],[-46.61700279726331,-23.871205572149506],[-46.616956677359454,-23.871205572149506],[-46.6169105574556,-23.871270732791142],[-46.61686443755174,-23.871205572149506],[-46.61681831764788,-23.871205572149506],[-46.61677219774403,-23.871205572149506],[-46.61672607784017,-23.87114041150787],[-46.61667995793631,-23.87114041150787],[-46.61663383803245,-23.871075250866234],[-46.61658771812859,-23.871075250866234],[-46.616541598224735,-23.87114041150787],[-46.61649547832088,-23.87114041150787],[-46.616541598224735,-23.871205572149506],[-46.61658771812859,-23.871205572149506],[-46.61658771812859,-23.871270732791142],[-46.616541598224735,-23.871270732791142],[-46.61649547832088,-23.871270732791142],[-46.61644935841702,-23.871270732791142],[-46.616403238513165,-23.87133589343278],[-46.61635711860931,-23.87133589343278],[-46.61631099870545,-23.87140105407441],[-46.61626487880159,-23.871466214716047],[-46.61621875889773,-23.871531375357684],[-46.61626487880159,-23.87159653599932],[-46.61626487880159,-23.871661696640956],[-46.61621875889773,-23.871661696640956],[-46.61617263899387,-23.871726857282592],[-46.61612651909002,-23.87179201792423],[-46.61608039918616,-23.87179201792423],[-46.61608039918616,-23.871857178565865],[-46.61608039918616,-23.8719223392075],[-46.6160342792823,-23.871987499849137],[-46.615988159378446,-23.871987499849137],[-46.615988159378446,-23.87205266049077],[-46.61594203947459,-23.87205266049077],[-46.615895919570725,-23.87205266049077],[-46.615895919570725,-23.872117821132406],[-46.615895919570725,-23.872182981774042],[-46.61594203947459,-23.872182981774042],[-46.61594203947459,-23.87224814241568],[-46.615988159378446,-23.87224814241568],[-46.6160342792823,-23.87224814241568],[-46.6160342792823,-23.872313303057314],[-46.6160342792823,-23.87237846369895],[-46.615988159378446,-23.87237846369895],[-46.615988159378446,-23.872443624340587],[-46.615988159378446,-23.872508784982223],[-46.615988159378446,-23.87257394562386],[-46.61594203947459,-23.87257394562386],[-46.615895919570725,-23.872639106265495],[-46.61584979966687,-23.872639106265495],[-46.61580367976301,-23.872639106265495],[-46.615757559859155,-23.872704266907128],[-46.6157114399553,-23.8728345881904],[-46.6157114399553,-23.872899748832037],[-46.6157114399553,-23.872964909473673],[-46.6157114399553,-23.87303007011531],[-46.615757559859155,-23.873095230756945],[-46.61580367976301,-23.87316039139858],[-46.61584979966687,-23.873225552040218],[-46.61584979966687,-23.873290712681854],[-46.61584979966687,-23.87335587332349],[-46.615895919570725,-23.873421033965123],[-46.61584979966687,-23.873421033965123],[-46.61584979966687,-23.87348619460676],[-46.61584979966687,-23.873551355248395],[-46.61580367976301,-23.873551355248395],[-46.61580367976301,-23.87361651589003],[-46.61584979966687,-23.87361651589003],[-46.61584979966687,-23.873681676531668],[-46.615895919570725,-23.873681676531668],[-46.61594203947459,-23.873681676531668],[-46.615988159378446,-23.873681676531668],[-46.6160342792823,-23.87361651589003],[-46.61608039918616,-23.87361651589003],[-46.61612651909002,-23.87361651589003],[-46.61612651909002,-23.873681676531668],[-46.61608039918616,-23.873746837173304],[-46.61608039918616,-23.87381199781494],[-46.6160342792823,-23.87381199781494],[-46.615988159378446,-23.873877158456576],[-46.61594203947459,-23.873877158456576],[-46.615895919570725,-23.873877158456576],[-46.61580367976301,-23.873877158456576],[-46.61580367976301,-23.873942319098212],[-46.615757559859155,-23.873942319098212],[-46.61580367976301,-23.87400747973985],[-46.61584979966687,-23.87400747973985],[-46.615895919570725,-23.873942319098212],[-46.61594203947459,-23.87400747973985],[-46.615988159378446,-23.87400747973985],[-46.615988159378446,-23.87407264038148],[-46.615988159378446,-23.874137801023117],[-46.615988159378446,-23.874202961664754],[-46.6160342792823,-23.874202961664754],[-46.6160342792823,-23.87426812230639],[-46.61608039918616,-23.874202961664754],[-46.61612651909002,-23.874202961664754],[-46.61608039918616,-23.874137801023117],[-46.61608039918616,-23.87407264038148],[-46.61608039918616,-23.87400747973985],[-46.61612651909002,-23.87400747973985],[-46.61617263899387,-23.87407264038148],[-46.61621875889773,-23.87407264038148],[-46.61621875889773,-23.874137801023117],[-46.61621875889773,-23.874202961664754],[-46.61626487880159,-23.87426812230639],[-46.61626487880159,-23.874333282948026],[-46.61626487880159,-23.874398443589662],[-46.61631099870545,-23.874398443589662],[-46.61635711860931,-23.874398443589662],[-46.616403238513165,-23.874398443589662],[-46.61644935841702,-23.874398443589662],[-46.61649547832088,-23.874398443589662],[-46.616541598224735,-23.874398443589662],[-46.61658771812859,-23.874398443589662],[-46.61658771812859,-23.8744636042313],[-46.616541598224735,-23.8744636042313],[-46.61649547832088,-23.874528764872935],[-46.616541598224735,-23.87459392551457],[-46.61658771812859,-23.874659086156207],[-46.61658771812859,-23.87472424679784],[-46.616541598224735,-23.87472424679784],[-46.61649547832088,-23.87472424679784],[-46.61644935841702,-23.874659086156207],[-46.616403238513165,-23.87459392551457],[-46.61635711860931,-23.87459392551457],[-46.61631099870545,-23.87459392551457],[-46.61631099870545,-23.874659086156207],[-46.61631099870545,-23.87472424679784],[-46.61635711860931,-23.874789407439476],[-46.61644935841702,-23.874854568081112],[-46.61649547832088,-23.874919728722748],[-46.616541598224735,-23.874919728722748],[-46.616541598224735,-23.874984889364384],[-46.61649547832088,-23.87505005000602],[-46.61644935841702,-23.87505005000602],[-46.616403238513165,-23.87505005000602],[-46.61635711860931,-23.87505005000602],[-46.61635711860931,-23.874984889364384],[-46.61631099870545,-23.874984889364384],[-46.61626487880159,-23.874984889364384],[-46.61621875889773,-23.874984889364384],[-46.61621875889773,-23.87505005000602],[-46.61617263899387,-23.87505005000602],[-46.61612651909002,-23.875115210647657],[-46.61608039918616,-23.875115210647657],[-46.6160342792823,-23.87505005000602],[-46.615988159378446,-23.87505005000602],[-46.615988159378446,-23.874984889364384],[-46.615988159378446,-23.874919728722748],[-46.615988159378446,-23.874854568081112],[-46.61594203947459,-23.874854568081112],[-46.615895919570725,-23.874789407439476],[-46.61584979966687,-23.874789407439476],[-46.61584979966687,-23.874854568081112],[-46.61584979966687,-23.874919728722748],[-46.61584979966687,-23.874984889364384],[-46.61584979966687,-23.87505005000602],[-46.615895919570725,-23.87505005000602],[-46.61594203947459,-23.87505005000602],[-46.615988159378446,-23.875115210647657],[-46.615988159378446,-23.875180371289293],[-46.615988159378446,-23.87524553193093],[-46.61594203947459,-23.87524553193093],[-46.615895919570725,-23.87524553193093],[-46.615895919570725,-23.875310692572565],[-46.61584979966687,-23.8753758532142],[-46.61584979966687,-23.875441013855834],[-46.615895919570725,-23.875441013855834],[-46.615895919570725,-23.87550617449747],[-46.61594203947459,-23.87550617449747],[-46.61594203947459,-23.875571335139107],[-46.615895919570725,-23.875571335139107],[-46.61580367976301,-23.875636495780743],[-46.615757559859155,-23.875636495780743],[-46.6157114399553,-23.875636495780743],[-46.61566532005144,-23.875636495780743],[-46.61566532005144,-23.87570165642238],[-46.615619200147584,-23.87570165642238],[-46.61566532005144,-23.875766817064015],[-46.61566532005144,-23.87583197770565],[-46.6157114399553,-23.875897138347288],[-46.615757559859155,-23.875897138347288],[-46.61580367976301,-23.875897138347288],[-46.61584979966687,-23.875897138347288],[-46.615895919570725,-23.875962298988924],[-46.61584979966687,-23.875962298988924],[-46.61584979966687,-23.87602745963056],[-46.61580367976301,-23.87602745963056],[-46.615757559859155,-23.87602745963056],[-46.6157114399553,-23.876092620272193],[-46.6157114399553,-23.87615778091383],[-46.6157114399553,-23.876222941555465],[-46.615619200147584,-23.8762881021971],[-46.615619200147584,-23.876353262838737],[-46.615619200147584,-23.876418423480374],[-46.61557308024373,-23.87648358412201],[-46.615526960339864,-23.876548744763646],[-46.615526960339864,-23.876613905405282],[-46.61557308024373,-23.876613905405282],[-46.61557308024373,-23.87667906604692],[-46.61557308024373,-23.87674422668855],[-46.615619200147584,-23.87674422668855],[-46.61566532005144,-23.87674422668855],[-46.6157114399553,-23.87674422668855],[-46.6157114399553,-23.876809387330187],[-46.615757559859155,-23.876809387330187],[-46.615757559859155,-23.876874547971823],[-46.61580367976301,-23.876874547971823],[-46.61584979966687,-23.876874547971823],[-46.615895919570725,-23.87693970861346],[-46.61594203947459,-23.87693970861346],[-46.615988159378446,-23.877004869255096],[-46.615988159378446,-23.877070029896732],[-46.615988159378446,-23.877135190538368],[-46.615988159378446,-23.877200351180004],[-46.6160342792823,-23.877200351180004],[-46.6160342792823,-23.87726551182164],[-46.615988159378446,-23.87726551182164],[-46.615988159378446,-23.877330672463277],[-46.6160342792823,-23.877395833104913],[-46.61608039918616,-23.877395833104913],[-46.61612651909002,-23.877460993746546],[-46.61617263899387,-23.877460993746546],[-46.61621875889773,-23.877460993746546],[-46.61626487880159,-23.877460993746546],[-46.61631099870545,-23.877460993746546],[-46.61631099870545,-23.877526154388182],[-46.61626487880159,-23.877526154388182],[-46.61621875889773,-23.877526154388182],[-46.61617263899387,-23.877591315029818],[-46.61621875889773,-23.877656475671454],[-46.61626487880159,-23.877656475671454],[-46.61631099870545,-23.877656475671454],[-46.61635711860931,-23.877656475671454],[-46.61635711860931,-23.87772163631309],[-46.61635711860931,-23.877786796954727],[-46.616403238513165,-23.877786796954727],[-46.61644935841702,-23.877786796954727],[-46.61644935841702,-23.877851957596363],[-46.616403238513165,-23.877917118238],[-46.61635711860931,-23.877917118238],[-46.61635711860931,-23.877982278879635],[-46.61631099870545,-23.877982278879635],[-46.61631099870545,-23.87804743952127],[-46.61631099870545,-23.878112600162904],[-46.61635711860931,-23.87817776080454],[-46.616403238513165,-23.87817776080454],[-46.61644935841702,-23.87817776080454],[-46.61649547832088,-23.87817776080454],[-46.61649547832088,-23.878242921446176],[-46.616541598224735,-23.878242921446176],[-46.61658771812859,-23.878242921446176],[-46.61658771812859,-23.87817776080454],[-46.61663383803245,-23.878112600162904],[-46.61667995793631,-23.878112600162904],[-46.61672607784017,-23.878112600162904],[-46.61677219774403,-23.87817776080454],[-46.61677219774403,-23.878242921446176],[-46.61672607784017,-23.878308082087813],[-46.61672607784017,-23.87837324272945],[-46.61672607784017,-23.878438403371085],[-46.61667995793631,-23.878438403371085],[-46.61672607784017,-23.87850356401272],[-46.61677219774403,-23.87850356401272],[-46.61681831764788,-23.87850356401272],[-46.61686443755174,-23.878568724654357],[-46.6169105574556,-23.878568724654357],[-46.616956677359454,-23.878633885295994],[-46.61700279726331,-23.87869904593763],[-46.617048917167175,-23.878764206579262],[-46.61700279726331,-23.8788293672209],[-46.61700279726331,-23.878894527862535],[-46.616956677359454,-23.878894527862535],[-46.6169105574556,-23.87895968850417],[-46.61686443755174,-23.87895968850417],[-46.61681831764788,-23.87895968850417],[-46.61681831764788,-23.879024849145807],[-46.61677219774403,-23.879024849145807],[-46.61672607784017,-23.879090009787443],[-46.61667995793631,-23.879090009787443],[-46.61667995793631,-23.87915517042908],[-46.61667995793631,-23.879220331070716],[-46.61672607784017,-23.879285491712352],[-46.61677219774403,-23.87935065235399],[-46.61681831764788,-23.879415812995624],[-46.61686443755174,-23.879480973637257],[-46.61686443755174,-23.879546134278893],[-46.61681831764788,-23.87961129492053],[-46.61681831764788,-23.879676455562166],[-46.61677219774403,-23.879741616203802],[-46.61677219774403,-23.879806776845438],[-46.61677219774403,-23.879871937487074],[-46.61672607784017,-23.87993709812871],[-46.61672607784017,-23.880067419411983],[-46.61672607784017,-23.880132580053615],[-46.61672607784017,-23.88019774069525],[-46.61667995793631,-23.880262901336888],[-46.61667995793631,-23.88039322262016],[-46.61667995793631,-23.880458383261796],[-46.61667995793631,-23.880523543903433],[-46.61667995793631,-23.88058870454507],[-46.61667995793631,-23.880653865186705],[-46.61667995793631,-23.88071902582834],[-46.61667995793631,-23.880784186469974],[-46.61672607784017,-23.880784186469974],[-46.61672607784017,-23.88084934711161],[-46.61672607784017,-23.880914507753246],[-46.61672607784017,-23.880979668394883],[-46.61677219774403,-23.88104482903652],[-46.61677219774403,-23.881109989678155],[-46.61681831764788,-23.88117515031979],[-46.61681831764788,-23.881240310961427],[-46.61686443755174,-23.881305471603063],[-46.6169105574556,-23.881435792886332],[-46.6169105574556,-23.88150095352797],[-46.616956677359454,-23.881566114169605],[-46.616956677359454,-23.881696435452877],[-46.616956677359454,-23.881761596094513],[-46.616956677359454,-23.882152559944327],[-46.616956677359454,-23.8822828812276],[-46.616956677359454,-23.882348041869236],[-46.61700279726331,-23.88241320251087],[-46.617048917167175,-23.882543523794144],[-46.617048917167175,-23.88260868443578],[-46.617048917167175,-23.882673845077417],[-46.617048917167175,-23.882739005719053],[-46.617048917167175,-23.882804166360685],[-46.617048917167175,-23.88286932700232],[-46.617048917167175,-23.882934487643958],[-46.617048917167175,-23.882999648285594],[-46.617048917167175,-23.88306480892723],[-46.617048917167175,-23.883129969568866],[-46.61709503707103,-23.883195130210503],[-46.61709503707103,-23.88326029085214],[-46.61709503707103,-23.883325451493775],[-46.61709503707103,-23.88339061213541],[-46.61714115697489,-23.883455772777044],[-46.61714115697489,-23.88352093341868],[-46.61714115697489,-23.883586094060316],[-46.61714115697489,-23.883651254701952],[-46.617187276878745,-23.88371641534359],[-46.6172333967826,-23.88371641534359],[-46.6172333967826,-23.883781575985225],[-46.61727951668646,-23.883781575985225],[-46.617325636590316,-23.88384673662686],[-46.61737175649417,-23.883911897268497],[-46.61737175649417,-23.883977057910133],[-46.61737175649417,-23.88404221855177],[-46.61741787639804,-23.88404221855177],[-46.61741787639804,-23.884107379193406],[-46.61741787639804,-23.88417253983504],[-46.61741787639804,-23.884237700476675],[-46.61741787639804,-23.88430286111831],[-46.61746399630189,-23.88430286111831],[-46.61746399630189,-23.884368021759947],[-46.61751011620575,-23.884368021759947],[-46.61751011620575,-23.884433182401583],[-46.61751011620575,-23.88449834304322],[-46.61755623610961,-23.884563503684856],[-46.61755623610961,-23.884693824968128],[-46.617602356013464,-23.884758985609764],[-46.617602356013464,-23.884824146251397],[-46.617602356013464,-23.88495446753467],[-46.617602356013464,-23.885019628176305],[-46.617602356013464,-23.88508478881794],[-46.617602356013464,-23.885149949459578],[-46.61764847591732,-23.885149949459578],[-46.61764847591732,-23.885215110101214],[-46.61764847591732,-23.88528027074285],[-46.617602356013464,-23.88528027074285],[-46.617602356013464,-23.885345431384486],[-46.61755623610961,-23.885410592026123],[-46.61755623610961,-23.885475752667755],[-46.61755623610961,-23.88554091330939],[-46.61755623610961,-23.885606073951028],[-46.61755623610961,-23.885671234592664],[-46.617602356013464,-23.885671234592664],[-46.617602356013464,-23.8857363952343],[-46.617602356013464,-23.885801555875936],[-46.61764847591732,-23.885866716517572],[-46.61764847591732,-23.88593187715921],[-46.61764847591732,-23.885997037800845],[-46.61764847591732,-23.88606219844248],[-46.61764847591732,-23.886127359084117],[-46.61764847591732,-23.88619251972575],[-46.61764847591732,-23.886257680367386],[-46.617602356013464,-23.886322841009022],[-46.61755623610961,-23.886322841009022],[-46.61751011620575,-23.88638800165066],[-46.61751011620575,-23.886453162292295],[-46.61746399630189,-23.886453162292295],[-46.61746399630189,-23.88651832293393],[-46.61741787639804,-23.886583483575567],[-46.61741787639804,-23.886648644217203],[-46.61741787639804,-23.88671380485884],[-46.61741787639804,-23.886778965500476],[-46.61741787639804,-23.88684412614211],[-46.61741787639804,-23.886909286783744],[-46.61746399630189,-23.88697444742538],[-46.61746399630189,-23.887039608067017],[-46.61751011620575,-23.887104768708653],[-46.61755623610961,-23.88716992935029],[-46.61755623610961,-23.88730025063356],[-46.61755623610961,-23.887365411275198],[-46.61755623610961,-23.887430571916834],[-46.61755623610961,-23.887495732558467],[-46.61746399630189,-23.887691214483375],[-46.61746399630189,-23.88775637512501],[-46.61741787639804,-23.887821535766648],[-46.61741787639804,-23.887886696408284],[-46.61741787639804,-23.88795185704992],[-46.61741787639804,-23.888017017691556],[-46.61741787639804,-23.888082178333192],[-46.61741787639804,-23.88814733897483],[-46.61741787639804,-23.88821249961646],[-46.61737175649417,-23.888277660258098],[-46.61737175649417,-23.888342820899734],[-46.61737175649417,-23.88840798154137],[-46.61741787639804,-23.888473142183006],[-46.61741787639804,-23.888538302824642],[-46.61741787639804,-23.88860346346628],[-46.61737175649417,-23.88860346346628],[-46.61727951668646,-23.888668624107915],[-46.61727951668646,-23.88873378474955],[-46.6172333967826,-23.888798945391187],[-46.6172333967826,-23.88886410603282],[-46.6172333967826,-23.888929266674456],[-46.6172333967826,-23.888994427316092],[-46.61727951668646,-23.88905958795773],[-46.61727951668646,-23.889124748599365],[-46.61727951668646,-23.889189909241],[-46.617325636590316,-23.889255069882637],[-46.617325636590316,-23.889320230524273],[-46.617325636590316,-23.88938539116591],[-46.617325636590316,-23.889450551807546],[-46.617325636590316,-23.889515712449178],[-46.61727951668646,-23.889580873090814],[-46.61727951668646,-23.88964603373245],[-46.61727951668646,-23.889711194374087],[-46.6172333967826,-23.889711194374087],[-46.6172333967826,-23.889776355015723],[-46.61727951668646,-23.889906676298995],[-46.61727951668646,-23.88997183694063],[-46.61727951668646,-23.890036997582268],[-46.6172333967826,-23.890036997582268],[-46.617187276878745,-23.890102158223904],[-46.61714115697489,-23.89016731886554],[-46.617048917167175,-23.890232479507173],[-46.61700279726331,-23.890232479507173],[-46.616956677359454,-23.89029764014881],[-46.6169105574556,-23.890362800790445],[-46.61686443755174,-23.89042796143208],[-46.61681831764788,-23.890493122073718],[-46.61672607784017,-23.890493122073718],[-46.61667995793631,-23.890558282715354],[-46.61663383803245,-23.89062344335699],[-46.61658771812859,-23.89062344335699],[-46.61658771812859,-23.890753764640262],[-46.616541598224735,-23.8908189252819],[-46.616541598224735,-23.89088408592353],[-46.616541598224735,-23.890949246565167],[-46.616541598224735,-23.891014407206804],[-46.61649547832088,-23.89107956784844],[-46.61649547832088,-23.891144728490076],[-46.61644935841702,-23.891209889131712],[-46.61644935841702,-23.89127504977335],[-46.616403238513165,-23.891340210414985],[-46.61635711860931,-23.89140537105662],[-46.61635711860931,-23.891470531698257],[-46.61631099870545,-23.89153569233989],[-46.61626487880159,-23.891600852981526],[-46.61621875889773,-23.891666013623162],[-46.61621875889773,-23.891731174264798],[-46.61626487880159,-23.891796334906434],[-46.61631099870545,-23.89186149554807],[-46.61635711860931,-23.891926656189707],[-46.616403238513165,-23.891991816831343],[-46.61644935841702,-23.89205697747298],[-46.61649547832088,-23.892122138114615],[-46.61649547832088,-23.89218729875625],[-46.616541598224735,-23.892252459397884],[-46.616541598224735,-23.89231762003952],[-46.616541598224735,-23.892382780681157],[-46.616541598224735,-23.892447941322793],[-46.616541598224735,-23.89251310196443],[-46.616541598224735,-23.892578262606065],[-46.61649547832088,-23.8926434232477],[-46.61649547832088,-23.892708583889338],[-46.61644935841702,-23.892773744530974],[-46.61644935841702,-23.89283890517261],[-46.616403238513165,-23.892904065814243],[-46.616403238513165,-23.89296922645588],[-46.61635711860931,-23.893034387097515],[-46.61631099870545,-23.89309954773915],[-46.61626487880159,-23.893164708380787],[-46.61621875889773,-23.893229869022424],[-46.61617263899387,-23.89329502966406],[-46.61617263899387,-23.893360190305696],[-46.61612651909002,-23.893425350947332],[-46.61608039918616,-23.893425350947332],[-46.6160342792823,-23.89349051158897],[-46.6160342792823,-23.893620832872237],[-46.615988159378446,-23.893685993513873],[-46.615988159378446,-23.89375115415551],[-46.61594203947459,-23.893816314797146],[-46.61594203947459,-23.893881475438782],[-46.615895919570725,-23.89394663608042],[-46.615895919570725,-23.894011796722054],[-46.61584979966687,-23.89407695736369],[-46.61580367976301,-23.894142118005327],[-46.615757559859155,-23.894272439288596],[-46.615757559859155,-23.894402760571868],[-46.615757559859155,-23.894467921213504],[-46.615757559859155,-23.89453308185514],[-46.615757559859155,-23.894598242496777],[-46.615757559859155,-23.894663403138413],[-46.615757559859155,-23.89472856378005],[-46.6157114399553,-23.894793724421685],[-46.6157114399553,-23.89485888506332],[-46.6157114399553,-23.89498920634659],[-46.6157114399553,-23.895054366988226],[-46.6157114399553,-23.895119527629863],[-46.61566532005144,-23.895119527629863],[-46.61566532005144,-23.8951846882715],[-46.61566532005144,-23.895249848913135],[-46.61566532005144,-23.89531500955477],[-46.615619200147584,-23.895380170196407],[-46.615619200147584,-23.895445330838044],[-46.615619200147584,-23.89551049147968],[-46.615619200147584,-23.895575652121313],[-46.615619200147584,-23.89564081276295],[-46.615619200147584,-23.895705973404585],[-46.615619200147584,-23.89577113404622],[-46.61557308024373,-23.895836294687857],[-46.61557308024373,-23.89596661597113],[-46.61557308024373,-23.896096937254402],[-46.61557308024373,-23.89616209789604],[-46.61557308024373,-23.89622725853767],[-46.61557308024373,-23.896357579820943],[-46.61557308024373,-23.896487901104216],[-46.61557308024373,-23.896553061745852],[-46.615526960339864,-23.896618222387488],[-46.615526960339864,-23.896683383029124],[-46.61548084043601,-23.89674854367076],[-46.61548084043601,-23.896813704312397],[-46.61548084043601,-23.896878864954033],[-46.61548084043601,-23.896944025595666],[-46.61548084043601,-23.8970091862373],[-46.61548084043601,-23.897074346878938],[-46.61548084043601,-23.897139507520574],[-46.61543472053215,-23.89720466816221],[-46.61543472053215,-23.897269828803847],[-46.61543472053215,-23.897334989445483],[-46.61543472053215,-23.89740015008712],[-46.61543472053215,-23.897465310728755],[-46.61543472053215,-23.89753047137039],[-46.61543472053215,-23.897595632012024],[-46.61543472053215,-23.89766079265366],[-46.61543472053215,-23.897725953295296],[-46.61543472053215,-23.897791113936933],[-46.61543472053215,-23.89785627457857],[-46.61543472053215,-23.897921435220205],[-46.61543472053215,-23.89798659586184],[-46.61538860062829,-23.898051756503477],[-46.61538860062829,-23.898116917145114],[-46.61538860062829,-23.89818207778675],[-46.615342480724436,-23.898247238428382],[-46.61529636082058,-23.89831239907002],[-46.61529636082058,-23.898377559711655],[-46.61525024091672,-23.89844272035329],[-46.61525024091672,-23.898507880994927],[-46.615204121012866,-23.898573041636563],[-46.615204121012866,-23.8986382022782],[-46.615204121012866,-23.898703362919836],[-46.615158001109,-23.898768523561472],[-46.615158001109,-23.898833684203108],[-46.615158001109,-23.898964005486377],[-46.615158001109,-23.899029166128013],[-46.615158001109,-23.89909432676965],[-46.615158001109,-23.899159487411286],[-46.615158001109,-23.899224648052922],[-46.615111881205145,-23.899354969336194],[-46.615111881205145,-23.89942012997783],[-46.615111881205145,-23.899485290619467],[-46.615111881205145,-23.899550451261103],[-46.615111881205145,-23.899615611902735],[-46.61506576130129,-23.899745933186008],[-46.61506576130129,-23.89987625446928],[-46.61501964139743,-23.899941415110916],[-46.61501964139743,-23.900006575752553],[-46.614973521493575,-23.90007173639419],[-46.61492740158972,-23.900136897035825],[-46.61488128168586,-23.900136897035825],[-46.614835161782004,-23.90020205767746],[-46.61478904187814,-23.90020205767746],[-46.61474292197428,-23.900267218319094],[-46.61465068216657,-23.90033237896073],[-46.614558442358856,-23.900397539602366],[-46.614512322455,-23.90052786088564],[-46.61446620255114,-23.900593021527275],[-46.61442008264728,-23.90065818216891],[-46.61442008264728,-23.900723342810547],[-46.61442008264728,-23.900788503452183],[-46.61437396274342,-23.90085366409382],[-46.614327842839565,-23.900918824735456],[-46.61423560303185,-23.900918824735456],[-46.614189483127994,-23.90098398537709],[-46.614189483127994,-23.901049146018725],[-46.61423560303185,-23.90111430666036],[-46.61423560303185,-23.901244627943633],[-46.61423560303185,-23.901374949226906],[-46.61423560303185,-23.901440109868542],[-46.61423560303185,-23.901505270510178],[-46.614189483127994,-23.901570431151814],[-46.614189483127994,-23.901635591793447],[-46.61414336322414,-23.901700752435083],[-46.61405112341642,-23.901700752435083],[-46.61405112341642,-23.90176591307672],[-46.61400500351256,-23.90176591307672],[-46.613912763704846,-23.901831073718355],[-46.61386664380099,-23.901831073718355],[-46.61382052389713,-23.901831073718355],[-46.61372828408941,-23.901831073718355],[-46.613682164185555,-23.90189623435999],[-46.6136360442817,-23.90189623435999],[-46.613543804473984,-23.90189623435999],[-46.61345156466627,-23.90189623435999],[-46.613405444762414,-23.90189623435999],[-46.61322096514698,-23.90189623435999],[-46.61317484524312,-23.90189623435999],[-46.613128725339266,-23.90189623435999],[-46.61303648553155,-23.901961395001628],[-46.61299036562769,-23.902026555643264],[-46.612898125819974,-23.9020917162849],[-46.61280588601226,-23.902222037568173],[-46.61271364620455,-23.902222037568173],[-46.61266752630069,-23.902287198209805],[-46.612621406396826,-23.90235235885144],[-46.61257528649297,-23.90235235885144],[-46.61252916658911,-23.902417519493078],[-46.61252916658911,-23.902482680134714],[-46.612483046685256,-23.90254784077635],[-46.6124369267814,-23.90254784077635],[-46.612344686973685,-23.902613001417986],[-46.61229856706983,-23.902613001417986],[-46.61220632726211,-23.902613001417986],[-46.612114087454394,-23.902613001417986],[-46.61206796755054,-23.902678162059622],[-46.61202184764668,-23.902678162059622],[-46.61197572774282,-23.90274332270126],[-46.61192960783897,-23.902808483342895],[-46.6118834879351,-23.90287364398453],[-46.611837368031246,-23.902938804626167],[-46.61179124812739,-23.902938804626167],[-46.61174512822353,-23.9030039652678],[-46.611699008319675,-23.903069125909436],[-46.61165288841582,-23.903134286551072],[-46.61160676851196,-23.903134286551072],[-46.611560648608105,-23.90319944719271],[-46.611468408800384,-23.903264607834345],[-46.61142228889653,-23.903264607834345],[-46.611330049088814,-23.90332976847598],[-46.61128392918496,-23.90332976847598],[-46.6112378092811,-23.903394929117617],[-46.61114556947338,-23.903460089759253],[-46.61109944956952,-23.903460089759253],[-46.611053329665666,-23.90352525040089],[-46.61096108985795,-23.90352525040089],[-46.610914969954095,-23.903590411042526],[-46.61082273014638,-23.903590411042526],[-46.61073049033866,-23.90365557168416],[-46.61063825053095,-23.903720732325795],[-46.61059213062709,-23.903720732325795],[-46.610499890819376,-23.903720732325795],[-46.610407651011656,-23.90378589296743],[-46.6103615311078,-23.90378589296743],[-46.610269291300085,-23.90378589296743],[-46.61022317139623,-23.903851053609067],[-46.61017705149237,-23.903916214250703],[-46.610130931588515,-23.903916214250703],[-46.610038691780794,-23.903916214250703],[-46.60994645197308,-23.903916214250703],[-46.60990033206922,-23.903916214250703],[-46.60985421216537,-23.90398137489234],[-46.60980809226151,-23.904046535533976],[-46.60976197235765,-23.90411169617561],[-46.60976197235765,-23.904176856817248],[-46.609715852453796,-23.904242017458884],[-46.609623612646075,-23.904242017458884],[-46.60953137283836,-23.904307178100517],[-46.60939301312679,-23.904372338742153],[-46.609346893222934,-23.904502660025425],[-46.60925465341521,-23.90456782066706],[-46.60925465341521,-23.904698141950334],[-46.60920853351136,-23.90476330259197],[-46.6091624136075,-23.904828463233606],[-46.6091624136075,-23.904893623875243],[-46.60930077331907,-23.90502394515851],[-46.609346893222934,-23.90502394515851],[-46.609485252934505,-23.905154266441784],[-46.60953137283836,-23.905154266441784],[-46.609623612646075,-23.90521942708342],[-46.60990033206922,-23.90541490900833],[-46.60999257187694,-23.905480069649965],[-46.60999257187694,-23.9055452302916],[-46.610038691780794,-23.905610390933237],[-46.61017705149237,-23.905740712216506],[-46.61031541120394,-23.905936194141415],[-46.6103615311078,-23.90600135478305],[-46.61045377091552,-23.906131676066323],[-46.610684370434804,-23.906327157991228],[-46.611053329665666,-23.906848443124318],[-46.61114556947338,-23.907043925049223],[-46.61119168937724,-23.907174246332495],[-46.6112378092811,-23.907304567615768],[-46.61128392918496,-23.907369728257404],[-46.61142228889653,-23.90743488889904],[-46.61151452870424,-23.90743488889904],[-46.61165288841582,-23.907500049540676],[-46.611699008319675,-23.907500049540676],[-46.611837368031246,-23.907565210182312],[-46.61192960783897,-23.907565210182312],[-46.61220632726211,-23.90769553146558],[-46.61239080687754,-23.907825852748854],[-46.6124369267814,-23.907825852748854],[-46.61252916658911,-23.907956174032126],[-46.61257528649297,-23.9080864953154],[-46.61257528649297,-23.90821681659867],[-46.61252916658911,-23.90854261980685],[-46.612483046685256,-23.90867294109012],[-46.61229856706983,-23.9089987442983],[-46.61220632726211,-23.909194226223207],[-46.612114087454394,-23.909389708148115],[-46.61206796755054,-23.909389708148115],[-46.61197572774282,-23.909585190073024],[-46.61179124812739,-23.909845832639565],[-46.61165288841582,-23.909976153922837],[-46.61160676851196,-23.910041314564474],[-46.611560648608105,-23.91010647520611],[-46.61151452870424,-23.910171635847746],[-46.61142228889653,-23.910236796489382],[-46.61142228889653,-23.91036711777265],[-46.61142228889653,-23.910497439055924],[-46.61151452870424,-23.910692920980832],[-46.61160676851196,-23.91075808162247],[-46.611699008319675,-23.91088840290574],[-46.61174512822353,-23.910953563547377],[-46.61174512822353,-23.911083884830646],[-46.61174512822353,-23.911149045472282],[-46.61165288841582,-23.911279366755554],[-46.61160676851196,-23.911409688038827],[-46.61151452870424,-23.9115400093221],[-46.611468408800384,-23.911735491247004],[-46.61142228889653,-23.91180065188864],[-46.61142228889653,-23.911865812530277],[-46.61142228889653,-23.912256776380094],[-46.61142228889653,-23.91232193702173],[-46.61142228889653,-23.912452258305],[-46.61142228889653,-23.912647740229907],[-46.611468408800384,-23.912843222154816],[-46.611468408800384,-23.912908382796452],[-46.61151452870424,-23.91303870407972],[-46.61151452870424,-23.913103864721357],[-46.611560648608105,-23.913299346646266],[-46.61165288841582,-23.913429667929538],[-46.61165288841582,-23.913494828571174],[-46.611699008319675,-23.91355998921281],[-46.61165288841582,-23.913690310496083],[-46.61160676851196,-23.913950953062624],[-46.611560648608105,-23.914081274345897],[-46.611468408800384,-23.91421159562917],[-46.61142228889653,-23.91421159562917],[-46.611330049088814,-23.91421159562917],[-46.61128392918496,-23.91421159562917],[-46.61119168937724,-23.914146434987533],[-46.61114556947338,-23.914146434987533],[-46.61109944956952,-23.914081274345897],[-46.61100720976181,-23.91401611370426],[-46.61077661024252,-23.91401611370426],[-46.61073049033866,-23.91401611370426],[-46.61063825053095,-23.913950953062624],[-46.610499890819376,-23.913950953062624],[-46.610407651011656,-23.913950953062624],[-46.6103615311078,-23.913950953062624],[-46.61017705149237,-23.91401611370426],[-46.60999257187694,-23.91401611370426],[-46.60994645197308,-23.91401611370426],[-46.60985421216537,-23.914081274345897],[-46.609623612646075,-23.91421159562917],[-46.60939301312679,-23.91434191691244],[-46.60930077331907,-23.914407077554074],[-46.60920853351136,-23.914407077554074],[-46.6091624136075,-23.914407077554074],[-46.60888569418435,-23.91447223819571],[-46.60874733447278,-23.91447223819571],[-46.60860897476121,-23.91447223819571],[-46.60851673495349,-23.91447223819571],[-46.60847061504963,-23.91447223819571],[-46.608424495145776,-23.914537398837346],[-46.60837837524192,-23.914602559478983],[-46.60833225533806,-23.914602559478983],[-46.608286135434206,-23.91466772012062],[-46.60824001553034,-23.914863202045527],[-46.60824001553034,-23.9149935233288],[-46.60824001553034,-23.915189005253705],[-46.60833225533806,-23.915514808461886],[-46.608424495145776,-23.915710290386794],[-46.60847061504963,-23.915710290386794],[-46.60847061504963,-23.915775451028427],[-46.60856285485735,-23.9159057723117],[-46.60860897476121,-23.9159057723117],[-46.60865509466507,-23.916036093594972],[-46.608701214568924,-23.916036093594972],[-46.60879345437664,-23.916101254236608],[-46.608839574280495,-23.916101254236608],[-46.60897793399207,-23.91623157551988],[-46.609070173799786,-23.916296736161517],[-46.60911629370364,-23.916361896803153],[-46.60911629370364,-23.916427057444785],[-46.60911629370364,-23.91649221808642],[-46.6091624136075,-23.916557378728058],[-46.60920853351136,-23.91668770001133],[-46.60925465341521,-23.916752860652966],[-46.60939301312679,-23.916818021294603],[-46.60939301312679,-23.91688318193624],[-46.60943913303065,-23.91701350321951],[-46.60953137283836,-23.917078663861144],[-46.609623612646075,-23.91714382450278],[-46.609623612646075,-23.917208985144416],[-46.60966973254993,-23.917208985144416],[-46.609715852453796,-23.917404467069325],[-46.60980809226151,-23.91766510963587],[-46.60985421216537,-23.91779543091914],[-46.60990033206922,-23.91792575220241],[-46.60994645197308,-23.91812123412732],[-46.60994645197308,-23.918251555410592],[-46.60990033206922,-23.918381876693864],[-46.60990033206922,-23.918447037335497],[-46.60985421216537,-23.918642519260406],[-46.60976197235765,-23.918838001185314],[-46.609715852453796,-23.91890316182695],[-46.60966973254993,-23.918968322468587],[-46.609623612646075,-23.919033483110223],[-46.60957749274222,-23.91916380439349],[-46.609485252934505,-23.919228965035128],[-46.609346893222934,-23.9193592863184],[-46.60920853351136,-23.919424446960036],[-46.60897793399207,-23.919424446960036],[-46.60888569418435,-23.919424446960036],[-46.608839574280495,-23.91955476824331],[-46.60879345437664,-23.91955476824331],[-46.608701214568924,-23.919880571451486],[-46.608701214568924,-23.92001089273476],[-46.608701214568924,-23.920206374659667],[-46.608701214568924,-23.92046701722621],[-46.608701214568924,-23.92059733850948],[-46.60879345437664,-23.92079282043439],[-46.608839574280495,-23.92092314171766],[-46.60879345437664,-23.921053463000934],[-46.60874733447278,-23.921314105567475],[-46.608701214568924,-23.921509587492384],[-46.608701214568924,-23.92157474813402],[-46.608701214568924,-23.921705069417293],[-46.60874733447278,-23.92183539070056],[-46.60879345437664,-23.921965711983834],[-46.608839574280495,-23.922096033267106],[-46.608839574280495,-23.922161193908742],[-46.60888569418435,-23.922617318400192],[-46.60888569418435,-23.92268247904183],[-46.60893181408821,-23.923073442891646],[-46.609070173799786,-23.92326892481655],[-46.60920853351136,-23.92346440674146],[-46.60930077331907,-23.923529567383095],[-46.609346893222934,-23.92359472802473],[-46.60943913303065,-23.923659888666368],[-46.60980809226151,-23.923725049308004],[-46.61022317139623,-23.923855370591273],[-46.610407651011656,-23.92392053123291],[-46.61054601072323,-23.923985691874545],[-46.61059213062709,-23.92405085251618],[-46.61059213062709,-23.924181173799454],[-46.61059213062709,-23.924441816366],[-46.61054601072323,-23.924637298290904],[-46.610499890819376,-23.92470245893254],[-46.61045377091552,-23.924767619574176],[-46.6103615311078,-23.92489794085745],[-46.610130931588515,-23.92515858342399],[-46.610038691780794,-23.925223744065626],[-46.60990033206922,-23.925419225990534],[-46.60985421216537,-23.92548438663217],[-46.60980809226151,-23.92548438663217],[-46.60966973254993,-23.925614707915443],[-46.609623612646075,-23.925614707915443],[-46.60953137283836,-23.925745029198715],[-46.609485252934505,-23.925810189840348],[-46.609485252934505,-23.925875350481984],[-46.60943913303065,-23.926070832406893],[-46.60943913303065,-23.92613599304853],[-46.60939301312679,-23.926201153690165],[-46.609346893222934,-23.926396635615074],[-46.60930077331907,-23.92672243882325],[-46.60930077331907,-23.926983081389796],[-46.60930077331907,-23.9271785633147],[-46.60925465341521,-23.92737404523961],[-46.60920853351136,-23.927439205881246],[-46.6091624136075,-23.92756952716452],[-46.60911629370364,-23.92769984844779],[-46.60902405389593,-23.927895330372696],[-46.60888569418435,-23.92815597293924],[-46.608839574280495,-23.928221133580877],[-46.608839574280495,-23.928286294222513],[-46.60888569418435,-23.92848177614742],[-46.60893181408821,-23.928546936789054],[-46.60893181408821,-23.92861209743069],[-46.60893181408821,-23.928677258072327],[-46.60897793399207,-23.9288075793556],[-46.60902405389593,-23.92893790063887],[-46.60902405389593,-23.929003061280508],[-46.609070173799786,-23.929068221922144],[-46.609070173799786,-23.92913338256378],[-46.60911629370364,-23.929198543205413],[-46.6091624136075,-23.929328864488685],[-46.60925465341521,-23.92939402513032],[-46.60939301312679,-23.929524346413594],[-46.60943913303065,-23.92958950705523],[-46.60953137283836,-23.929654667696866],[-46.60957749274222,-23.929719828338502],[-46.60966973254993,-23.929719828338502],[-46.60980809226151,-23.929719828338502],[-46.610038691780794,-23.92926370384705],[-46.610130931588515,-23.92913338256378],[-46.61045377091552,-23.92861209743069],[-46.61077661024252,-23.928221133580877],[-46.61086885005024,-23.928025651655968],[-46.610914969954095,-23.927895330372696],[-46.61096108985795,-23.927765009089427],[-46.61100720976181,-23.92769984844779],[-46.61114556947338,-23.927439205881246],[-46.6112378092811,-23.927308884597974],[-46.61137616899267,-23.927048242031432],[-46.61151452870424,-23.92672243882325],[-46.611560648608105,-23.926657278181615],[-46.61160676851196,-23.926657278181615],[-46.61165288841582,-23.92659211753998],[-46.611699008319675,-23.926526956898343],[-46.61179124812739,-23.926526956898343],[-46.611837368031246,-23.92659211753998],[-46.6118834879351,-23.92672243882325],[-46.611837368031246,-23.927048242031432],[-46.61179124812739,-23.9271785633147],[-46.61174512822353,-23.92737404523961],[-46.61174512822353,-23.927504366522882],[-46.611699008319675,-23.92769984844779],[-46.61165288841582,-23.927960491014332],[-46.61165288841582,-23.928090812297604],[-46.61160676851196,-23.928286294222513],[-46.611560648608105,-23.928416615505785],[-46.61151452870424,-23.928677258072327],[-46.61142228889653,-23.92893790063887],[-46.61137616899267,-23.929198543205413],[-46.61137616899267,-23.92926370384705],[-46.61142228889653,-23.92939402513032],[-46.61160676851196,-23.929524346413594],[-46.61165288841582,-23.929524346413594],[-46.61174512822353,-23.929524346413594],[-46.611837368031246,-23.92958950705523],[-46.6118834879351,-23.92958950705523],[-46.61206796755054,-23.929654667696866],[-46.61216020735825,-23.929654667696866],[-46.612344686973685,-23.929654667696866],[-46.6124369267814,-23.929654667696866],[-46.61257528649297,-23.929719828338502],[-46.61271364620455,-23.929719828338502],[-46.612898125819974,-23.92978498898014],[-46.61299036562769,-23.92985014962177],[-46.61303648553155,-23.929915310263407],[-46.613128725339266,-23.93004563154668],[-46.61317484524312,-23.930175952829952],[-46.61322096514698,-23.930306274113224],[-46.61331320495469,-23.930566916679766],[-46.613405444762414,-23.930697237963038],[-46.61345156466627,-23.930762398604674],[-46.61349768457013,-23.93082755924631],[-46.61372828408941,-23.930892719887947],[-46.613774403993276,-23.930957880529583],[-46.61382052389713,-23.930957880529583],[-46.61409724332028,-23.93102304117122],[-46.61437396274342,-23.93102304117122],[-46.614512322455,-23.93102304117122],[-46.614558442358856,-23.93102304117122],[-46.614835161782004,-23.930957880529583],[-46.61488128168586,-23.930957880529583],[-46.61506576130129,-23.930892719887947],[-46.615158001109,-23.93082755924631],[-46.61529636082058,-23.930762398604674],[-46.615619200147584,-23.930566916679766],[-46.615757559859155,-23.930501756038133],[-46.61584979966687,-23.930436595396497],[-46.615988159378446,-23.930436595396497],[-46.61612651909002,-23.93037143475486],[-46.61617263899387,-23.93037143475486],[-46.61635711860931,-23.93037143475486],[-46.61649547832088,-23.930436595396497],[-46.61649547832088,-23.930501756038133],[-46.61649547832088,-23.930697237963038],[-46.61644935841702,-23.93115336245449],[-46.61644935841702,-23.931218523096124],[-46.616403238513165,-23.931544326304305],[-46.616403238513165,-23.93160948694594],[-46.616403238513165,-23.93180496887085],[-46.61635711860931,-23.93206561143739],[-46.61631099870545,-23.932977860420294],[-46.61626487880159,-23.933173342345203],[-46.61626487880159,-23.933238502986836],[-46.61621875889773,-23.93330366362847],[-46.61617263899387,-23.933890109403194],[-46.61612651909002,-23.93395527004483],[-46.61612651909002,-23.934020430686466],[-46.61612651909002,-23.93415075196974],[-46.61608039918616,-23.93415075196974],[-46.61608039918616,-23.934215912611375],[-46.61608039918616,-23.934346233894647],[-46.61608039918616,-23.934541715819556],[-46.6160342792823,-23.93473719774446],[-46.6160342792823,-23.934802358386097],[-46.6160342792823,-23.93493267966937],[-46.6160342792823,-23.935193322235914],[-46.61594203947459,-23.93538880416082],[-46.615895919570725,-23.935453964802456],[-46.61584979966687,-23.93551912544409],[-46.61584979966687,-23.935584286085728],[-46.61566532005144,-23.935779768010637],[-46.615526960339864,-23.93597524993554],[-46.61543472053215,-23.93617073186045],[-46.61543472053215,-23.936235892502086],[-46.615342480724436,-23.936301053143723],[-46.61525024091672,-23.93636621378536],[-46.615158001109,-23.936431374426995],[-46.61506576130129,-23.936431374426995],[-46.614973521493575,-23.936431374426995],[-46.61474292197428,-23.936431374426995],[-46.61460456226271,-23.936431374426995],[-46.614512322455,-23.936431374426995],[-46.61442008264728,-23.936431374426995],[-46.61414336322414,-23.936431374426995],[-46.61405112341642,-23.936431374426995],[-46.61386664380099,-23.93649653506863],[-46.61382052389713,-23.93649653506863],[-46.613682164185555,-23.936561695710267],[-46.6136360442817,-23.936561695710267],[-46.61349768457013,-23.936692016993536],[-46.61345156466627,-23.936757177635172],[-46.613405444762414,-23.93682233827681],[-46.61335932485855,-23.93695265956008],[-46.61335932485855,-23.937017820201717],[-46.61331320495469,-23.937017820201717],[-46.613267085050836,-23.93714814148499],[-46.613267085050836,-23.937213302126626],[-46.61317484524312,-23.937343623409895],[-46.613128725339266,-23.93740878405153],[-46.61303648553155,-23.937473944693167],[-46.61285200591612,-23.93760426597644],[-46.612759766108404,-23.937669426618076],[-46.61271364620455,-23.937734587259712],[-46.612621406396826,-23.937734587259712],[-46.61257528649297,-23.937734587259712],[-46.6124369267814,-23.937734587259712],[-46.61239080687754,-23.937734587259712],[-46.61220632726211,-23.937734587259712],[-46.612114087454394,-23.937734587259712],[-46.61206796755054,-23.937734587259712],[-46.6118834879351,-23.937669426618076],[-46.611699008319675,-23.93760426597644],[-46.61160676851196,-23.93760426597644],[-46.61119168937724,-23.937539105334803],[-46.61114556947338,-23.937539105334803],[-46.611053329665666,-23.937539105334803],[-46.61086885005024,-23.937539105334803],[-46.61082273014638,-23.937539105334803],[-46.610684370434804,-23.937473944693167],[-46.61059213062709,-23.937473944693167],[-46.610407651011656,-23.93740878405153],[-46.6103615311078,-23.93740878405153],[-46.610038691780794,-23.93727846276826],[-46.60980809226151,-23.937213302126626],[-46.609715852453796,-23.937213302126626],[-46.60953137283836,-23.93727846276826],[-46.60930077331907,-23.937213302126626],[-46.609070173799786,-23.93714814148499],[-46.60902405389593,-23.93714814148499],[-46.608839574280495,-23.937082980843353],[-46.608701214568924,-23.937017820201717],[-46.60856285485735,-23.937017820201717],[-46.608424495145776,-23.93695265956008],[-46.60837837524192,-23.93695265956008],[-46.60824001553034,-23.93695265956008],[-46.60814777572263,-23.93695265956008],[-46.60810165581877,-23.93695265956008],[-46.60800941601106,-23.93695265956008],[-46.6079632961072,-23.93695265956008],[-46.60782493639562,-23.93695265956008],[-46.60768657668405,-23.93695265956008],[-46.60759433687634,-23.93695265956008],[-46.60759433687634,-23.936887498918445],[-46.60759433687634,-23.93682233827681],[-46.607640456780196,-23.936757177635172],[-46.60768657668405,-23.936692016993536],[-46.60768657668405,-23.9366268563519],[-46.60773269658791,-23.936561695710267],[-46.60773269658791,-23.93649653506863],[-46.607778816491766,-23.93636621378536],[-46.60782493639562,-23.936301053143723],[-46.60782493639562,-23.936235892502086],[-46.60787105629948,-23.93617073186045],[-46.60787105629948,-23.936040410577178],[-46.60782493639562,-23.936040410577178],[-46.60782493639562,-23.93617073186045],[-46.607778816491766,-23.936235892502086],[-46.607778816491766,-23.936301053143723],[-46.60773269658791,-23.93636621378536],[-46.60768657668405,-23.936431374426995],[-46.60768657668405,-23.93649653506863],[-46.607640456780196,-23.936561695710267],[-46.607640456780196,-23.9366268563519],[-46.60759433687634,-23.936757177635172],[-46.60754821697248,-23.93682233827681],[-46.60754821697248,-23.936887498918445],[-46.60754821697248,-23.93695265956008],[-46.60745597716476,-23.937017820201717],[-46.60736373735705,-23.937017820201717],[-46.60731761745319,-23.937017820201717],[-46.60704089803004,-23.937082980843353],[-46.606994778126186,-23.937082980843353],[-46.60694865822233,-23.937213302126626],[-46.606856418414615,-23.937343623409895],[-46.60681029851076,-23.937539105334803],[-46.60681029851076,-23.93760426597644],[-46.606764178606895,-23.937799747901348],[-46.60671805870304,-23.93806039046789],[-46.60667193879918,-23.93819071175116],[-46.606487459183754,-23.93858167560098],[-46.60639521937603,-23.938711996884248],[-46.6064413392799,-23.938972639450792],[-46.60657969899147,-23.93903780009243],[-46.60690253831847,-23.939233282017337],[-46.606994778126186,-23.93929844265897],[-46.60750209706862,-23.93962424586715],[-46.60759433687634,-23.939754567150423],[-46.607640456780196,-23.940145531000237],[-46.60768657668405,-23.94040617356678],[-46.60773269658791,-23.940536494850054],[-46.60773269658791,-23.940666816133323],[-46.607778816491766,-23.940666816133323],[-46.6079632961072,-23.94086229805823],[-46.60824001553034,-23.94086229805823],[-46.608286135434206,-23.94086229805823],[-46.608424495145776,-23.94086229805823],[-46.60851673495349,-23.94086229805823],[-46.60865509466507,-23.940927458699868],[-46.60874733447278,-23.940992619341504],[-46.608701214568924,-23.941122940624776],[-46.60865509466507,-23.94151390447459],[-46.60860897476121,-23.9417093863995],[-46.608424495145776,-23.942035189607676],[-46.60837837524192,-23.942100350249312],[-46.60837837524192,-23.94216551089095],[-46.60824001553034,-23.94229583217422],[-46.608193895626485,-23.942426153457493],[-46.60814777572263,-23.94249131409913],[-46.60810165581877,-23.942556474740766],[-46.607917176203344,-23.942817117307307],[-46.60787105629948,-23.942882277948943],[-46.607778816491766,-23.94294743859058],[-46.60773269658791,-23.943012599232215],[-46.60759433687634,-23.94327324179876],[-46.60759433687634,-23.943338402440393],[-46.60754821697248,-23.94340356308203],[-46.60750209706862,-23.9435338843653],[-46.60745597716476,-23.943599045006938],[-46.60736373735705,-23.94372936629021],[-46.60731761745319,-23.943794526931846],[-46.60722537764548,-23.94392484821512],[-46.60713313783776,-23.944055169498387],[-46.60704089803004,-23.94418549078166],[-46.60694865822233,-23.944315812064932],[-46.60694865822233,-23.944446133348205],[-46.60694865822233,-23.94451129398984],[-46.60694865822233,-23.944576454631477],[-46.60694865822233,-23.94464161527311],[-46.606994778126186,-23.94483709719802],[-46.60704089803004,-23.944902257839654],[-46.6070870179339,-23.94496741848129],[-46.60717925774162,-23.9451629004062],[-46.60731761745319,-23.94529322168947],[-46.60745597716476,-23.945358382331104],[-46.60754821697248,-23.945488703614377],[-46.607640456780196,-23.945553864256013],[-46.60768657668405,-23.945553864256013],[-46.60768657668405,-23.94561902489765],[-46.60773269658791,-23.945684185539285],[-46.60773269658791,-23.94574934618092],[-46.60768657668405,-23.945814506822558],[-46.607640456780196,-23.945879667464194],[-46.60759433687634,-23.945879667464194],[-46.60759433687634,-23.94594482810583],[-46.60754821697248,-23.94594482810583],[-46.60754821697248,-23.946009988747463],[-46.60745597716476,-23.9460751493891],[-46.607409857260905,-23.946140310030735],[-46.607271497549334,-23.94620547067237],[-46.60722537764548,-23.946270631314007],[-46.60713313783776,-23.946466113238916],[-46.60713313783776,-23.94666159516382],[-46.60713313783776,-23.946726755805457],[-46.60717925774162,-23.94685707708873],[-46.60717925774162,-23.946922237730366],[-46.60717925774162,-23.94705255901364],[-46.60717925774162,-23.947117719655274],[-46.607409857260905,-23.947313201580183],[-46.60745597716476,-23.947443522863452],[-46.60754821697248,-23.947508683505088],[-46.60759433687634,-23.947573844146724],[-46.60759433687634,-23.947704165429997],[-46.60759433687634,-23.947769326071633],[-46.60759433687634,-23.94783448671327],[-46.60750209706862,-23.94796480799654],[-46.60750209706862,-23.948029968638174],[-46.60754821697248,-23.94809512927981],[-46.60768657668405,-23.948225450563083],[-46.607778816491766,-23.94829061120472],[-46.60787105629948,-23.948355771846355],[-46.6079632961072,-23.948355771846355],[-46.608055535914914,-23.948355771846355],[-46.60824001553034,-23.948355771846355],[-46.608424495145776,-23.94829061120472],[-46.60856285485735,-23.94829061120472],[-46.60874733447278,-23.948355771846355],[-46.60888569418435,-23.948355771846355],[-46.609070173799786,-23.948486093129628],[-46.60911629370364,-23.948551253771264],[-46.60920853351136,-23.948681575054533],[-46.60925465341521,-23.948811896337805],[-46.60925465341521,-23.948942217621077],[-46.60925465341521,-23.949007378262714],[-46.60939301312679,-23.949202860187622],[-46.60943913303065,-23.94926802082926],[-46.609485252934505,-23.949333181470895],[-46.60976197235765,-23.9495286633958],[-46.60990033206922,-23.949658984679072],[-46.60999257187694,-23.949658984679072],[-46.61008481168466,-23.949658984679072],[-46.61017705149237,-23.949658984679072],[-46.6103615311078,-23.949593824037436],[-46.610499890819376,-23.949593824037436],[-46.61059213062709,-23.949593824037436],[-46.61077661024252,-23.949658984679072],[-46.61086885005024,-23.94985446660398],[-46.610914969954095,-23.949919627245617],[-46.61096108985795,-23.949984787887253],[-46.61100720976181,-23.950180269812158],[-46.61096108985795,-23.950375751737067],[-46.61096108985795,-23.95050607302034],[-46.61086885005024,-23.950571233661975],[-46.61077661024252,-23.95063639430361],[-46.61063825053095,-23.950831876228516],[-46.61045377091552,-23.951027358153425],[-46.6103615311078,-23.951157679436697],[-46.610269291300085,-23.95128800071997],[-46.61022317139623,-23.951353161361606],[-46.61017705149237,-23.951353161361606],[-46.610130931588515,-23.95141832200324],[-46.61008481168466,-23.951483482644875],[-46.60990033206922,-23.951613803928147],[-46.60976197235765,-23.951678964569783],[-46.60966973254993,-23.95174412521142],[-46.60957749274222,-23.951809285853056],[-46.60911629370364,-23.952069928419597],[-46.60888569418435,-23.95220024970287],[-46.608701214568924,-23.952265410344506],[-46.60865509466507,-23.952265410344506],[-46.60847061504963,-23.952460892269414],[-46.608286135434206,-23.952656374194323],[-46.608193895626485,-23.952721534835955],[-46.608193895626485,-23.95278669547759],[-46.60810165581877,-23.952917016760864],[-46.608055535914914,-23.9529821774025],[-46.6079632961072,-23.953047338044136],[-46.607917176203344,-23.95317765932741],[-46.60773269658791,-23.953373141252317],[-46.60768657668405,-23.95343830189395],[-46.60754821697248,-23.953503462535586],[-46.60750209706862,-23.953503462535586],[-46.607409857260905,-23.95343830189395],[-46.60722537764548,-23.95343830189395],[-46.6070870179339,-23.95343830189395],[-46.606994778126186,-23.95343830189395],[-46.60694865822233,-23.953503462535586],[-46.60694865822233,-23.95363378381886],[-46.606994778126186,-23.953829265743767],[-46.606994778126186,-23.95395958702704],[-46.606994778126186,-23.954024747668676],[-46.606994778126186,-23.954155068951945],[-46.606994778126186,-23.954285390235217],[-46.60704089803004,-23.95441571151849],[-46.60704089803004,-23.954676354085034],[-46.6070870179339,-23.954806675368303],[-46.6070870179339,-23.95500215729321],[-46.6070870179339,-23.95519763921812],[-46.6070870179339,-23.955262799859756],[-46.6070870179339,-23.955327960501393],[-46.6070870179339,-23.955393121143025],[-46.6070870179339,-23.955523442426298],[-46.6070870179339,-23.95565376370957],[-46.60704089803004,-23.955718924351206],[-46.60704089803004,-23.955784084992843],[-46.606994778126186,-23.95584924563448],[-46.606994778126186,-23.955914406276115],[-46.60694865822233,-23.95597956691775],[-46.60690253831847,-23.95610988820102],[-46.606856418414615,-23.956175048842656],[-46.60671805870304,-23.956240209484292],[-46.60667193879918,-23.95630537012593],[-46.60639521937603,-23.9564356914092],[-46.60625685966446,-23.956566012692473],[-46.60630297956832,-23.95663117333411],[-46.6064413392799,-23.956826655259015],[-46.60653357908761,-23.95689181590065],[-46.60653357908761,-23.956956976542287],[-46.60657969899147,-23.956956976542287],[-46.606625818895324,-23.957022137183923],[-46.606856418414615,-23.95721761910883],[-46.606994778126186,-23.957413101033737],[-46.6070870179339,-23.957478261675373],[-46.60713313783776,-23.95754342231701],[-46.60722537764548,-23.95767374360028],[-46.607409857260905,-23.957999546808463],[-46.60759433687634,-23.958195028733368],[-46.607640456780196,-23.958195028733368],[-46.60773269658791,-23.958260189375004],[-46.60782493639562,-23.958260189375004],[-46.608055535914914,-23.958390510658276],[-46.60814777572263,-23.958390510658276],[-46.608193895626485,-23.958455671299912],[-46.60824001553034,-23.958455671299912],[-46.60833225533806,-23.958455671299912],[-46.60837837524192,-23.958455671299912],[-46.60847061504963,-23.95852083194155],[-46.60856285485735,-23.95852083194155],[-46.60860897476121,-23.958585992583185],[-46.60865509466507,-23.958585992583185],[-46.60865509466507,-23.95865115322482],[-46.60860897476121,-23.958716313866457],[-46.608424495145776,-23.958846635149726],[-46.608286135434206,-23.958846635149726],[-46.60824001553034,-23.959042117074635],[-46.60824001553034,-23.95910727771627],[-46.608286135434206,-23.959237598999543],[-46.60833225533806,-23.959237598999543],[-46.608424495145776,-23.95930275964118],[-46.60860897476121,-23.959367920282816],[-46.60879345437664,-23.95943308092445],[-46.609070173799786,-23.95943308092445],[-46.60930077331907,-23.95956340220772],[-46.60943913303065,-23.959628562849357],[-46.609485252934505,-23.959693723490993],[-46.609623612646075,-23.959824044774265],[-46.60990033206922,-23.96021500862408],[-46.60990033206922,-23.960280169265715],[-46.610038691780794,-23.960410490548988],[-46.61008481168466,-23.96054081183226],[-46.61008481168466,-23.960605972473896],[-46.60999257187694,-23.960605972473896],[-46.60990033206922,-23.960671133115532],[-46.60976197235765,-23.960671133115532],[-46.609715852453796,-23.960671133115532],[-46.60943913303065,-23.96073629375717],[-46.60925465341521,-23.96073629375717],[-46.609070173799786,-23.960866615040437],[-46.60893181408821,-23.96099693632371],[-46.60888569418435,-23.96099693632371],[-46.60865509466507,-23.961127257606982],[-46.60860897476121,-23.961127257606982],[-46.60837837524192,-23.96119241824862],[-46.60833225533806,-23.96119241824862],[-46.608286135434206,-23.96132273953189],[-46.608286135434206,-23.96145306081516],[-46.608286135434206,-23.96164854274007],[-46.608286135434206,-23.961844024664977],[-46.60837837524192,-23.962039506589885],[-46.60837837524192,-23.96210466723152],[-46.608424495145776,-23.96223498851479],[-46.608424495145776,-23.962300149156427],[-46.608424495145776,-23.96256079172297],[-46.608424495145776,-23.962625952364608],[-46.608424495145776,-23.962691113006244],[-46.60837837524192,-23.962821434289513],[-46.60837837524192,-23.963082076856058],[-46.60837837524192,-23.963147237497694],[-46.60837837524192,-23.96340788006424],[-46.608424495145776,-23.96340788006424],[-46.60851673495349,-23.96366852263078],[-46.60856285485735,-23.963733683272416],[-46.60860897476121,-23.963798843914052],[-46.608701214568924,-23.96386400455569],[-46.60879345437664,-23.96399432583896],[-46.60888569418435,-23.964059486480597],[-46.60897793399207,-23.964124647122233],[-46.609070173799786,-23.964189807763866],[-46.6091624136075,-23.964189807763866],[-46.60925465341521,-23.964254968405502],[-46.609346893222934,-23.964254968405502],[-46.609485252934505,-23.964320129047138],[-46.60957749274222,-23.964385289688774],[-46.609715852453796,-23.964385289688774],[-46.60985421216537,-23.964320129047138],[-46.61008481168466,-23.964385289688774],[-46.61017705149237,-23.964385289688774],[-46.610269291300085,-23.96445045033041],[-46.6103615311078,-23.96445045033041],[-46.610499890819376,-23.964515610972047],[-46.61059213062709,-23.964580771613683],[-46.610684370434804,-23.96464593225532],[-46.610684370434804,-23.964711092896955],[-46.61073049033866,-23.96477625353859],[-46.61073049033866,-23.964841414180224],[-46.61073049033866,-23.964971735463497],[-46.610684370434804,-23.965036896105133],[-46.61059213062709,-23.965167217388405],[-46.61054601072323,-23.965167217388405],[-46.610499890819376,-23.965297538671678],[-46.61045377091552,-23.965362699313314],[-46.610407651011656,-23.96542785995495],[-46.6103615311078,-23.96542785995495],[-46.610269291300085,-23.965493020596583],[-46.61017705149237,-23.96555818123822],[-46.610130931588515,-23.96555818123822],[-46.610038691780794,-23.965623341879855],[-46.610038691780794,-23.96568850252149],[-46.61008481168466,-23.965818823804764],[-46.61017705149237,-23.9658839844464],[-46.610407651011656,-23.965949145088036],[-46.61063825053095,-23.965949145088036],[-46.61082273014638,-23.965949145088036],[-46.61096108985795,-23.966014305729672],[-46.61109944956952,-23.966014305729672],[-46.61128392918496,-23.96607946637131],[-46.611330049088814,-23.966144627012945],[-46.61137616899267,-23.966144627012945],[-46.61142228889653,-23.966144627012945],[-46.61151452870424,-23.966274948296213],[-46.611560648608105,-23.96634010893785],[-46.61165288841582,-23.966470430221122],[-46.611699008319675,-23.966470430221122],[-46.61174512822353,-23.966600751504394],[-46.61179124812739,-23.966600751504394],[-46.611837368031246,-23.966731072787667],[-46.611837368031246,-23.966861394070936],[-46.611837368031246,-23.966926554712572],[-46.611837368031246,-23.967056875995844],[-46.61179124812739,-23.96712203663748],[-46.61179124812739,-23.967187197279117],[-46.611837368031246,-23.96731751856239],[-46.61179124812739,-23.96744783984566],[-46.61179124812739,-23.96757816112893],[-46.61179124812739,-23.967708482412203],[-46.61179124812739,-23.96777364305384],[-46.611837368031246,-23.96790396433711],[-46.6118834879351,-23.967969124978747],[-46.61192960783897,-23.968034285620384],[-46.61192960783897,-23.96809944626202],[-46.61197572774282,-23.968164606903656],[-46.61197572774282,-23.968294928186925],[-46.61197572774282,-23.96836008882856],[-46.61197572774282,-23.968425249470197],[-46.61197572774282,-23.968490410111833],[-46.61197572774282,-23.96855557075347],[-46.61197572774282,-23.968620731395106],[-46.61192960783897,-23.968620731395106],[-46.61192960783897,-23.96875105267838],[-46.6118834879351,-23.968946534603283],[-46.6118834879351,-23.96901169524492],[-46.611837368031246,-23.969076855886556],[-46.611837368031246,-23.969207177169828],[-46.611837368031246,-23.969272337811464],[-46.611837368031246,-23.9693374984531],[-46.61197572774282,-23.969402659094737],[-46.61202184764668,-23.969402659094737],[-46.61206796755054,-23.969402659094737],[-46.61220632726211,-23.969467819736373],[-46.612344686973685,-23.969467819736373],[-46.61266752630069,-23.969467819736373],[-46.61271364620455,-23.969467819736373],[-46.612898125819974,-23.969402659094737],[-46.61294424572383,-23.969402659094737],[-46.61303648553155,-23.9693374984531],[-46.61303648553155,-23.969207177169828],[-46.612898125819974,-23.968946534603283],[-46.61285200591612,-23.968881373961647],[-46.61280588601226,-23.96875105267838],[-46.612759766108404,-23.96875105267838],[-46.612759766108404,-23.968620731395106],[-46.61280588601226,-23.968490410111833],[-46.61285200591612,-23.968425249470197],[-46.61294424572383,-23.96836008882856],[-46.61303648553155,-23.96822976754529],[-46.61308260543541,-23.96809944626202],[-46.61322096514698,-23.967969124978747],[-46.61345156466627,-23.96790396433711],[-46.6136360442817,-23.967838803695475],[-46.613774403993276,-23.967838803695475],[-46.61400500351256,-23.96777364305384],[-46.61409724332028,-23.96777364305384],[-46.61409724332028,-23.967708482412203],[-46.614327842839565,-23.967643321770566],[-46.61437396274342,-23.96757816112893],[-46.61437396274342,-23.96744783984566],[-46.61437396274342,-23.96731751856239],[-46.61446620255114,-23.96712203663748],[-46.61460456226271,-23.96712203663748],[-46.61478904187814,-23.96712203663748],[-46.61492740158972,-23.96712203663748],[-46.61501964139743,-23.96712203663748],[-46.615158001109,-23.967056875995844],[-46.61529636082058,-23.967056875995844],[-46.615342480724436,-23.966991715354208],[-46.615526960339864,-23.966991715354208],[-46.61566532005144,-23.966991715354208],[-46.615757559859155,-23.966991715354208],[-46.61580367976301,-23.966991715354208],[-46.61594203947459,-23.967056875995844],[-46.61608039918616,-23.96712203663748],[-46.61626487880159,-23.967252357920753],[-46.61649547832088,-23.96757816112893],[-46.61658771812859,-23.967643321770566],[-46.61663383803245,-23.967708482412203],[-46.6169105574556,-23.967643321770566],[-46.617187276878745,-23.96757816112893],[-46.61737175649417,-23.967513000487294],[-46.61746399630189,-23.967513000487294],[-46.61764847591732,-23.967513000487294],[-46.6177868356289,-23.96744783984566],[-46.61787907543661,-23.967513000487294],[-46.61792519534047,-23.96757816112893],[-46.61792519534047,-23.967643321770566],[-46.617971315244326,-23.967708482412203],[-46.61801743514818,-23.96777364305384],[-46.61806355505204,-23.96790396433711],[-46.618109674955896,-23.96790396433711],[-46.618109674955896,-23.967969124978747],[-46.61815579485976,-23.967969124978747],[-46.61820191476362,-23.967969124978747],[-46.618248034667474,-23.968034285620384],[-46.618386394379044,-23.96809944626202],[-46.61847863418676,-23.968164606903656],[-46.61866311380219,-23.96836008882856],[-46.618893713321484,-23.96855557075347],[-46.61893983322534,-23.968620731395106],[-46.6189859531292,-23.968685892036742],[-46.61907819293691,-23.968816213320014],[-46.619170432744625,-23.968881373961647],[-46.61921655264849,-23.968946534603283],[-46.61921655264849,-23.96901169524492],[-46.619170432744625,-23.969076855886556],[-46.619170432744625,-23.969142016528192],[-46.61912431284077,-23.969142016528192],[-46.61912431284077,-23.969207177169828],[-46.61907819293691,-23.969207177169828],[-46.619032073033054,-23.969207177169828],[-46.619032073033054,-23.969272337811464],[-46.619032073033054,-23.9693374984531],[-46.61912431284077,-23.96959814101964],[-46.619170432744625,-23.96959814101964],[-46.619262672552345,-23.969663301661278],[-46.619401032263916,-23.969663301661278],[-46.619539391975486,-23.969728462302914],[-46.619677751687064,-23.969728462302914],[-46.61986223130249,-23.969728462302914],[-46.61995447111021,-23.969728462302914],[-46.62000059101407,-23.969728462302914],[-46.620046710917926,-23.969728462302914],[-46.62023119053335,-23.969728462302914],[-46.62027731043721,-23.969728462302914],[-46.620185070629496,-23.969858783586186],[-46.620185070629496,-23.96998910486946],[-46.620185070629496,-23.970054265511095],[-46.62023119053335,-23.97011942615273],[-46.62023119053335,-23.970184586794367],[-46.62027731043721,-23.970249747436],[-46.620323430341074,-23.970314908077636],[-46.62041567014879,-23.970380068719273],[-46.620461790052644,-23.970510390002545],[-46.6205079099565,-23.97057555064418],[-46.620600149764215,-23.970705871927454],[-46.62064626966807,-23.970836193210726],[-46.62064626966807,-23.97090135385236],[-46.620692389571936,-23.970966514493995],[-46.62073850947579,-23.970966514493995],[-46.62092298909122,-23.971096835777267],[-46.62101522889893,-23.971096835777267],[-46.621107468706654,-23.971096835777267],[-46.62143030803366,-23.971161996418903],[-46.62152254784137,-23.971096835777267],[-46.62166090755294,-23.971096835777267],[-46.6217070274568,-23.971096835777267],[-46.621891507072235,-23.971096835777267],[-46.62198374687995,-23.971096835777267],[-46.62221434639924,-23.971161996418903],[-46.62230658620695,-23.971161996418903],[-46.62239882601467,-23.971161996418903],[-46.6225833056301,-23.97122715706054],[-46.62276778524553,-23.971292317702176],[-46.62299838476482,-23.971357478343812],[-46.62327510418797,-23.971422638985448],[-46.623459583803395,-23.971487799627084],[-46.62364406341883,-23.971487799627084],[-46.6237824231304,-23.971487799627084],[-46.62382854303426,-23.971487799627084],[-46.62392078284197,-23.971422638985448],[-46.62405914255355,-23.971292317702176],[-46.62419750226512,-23.97122715706054],[-46.624243622168976,-23.97122715706054],[-46.62428974207283,-23.97122715706054],[-46.6243358619767,-23.97122715706054],[-46.62438198188055,-23.97122715706054],[-46.62447422168827,-23.971422638985448],[-46.624520341592124,-23.971618120910353],[-46.624658701303694,-23.97181360283526],[-46.62470482120756,-23.971943924118534],[-46.624889300822986,-23.97226972732671],[-46.625027660534556,-23.972334887968348],[-46.625166020246134,-23.97246520925162],[-46.62525826005385,-23.972595530534893],[-46.625304379957704,-23.972595530534893],[-46.62548885957314,-23.97266069117653],[-46.62558109938085,-23.972725851818165],[-46.625811698900144,-23.972725851818165],[-46.62604229841943,-23.9727910124598],[-46.626319017842576,-23.97292133374307],[-46.626503497458,-23.97292133374307],[-46.626595737265724,-23.97292133374307],[-46.62678021688115,-23.9727910124598],[-46.626872456688865,-23.97266069117653],[-46.626964696496586,-23.972595530534893],[-46.6270569363043,-23.972595530534893],[-46.627103056208156,-23.972595530534893],[-46.62714917611201,-23.972595530534893],[-46.62719529601587,-23.97266069117653],[-46.627379775631304,-23.973051655026342],[-46.627748734862166,-23.97344261887616],[-46.62788709457374,-23.97357294015943],[-46.62797933438145,-23.97357294015943],[-46.628163813996885,-23.97357294015943],[-46.62867113293932,-23.9737032614427],[-46.628809492650895,-23.973638100801065],[-46.62899397226632,-23.973638100801065],[-46.62922457178561,-23.973377458234523],[-46.629362931497184,-23.973312297592887],[-46.62940905140104,-23.973377458234523],[-46.6294551713049,-23.973377458234523],[-46.6294551713049,-23.973768422084337],[-46.6294551713049,-23.97389874336761],[-46.62950129120876,-23.973963904009246],[-46.62996249024734,-23.974224546575787],[-46.630146969862764,-23.97435486785906],[-46.63042368928591,-23.974615510425604],[-46.63046980918977,-23.974615510425604],[-46.630515929093626,-23.974810992350513],[-46.63056204899749,-23.97494131363378],[-46.63060816890135,-23.975006474275418],[-46.63070040870906,-23.97513679555869],[-46.63083876842063,-23.975201956200326],[-46.631023248036065,-23.975267116841962],[-46.631438327170784,-23.975397438125235],[-46.6318534063055,-23.97559292005014],[-46.63199176601707,-23.97559292005014],[-46.63213012572865,-23.975658080691776],[-46.63226848544022,-23.975658080691776],[-46.6324068451518,-23.975658080691776],[-46.632591324767226,-23.975658080691776],[-46.63282192428652,-23.975723241333412],[-46.63291416409423,-23.975853562616685],[-46.6330525238058,-23.97591872325832],[-46.63337536313281,-23.976049044541593],[-46.633652082555955,-23.97611420518323],[-46.63369820245981,-23.976179365824866],[-46.633790442267525,-23.9762445264665],[-46.63383656217138,-23.9762445264665],[-46.63411328159453,-23.976440008391407],[-46.634205521402244,-23.976505169033043],[-46.63425164130611,-23.97657032967468],[-46.634297761209965,-23.976635490316315],[-46.63434388111382,-23.97670065095795],[-46.63439000101768,-23.976765811599588],[-46.63448224082539,-23.976765811599588],[-46.634574480633106,-23.976830972241224],[-46.63471284034468,-23.97689613288286],[-46.63489731996011,-23.97702645416613],[-46.63526627919097,-23.977287096732674],[-46.6356813583257,-23.977417418015946],[-46.63577359813341,-23.977482578657582],[-46.635865837941125,-23.97754773929922],[-46.635865837941125,-23.977678060582488],[-46.635865837941125,-23.977743221224124],[-46.63581971803727,-23.97780838186576],[-46.635727478229555,-23.977938703149032],[-46.63554299861412,-23.97800386379067],[-46.63526627919097,-23.978199345715577],[-46.63517403938326,-23.978329666998846],[-46.635081799575545,-23.978394827640482],[-46.63503567967169,-23.978525148923755],[-46.63503567967169,-23.97859030956539],[-46.63498955976783,-23.978655470207027],[-46.63498955976783,-23.978720630848663],[-46.634943439863974,-23.978850952131936],[-46.634943439863974,-23.97891611277357],[-46.63489731996011,-23.978981273415204],[-46.634851200056254,-23.97924191598175],[-46.634851200056254,-23.979502558548294],[-46.634851200056254,-23.9796980404732],[-46.63549687871026,-23.9796980404732],[-46.63554299861412,-23.979958683039744],[-46.63545075880641,-23.980545128814466],[-46.63545075880641,-23.98067545009774],[-46.63545075880641,-23.98080577138101],[-46.63535851899869,-23.981066413947552],[-46.635220159287115,-23.981327056514097],[-46.63517403938326,-23.981392217155733],[-46.6351279194794,-23.981522538439005],[-46.63503567967169,-23.981652859722274],[-46.634943439863974,-23.98171802036391],[-46.634851200056254,-23.98191350228882],[-46.63471284034468,-23.98204382357209],[-46.634574480633106,-23.982239305497],[-46.63448224082539,-23.98236962678027],[-46.63439000101768,-23.98249994806354],[-46.634205521402244,-23.98269542998845],[-46.63411328159453,-23.982760590630086],[-46.63406716169067,-23.982956072554995],[-46.634021041786816,-23.983086393838263],[-46.63397492188296,-23.983216715121536],[-46.633882682075246,-23.98334703640481],[-46.63383656217138,-23.983542518329717],[-46.633790442267525,-23.983803160896258],[-46.633790442267525,-23.983998642821167],[-46.633790442267525,-23.984194124746075],[-46.633790442267525,-23.984324446029344],[-46.633790442267525,-23.984519927954253],[-46.63369820245981,-23.984976052445706],[-46.633652082555955,-23.98517153437061],[-46.6336059626521,-23.98536701629552],[-46.6336059626521,-23.985432176937156],[-46.6336059626521,-23.98556249822043],[-46.633652082555955,-23.985692819503697],[-46.63369820245981,-23.98582314078697],[-46.633790442267525,-23.985953462070242],[-46.633882682075246,-23.98614894399515],[-46.633882682075246,-23.986279265278423],[-46.63383656217138,-23.986474747203328],[-46.63383656217138,-23.986670229128237],[-46.63374432236367,-23.986865711053145],[-46.6336059626521,-23.987126353619686],[-46.633513722844384,-23.987321835544595],[-46.63346760294052,-23.987517317469504],[-46.63346760294052,-23.98758247811114],[-46.633513722844384,-23.98771279939441],[-46.63355984274824,-23.987908281319317],[-46.633652082555955,-23.98803860260259],[-46.633652082555955,-23.988103763244226],[-46.633652082555955,-23.988234084527498],[-46.63355984274824,-23.988234084527498],[-46.63328312332509,-23.988364405810767],[-46.63309864370966,-23.988429566452403],[-46.63291416409423,-23.988559887735676],[-46.6327296844788,-23.988625048377312],[-46.63254520486337,-23.988755369660584],[-46.63231460534408,-23.989016012227125],[-46.63217624563251,-23.989211494152034],[-46.632084005824794,-23.98927665479367],[-46.63171504659393,-23.98973277928512],[-46.6315305669785,-23.989863100568392],[-46.63129996745921,-23.989993421851665],[-46.63093100822835,-23.990123743134937],[-46.63074652861292,-23.99025406441821],[-46.63056204899749,-23.99038438570148],[-46.63028532957434,-23.990449546343115],[-46.630008610151194,-23.99051470698475],[-46.62991637034348,-23.990579867626387],[-46.62968577082419,-23.990579867626387],[-46.62963965092033,-23.99071018890966],[-46.62963965092033,-23.990905670834568],[-46.629731890728046,-23.991101152759473],[-46.62991637034348,-23.99129663468438],[-46.630146969862764,-23.99149211660929],[-46.630377569382055,-23.9916875985342],[-46.630792648516774,-23.99194824110074],[-46.63097712813221,-23.992078562384012],[-46.631161607747636,-23.992208883667285],[-46.63129996745921,-23.992208883667285],[-46.6315305669785,-23.992339204950557],[-46.63171504659393,-23.99240436559219],[-46.6318534063055,-23.992469526233826],[-46.63203788592094,-23.992469526233826],[-46.63213012572865,-23.992534686875462],[-46.6324068451518,-23.992534686875462],[-46.63268356457494,-23.992534686875462],[-46.6330525238058,-23.992534686875462],[-46.633237003421236,-23.992534686875462],[-46.63346760294052,-23.9925998475171],[-46.63369820245981,-23.99273016880037],[-46.6339288019791,-23.992795329442007],[-46.63406716169067,-23.992860490083643],[-46.63425164130611,-23.99305597200855],[-46.63434388111382,-23.99318629329182],[-46.63439000101768,-23.99338177521673],[-46.63448224082539,-23.993772739066543],[-46.63462060053697,-23.994033381633088],[-46.634666720440826,-23.99416370291636],[-46.6348050801524,-23.99435918484127],[-46.634943439863974,-23.994554666766174],[-46.63517403938326,-23.99481530933272],[-46.63540463890255,-23.99494563061599],[-46.635635238421834,-23.99507595189926],[-46.63591195784498,-23.99507595189926],[-46.636280917075844,-23.995010791257627],[-46.63655763649899,-23.994880469974355],[-46.63683435592214,-23.994750148691082],[-46.637203315153,-23.994489506124538],[-46.63761839428772,-23.99435918484127],[-46.63780287390315,-23.99435918484127],[-46.637941233614725,-23.99435918484127],[-46.63812571323015,-23.9944243454829],[-46.63831019284559,-23.994489506124538],[-46.63858691226873,-23.99481530933272],[-46.638725271980306,-23.99494563061599],[-46.63904811130731,-23.995206273182532],[-46.63923259092274,-23.99540175510744],[-46.63932483073045,-23.99559723703235],[-46.63941707053817,-23.99572755831562],[-46.63955543024974,-23.996118522165435],[-46.6396015501536,-23.996314004090344],[-46.63964767005746,-23.996444325373613],[-46.63964767005746,-23.996574646656885],[-46.63973990986518,-23.99683528922343],[-46.63987826957675,-23.997161092431607],[-46.64001662928832,-23.997421734998152],[-46.64033946861532,-23.997747538206333],[-46.640570068134615,-23.997877859489602],[-46.64084678755776,-23.99807334141451],[-46.64103126717319,-23.998138502056147],[-46.64126186669248,-23.998203662697783],[-46.641354106500195,-23.998203662697783],[-46.64153858611563,-23.998203662697783],[-46.64190754534649,-23.99807334141451],[-46.64227650457735,-23.99794302013124],[-46.64246098419278,-23.99794302013124],[-46.642645463808215,-23.997877859489602],[-46.64282994342364,-23.998008180772874],[-46.64306054294293,-23.998138502056147],[-46.643198902654504,-23.998203662697783],[-46.643567861885366,-23.99852946590596],[-46.643844581308514,-23.998659787189233],[-46.64402906092394,-23.998790108472505],[-46.644351900250946,-23.998920429755778],[-46.644766979385665,-23.999115911680683],[-46.64596609688597,-23.999441714888864],[-46.64665789544384,-23.99970235745541],[-46.64711909448241,-23.999767518097045],[-46.6473496940017,-23.999832678738677],[-46.64771865323256,-23.99996300002195],[-46.64799537265571,-24.000093321305222],[-46.648272092078855,-24.000223642588494],[-46.648502691598146,-24.000419124513403],[-46.648825530925144,-24.000549445796672],[-46.64896389063672,-24.000679767079944],[-46.649194490156006,-24.000810088363217],[-46.649471209579154,-24.00094040964649],[-46.65145436544504,-24.000875249004853],[-46.6515004853489,-24.000810088363217],[-46.65159272515661,-24.000484285155036],[-46.65163884506047,-24.000353963871767],[-46.6518233246759,-24.000093321305222],[-46.651915564483616,-23.999832678738677],[-46.65196168438747,-23.999637196813772],[-46.65200780429133,-23.999441714888864],[-46.65200780429133,-23.999246232963955],[-46.65210004409904,-23.99885526911414],[-46.652192283906764,-23.99872494783087],[-46.65228452371448,-23.998594626547597],[-46.65251512323377,-23.99839914462269],[-46.65274572275305,-23.998203662697783],[-46.65316080188777,-23.99807334141451],[-46.65339140140706,-23.99794302013124],[-46.65366812083021,-23.997747538206333],[-46.65385260044564,-23.997552056281425],[-46.65412931986879,-23.997226253073244],[-46.6542215596765,-23.99709593178997],[-46.65435991938808,-23.996900449865066],[-46.65459051890736,-23.996574646656885],[-46.65472887861894,-23.99637916473198],[-46.65491335823437,-23.9960533615238],[-46.65528231746523,-23.995662397673986],[-46.65537455727294,-23.995466915749077],[-46.65551291698452,-23.995206273182532],[-46.65569739659995,-23.995010791257627],[-46.655835756311525,-23.994750148691082],[-46.65602023592695,-23.994489506124538],[-46.65606635583081,-23.994228863557996],[-46.65615859563853,-23.99416370291636],[-46.656389195157814,-23.994033381633088],[-46.656619794677106,-23.993903060349815],[-46.65712711361954,-23.99370757842491],[-46.6574960728504,-23.993642417783274],[-46.65786503208126,-23.993577257141638],[-46.65809563160055,-23.993577257141638],[-46.65841847092756,-23.993642417783274],[-46.658602950542985,-23.993642417783274],[-46.65874131025456,-23.99370757842491],[-46.65897190977385,-23.99370757842491],[-46.65915638938928,-23.99370757842491],[-46.65929474910085,-23.993642417783274],[-46.65952534862014,-23.993446935858366],[-46.66040162679344,-23.99214372302565],[-46.66063222631273,-23.991426955967654],[-46.66072446612044,-23.991231474042745],[-46.660816705928156,-23.99051470698475],[-46.661093425351304,-23.99025406441821],[-46.661324024870595,-23.98992826121003],[-46.66141626467831,-23.98960245800185],[-46.66141626467831,-23.989341815435306],[-46.66155462438988,-23.988885690943857],[-46.66169298410146,-23.988625048377312],[-46.66183134381303,-23.988429566452403],[-46.662108063236175,-23.988429566452403],[-46.66220030304389,-23.988429566452403],[-46.6628459816979,-23.988755369660584],[-46.663168821024904,-23.98882053030222],[-46.663537780255766,-23.98882053030222],[-46.663676139967336,-23.98882053030222],[-46.6640450991982,-23.988690209018948],[-46.66482913756378,-23.988690209018948],[-46.66588989535251,-23.988690209018948],[-46.66621273467951,-23.988755369660584],[-46.66690453323738,-23.98882053030222],[-46.66727349246824,-23.988755369660584],[-46.66768857160296,-23.988690209018948],[-46.668011410929964,-23.988690209018948],[-46.66828813035311,-23.988690209018948],[-46.66847260996854,-23.988690209018948],[-46.66897992891098,-23.988950851585493],[-46.66911828862255,-23.989016012227125],[-46.6693950080457,-23.98908117286876],[-46.66967172746884,-23.989146333510398],[-46.66990232698813,-23.989146333510398],[-46.67027128621899,-23.989146333510398],[-46.670870844969144,-23.989016012227125],[-46.67147040371929,-23.989016012227125],[-46.67170100323858,-23.989016012227125],[-46.67225444208488,-23.988885690943857],[-46.67253116150802,-23.98882053030222],[-46.67303848045046,-23.988755369660584],[-46.673222960065885,-23.988690209018948],[-46.67345355958518,-23.988625048377312],[-46.67368415910446,-23.988625048377312],[-46.67377639891218,-23.988625048377312],[-46.67391475862375,-23.988755369660584],[-46.6741914780469,-23.98908117286876],[-46.67437595766233,-23.989341815435306],[-46.674514317373905,-23.989537297360215],[-46.674652677085476,-23.989667618643487],[-46.67474491689319,-23.989797939926756],[-46.67488327660477,-23.989863100568392],[-46.675067756220194,-23.98992826121003],[-46.67520611593177,-23.98992826121003],[-46.67525223583563,-23.989863100568392],[-46.675851794585775,-23.98960245800185],[-46.676359113528214,-23.989406976076943],[-46.67654359314364,-23.989406976076943],[-46.676728072759076,-23.989406976076943],[-46.67695867227836,-23.989146333510398],[-46.67695867227836,-23.989016012227125],[-46.67695867227836,-23.988755369660584],[-46.677004792182224,-23.988625048377312],[-46.67705091208608,-23.988625048377312],[-46.677143151893794,-23.988625048377312],[-46.677281511605365,-23.988690209018948],[-46.677373751413086,-23.988755369660584],[-46.677512111124656,-23.98882053030222],[-46.67760435093237,-23.98882053030222],[-46.67774271064395,-23.988885690943857],[-46.67788107035552,-23.98882053030222],[-46.678065549970945,-23.988885690943857],[-46.67825002958638,-23.989016012227125],[-46.6786651087211,-23.989211494152034],[-46.6789879480481,-23.989211494152034],[-46.67917242766353,-23.989211494152034],[-46.67944914708668,-23.98927665479367],[-46.679771986413684,-23.989341815435306],[-46.68060214468312,-23.989667618643487],[-46.6807405043947,-23.989667618643487],[-46.68101722381784,-23.989667618643487],[-46.68129394324099,-23.98960245800185],[-46.681340063144845,-23.989537297360215],[-46.68166290247185,-23.989406976076943],[-46.681939621895,-23.98927665479367],[-46.68212410151043,-23.989146333510398],[-46.682354701029716,-23.988950851585493],[-46.68253918064515,-23.988755369660584],[-46.68267754035672,-23.988690209018948],[-46.68290813987601,-23.988625048377312],[-46.68332321901073,-23.988625048377312],[-46.68350769862616,-23.988559887735676],[-46.68373829814545,-23.98849472709404],[-46.68396889766474,-23.98849472709404],[-46.684199497184025,-23.98849472709404],[-46.68438397679946,-23.988429566452403],[-46.68452233651103,-23.988299245169134],[-46.68456845641489,-23.988234084527498],[-46.68475293603032,-23.988168923885862],[-46.684845175838035,-23.98803860260259],[-46.684845175838035,-23.987973441960953],[-46.68489129574189,-23.987777960036045],[-46.68489129574189,-23.987647638752776],[-46.684845175838035,-23.98758247811114],[-46.684845175838035,-23.987452156827867],[-46.6846606962226,-23.987191514261323],[-46.68456845641489,-23.98706119297805],[-46.684614576318744,-23.986865711053145],[-46.684706816126464,-23.986735389769873],[-46.68502965545346,-23.9866050684866],[-46.685260254972754,-23.986539907844964],[-46.68558309429976,-23.986344425920056],[-46.685629214203615,-23.986279265278423],[-46.68581369381905,-23.986018622711878],[-46.68599817343448,-23.98582314078697],[-46.68609041324219,-23.98556249822043],[-46.68618265304991,-23.985236695012247],[-46.68622877295377,-23.984976052445706],[-46.68632101276148,-23.984780570520797],[-46.68645937247305,-23.98471540987916],[-46.686689971992344,-23.984650249237525],[-46.68687445160778,-23.984650249237525],[-46.68701281131935,-23.984650249237525],[-46.68710505112706,-23.98471540987916],[-46.6872895307425,-23.984650249237525],[-46.68765848997336,-23.98458508859589],[-46.68775072978107,-23.98458508859589],[-46.6879352093965,-23.984650249237525],[-46.687981329300364,-23.984780570520797],[-46.68807356910808,-23.984976052445706],[-46.68821192881965,-23.984976052445706],[-46.68839640843508,-23.984976052445706],[-46.68858088805051,-23.98491089180407],[-46.688903727377514,-23.98458508859589],[-46.689042087089085,-23.984519927954253],[-46.689272686608376,-23.984454767312616],[-46.68964164583924,-23.984519927954253],[-46.68978000555081,-23.98458508859589],[-46.69014896478167,-23.984845731162434],[-46.69028732449325,-23.984845731162434],[-46.69042568420482,-23.984780570520797],[-46.690564043916396,-23.98471540987916],[-46.69074852353182,-23.984650249237525],[-46.69093300314726,-23.98471540987916],[-46.691117482762685,-23.984845731162434],[-46.691255842474256,-23.984976052445706],[-46.691348082281976,-23.984976052445706],[-46.69144032208969,-23.984845731162434],[-46.691532561897404,-23.984780570520797],[-46.69162480170512,-23.98471540987916],[-46.69167092160898,-23.984650249237525],[-46.691763161416695,-23.98471540987916],[-46.691901521128266,-23.98471540987916],[-46.69203988083984,-23.98471540987916],[-46.6920860007437,-23.98458508859589],[-46.69213212064756,-23.984454767312616],[-46.69222436045527,-23.984194124746075],[-46.69236272016685,-23.98393348217953],[-46.692547199782275,-23.983672839612986],[-46.69273167939771,-23.98347735768808],[-46.69291615901314,-23.983412197046444],[-46.69300839882085,-23.983412197046444],[-46.69310063862857,-23.98347735768808],[-46.69314675853243,-23.983542518329717],[-46.69314675853243,-23.983672839612986],[-46.69314675853243,-23.98393348217953],[-46.69314675853243,-23.98412896410444],[-46.693192878436285,-23.98425928538771],[-46.693285118244,-23.984519927954253],[-46.69342347795557,-23.984650249237525],[-46.693746317282574,-23.984780570520797],[-46.69402303670572,-23.984976052445706],[-46.69416139641729,-23.98517153437061],[-46.69429975612887,-23.985432176937156],[-46.694391995936584,-23.985888301428606],[-46.694391995936584,-23.986279265278423],[-46.694391995936584,-23.986344425920056],[-46.69443811584044,-23.986474747203328],[-46.69443811584044,-23.9866050684866],[-46.694391995936584,-23.98680055041151],[-46.69429975612887,-23.986996032336414],[-46.69429975612887,-23.98706119297805],[-46.69443811584044,-23.987191514261323],[-46.69457647555202,-23.987321835544595],[-46.69471483526359,-23.987452156827867],[-46.6948070750713,-23.98758247811114],[-46.69494543478288,-23.98758247811114],[-46.695176034302165,-23.98784312067768],[-46.69526827410988,-23.987973441960953],[-46.69559111343688,-23.988103763244226],[-46.69563723334074,-23.988168923885862],[-46.695821712956175,-23.988364405810767],[-46.695960072667745,-23.988625048377312],[-46.6960061925716,-23.988690209018948],[-46.696052312475466,-23.988755369660584],[-46.696052312475466,-23.98882053030222],[-46.696052312475466,-23.988885690943857],[-46.696052312475466,-23.988950851585493],[-46.69609843237932,-23.989016012227125],[-46.69614455228318,-23.989146333510398],[-46.696190672187036,-23.989211494152034],[-46.69628291199475,-23.989211494152034],[-46.69642127170633,-23.989146333510398],[-46.696467391610184,-23.989146333510398],[-46.6965596314179,-23.98908117286876],[-46.69665187122561,-23.98908117286876],[-46.696744111033325,-23.98908117286876],[-46.69679023093719,-23.98908117286876],[-46.696836350841046,-23.98908117286876],[-46.69697471055262,-23.98908117286876],[-46.69706695036033,-23.989016012227125],[-46.697251429975765,-23.988950851585493],[-46.697389789687335,-23.988885690943857],[-46.69752814939891,-23.98882053030222],[-46.69762038920663,-23.988755369660584],[-46.69771262901434,-23.98882053030222],[-46.697804868822054,-23.98882053030222],[-46.697897108629775,-23.98882053030222],[-46.698035468341345,-23.98882053030222],[-46.698173828052916,-23.98882053030222],[-46.69826606786064,-23.98882053030222],[-46.69835830766835,-23.988885690943857],[-46.69849666737992,-23.988885690943857],[-46.6986350270915,-23.988885690943857],[-46.698681146995355,-23.988885690943857],[-46.69872726689921,-23.988950851585493],[-46.69891174651464,-23.98908117286876],[-46.6989578664185,-23.989146333510398],[-46.69900398632236,-23.989211494152034],[-46.69905010622622,-23.989211494152034],[-46.69914234603393,-23.989341815435306],[-46.69918846593779,-23.989406976076943],[-46.699234585841644,-23.98947213671858],[-46.699234585841644,-23.989537297360215],[-46.699234585841644,-23.98960245800185],[-46.699234585841644,-23.98973277928512],[-46.6992807057455,-23.989797939926756],[-46.6992807057455,-23.98992826121003],[-46.6992807057455,-23.989993421851665],[-46.6992807057455,-23.9900585824933],[-46.6992807057455,-23.990123743134937],[-46.69937294555322,-23.990188903776573],[-46.699465185360935,-23.990188903776573],[-46.69955742516865,-23.990123743134937],[-46.6998341445918,-23.990123743134937],[-46.699880264495654,-23.990188903776573],[-46.69997250430337,-23.990188903776573],[-46.700018624207225,-23.99025406441821],[-46.7001569839188,-23.990319225059846],[-46.70029534363037,-23.99051470698475],[-46.700387583438086,-23.990579867626387],[-46.700525943149664,-23.990645028268023],[-46.70057206305352,-23.990645028268023],[-46.70094102228438,-23.99071018890966],[-46.70112550189981,-23.990775349551296],[-46.701309981515244,-23.990840510192932],[-46.7013561014191,-23.990840510192932],[-46.701448341226815,-23.990840510192932],[-46.70163282084225,-23.990905670834568],[-46.70177118055382,-23.990970831476204],[-46.701955660169254,-23.991101152759473],[-46.70200178007311,-23.99116631340111],[-46.70214013978468,-23.991231474042745],[-46.70218625968854,-23.99129663468438],[-46.7022323795924,-23.99129663468438],[-46.70237073930397,-23.991361795326018],[-46.702601338823264,-23.991361795326018],[-46.70264745872712,-23.991361795326018],[-46.70269357863098,-23.991361795326018],[-46.702878058246405,-23.991426955967654],[-46.70315477766955,-23.991426955967654],[-46.70320089757341,-23.991426955967654],[-46.703293137381124,-23.99149211660929],[-46.7034314970927,-23.99149211660929],[-46.70347761699656,-23.99149211660929],[-46.703523736900415,-23.991557277250926],[-46.70356985680427,-23.991622437892563],[-46.70361597670813,-23.991622437892563],[-46.703662096611986,-23.9916875985342],[-46.703754336419706,-23.9916875985342],[-46.70380045632356,-23.9916875985342],[-46.70384657622742,-23.991622437892563],[-46.70389269613128,-23.991557277250926],[-46.703938816035134,-23.99149211660929],[-46.70403105584285,-23.991426955967654],[-46.70412329565057,-23.991361795326018],[-46.70426165536214,-23.99129663468438],[-46.704307775265995,-23.99116631340111],[-46.70435389516985,-23.991101152759473],[-46.70444613497757,-23.991035992117837],[-46.70490733401615,-23.990775349551296],[-46.705091813631576,-23.990645028268023],[-46.70513793353543,-23.990645028268023],[-46.70541465295858,-23.99071018890966],[-46.705506892766294,-23.99071018890966],[-46.70555301267016,-23.99071018890966],[-46.70555301267016,-23.990579867626387],[-46.70564525247787,-23.99038438570148],[-46.70578361218944,-23.9900585824933],[-46.705875851997156,-23.989993421851665],[-46.70592197190102,-23.98992826121003],[-46.70610645151645,-23.990123743134937],[-46.706152571420304,-23.990123743134937],[-46.70624481122802,-23.990188903776573],[-46.70629093113188,-23.99025406441821],[-46.70633705103574,-23.99025406441821],[-46.70647541074731,-23.990123743134937],[-46.70661377045888,-23.9900585824933],[-46.706798250074314,-23.989993421851665],[-46.70689048988203,-23.989993421851665],[-46.70698272968974,-23.990123743134937],[-46.70698272968974,-23.990188903776573],[-46.707028849593605,-23.99025406441821],[-46.70712108940132,-23.99038438570148],[-46.707167209305176,-23.990449546343115],[-46.70753616853604,-23.99051470698475],[-46.707951247670756,-23.99051470698475],[-46.70799736757461,-23.990579867626387],[-46.70813572728619,-23.990645028268023],[-46.708227967093904,-23.990775349551296],[-46.708227967093904,-23.990840510192932],[-46.70832020690162,-23.990970831476204],[-46.70850468651705,-23.991101152759473],[-46.70873528603634,-23.991231474042745],[-46.708781405940194,-23.991426955967654],[-46.708781405940194,-23.99149211660929],[-46.70873528603634,-23.9916875985342],[-46.70864304622862,-23.991817919817468],[-46.708458566613196,-23.992013401742376],[-46.70841244670933,-23.992078562384012],[-46.708458566613196,-23.99214372302565],[-46.70868916613248,-23.992339204950557],[-46.70873528603634,-23.99240436559219],[-46.709012005459485,-23.992534686875462],[-46.70938096469035,-23.992665008158735],[-46.70956544430578,-23.9925998475171],[-46.70961156420964,-23.992665008158735],[-46.709657684113495,-23.99273016880037],[-46.70961156420964,-23.992795329442007],[-46.70951932440192,-23.992860490083643],[-46.70947320449806,-23.99292565072528],[-46.70938096469035,-23.992990811366916],[-46.7094270845942,-23.99318629329182],[-46.70947320449806,-23.993316614575093],[-46.70956544430578,-23.993642417783274],[-46.709657684113495,-23.993903060349815],[-46.709657684113495,-23.994033381633088],[-46.70970380401735,-23.99416370291636],[-46.70984216372892,-23.99435918484127],[-46.70988828363278,-23.994489506124538],[-46.71007276324821,-23.99461982740781],[-46.71053396228679,-23.995141112540896],[-46.71071844190222,-23.995336594465805],[-46.710995161325364,-23.995466915749077],[-46.71141024046009,-23.99559723703235],[-46.711640839979374,-23.995662397673986],[-46.71214815892181,-23.995792718957254],[-46.71256323805653,-23.995923040240527],[-46.71297831719125,-23.995923040240527],[-46.713439516229826,-23.996118522165435],[-46.713716235652974,-23.996248843448708],[-46.713854595364545,-23.99618368280707],[-46.713946835172266,-23.995988200882163],[-46.71399295507612,-23.99585787959889],[-46.71399295507612,-23.995662397673986],[-46.7139007152684,-23.995532076390713],[-46.71380847546069,-23.99540175510744],[-46.713577875941404,-23.995206273182532],[-46.71339339632597,-23.99507595189926],[-46.71334727642211,-23.99494563061599],[-46.71339339632597,-23.994880469974355],[-46.7139007152684,-23.99481530933272],[-46.71454639392241,-23.99481530933272],[-46.71468475363399,-23.99481530933272],[-46.7147769934417,-23.994750148691082],[-46.71500759296099,-23.99461982740781],[-46.71519207257642,-23.99461982740781],[-46.715514911903426,-23.994684988049446],[-46.71560715171114,-23.994750148691082],[-46.71574551142271,-23.994880469974355],[-46.71583775123043,-23.99494563061599],[-46.71588387113429,-23.99494563061599],[-46.71602223084586,-23.994880469974355],[-46.71620671046129,-23.99481530933272],[-46.71634507017286,-23.99461982740781],[-46.716483429884434,-23.99461982740781],[-46.7165295497883,-23.99461982740781],[-46.71662178959601,-23.994684988049446],[-46.71666790949987,-23.99481530933272],[-46.716714029403725,-23.99507595189926],[-46.71676014930758,-23.995206273182532],[-46.71676014930758,-23.995466915749077],[-46.71680626921144,-23.99572755831562],[-46.71689850901916,-23.99572755831562],[-46.71708298863459,-23.99572755831562],[-46.71731358815388,-23.99559723703235],[-46.71740582796159,-23.99559723703235],[-46.717498067769306,-23.995662397673986],[-46.71763642748088,-23.99572755831562],[-46.718005386711745,-23.995792718957254],[-46.71809762651946,-23.995792718957254],[-46.71818986632717,-23.995792718957254],[-46.71846658575032,-23.995662397673986],[-46.718558825558034,-23.995662397673986],[-46.71869718526961,-23.99572755831562],[-46.718789425077325,-23.99572755831562],[-46.71897390469275,-23.995532076390713],[-46.71911226440433,-23.995336594465805],[-46.719342863923615,-23.995141112540896],[-46.71961958334676,-23.99494563061599],[-46.71966570325062,-23.99481530933272],[-46.71966570325062,-23.994684988049446],[-46.71966570325062,-23.994554666766174],[-46.71961958334676,-23.994489506124538],[-46.719573463442906,-23.9944243454829],[-46.71952734353905,-23.994294024199633],[-46.719573463442906,-23.994228863557996],[-46.71975794305833,-23.994098542274724],[-46.71994242267377,-23.994033381633088],[-46.720126902289195,-23.99396822099145],[-46.720357501808486,-23.99383789970818],[-46.7204497416162,-23.99370757842491],[-46.72068034113549,-23.9935120965],[-46.72081870084706,-23.993316614575093],[-46.72118766007792,-23.992990811366916],[-46.721279899885644,-23.99292565072528],[-46.721556619308785,-23.99273016880037],[-46.72174109892422,-23.9925998475171],[-46.72187945863579,-23.992534686875462],[-46.722202297962795,-23.992469526233826],[-46.7225251372898,-23.9925998475171],[-46.722617377097514,-23.992665008158735],[-46.722847976616805,-23.99292565072528],[-46.722986336328376,-23.993121132650185],[-46.72317081594381,-23.993316614575093],[-46.72344753536696,-23.9935120965],[-46.72367813488624,-23.993772739066543],[-46.723770374693956,-23.99396822099145],[-46.72409321402096,-23.994228863557996],[-46.724277693636395,-23.9944243454829],[-46.724416053347966,-23.9944243454829],[-46.72446217325182,-23.99435918484127],[-46.72473889267497,-23.994098542274724],[-46.72487725238654,-23.99396822099145],[-46.724923372290405,-23.993903060349815],[-46.72501561209812,-23.993772739066543],[-46.72515397180969,-23.993577257141638],[-46.72543069123284,-23.993446935858366],[-46.72575353055984,-23.99338177521673],[-46.726122489790704,-23.993316614575093],[-46.72621472959842,-23.993316614575093],[-46.72635308930999,-23.99338177521673],[-46.72658368882928,-23.9935120965],[-46.726768168444714,-23.9935120965],[-46.727275487387146,-23.9935120965],[-46.72773668642572,-23.9935120965],[-46.72810564565658,-23.9935120965],[-46.72824400536816,-23.993577257141638],[-46.72824400536816,-23.993642417783274],[-46.72829012527202,-23.993772739066543],[-46.72829012527202,-23.99383789970818],[-46.728336245175875,-23.99396822099145],[-46.728336245175875,-23.994098542274724],[-46.728336245175875,-23.994228863557996],[-46.728336245175875,-23.994294024199633],[-46.7285207247913,-23.99481530933272],[-46.728566844695166,-23.99494563061599],[-46.72865908450288,-23.99507595189926],[-46.728889684022164,-23.995466915749077],[-46.72893580392603,-23.995532076390713],[-46.7290741636376,-23.995662397673986],[-46.72916640344531,-23.99572755831562],[-46.72930476315689,-23.995792718957254],[-46.7293970029646,-23.99585787959889],[-46.72958148258003,-23.99585787959889],[-46.72967372238775,-23.995792718957254],[-46.72981208209932,-23.995662397673986],[-46.72985820200318,-23.99559723703235],[-46.729904321907036,-23.99540175510744],[-46.72995044181089,-23.995336594465805],[-46.72995044181089,-23.995206273182532],[-46.72999656171475,-23.995141112540896],[-46.72999656171475,-23.99507595189926],[-46.73004268161861,-23.995010791257627],[-46.73004268161861,-23.99494563061599],[-46.73008880152247,-23.99481530933272],[-46.73013492142633,-23.994750148691082],[-46.73013492142633,-23.994684988049446],[-46.73022716123404,-23.99461982740781],[-46.73036552094561,-23.994684988049446],[-46.73045776075333,-23.994684988049446],[-46.73050388065719,-23.994684988049446],[-46.730688360272616,-23.99481530933272],[-46.73078060008034,-23.994880469974355],[-46.73087283988805,-23.995010791257627],[-46.73091895979191,-23.99507595189926],[-46.731103439407335,-23.995206273182532],[-46.73124179911891,-23.99527143382417],[-46.73142627873434,-23.99527143382417],[-46.731472398638196,-23.995336594465805],[-46.73156463844592,-23.995336594465805],[-46.731610758349774,-23.99540175510744],[-46.731610758349774,-23.995466915749077],[-46.73170299815749,-23.99559723703235],[-46.731749118061344,-23.99559723703235],[-46.731749118061344,-23.995662397673986],[-46.7317952379652,-23.99572755831562],[-46.73184135786906,-23.99585787959889],[-46.73193359767678,-23.995988200882163],[-46.73207195738835,-23.995988200882163],[-46.732118077292206,-23.995988200882163],[-46.73216419719606,-23.995988200882163],[-46.73221031709992,-23.995988200882163],[-46.732256437003784,-23.995923040240527],[-46.7323486768115,-23.995923040240527],[-46.732394796715354,-23.99585787959889],[-46.73244091661921,-23.99585787959889],[-46.732533156426925,-23.99585787959889],[-46.732625396234646,-23.99585787959889],[-46.732763755946216,-23.99585787959889],[-46.73280987585007,-23.99585787959889],[-46.73294823556164,-23.99585787959889],[-46.73299435546551,-23.99585787959889],[-46.733040475369364,-23.995792718957254],[-46.733178835080935,-23.99572755831562],[-46.73327107488865,-23.995662397673986],[-46.73336331469637,-23.995532076390713],[-46.733409434600226,-23.995532076390713],[-46.73345555450408,-23.995466915749077],[-46.73350167440794,-23.995336594465805],[-46.73364003411951,-23.995141112540896],[-46.73373227392723,-23.99507595189926],[-46.73373227392723,-23.995010791257627],[-46.73377839383109,-23.99494563061599],[-46.733824513734945,-23.994880469974355],[-46.7338706336388,-23.99481530933272],[-46.733962873446515,-23.994750148691082],[-46.73410123315809,-23.994684988049446],[-46.73414735306195,-23.994684988049446],[-46.73428571277352,-23.99461982740781],[-46.734377952581234,-23.99461982740781],[-46.73456243219667,-23.99461982740781],[-46.73479303171596,-23.99461982740781],[-46.73511587104296,-23.994554666766174],[-46.73530035065839,-23.994554666766174],[-46.735392590466105,-23.994554666766174],[-46.73571542979311,-23.994489506124538],[-46.73599214921626,-23.99435918484127],[-46.73631498854326,-23.994228863557996],[-46.73654558806255,-23.99416370291636],[-46.73673006767798,-23.994098542274724],[-46.73700678710113,-23.99396822099145],[-46.7371451468127,-23.993903060349815],[-46.73728350652427,-23.99370757842491],[-46.73742186623585,-23.993577257141638],[-46.737467986139706,-23.993446935858366],[-46.73751410604356,-23.993316614575093],[-46.73756022594742,-23.99318629329182],[-46.73765246575513,-23.99292565072528],[-46.73769858565899,-23.992795329442007],[-46.73769858565899,-23.992665008158735],[-46.73769858565899,-23.992469526233826],[-46.737744705562854,-23.992339204950557],[-46.73783694537057,-23.992208883667285],[-46.737883065274424,-23.99214372302565],[-46.738021424985995,-23.992013401742376],[-46.73815978469757,-23.99194824110074],[-46.73829814440914,-23.99194824110074],[-46.73843650412072,-23.99194824110074],[-46.73857486383229,-23.991883080459104],[-46.738667103640005,-23.991883080459104],[-46.738897703159296,-23.99194824110074],[-46.73908218277472,-23.992013401742376],[-46.73912830267858,-23.992078562384012],[-46.739451142005585,-23.99240436559219],[-46.739543381813306,-23.992469526233826],[-46.73963562162102,-23.992469526233826],[-46.739681741524876,-23.992469526233826],[-46.73982010123645,-23.992469526233826],[-46.73991234104417,-23.992469526233826],[-46.740096820659595,-23.99240436559219],[-46.74055801969817,-23.99227404430892],[-46.74111145854447,-23.992208883667285],[-46.74124981825604,-23.99214372302565],[-46.741295938159894,-23.99214372302565],[-46.74143429787147,-23.992078562384012],[-46.741526537679185,-23.99194824110074],[-46.741664897390756,-23.991883080459104],[-46.741757137198476,-23.991817919817468],[-46.74180325710233,-23.991817919817468],[-46.74184937700619,-23.99175275917583],[-46.74189549691005,-23.99175275917583],[-46.74198773671776,-23.99175275917583],[-46.742172216333195,-23.9916875985342],[-46.742448935756336,-23.9916875985342],[-46.74263341537177,-23.9916875985342],[-46.742725655179484,-23.99175275917583],[-46.74286401489106,-23.99175275917583],[-46.74300237460263,-23.99175275917583],[-46.743094614410346,-23.99175275917583],[-46.74318685421806,-23.991817919817468],[-46.74327909402578,-23.991817919817468],[-46.74332521392964,-23.991883080459104],[-46.74346357364121,-23.992013401742376],[-46.743509693545064,-23.99214372302565],[-46.743509693545064,-23.992208883667285],[-46.743509693545064,-23.99240436559219],[-46.74341745373735,-23.992469526233826],[-46.743371333833494,-23.992665008158735],[-46.74332521392964,-23.992795329442007],[-46.74327909402578,-23.992860490083643],[-46.74327909402578,-23.99292565072528],[-46.743371333833494,-23.99305597200855],[-46.74341745373735,-23.99305597200855],[-46.743509693545064,-23.993121132650185],[-46.743601933352785,-23.99318629329182],[-46.743740293064356,-23.99318629329182],[-46.74378641296821,-23.993251453933457],[-46.74397089258365,-23.993251453933457],[-46.74406313239136,-23.993251453933457],[-46.74424761200679,-23.993316614575093],[-46.74429373191065,-23.993316614575093],[-46.744385971718366,-23.993316614575093],[-46.74443209162222,-23.99338177521673],[-46.74447821152608,-23.99338177521673],[-46.744524331429936,-23.993446935858366],[-46.74457045133379,-23.993577257141638],[-46.744662691141514,-23.993642417783274],[-46.74470881104537,-23.99370757842491],[-46.74475493094923,-23.993772739066543],[-46.74484717075694,-23.993772739066543],[-46.7448932906608,-23.993772739066543],[-46.74498553046851,-23.993772739066543],[-46.74512389018009,-23.993772739066543],[-46.745170010083946,-23.993772739066543],[-46.74530836979552,-23.993772739066543],[-46.74535448969937,-23.993772739066543],[-46.74549284941095,-23.99383789970818],[-46.745585089218665,-23.993903060349815],[-46.74563120912252,-23.993903060349815],[-46.745723448930235,-23.99396822099145],[-46.7457695688341,-23.99396822099145],[-46.74586180864181,-23.99396822099145],[-46.745954048449526,-23.99396822099145],[-46.74604628825724,-23.993903060349815],[-46.7460924081611,-23.993903060349815],[-46.74613852806496,-23.99383789970818],[-46.74618464796882,-23.993772739066543],[-46.746230767872675,-23.99370757842491],[-46.74632300768039,-23.993642417783274],[-46.7464152474881,-23.993642417783274],[-46.74646136739196,-23.993577257141638],[-46.74655360719968,-23.993577257141638],[-46.74664584700739,-23.993577257141638],[-46.74673808681511,-23.993577257141638],[-46.74683032662282,-23.993642417783274],[-46.74683032662282,-23.99370757842491],[-46.74683032662282,-23.993772739066543],[-46.74683032662282,-23.99383789970818],[-46.74683032662282,-23.993903060349815],[-46.74683032662282,-23.994033381633088],[-46.74683032662282,-23.994098542274724],[-46.74683032662282,-23.994228863557996],[-46.746876446526684,-23.994294024199633],[-46.746876446526684,-23.99435918484127],[-46.74692256643054,-23.9944243454829],[-46.7469686863344,-23.9944243454829],[-46.74706092614211,-23.9944243454829],[-46.747153165949825,-23.9944243454829],[-46.74719928585368,-23.99435918484127],[-46.7472915256614,-23.99435918484127],[-46.7472915256614,-23.994294024199633],[-46.74738376546912,-23.994228863557996],[-46.74742988537297,-23.99416370291636],[-46.74747600527683,-23.99416370291636],[-46.74752212518069,-23.99416370291636],[-46.74752212518069,-23.994033381633088],[-46.747568245084544,-23.994033381633088],[-46.74761436498841,-23.99396822099145],[-46.747660484892265,-23.99396822099145],[-46.74770660479612,-23.99396822099145],[-46.74784496450769,-23.994033381633088],[-46.74789108441155,-23.994033381633088],[-46.74798332421927,-23.994098542274724],[-46.7481678038347,-23.994228863557996],[-46.74835228345013,-23.994294024199633],[-46.748444523257845,-23.994294024199633],[-46.74853676306556,-23.994228863557996],[-46.74862900287327,-23.99416370291636],[-46.74862900287327,-23.994098542274724],[-46.74862900287327,-23.994033381633088],[-46.74853676306556,-23.993903060349815],[-46.74853676306556,-23.99383789970818],[-46.74853676306556,-23.993772739066543],[-46.748582882969416,-23.993772739066543],[-46.748675122777136,-23.993772739066543],[-46.74872124268099,-23.99383789970818],[-46.74881348248871,-23.99383789970818],[-46.748859602392564,-23.993903060349815],[-46.74890572229642,-23.993903060349815],[-46.749044082008,-23.99396822099145],[-46.74913632181571,-23.994033381633088],[-46.74918244171957,-23.994098542274724],[-46.74927468152728,-23.994098542274724],[-46.74927468152728,-23.99416370291636],[-46.74932080143114,-23.994228863557996],[-46.74932080143114,-23.994294024199633],[-46.74932080143114,-23.99435918484127],[-46.749366921334996,-23.994489506124538],[-46.749366921334996,-23.994554666766174],[-46.74945916114272,-23.994684988049446],[-46.749505281046574,-23.994750148691082],[-46.74955140095043,-23.994750148691082],[-46.74959752085429,-23.99481530933272],[-46.749643640758144,-23.994880469974355],[-46.749643640758144,-23.99494563061599],[-46.74959752085429,-23.995010791257627],[-46.74955140095043,-23.995010791257627],[-46.749505281046574,-23.99507595189926],[-46.74945916114272,-23.995206273182532],[-46.74941304123886,-23.99527143382417],[-46.74941304123886,-23.995336594465805],[-46.74941304123886,-23.995466915749077],[-46.74941304123886,-23.995532076390713],[-46.74941304123886,-23.995662397673986],[-46.74941304123886,-23.99572755831562],[-46.74955140095043,-23.995792718957254],[-46.74973588056586,-23.99585787959889],[-46.749874240277435,-23.99585787959889],[-46.74992036018129,-23.99585787959889],[-46.75015095970058,-23.99585787959889],[-46.75033543931601,-23.99585787959889],[-46.75038155921987,-23.995923040240527],[-46.750427679123725,-23.995988200882163],[-46.750519918931445,-23.9960533615238],[-46.750519918931445,-23.996118522165435],[-46.750519918931445,-23.99618368280707],[-46.7505660388353,-23.996248843448708],[-46.75061215873916,-23.996248843448708],[-46.75061215873916,-23.996314004090344],[-46.750658278643016,-23.996444325373613],[-46.750658278643016,-23.996574646656885],[-46.75070439854687,-23.99663980729852],[-46.75070439854687,-23.996704967940158],[-46.750796638354586,-23.996704967940158],[-46.75088887816231,-23.996704967940158],[-46.75102723787388,-23.996704967940158],[-46.751073357777734,-23.996704967940158],[-46.75111947768159,-23.996704967940158],[-46.75116559758545,-23.996704967940158],[-46.751211717489305,-23.99663980729852],[-46.75125783739317,-23.99663980729852],[-46.751303957297026,-23.996574646656885],[-46.751303957297026,-23.99650948601525],[-46.75135007720088,-23.99637916473198],[-46.75139619710474,-23.996314004090344],[-46.75148843691245,-23.996248843448708],[-46.75158067672017,-23.99618368280707],[-46.7517651563356,-23.996118522165435],[-46.751857396143315,-23.9960533615238],[-46.75199575585489,-23.9960533615238],[-46.75213411556646,-23.9960533615238],[-46.75222635537418,-23.996118522165435],[-46.75231859518189,-23.996118522165435],[-46.752364715085754,-23.996118522165435],[-46.752503074797325,-23.996248843448708],[-46.75254919470118,-23.996314004090344],[-46.75259531460504,-23.99637916473198],[-46.75259531460504,-23.996444325373613],[-46.75259531460504,-23.996574646656885],[-46.75254919470118,-23.996574646656885],[-46.75254919470118,-23.996704967940158],[-46.752503074797325,-23.996770128581794],[-46.75245695489347,-23.99683528922343],[-46.752364715085754,-23.996965610506702],[-46.752364715085754,-23.99703077114834],[-46.75227247527803,-23.99709593178997],[-46.75222635537418,-23.997226253073244],[-46.75222635537418,-23.99729141371488],[-46.75227247527803,-23.99748689563979],[-46.75231859518189,-23.997552056281425],[-46.75245695489347,-23.997812698847966],[-46.752641434508895,-23.99807334141451],[-46.752641434508895,-23.998138502056147],[-46.75282591412433,-23.99839914462269],[-46.75287203402819,-23.99852946590596],[-46.75291815393204,-23.99872494783087],[-46.75301039373976,-23.998920429755778],[-46.753056513643614,-23.998985590397414],[-46.753056513643614,-23.99918107232232],[-46.753056513643614,-23.999246232963955],[-46.753056513643614,-23.99931139360559],[-46.753056513643614,-23.999376554247227],[-46.75301039373976,-23.9995068755305],[-46.7529642738359,-23.999572036172136],[-46.7529642738359,-23.999637196813772],[-46.753056513643614,-23.99970235745541],[-46.753056513643614,-23.999767518097045],[-46.753148753451335,-23.999767518097045],[-46.75319487335519,-23.999767518097045],[-46.75333323306676,-23.999767518097045],[-46.75347159277834,-23.999767518097045],[-46.75356383258605,-23.999832678738677],[-46.7538405520092,-23.999767518097045],[-46.75388667191306,-23.999767518097045],[-46.75402503162463,-23.999767518097045],[-46.754071151528485,-23.99970235745541],[-46.75411727143234,-23.99970235745541],[-46.75420951124006,-23.99970235745541],[-46.75430175104778,-23.999767518097045],[-46.754347870951634,-23.999897839380314],[-46.75439399085549,-24.000028160663586],[-46.75439399085549,-24.000093321305222],[-46.75444011075935,-24.00015848194686],[-46.754486230663204,-24.000223642588494],[-46.75476295008635,-24.000353963871767],[-46.754855189894066,-24.000419124513403],[-46.75494742970179,-24.000549445796672],[-46.75494742970179,-24.000614606438308],[-46.75494742970179,-24.000679767079944],[-46.75494742970179,-24.00074492772158],[-46.75490130979793,-24.00074492772158],[-46.75490130979793,-24.000810088363217],[-46.754855189894066,-24.000875249004853],[-46.754855189894066,-24.001005570288125],[-46.754855189894066,-24.00120105221303],[-46.754855189894066,-24.001331373496303],[-46.754855189894066,-24.00139653413794],[-46.754855189894066,-24.001461694779575],[-46.7550396695095,-24.001657176704484],[-46.75508578941336,-24.00172233734612],[-46.75517802922107,-24.001787497987753],[-46.75522414912493,-24.00185265862939],[-46.75527026902879,-24.001917819271025],[-46.755362508836505,-24.00198297991266],[-46.75545474864422,-24.002048140554297],[-46.75554698845193,-24.002113301195934],[-46.75559310835579,-24.00217846183757],[-46.75568534816351,-24.00217846183757],[-46.755777587971224,-24.002243622479206],[-46.75586982777894,-24.002308783120842],[-46.75596206758665,-24.002308783120842],[-46.756008187490515,-24.00237394376248],[-46.75605430739437,-24.00237394376248],[-46.75610042729823,-24.002439104404115],[-46.756146547202086,-24.002504265045747],[-46.7562387870098,-24.002504265045747],[-46.756284906913656,-24.002504265045747],[-46.75646938652909,-24.002504265045747],[-46.75660774624066,-24.002504265045747],[-46.756699986048375,-24.002504265045747],[-46.75674610595224,-24.002569425687383],[-46.75688446566381,-24.002569425687383],[-46.756930585567666,-24.002569425687383],[-46.75729954479853,-24.002764907612292],[-46.757345664702385,-24.002764907612292],[-46.75748402441396,-24.002895228895564],[-46.75753014431782,-24.0029603895372],[-46.75762238412553,-24.003025550178837],[-46.75766850402939,-24.003090710820473],[-46.757714623933246,-24.003155871462106],[-46.75780686374096,-24.003221032103742],[-46.757852983644824,-24.003221032103742],[-46.75794522345254,-24.003286192745378],[-46.757991343356395,-24.003286192745378],[-46.757991343356395,-24.003155871462106],[-46.75794522345254,-24.003155871462106],[-46.75794522345254,-24.003090710820473],[-46.75789910354868,-24.0029603895372],[-46.757852983644824,-24.002895228895564],[-46.75780686374096,-24.002830068253928],[-46.75766850402939,-24.00263458632902],[-46.75766850402939,-24.002569425687383],[-46.75766850402939,-24.002504265045747],[-46.7577607438371,-24.002439104404115],[-46.757991343356395,-24.00237394376248],[-46.75817582297182,-24.002308783120842],[-46.758360302587256,-24.002308783120842],[-46.758637022010404,-24.002308783120842],[-46.758913741433545,-24.00237394376248],[-46.75895986133741,-24.00237394376248],[-46.75905210114512,-24.002439104404115],[-46.75923658076055,-24.002504265045747],[-46.75932882056827,-24.002504265045747],[-46.75946718027984,-24.002569425687383],[-46.75960553999141,-24.00263458632902],[-46.75974389970299,-24.002569425687383],[-46.75979001960685,-24.002569425687383],[-46.75992837931842,-24.002569425687383],[-46.76002061912614,-24.002569425687383],[-46.76011285893385,-24.002569425687383],[-46.76025121864542,-24.002569425687383],[-46.760343458453136,-24.00263458632902],[-46.760435698260856,-24.00263458632902],[-46.76052793806857,-24.00263458632902],[-46.76057405797243,-24.002699746970656],[-46.760712417684,-24.002699746970656],[-46.760850777395575,-24.002764907612292],[-46.76089689729943,-24.002764907612292],[-46.76108137691486,-24.002830068253928],[-46.76112749681872,-24.002895228895564],[-46.76121973662644,-24.002895228895564],[-46.76131197643415,-24.0029603895372],[-46.761404216241864,-24.0029603895372],[-46.7615886958573,-24.003090710820473],[-46.761634815761155,-24.003090710820473],[-46.761773175472726,-24.003221032103742],[-46.76181929537658,-24.003221032103742],[-46.7619115351843,-24.003351353387014],[-46.76195765508816,-24.00341651402865],[-46.76195765508816,-24.003481674670287],[-46.76200377499202,-24.003546835311923],[-46.762049894895874,-24.00361199595356],[-46.762049894895874,-24.003677156595195],[-46.762049894895874,-24.00374231723683],[-46.762049894895874,-24.003807477878464],[-46.762049894895874,-24.0038726385201],[-46.762049894895874,-24.003937799161736],[-46.762049894895874,-24.004002959803373],[-46.762049894895874,-24.00406812044501],[-46.762049894895874,-24.004133281086645],[-46.76209601479973,-24.00419844172828],[-46.76214213470359,-24.004328763011554],[-46.762280494415165,-24.00439392365319],[-46.762280494415165,-24.004459084294826],[-46.76232661431902,-24.00452424493646],[-46.76237273422288,-24.004589405578095],[-46.76237273422288,-24.00465456621973],[-46.762418854126736,-24.004719726861367],[-46.76246497403059,-24.00485004814464],[-46.76251109393445,-24.004915208786276],[-46.762557213838306,-24.004980369427912],[-46.76260333374217,-24.004980369427912],[-46.76264945364603,-24.004915208786276],[-46.762695573549884,-24.00485004814464],[-46.762695573549884,-24.004719726861367],[-46.76274169345374,-24.004719726861367],[-46.7627878133576,-24.00465456621973],[-46.762833933261454,-24.00452424493646],[-46.76288005316531,-24.004459084294826],[-46.76297229297303,-24.004459084294826],[-46.76297229297303,-24.00439392365319],[-46.76301841287689,-24.00439392365319],[-46.763064532780746,-24.00439392365319],[-46.76324901239617,-24.004328763011554],[-46.763479611915464,-24.004263602369917],[-46.763710211434756,-24.004263602369917],[-46.763848571146326,-24.004328763011554],[-46.76389469105018,-24.00439392365319],[-46.76403305076175,-24.00452424493646],[-46.76417141047333,-24.004589405578095],[-46.764263650281045,-24.004589405578095],[-46.764494249800336,-24.00452424493646],[-46.76454036970419,-24.004459084294826],[-46.76467872941576,-24.004459084294826],[-46.76472484931962,-24.00439392365319],[-46.7648632090312,-24.004328763011554],[-46.76495544883891,-24.004328763011554],[-46.765047688646625,-24.004263602369917],[-46.7651860483582,-24.00419844172828],[-46.76537052797363,-24.004133281086645],[-46.765555007589064,-24.00406812044501],[-46.765831727012205,-24.00406812044501],[-46.76597008672378,-24.00406812044501],[-46.76620068624307,-24.004133281086645],[-46.76624680614693,-24.004133281086645],[-46.766477405666215,-24.00419844172828],[-46.76656964547393,-24.004263602369917],[-46.76680024499322,-24.00439392365319],[-46.76684636489708,-24.004459084294826],[-46.766984724608655,-24.004589405578095],[-46.766984724608655,-24.00465456621973],[-46.767123084320225,-24.004784887503003],[-46.76716920422408,-24.004980369427912],[-46.76721532412794,-24.005045530069548],[-46.76721532412794,-24.005110690711184],[-46.767261444031796,-24.005241011994453],[-46.76744592364723,-24.005371333277726],[-46.767538163454944,-24.005436493919362],[-46.767538163454944,-24.005501654560998],[-46.7675842833588,-24.00563197584427],[-46.76763040326266,-24.00563197584427],[-46.76763040326266,-24.005697136485907],[-46.767676523166514,-24.005762297127543],[-46.76772264307038,-24.005762297127543],[-46.76795324258966,-24.005827457769175],[-46.76795324258966,-24.00589261841081],[-46.76809160230124,-24.005957779052448],[-46.768183842108954,-24.00608810033572],[-46.768183842108954,-24.006153260977356],[-46.768183842108954,-24.006218421618993],[-46.768183842108954,-24.006348742902265],[-46.768183842108954,-24.0064139035439],[-46.768183842108954,-24.006479064185537],[-46.768183842108954,-24.00654422482717],[-46.768183842108954,-24.006609385468806],[-46.768322201820524,-24.006935188676987],[-46.7684605615321,-24.007000349318623],[-46.76850668143596,-24.007000349318623],[-46.76859892124367,-24.007130670601896],[-46.768691161051386,-24.007260991885165],[-46.768691161051386,-24.0073261525268],[-46.76873728095524,-24.007456473810073],[-46.7687834008591,-24.007456473810073],[-46.76887564066682,-24.007651955734982],[-46.76887564066682,-24.007717116376618],[-46.76892176057068,-24.007782277018254],[-46.76901400037839,-24.007847437659887],[-46.76906012028225,-24.007912598301523],[-46.769106240186105,-24.00797775894316],[-46.76915236008996,-24.008042919584796],[-46.769198479993825,-24.008042919584796],[-46.769198479993825,-24.00810808022643],[-46.76929071980154,-24.00810808022643],[-46.76929071980154,-24.008173240868068],[-46.76942907951311,-24.008173240868068],[-46.76952131932083,-24.008173240868068],[-46.769613559128544,-24.008173240868068],[-46.7696596790324,-24.008173240868068],[-46.76979803874397,-24.008173240868068],[-46.769982518359406,-24.008042919584796],[-46.77002863826326,-24.008042919584796],[-46.77016699797483,-24.00797775894316],[-46.770259237782554,-24.00797775894316],[-46.77035147759027,-24.00797775894316],[-46.77048983730184,-24.00797775894316],[-46.77067431691727,-24.008042919584796],[-46.770766556724986,-24.008042919584796],[-46.77081267662884,-24.008042919584796],[-46.77095103634041,-24.00797775894316],[-46.77099715624428,-24.007912598301523],[-46.771043276148134,-24.007912598301523],[-46.77108939605199,-24.007912598301523],[-46.771181635859705,-24.007847437659887],[-46.77122775576356,-24.007847437659887],[-46.771319995571275,-24.007782277018254],[-46.77136611547514,-24.007782277018254],[-46.771412235378996,-24.007717116376618],[-46.77150447518671,-24.007717116376618],[-46.77159671499442,-24.007717116376618],[-46.77164283489828,-24.007717116376618],[-46.77191955432143,-24.007717116376618],[-46.77201179412914,-24.007651955734982],[-46.77210403393686,-24.007586795093346],[-46.77215015384072,-24.007456473810073],[-46.772196273744576,-24.0073261525268],[-46.77224239364843,-24.007260991885165],[-46.77224239364843,-24.00719583124353],[-46.77228851355229,-24.00706550996026],[-46.772380753360004,-24.006804867393715],[-46.77242687326386,-24.006674546110442],[-46.77242687326386,-24.006348742902265],[-46.77242687326386,-24.00628358226063],[-46.772472993167725,-24.006022939694084],[-46.77256523297544,-24.005827457769175],[-46.772611352879295,-24.005762297127543],[-46.77279583249472,-24.005697136485907],[-46.772841952398586,-24.00563197584427],[-46.7729341922063,-24.005566815202634],[-46.77311867182173,-24.005566815202634],[-46.773164791725584,-24.005501654560998],[-46.77321091162945,-24.005501654560998],[-46.773395391244875,-24.005436493919362],[-46.77344151114873,-24.005436493919362],[-46.77362599076417,-24.005241011994453],[-46.77367211066802,-24.005175851352817],[-46.77371823057188,-24.005110690711184],[-46.773810470379594,-24.005045530069548],[-46.77390271018731,-24.005045530069548],[-46.77399494999503,-24.005045530069548],[-46.77408718980274,-24.005045530069548],[-46.774179429610456,-24.004915208786276],[-46.77427166941817,-24.004784887503003],[-46.77427166941817,-24.00465456621973],[-46.77427166941817,-24.00452424493646],[-46.77422554951431,-24.00439392365319],[-46.774179429610456,-24.004328763011554],[-46.7741333097066,-24.004263602369917],[-46.77408718980274,-24.004263602369917],[-46.77408718980274,-24.00419844172828],[-46.774041069898885,-24.00419844172828],[-46.774041069898885,-24.004133281086645],[-46.77408718980274,-24.00406812044501],[-46.77408718980274,-24.004002959803373],[-46.7741333097066,-24.003937799161736],[-46.774179429610456,-24.0038726385201],[-46.77422554951431,-24.0038726385201],[-46.77427166941817,-24.003807477878464],[-46.77436390922589,-24.0038726385201],[-46.774594508745174,-24.003937799161736],[-46.77464062864904,-24.004002959803373],[-46.77473286845675,-24.00406812044501],[-46.77477898836061,-24.00406812044501],[-46.774825108264466,-24.004002959803373],[-46.77477898836061,-24.003937799161736],[-46.77473286845675,-24.0038726385201],[-46.774686748552895,-24.003807477878464],[-46.77464062864904,-24.00374231723683],[-46.774594508745174,-24.003677156595195],[-46.77454838884132,-24.00361199595356],[-46.77450226893746,-24.003546835311923],[-46.77441002912975,-24.00341651402865],[-46.77436390922589,-24.003351353387014],[-46.77431778932203,-24.003286192745378],[-46.77427166941817,-24.003221032103742],[-46.77422554951431,-24.003155871462106],[-46.774179429610456,-24.003090710820473],[-46.7741333097066,-24.003025550178837],[-46.77408718980274,-24.002895228895564],[-46.774041069898885,-24.002830068253928],[-46.77399494999503,-24.002764907612292],[-46.77399494999503,-24.002699746970656],[-46.77394883009117,-24.00263458632902],[-46.77394883009117,-24.002569425687383],[-46.77390271018731,-24.002504265045747],[-46.77390271018731,-24.002439104404115],[-46.77385659028345,-24.00237394376248],[-46.77385659028345,-24.002308783120842],[-46.773810470379594,-24.002243622479206],[-46.773810470379594,-24.00217846183757],[-46.773810470379594,-24.002113301195934],[-46.773810470379594,-24.002048140554297],[-46.773810470379594,-24.00198297991266],[-46.77385659028345,-24.001917819271025],[-46.77385659028345,-24.00185265862939],[-46.77385659028345,-24.001657176704484],[-46.773810470379594,-24.00152685542121],[-46.77376435047574,-24.00139653413794],[-46.77367211066802,-24.001331373496303],[-46.77357987086031,-24.001331373496303],[-46.773533750956446,-24.001266212854667],[-46.77348763105259,-24.001266212854667],[-46.77344151114873,-24.001266212854667],[-46.77330315143716,-24.001266212854667],[-46.773257031533305,-24.001266212854667],[-46.773164791725584,-24.00120105221303],[-46.77298031211016,-24.001135891571394],[-46.77265747278315,-24.00107073092976],[-46.772472993167725,-24.00107073092976],[-46.77242687326386,-24.00107073092976],[-46.772057914033,-24.001135891571394],[-46.77155059509057,-24.00107073092976],[-46.77150447518671,-24.00107073092976],[-46.77136611547514,-24.00107073092976],[-46.771319995571275,-24.00107073092976],[-46.77113551595585,-24.00107073092976],[-46.771043276148134,-24.00107073092976],[-46.77090491643656,-24.00107073092976],[-46.77081267662884,-24.00107073092976],[-46.770766556724986,-24.001135891571394],[-46.77072043682113,-24.00120105221303],[-46.77072043682113,-24.001331373496303],[-46.770766556724986,-24.001461694779575],[-46.7708587965327,-24.001592016062848],[-46.7708587965327,-24.001657176704484],[-46.77081267662884,-24.001657176704484],[-46.77072043682113,-24.001657176704484],[-46.77072043682113,-24.001592016062848],[-46.77067431691727,-24.00152685542121],[-46.77058207710955,-24.00139653413794],[-46.77048983730184,-24.001266212854667],[-46.77048983730184,-24.00120105221303],[-46.77035147759027,-24.001005570288125],[-46.77035147759027,-24.00094040964649],[-46.77030535768641,-24.000875249004853],[-46.770259237782554,-24.000810088363217],[-46.77021311787869,-24.00074492772158],[-46.770120878070976,-24.000614606438308],[-46.77007475816712,-24.000549445796672],[-46.77007475816712,-24.000484285155036],[-46.77002863826326,-24.000353963871767],[-46.769982518359406,-24.000223642588494],[-46.76993639845555,-24.00015848194686],[-46.76989027855169,-24.000028160663586],[-46.76984415864783,-23.99996300002195],[-46.769751918840115,-23.999897839380314],[-46.7696596790324,-23.999767518097045],[-46.769613559128544,-23.999767518097045],[-46.76952131932083,-23.999637196813772],[-46.769475199416966,-23.999637196813772],[-46.76938295960925,-23.999572036172136],[-46.769336839705396,-23.999572036172136],[-46.76924459989768,-23.9995068755305],[-46.769198479993825,-23.9995068755305],[-46.76915236008996,-23.9995068755305],[-46.769106240186105,-23.9995068755305],[-46.768967880474534,-23.999441714888864],[-46.768829520762964,-23.99931139360559],[-46.768691161051386,-23.999246232963955],[-46.76864504114753,-23.999246232963955],[-46.76850668143596,-23.99918107232232],[-46.7684605615321,-23.99918107232232],[-46.768322201820524,-23.999115911680683],[-46.76822996201281,-23.99905075103905],[-46.768183842108954,-23.99905075103905],[-46.768183842108954,-23.998985590397414],[-46.76809160230124,-23.998920429755778],[-46.768045482397376,-23.99885526911414],[-46.76795324258966,-23.998790108472505],[-46.767907122685806,-23.998790108472505],[-46.76786100278195,-23.998659787189233],[-46.76786100278195,-23.998594626547597],[-46.76786100278195,-23.99852946590596],[-46.767907122685806,-23.998464305264324],[-46.76799936249352,-23.998333983981055],[-46.768045482397376,-23.99826882333942],[-46.76809160230124,-23.998203662697783],[-46.7681377222051,-23.998138502056147],[-46.768183842108954,-23.99807334141451],[-46.768183842108954,-23.99794302013124],[-46.76827608191667,-23.997812698847966],[-46.768322201820524,-23.997812698847966],[-46.768322201820524,-23.997747538206333],[-46.76836832172438,-23.997747538206333],[-46.76841444162824,-23.997682377564697],[-46.76859892124367,-23.997552056281425],[-46.76864504114753,-23.997552056281425],[-46.768691161051386,-23.99748689563979],[-46.7687834008591,-23.997421734998152],[-46.768829520762964,-23.997356574356516],[-46.76887564066682,-23.99729141371488],[-46.768967880474534,-23.997226253073244],[-46.76906012028225,-23.997161092431607],[-46.769106240186105,-23.997161092431607],[-46.769198479993825,-23.99709593178997],[-46.769198479993825,-23.99703077114834],[-46.76929071980154,-23.996900449865066],[-46.769336839705396,-23.99683528922343],[-46.76942907951311,-23.996704967940158],[-46.76942907951311,-23.996574646656885],[-46.769475199416966,-23.996574646656885],[-46.769475199416966,-23.99650948601525],[-46.769475199416966,-23.99637916473198],[-46.76942907951311,-23.996314004090344],[-46.76938295960925,-23.99618368280707],[-46.769336839705396,-23.99618368280707],[-46.76924459989768,-23.996118522165435],[-46.76915236008996,-23.996118522165435],[-46.76915236008996,-23.9960533615238],[-46.76901400037839,-23.9960533615238],[-46.768967880474534,-23.995988200882163],[-46.76887564066682,-23.995923040240527],[-46.768829520762964,-23.995923040240527],[-46.7687834008591,-23.995923040240527],[-46.76873728095524,-23.99585787959889],[-46.768691161051386,-23.99585787959889],[-46.76859892124367,-23.995923040240527],[-46.768552801339816,-23.995923040240527],[-46.7684605615321,-23.995923040240527],[-46.768322201820524,-23.99585787959889],[-46.76827608191667,-23.99585787959889],[-46.768183842108954,-23.995792718957254],[-46.76809160230124,-23.99572755831562],[-46.76795324258966,-23.995662397673986],[-46.76781488287809,-23.995662397673986],[-46.76772264307038,-23.995662397673986],[-46.767676523166514,-23.995662397673986],[-46.7675842833588,-23.995662397673986],[-46.76744592364723,-23.99572755831562],[-46.76735368383952,-23.99572755831562],[-46.767261444031796,-23.99572755831562],[-46.76721532412794,-23.995662397673986],[-46.76716920422408,-23.99559723703235],[-46.76716920422408,-23.995532076390713],[-46.767123084320225,-23.995466915749077],[-46.76707696441637,-23.99540175510744],[-46.76707696441637,-23.995336594465805],[-46.76703084451251,-23.99527143382417],[-46.76703084451251,-23.995206273182532],[-46.766984724608655,-23.995141112540896],[-46.766984724608655,-23.99507595189926],[-46.76693860470479,-23.99494563061599],[-46.76693860470479,-23.99481530933272],[-46.766892484800934,-23.994684988049446],[-46.76680024499322,-23.994554666766174],[-46.76670800518551,-23.9944243454829],[-46.76670800518551,-23.99435918484127],[-46.76670800518551,-23.994228863557996],[-46.76670800518551,-23.99416370291636],[-46.76670800518551,-23.994098542274724],[-46.76670800518551,-23.99396822099145],[-46.76666188528165,-23.99383789970818],[-46.76656964547393,-23.99370757842491],[-46.76652352557007,-23.993642417783274],[-46.76643128576236,-23.9935120965],[-46.76643128576236,-23.993446935858366],[-46.7663851658585,-23.99338177521673],[-46.7663851658585,-23.993316614575093],[-46.766339045954645,-23.993251453933457],[-46.766339045954645,-23.99318629329182],[-46.766339045954645,-23.99305597200855],[-46.766339045954645,-23.99292565072528],[-46.766339045954645,-23.992860490083643],[-46.7663851658585,-23.99273016880037],[-46.7663851658585,-23.9925998475171],[-46.76643128576236,-23.9925998475171],[-46.76643128576236,-23.992534686875462],[-46.76643128576236,-23.992469526233826],[-46.766477405666215,-23.99240436559219],[-46.766477405666215,-23.992339204950557],[-46.766477405666215,-23.99227404430892],[-46.766477405666215,-23.992208883667285],[-46.766477405666215,-23.992078562384012],[-46.76643128576236,-23.99194824110074],[-46.76643128576236,-23.991817919817468],[-46.766339045954645,-23.99175275917583],[-46.76629292605079,-23.9916875985342],[-46.76624680614693,-23.991622437892563],[-46.76620068624307,-23.991622437892563],[-46.7660623265315,-23.991557277250926],[-46.76601620662764,-23.99149211660929],[-46.765923966819926,-23.99149211660929],[-46.76587784691607,-23.99149211660929],[-46.765831727012205,-23.99149211660929],[-46.76578560710835,-23.991361795326018],[-46.76573948720449,-23.991231474042745],[-46.76573948720449,-23.991101152759473],[-46.76564724739678,-23.990905670834568],[-46.765555007589064,-23.990840510192932],[-46.765462767781344,-23.99071018890966],[-46.76537052797363,-23.99071018890966],[-46.765278288165916,-23.990645028268023],[-46.76523216826206,-23.990645028268023],[-46.76509380855048,-23.990645028268023],[-46.76495544883891,-23.99071018890966],[-46.764909328935055,-23.99071018890966],[-46.764770969223484,-23.990579867626387],[-46.76467872941576,-23.99051470698475],[-46.76454036970419,-23.990449546343115],[-46.76440200999262,-23.99038438570148],[-46.76417141047333,-23.990319225059846],[-46.7639869308579,-23.990188903776573],[-46.76394081095404,-23.990188903776573],[-46.76394081095404,-23.990123743134937],[-46.7639869308579,-23.989993421851665],[-46.76403305076175,-23.989993421851665],[-46.76407917066562,-23.98992826121003],[-46.76407917066562,-23.989863100568392],[-46.76421753037719,-23.989797939926756],[-46.7643097701849,-23.98973277928512],[-46.7643097701849,-23.989667618643487],[-46.764494249800336,-23.989406976076943],[-46.764494249800336,-23.989341815435306],[-46.76454036970419,-23.989211494152034],[-46.76458648960805,-23.989146333510398],[-46.76463260951191,-23.989016012227125],[-46.76467872941576,-23.988950851585493],[-46.76472484931962,-23.98882053030222],[-46.76472484931962,-23.988755369660584],[-46.76472484931962,-23.988690209018948],[-46.76467872941576,-23.988559887735676],[-46.76458648960805,-23.98849472709404],[-46.76444812989648,-23.988364405810767],[-46.76440200999262,-23.988299245169134],[-46.764263650281045,-23.988234084527498],[-46.76417141047333,-23.988234084527498],[-46.764125290569474,-23.988168923885862],[-46.76403305076175,-23.988168923885862],[-46.76394081095404,-23.988103763244226],[-46.76389469105018,-23.98803860260259],[-46.76380245124247,-23.98803860260259],[-46.76375633133861,-23.987973441960953],[-46.763710211434756,-23.987908281319317],[-46.763617971627035,-23.987908281319317],[-46.763479611915464,-23.987908281319317],[-46.76343349201161,-23.987908281319317],[-46.76329513230003,-23.987908281319317],[-46.76315677258846,-23.987908281319317],[-46.7631106526846,-23.987973441960953],[-46.76297229297303,-23.987973441960953],[-46.76292617306917,-23.98803860260259],[-46.762695573549884,-23.98803860260259],[-46.76260333374217,-23.98803860260259],[-46.76251109393445,-23.988103763244226],[-46.762280494415165,-23.988234084527498],[-46.76209601479973,-23.988429566452403],[-46.76200377499202,-23.988429566452403],[-46.7619115351843,-23.988429566452403],[-46.7619115351843,-23.988364405810767],[-46.76195765508816,-23.988299245169134],[-46.76200377499202,-23.98803860260259],[-46.762049894895874,-23.987908281319317],[-46.762049894895874,-23.987777960036045],[-46.76209601479973,-23.987647638752776],[-46.762049894895874,-23.987517317469504],[-46.762049894895874,-23.987452156827867],[-46.762049894895874,-23.98738699618623],[-46.762049894895874,-23.987191514261323],[-46.76209601479973,-23.986996032336414],[-46.76214213470359,-23.98680055041151],[-46.762188254607445,-23.986670229128237],[-46.762188254607445,-23.986474747203328],[-46.76214213470359,-23.98640958656169],[-46.76195765508816,-23.986344425920056],[-46.76181929537658,-23.986279265278423],[-46.761634815761155,-23.986344425920056],[-46.76154257595344,-23.986344425920056],[-46.761265856530294,-23.986344425920056],[-46.76108137691486,-23.986279265278423],[-46.76094301720329,-23.986214104636787],[-46.76094301720329,-23.986083783353514],[-46.760850777395575,-23.98582314078697],[-46.760850777395575,-23.985692819503697],[-46.76080465749172,-23.98556249822043],[-46.76075853758786,-23.98536701629552],[-46.760712417684,-23.985236695012247],[-46.76057405797243,-23.98517153437061],[-46.76048181816471,-23.98504121308734],[-46.760435698260856,-23.98491089180407],[-46.760389578357,-23.984845731162434],[-46.760389578357,-23.984780570520797],[-46.760389578357,-23.98471540987916],[-46.76048181816471,-23.984650249237525],[-46.760620177876284,-23.984650249237525],[-46.760712417684,-23.98458508859589],[-46.76089689729943,-23.98458508859589],[-46.76094301720329,-23.98458508859589],[-46.761035257011,-23.984519927954253],[-46.76108137691486,-23.984454767312616],[-46.76112749681872,-23.984454767312616],[-46.76117361672258,-23.984324446029344],[-46.76117361672258,-23.98425928538771],[-46.76112749681872,-23.98393348217953],[-46.76108137691486,-23.983868321537894],[-46.760989137107146,-23.983738000254622],[-46.76094301720329,-23.983738000254622],[-46.760712417684,-23.983672839612986],[-46.76052793806857,-23.983607678971353],[-46.760389578357,-23.983542518329717],[-46.76025121864542,-23.983412197046444],[-46.76015897883771,-23.98334703640481],[-46.760066739029995,-23.983216715121536],[-46.76002061912614,-23.983021233196627],[-46.759974499222274,-23.982760590630086],[-46.75988225941456,-23.98249994806354],[-46.7598361395107,-23.982304466138633],[-46.75969777979913,-23.982174144855364],[-46.75960553999141,-23.982108984213728],[-46.759421060375985,-23.981978662930455],[-46.75932882056827,-23.981978662930455],[-46.75914434095284,-23.98191350228882],[-46.75895986133741,-23.981783181005547],[-46.75868314191426,-23.98158769908064],[-46.758637022010404,-23.981522538439005],[-46.75859090210655,-23.981196735230824],[-46.75849866229883,-23.981066413947552],[-46.75845254239497,-23.980936092664283],[-46.758360302587256,-23.980740610739375],[-46.75826806277954,-23.980610289456102],[-46.7583141826834,-23.980414807531194],[-46.75840642249111,-23.98028448624792],[-46.758544782202684,-23.980154164964652],[-46.75868314191426,-23.979958683039744],[-46.758775381721975,-23.97982836175647],[-46.75882150162583,-23.9796980404732],[-46.75886762152969,-23.97956771918993],[-46.758913741433545,-23.979176755340113],[-46.75895986133741,-23.978981273415204],[-46.759005981241266,-23.97845998828212],[-46.759005981241266,-23.97826450635721],[-46.758913741433545,-23.97813418507394],[-46.758544782202684,-23.977938703149032],[-46.7583141826834,-23.977743221224124],[-46.75794522345254,-23.97761289994085],[-46.7577607438371,-23.97754773929922],[-46.75762238412553,-23.97754773929922],[-46.75748402441396,-23.97754773929922],[-46.757345664702385,-23.977678060582488],[-46.75716118508696,-23.97780838186576],[-46.75702282537538,-23.977873542507396],[-46.75688446566381,-23.977938703149032],[-46.75665386614452,-23.977938703149032],[-46.75651550643295,-23.977873542507396],[-46.75637714672138,-23.977678060582488],[-46.75633102681751,-23.977482578657582],[-46.75633102681751,-23.97735225737431],[-46.756423266625234,-23.97689613288286],[-46.756423266625234,-23.97670065095795],[-46.75637714672138,-23.976505169033043],[-46.7562387870098,-23.976049044541593],[-46.75619266710594,-23.975658080691776],[-46.756146547202086,-23.97546259876687],[-46.75610042729823,-23.975397438125235],[-46.75586982777894,-23.975397438125235],[-46.75568534816351,-23.975397438125235],[-46.75554698845193,-23.975397438125235],[-46.755362508836505,-23.97546259876687],[-46.75508578941336,-23.97546259876687],[-46.75494742970179,-23.97546259876687],[-46.754855189894066,-23.975397438125235],[-46.75480906999021,-23.9753322774836],[-46.754855189894066,-23.97494131363378],[-46.75490130979793,-23.97468067106724],[-46.754855189894066,-23.974420028500695],[-46.75480906999021,-23.974159385934154],[-46.75480906999021,-23.97389874336761],[-46.75453235056707,-23.97344261887616],[-46.75453235056707,-23.97324713695125],[-46.75453235056707,-23.97311681566798],[-46.75467071027864,-23.972986494384706],[-46.75527026902879,-23.972725851818165],[-46.755500868548076,-23.972595530534893],[-46.75586982777894,-23.972530369893256],[-46.75633102681751,-23.972530369893256],[-46.756699986048375,-23.972595530534893],[-46.75706894527924,-23.97266069117653],[-46.757207304990814,-23.972725851818165],[-46.75725342489467,-23.972856173101437],[-46.757345664702385,-23.973181976309615],[-46.75748402441396,-23.973312297592887],[-46.757576264221676,-23.973312297592887],[-46.75780686374096,-23.97324713695125],[-46.75817582297182,-23.9727910124598],[-46.758360302587256,-23.972530369893256],[-46.75849866229883,-23.97246520925162],[-46.758637022010404,-23.97246520925162],[-46.758775381721975,-23.972595530534893],[-46.75886762152969,-23.972725851818165],[-46.75886762152969,-23.972856173101437],[-46.75886762152969,-23.97311681566798],[-46.758913741433545,-23.97324713695125],[-46.75895986133741,-23.973312297592887],[-46.75919046085669,-23.973312297592887],[-46.75932882056827,-23.973312297592887],[-46.75946718027984,-23.97344261887616],[-46.75960553999141,-23.97357294015943],[-46.75969777979913,-23.973638100801065],[-46.7598361395107,-23.97357294015943],[-46.7598361395107,-23.97344261887616],[-46.759974499222274,-23.97311681566798],[-46.759974499222274,-23.973051655026342],[-46.76002061912614,-23.973051655026342],[-46.760066739029995,-23.97292133374307],[-46.76011285893385,-23.972856173101437],[-46.760205098741565,-23.972725851818165],[-46.76025121864542,-23.97266069117653],[-46.76029733854928,-23.972595530534893],[-46.760343458453136,-23.972400048609984],[-46.760343458453136,-23.97226972732671],[-46.760343458453136,-23.972074245401807],[-46.760343458453136,-23.971878763476898],[-46.760343458453136,-23.97181360283526],[-46.76029733854928,-23.971618120910353],[-46.76029733854928,-23.971422638985448],[-46.76029733854928,-23.971292317702176],[-46.76029733854928,-23.97122715706054],[-46.76029733854928,-23.97103167513563],[-46.76025121864542,-23.970836193210726],[-46.76025121864542,-23.97077103256909],[-46.760205098741565,-23.970510390002545],[-46.760205098741565,-23.970380068719273],[-46.76025121864542,-23.970380068719273],[-46.760343458453136,-23.970184586794367],[-46.76052793806857,-23.96998910486946],[-46.76052793806857,-23.969923944227823],[-46.76080465749172,-23.969728462302914],[-46.760989137107146,-23.969532980378006],[-46.761265856530294,-23.969402659094737],[-46.76135809633801,-23.9693374984531],[-46.76172705556887,-23.969207177169828],[-46.761773175472726,-23.969142016528192],[-46.76195765508816,-23.969076855886556],[-46.76200377499202,-23.969076855886556],[-46.76209601479973,-23.96901169524492],[-46.76223437451131,-23.968946534603283],[-46.76232661431902,-23.968881373961647],[-46.76237273422288,-23.968816213320014],[-46.76251109393445,-23.96875105267838],[-46.76251109393445,-23.968685892036742],[-46.762557213838306,-23.968620731395106],[-46.76260333374217,-23.968620731395106],[-46.762695573549884,-23.968490410111833],[-46.76274169345374,-23.968490410111833],[-46.76292617306917,-23.968425249470197],[-46.76297229297303,-23.968425249470197],[-46.7631106526846,-23.96836008882856],[-46.76315677258846,-23.968294928186925],[-46.763202892492316,-23.968294928186925],[-46.76324901239617,-23.96822976754529],[-46.76329513230003,-23.96809944626202],[-46.76329513230003,-23.968034285620384],[-46.763341252203894,-23.96790396433711],[-46.763341252203894,-23.967838803695475],[-46.76338737210775,-23.967708482412203],[-46.76343349201161,-23.967187197279117],[-46.763479611915464,-23.967056875995844],[-46.763479611915464,-23.966926554712572],[-46.76352573181932,-23.966796233429303],[-46.763617971627035,-23.96666591214603],[-46.763710211434756,-23.966470430221122],[-46.763710211434756,-23.966405269579486],[-46.763710211434756,-23.966209787654577],[-46.76375633133861,-23.96607946637131],[-46.76375633133861,-23.966014305729672],[-46.76375633133861,-23.965949145088036],[-46.76366409153089,-23.9658839844464],[-46.76352573181932,-23.96568850252149],[-46.76329513230003,-23.96555818123822],[-46.7631106526846,-23.96542785995495],[-46.76292617306917,-23.96523237803004],[-46.76264945364603,-23.965036896105133],[-46.76264945364603,-23.96490657482186],[-46.76260333374217,-23.96490657482186],[-46.76264945364603,-23.96477625353859],[-46.76260333374217,-23.964320129047138],[-46.76237273422288,-23.963733683272416],[-46.76223437451131,-23.96347304070587],[-46.76209601479973,-23.963342719422602],[-46.76209601479973,-23.963277558780966],[-46.762188254607445,-23.96321239813933],[-46.76264945364603,-23.963277558780966],[-46.76297229297303,-23.963342719422602],[-46.763341252203894,-23.96347304070587],[-46.76352573181932,-23.96347304070587],[-46.763617971627035,-23.96347304070587],[-46.76375633133861,-23.963342719422602],[-46.763848571146326,-23.963147237497694],[-46.76389469105018,-23.962951755572785],[-46.76403305076175,-23.96275627364788],[-46.764125290569474,-23.962691113006244],[-46.76421753037719,-23.96256079172297],[-46.76435589008876,-23.962495631081335],[-46.76458648960805,-23.962300149156427],[-46.76472484931962,-23.96223498851479],[-46.76495544883891,-23.96197434594825],[-46.765139928454346,-23.961844024664977],[-46.7651860483582,-23.961844024664977],[-46.76532440806977,-23.961844024664977],[-46.76541664787749,-23.961909185306613],[-46.76550888768521,-23.96197434594825],[-46.76560112749292,-23.962039506589885],[-46.76573948720449,-23.96210466723152],[-46.765831727012205,-23.96210466723152],[-46.76597008672378,-23.962039506589885],[-46.76601620662764,-23.961909185306613],[-46.766108446435354,-23.96177886402334],[-46.76620068624307,-23.96164854274007],[-46.76620068624307,-23.961583382098432],[-46.76629292605079,-23.961518221456796],[-46.7663851658585,-23.96145306081516],[-46.766477405666215,-23.961387900173527],[-46.76652352557007,-23.96132273953189],[-46.76661576537779,-23.961127257606982],[-46.76670800518551,-23.961127257606982],[-46.76670800518551,-23.961062096965346],[-46.76675412508936,-23.961062096965346],[-46.76684636489708,-23.96099693632371],[-46.76703084451251,-23.96099693632371],[-46.76707696441637,-23.960931775682074],[-46.767123084320225,-23.960931775682074],[-46.76721532412794,-23.960931775682074],[-46.76735368383952,-23.96099693632371],[-46.76739980374337,-23.961062096965346],[-46.76749204355109,-23.961127257606982],[-46.76763040326266,-23.961257578890255],[-46.76772264307038,-23.961387900173527],[-46.76781488287809,-23.961518221456796],[-46.76786100278195,-23.961583382098432],[-46.76795324258966,-23.96164854274007],[-46.76799936249352,-23.961713703381704],[-46.76809160230124,-23.96177886402334],[-46.76822996201281,-23.961909185306613],[-46.76841444162824,-23.962039506589885],[-46.768552801339816,-23.962039506589885],[-46.768691161051386,-23.962039506589885],[-46.7687834008591,-23.96210466723152],[-46.768967880474534,-23.962169827873154],[-46.76901400037839,-23.962169827873154],[-46.76915236008996,-23.962169827873154],[-46.769198479993825,-23.962039506589885],[-46.76924459989768,-23.961909185306613],[-46.76929071980154,-23.961713703381704],[-46.76929071980154,-23.961583382098432],[-46.76929071980154,-23.961518221456796],[-46.76929071980154,-23.96145306081516],[-46.769336839705396,-23.96145306081516],[-46.76938295960925,-23.961257578890255],[-46.76938295960925,-23.96119241824862],[-46.76938295960925,-23.961062096965346],[-46.76942907951311,-23.960931775682074],[-46.76952131932083,-23.960866615040437],[-46.769613559128544,-23.960866615040437],[-46.76984415864783,-23.960866615040437],[-46.76989027855169,-23.960931775682074],[-46.770120878070976,-23.96099693632371],[-46.770120878070976,-23.961062096965346],[-46.77030535768641,-23.961127257606982],[-46.77030535768641,-23.96119241824862],[-46.77044371739798,-23.96132273953189],[-46.77072043682113,-23.961387900173527],[-46.770766556724986,-23.961387900173527],[-46.7708587965327,-23.961387900173527],[-46.77099715624428,-23.961387900173527],[-46.77113551595585,-23.961387900173527],[-46.77127387566742,-23.96132273953189],[-46.77136611547514,-23.961257578890255],[-46.771412235378996,-23.96119241824862],[-46.77150447518671,-23.961062096965346],[-46.77159671499442,-23.96099693632371],[-46.771735074706,-23.96073629375717],[-46.771827314513715,-23.960475651190624],[-46.77187343441757,-23.960410490548988],[-46.77201179412914,-23.960280169265715],[-46.77210403393686,-23.96021500862408],[-46.77224239364843,-23.96021500862408],[-46.77256523297544,-23.96021500862408],[-46.772611352879295,-23.960149847982443],[-46.772749712590866,-23.960149847982443],[-46.77288807230244,-23.96008468734081],[-46.773164791725584,-23.959824044774265],[-46.77344151114873,-23.959693723490993],[-46.77367211066802,-23.95956340220772],[-46.77376435047574,-23.95943308092445],[-46.77376435047574,-23.959237598999543],[-46.77376435047574,-23.959042117074635],[-46.77371823057188,-23.958976956433],[-46.77367211066802,-23.958846635149726],[-46.77357987086031,-23.958716313866457],[-46.77348763105259,-23.958585992583185],[-46.77334927134102,-23.958195028733368],[-46.77334927134102,-23.9580647074501],[-46.773395391244875,-23.957934386166826],[-46.77344151114873,-23.957804064883554],[-46.77344151114873,-23.957478261675373],[-46.773395391244875,-23.957347940392104],[-46.77344151114873,-23.957282779750468],[-46.773533750956446,-23.95721761910883],[-46.77362599076417,-23.95721761910883],[-46.77376435047574,-23.95721761910883],[-46.774041069898885,-23.957347940392104],[-46.77422554951431,-23.957478261675373],[-46.774456149033604,-23.957608582958645],[-46.77464062864904,-23.95767374360028],[-46.77473286845675,-23.957738904241918],[-46.774825108264466,-23.95767374360028],[-46.77491734807218,-23.95767374360028],[-46.77491734807218,-23.957608582958645],[-46.774963467976036,-23.95754342231701],[-46.7750095878799,-23.957413101033737],[-46.7750095878799,-23.957152458467196],[-46.77514794759147,-23.956826655259015],[-46.775240187399184,-23.956696333975746],[-46.7753324272069,-23.95663117333411],[-46.77542466701462,-23.956566012692473],[-46.77551690682233,-23.956370530767565],[-46.77551690682233,-23.956240209484292],[-46.775470786918476,-23.956175048842656],[-46.77537854711076,-23.956044727559387],[-46.7753324272069,-23.956044727559387],[-46.77519406749533,-23.95597956691775],[-46.77491734807218,-23.95584924563448],[-46.774825108264466,-23.955718924351206],[-46.77473286845675,-23.955523442426298],[-46.77464062864904,-23.955393121143025],[-46.774594508745174,-23.955262799859756],[-46.774594508745174,-23.955132478576484],[-46.77464062864904,-23.95500215729321],[-46.774594508745174,-23.954806675368303],[-46.77454838884132,-23.954741514726667],[-46.77450226893746,-23.954676354085034],[-46.77441002912975,-23.954546032801762],[-46.77408718980274,-23.95441571151849],[-46.77399494999503,-23.954350550876853],[-46.77390271018731,-23.95422022959358],[-46.77390271018731,-23.954155068951945],[-46.77390271018731,-23.95395958702704],[-46.77394883009117,-23.95363378381886],[-46.774041069898885,-23.953503462535586],[-46.7741333097066,-23.95343830189395],[-46.77422554951431,-23.953373141252317],[-46.77431778932203,-23.953373141252317],[-46.77436390922589,-23.953373141252317],[-46.77454838884132,-23.953373141252317],[-46.774686748552895,-23.95330798061068],[-46.77487122816832,-23.953242819969045],[-46.774963467976036,-23.95317765932741],[-46.77505570778376,-23.953112498685773],[-46.77514794759147,-23.9529821774025],[-46.77519406749533,-23.952917016760864],[-46.77519406749533,-23.95278669547759],[-46.77519406749533,-23.952721534835955],[-46.77514794759147,-23.952656374194323],[-46.7750095878799,-23.95252605291105],[-46.774825108264466,-23.952265410344506],[-46.77473286845675,-23.952069928419597],[-46.77450226893746,-23.951678964569783],[-46.77450226893746,-23.951613803928147],[-46.77441002912975,-23.95141832200324],[-46.774041069898885,-23.950897036870153],[-46.774041069898885,-23.950831876228516],[-46.77399494999503,-23.950831876228516],[-46.77399494999503,-23.95076671558688],[-46.77399494999503,-23.950701554945244],[-46.774041069898885,-23.95063639430361],[-46.77422554951431,-23.950440912378703],[-46.77431778932203,-23.95031059109543],[-46.77441002912975,-23.950245430453794],[-46.77454838884132,-23.950180269812158],[-46.77487122816832,-23.950115109170522],[-46.775240187399184,-23.950049948528886],[-46.775470786918476,-23.949984787887253],[-46.7756552665339,-23.949984787887253],[-46.775747506341624,-23.949984787887253],[-46.77579362624548,-23.949984787887253],[-46.775885866053194,-23.949984787887253],[-46.77597810586091,-23.950049948528886],[-46.77616258547634,-23.950115109170522],[-46.776254825284056,-23.950180269812158],[-46.77630094518791,-23.950180269812158],[-46.77639318499563,-23.950245430453794],[-46.77657766461106,-23.950245430453794],[-46.77676214422649,-23.950245430453794],[-46.777038863649636,-23.950245430453794],[-46.77722334326507,-23.950245430453794],[-46.7777306622075,-23.950049948528886],[-46.778099621438365,-23.949919627245617],[-46.77842246076537,-23.949789305962344],[-46.7786069403808,-23.949724145320708],[-46.778883659803945,-23.9495286633958],[-46.778883659803945,-23.949463502754163],[-46.779022019515516,-23.949398342112527],[-46.77920649913095,-23.94926802082926],[-46.77934485884252,-23.949137699545986],[-46.77943709865024,-23.949137699545986],[-46.77957545836181,-23.949137699545986],[-46.779759937977246,-23.949137699545986],[-46.78003665740039,-23.949202860187622],[-46.78040561663125,-23.94926802082926],[-46.78063621615054,-23.949333181470895],[-46.78077457586211,-23.949333181470895],[-46.780959055477545,-23.949333181470895],[-46.78118965499683,-23.94926802082926],[-46.78128189480455,-23.94926802082926],[-46.781374134612264,-23.949137699545986],[-46.781512494323835,-23.948942217621077],[-46.78165085403541,-23.948551253771264],[-46.78169697393927,-23.94842093248799],[-46.78178921374698,-23.94829061120472],[-46.78183533365084,-23.94829061120472],[-46.78206593317013,-23.94809512927981],[-46.7822042928817,-23.94796480799654],[-46.78225041278556,-23.947899647354905],[-46.782296532689415,-23.94783448671327],[-46.782388772497136,-23.94763900478836],[-46.78248101230485,-23.947573844146724],[-46.78271161182414,-23.947443522863452],[-46.78284997153571,-23.947443522863452],[-46.782942211343425,-23.947443522863452],[-46.783172810862716,-23.947443522863452],[-46.78335729047814,-23.947378362221816],[-46.783403410382,-23.947313201580183],[-46.78354177009358,-23.947248040938547],[-46.783587889997435,-23.947248040938547],[-46.78368012980515,-23.947117719655274],[-46.78368012980515,-23.94705255901364],[-46.783726249709005,-23.946922237730366],[-46.783818489516726,-23.94685707708873],[-46.78391072932444,-23.946726755805457],[-46.78404908903601,-23.94666159516382],[-46.784141328843724,-23.94659643452219],[-46.784233568651445,-23.946466113238916],[-46.784233568651445,-23.94640095259728],[-46.78418744874759,-23.946335791955644],[-46.78404908903601,-23.946140310030735],[-46.78386460942058,-23.94594482810583],[-46.78368012980515,-23.945684185539285],[-46.78354177009358,-23.945488703614377],[-46.78354177009358,-23.945358382331104],[-46.78363400990129,-23.94529322168947],[-46.783726249709005,-23.9451629004062],[-46.78418744874759,-23.94464161527311],[-46.78441804826687,-23.94438097270657],[-46.784602527882306,-23.94418549078166],[-46.78464864778616,-23.94418549078166],[-46.78464864778616,-23.944120330140024],[-46.78469476769002,-23.944120330140024],[-46.78474088759388,-23.944055169498387],[-46.784787007497734,-23.94392484821512],[-46.78487924730545,-23.943794526931846],[-46.785155966728595,-23.9435338843653],[-46.785248206536316,-23.94340356308203],[-46.78529432644017,-23.943338402440393],[-46.78534044634403,-23.943142920515488],[-46.78538656624789,-23.94307775987385],[-46.78538656624789,-23.943012599232215],[-46.78552492595946,-23.94275195666567],[-46.785663285671035,-23.942556474740766],[-46.78584776528646,-23.94229583217422],[-46.78612448470961,-23.942035189607676],[-46.786216724517324,-23.941904868324407],[-46.78649344394047,-23.941644225757862],[-46.78653956384433,-23.941579065116226],[-46.78681628326748,-23.94151390447459],[-46.787093002690625,-23.941383583191318],[-46.787508081825344,-23.94125326190805],[-46.78783092115235,-23.941188101266413],[-46.78815376047935,-23.941188101266413],[-46.78847659980635,-23.941188101266413],[-46.78912227846036,-23.941188101266413],[-46.78926063817193,-23.94125326190805],[-46.789445117787366,-23.94131842254968],[-46.79041363576838,-23.942035189607676],[-46.79059811538381,-23.94216551089095],[-46.79092095471081,-23.942426153457493],[-46.791151554230105,-23.942556474740766],[-46.79147439355711,-23.942686796024034],[-46.79179723288411,-23.94275195666567],[-46.79198171249954,-23.942817117307307],[-46.79216619211497,-23.942882277948943],[-46.79221231201883,-23.94294743859058],[-46.79225843192269,-23.943012599232215],[-46.792350671730404,-23.943142920515488],[-46.79239679163426,-23.943208081157124],[-46.792489031441974,-23.943338402440393],[-46.792581271249695,-23.9435338843653],[-46.79276575086512,-23.943664205648574],[-46.79295023048056,-23.943794526931846],[-46.79308859019213,-23.943859687573482],[-46.793365309615275,-23.94392484821512],[-46.79341142951913,-23.94392484821512],[-46.793503669326846,-23.943859687573482],[-46.793642029038416,-23.94372936629021],[-46.79373426884614,-23.943664205648574],[-46.793780388749994,-23.943664205648574],[-46.794103228077,-23.943599045006938],[-46.79419546788471,-23.9435338843653],[-46.794564427115574,-23.943208081157124],[-46.794748906731,-23.942882277948943],[-46.79484114653872,-23.94275195666567],[-46.79511786596186,-23.942230671532585],[-46.7953023455773,-23.94183970768277],[-46.795348465481155,-23.941644225757862],[-46.79544070528887,-23.941383583191318],[-46.79544070528887,-23.941188101266413],[-46.79548682519273,-23.94086229805823],[-46.79548682519273,-23.940797137416595],[-46.79553294509659,-23.940666816133323],[-46.795579065000446,-23.94060165549169],[-46.79576354461587,-23.940341012925145],[-46.79580966451973,-23.94027585228351],[-46.79590190432745,-23.940210691641873],[-46.79608638394288,-23.9400803703586],[-46.796363103366026,-23.93995004907533],[-46.79668594269303,-23.939884888433696],[-46.79696266211618,-23.939884888433696],[-46.79723938153932,-23.939884888433696],[-46.7973777412509,-23.93981972779206],[-46.79760834077018,-23.939754567150423],[-46.7980234199049,-23.939559085225515],[-46.79811565971262,-23.93949392458388],[-46.79866909855891,-23.93929844265897],[-46.79894581798206,-23.93929844265897],[-46.799130297597486,-23.93929844265897],[-46.79945313692449,-23.939428763942242],[-46.79954537673221,-23.93949392458388],[-46.799637616539925,-23.93949392458388],[-46.79986821605921,-23.93962424586715],[-46.80051389471322,-23.939559085225515],[-46.800698374328654,-23.939559085225515],[-46.80088285394408,-23.93949392458388],[-46.80102121365566,-23.939363603300606],[-46.80115957336723,-23.9391681213757],[-46.8012979330788,-23.938972639450792],[-46.80143629279038,-23.938907478809156],[-46.801713012213526,-23.938907478809156],[-46.80235869086753,-23.938777157525884],[-46.80268153019453,-23.93864683624261],[-46.80295824961768,-23.93858167560098],[-46.80351168846397,-23.938321033034434],[-46.803696168079405,-23.938321033034434],[-46.803834527790976,-23.938321033034434],[-46.804341846733415,-23.93858167560098],[-46.804618566156556,-23.938711996884248],[-46.80503364529128,-23.938972639450792],[-46.80540260452214,-23.93929844265897],[-46.805679323945284,-23.939428763942242],[-46.80600216327229,-23.939559085225515],[-46.80609440308001,-23.93949392458388],[-46.80627888269544,-23.93949392458388],[-46.80641724240701,-23.939363603300606],[-46.80650948221473,-23.93929844265897],[-46.806693961830156,-23.938972639450792],[-46.80687844144559,-23.938711996884248],[-46.806970681253304,-23.938516514959343],[-46.80701680115716,-23.93838619367607],[-46.80701680115716,-23.93819071175116],[-46.80701680115716,-23.93806039046789],[-46.806832321541734,-23.937473944693167],[-46.806832321541734,-23.937343623409895],[-46.80692456134945,-23.93714814148499],[-46.80701680115716,-23.936692016993536],[-46.80701680115716,-23.936301053143723],[-46.806970681253304,-23.936105571218814],[-46.806693961830156,-23.935714607369],[-46.806555602118586,-23.935453964802456],[-46.80650948221473,-23.935323643519183],[-46.806555602118586,-23.935063000952642],[-46.8066478419263,-23.934867519027733],[-46.80678620163787,-23.93460687646119],[-46.80706292106102,-23.934215912611375],[-46.80715516086873,-23.934020430686466],[-46.80724740067645,-23.933629466836653],[-46.807339640484166,-23.933173342345203],[-46.807339640484166,-23.932977860420294],[-46.80738576038802,-23.932782378495386],[-46.80757024000346,-23.93271721785375],[-46.80770859971503,-23.932586896570477],[-46.80803143904203,-23.932326254003936],[-46.8081697987536,-23.932130772079027],[-46.80821591865746,-23.93193529015412],[-46.80826203856132,-23.93160948694594],[-46.80826203856132,-23.931218523096124],[-46.80830815846518,-23.930175952829952],[-46.80826203856132,-23.929915310263407],[-46.80807755894589,-23.929654667696866],[-46.807893079330455,-23.929459185771957],[-46.807893079330455,-23.929328864488685],[-46.80807755894589,-23.92913338256378],[-46.8081697987536,-23.92893790063887],[-46.80844651817675,-23.92848177614742],[-46.80858487788832,-23.927895330372696],[-46.808769357503756,-23.927308884597974],[-46.80899995702304,-23.926787599464888],[-46.80923055654233,-23.92613599304853],[-46.8093689162539,-23.925875350481984],[-46.80950727596548,-23.925614707915443],[-46.809737875484764,-23.924963101499085],[-46.809830115292485,-23.92470245893254],[-46.809830115292485,-23.924637298290904],[-46.809830115292485,-23.924376655724362],[-46.809830115292485,-23.924311495082726],[-46.809830115292485,-23.924116013157818],[-46.809830115292485,-23.92392053123291],[-46.80978399538863,-23.923855370591273],[-46.80978399538863,-23.923790209949637],[-46.80978399538863,-23.92359472802473],[-46.809830115292485,-23.923399246099823],[-46.80987623519634,-23.923334085458187],[-46.81001459490791,-23.9228128003251],[-46.81015295461949,-23.92248699711692],[-46.81029131433106,-23.92235667583365],[-46.81052191385035,-23.921705069417293],[-46.810614153658065,-23.921314105567475],[-46.81066027356192,-23.92079282043439],[-46.81070639346578,-23.920532177867845],[-46.810752513369636,-23.92046701722621],[-46.81070639346578,-23.920401856584576],[-46.81066027356192,-23.92033669594294],[-46.81066027356192,-23.920271535301303],[-46.81070639346578,-23.920206374659667],[-46.810752513369636,-23.920076053376395],[-46.81079863327349,-23.92001089273476],[-46.81079863327349,-23.919945732093122],[-46.81079863327349,-23.919880571451486],[-46.81079863327349,-23.91981541080985],[-46.81079863327349,-23.919750250168217],[-46.810844753177356,-23.91968508952658],[-46.810844753177356,-23.919619928884945],[-46.810844753177356,-23.91955476824331],[-46.810844753177356,-23.919489607601673],[-46.81089087308121,-23.91916380439349],[-46.81093699298507,-23.919033483110223],[-46.81098311288893,-23.918838001185314],[-46.81098311288893,-23.918772840543678],[-46.81093699298507,-23.91870767990204],[-46.81089087308121,-23.918642519260406],[-46.810844753177356,-23.91857735861877],[-46.81079863327349,-23.918512197977133],[-46.81079863327349,-23.918447037335497],[-46.810844753177356,-23.918447037335497],[-46.81089087308121,-23.918381876693864],[-46.81093699298507,-23.918316716052228],[-46.81089087308121,-23.918251555410592],[-46.810844753177356,-23.918251555410592],[-46.81079863327349,-23.918251555410592],[-46.810752513369636,-23.918251555410592],[-46.810752513369636,-23.918316716052228],[-46.81070639346578,-23.918316716052228],[-46.81066027356192,-23.918381876693864],[-46.810614153658065,-23.918381876693864],[-46.81052191385035,-23.918316716052228],[-46.81047579394649,-23.918316716052228],[-46.810383554138774,-23.918316716052228],[-46.81033743423492,-23.918251555410592],[-46.81029131433106,-23.918251555410592],[-46.81029131433106,-23.918186394768956],[-46.81033743423492,-23.918186394768956],[-46.81042967404263,-23.918186394768956],[-46.81052191385035,-23.91812123412732],[-46.81056803375421,-23.91812123412732],[-46.810614153658065,-23.918056073485683],[-46.81056803375421,-23.917990912844047],[-46.81052191385035,-23.917990912844047],[-46.81047579394649,-23.91792575220241],[-46.810383554138774,-23.917990912844047],[-46.81033743423492,-23.917990912844047],[-46.8102451944272,-23.918056073485683],[-46.81019907452335,-23.91812123412732],[-46.81015295461949,-23.91812123412732],[-46.810106834715626,-23.91812123412732],[-46.81006071481177,-23.91812123412732],[-46.81006071481177,-23.918056073485683],[-46.81006071481177,-23.917990912844047],[-46.810106834715626,-23.917990912844047],[-46.81015295461949,-23.91792575220241],[-46.81019907452335,-23.917860591560775],[-46.8102451944272,-23.917860591560775],[-46.81033743423492,-23.91779543091914],[-46.81042967404263,-23.917730270277506],[-46.81052191385035,-23.91766510963587],[-46.810614153658065,-23.917599948994233],[-46.81079863327349,-23.917534788352597],[-46.81089087308121,-23.91746962771096],[-46.81098311288893,-23.91746962771096],[-46.81107535269664,-23.917404467069325],[-46.81121371240822,-23.917404467069325],[-46.811398192023645,-23.91733930642769],[-46.811536551735216,-23.917274145786052],[-46.81162879154294,-23.917274145786052],[-46.811674911446794,-23.917208985144416],[-46.81172103135065,-23.91714382450278],[-46.81176715125451,-23.91714382450278],[-46.811813271158364,-23.917078663861144],[-46.811813271158364,-23.91701350321951],[-46.811813271158364,-23.916948342577875],[-46.81172103135065,-23.916948342577875],[-46.81162879154294,-23.916948342577875],[-46.8114443119275,-23.91701350321951],[-46.81130595221593,-23.91701350321951],[-46.811259832312075,-23.91701350321951],[-46.811259832312075,-23.916948342577875],[-46.811259832312075,-23.91688318193624],[-46.81135207211979,-23.916818021294603],[-46.81149043183136,-23.916818021294603],[-46.811536551735216,-23.916752860652966],[-46.81162879154294,-23.916752860652966],[-46.811674911446794,-23.91668770001133],[-46.811674911446794,-23.916622539369694],[-46.81162879154294,-23.916622539369694],[-46.81158267163908,-23.916622539369694],[-46.811536551735216,-23.916622539369694],[-46.81149043183136,-23.916622539369694],[-46.8114443119275,-23.91668770001133],[-46.811398192023645,-23.916622539369694],[-46.811398192023645,-23.916557378728058],[-46.8114443119275,-23.91649221808642],[-46.81149043183136,-23.916427057444785],[-46.811536551735216,-23.916427057444785],[-46.811536551735216,-23.916361896803153],[-46.811536551735216,-23.916296736161517],[-46.811536551735216,-23.91623157551988],[-46.81158267163908,-23.916166414878244],[-46.81162879154294,-23.916101254236608],[-46.81158267163908,-23.916036093594972],[-46.811536551735216,-23.916036093594972],[-46.81149043183136,-23.915970932953336],[-46.811398192023645,-23.915970932953336],[-46.81130595221593,-23.915970932953336],[-46.811259832312075,-23.915970932953336],[-46.811167592504354,-23.9159057723117],[-46.8111214726005,-23.9159057723117],[-46.81107535269664,-23.915840611670063],[-46.81107535269664,-23.915775451028427],[-46.81107535269664,-23.915710290386794],[-46.8111214726005,-23.915645129745158],[-46.811167592504354,-23.915645129745158],[-46.81121371240822,-23.915579969103522],[-46.81121371240822,-23.915514808461886],[-46.811259832312075,-23.915514808461886],[-46.811259832312075,-23.91544964782025],[-46.811259832312075,-23.915384487178613],[-46.811259832312075,-23.915319326536977],[-46.811259832312075,-23.915189005253705],[-46.811259832312075,-23.91512384461207],[-46.81130595221593,-23.915058683970432],[-46.8114443119275,-23.914863202045527],[-46.811536551735216,-23.914732880762255],[-46.81158267163908,-23.914602559478983],[-46.81162879154294,-23.914537398837346],[-46.81162879154294,-23.91447223819571],[-46.81158267163908,-23.91447223819571],[-46.81158267163908,-23.91434191691244],[-46.811536551735216,-23.91421159562917],[-46.811536551735216,-23.914146434987533],[-46.811536551735216,-23.914081274345897],[-46.81158267163908,-23.91401611370426],[-46.81162879154294,-23.913950953062624],[-46.811674911446794,-23.913885792420988],[-46.811674911446794,-23.913820631779352],[-46.81172103135065,-23.913820631779352],[-46.81176715125451,-23.913755471137716],[-46.811813271158364,-23.913690310496083],[-46.81185939106222,-23.913625149854447],[-46.81190551096608,-23.91355998921281],[-46.81195163086994,-23.913494828571174],[-46.81195163086994,-23.913429667929538],[-46.81190551096608,-23.913364507287902],[-46.81190551096608,-23.913299346646266],[-46.81185939106222,-23.913299346646266],[-46.81185939106222,-23.91323418600463],[-46.81190551096608,-23.913169025362993],[-46.81190551096608,-23.91303870407972],[-46.81190551096608,-23.91297354343809],[-46.81195163086994,-23.912908382796452],[-46.81190551096608,-23.912843222154816],[-46.81190551096608,-23.912712900871544],[-46.81190551096608,-23.91258257958827],[-46.81195163086994,-23.912452258305],[-46.8119977507738,-23.912387097663363],[-46.81208999058151,-23.91232193702173],[-46.81213611048537,-23.912191615738458],[-46.81213611048537,-23.91212645509682],[-46.81213611048537,-23.912061294455185],[-46.81208999058151,-23.912061294455185],[-46.812043870677655,-23.91199613381355],[-46.8119977507738,-23.91199613381355],[-46.81185939106222,-23.91199613381355],[-46.81176715125451,-23.91199613381355],[-46.811674911446794,-23.91199613381355],[-46.81162879154294,-23.91199613381355],[-46.811536551735216,-23.911930973171913],[-46.8114443119275,-23.911930973171913],[-46.811398192023645,-23.911865812530277],[-46.81135207211979,-23.91180065188864],[-46.81130595221593,-23.91167033060537],[-46.81130595221593,-23.911605169963735],[-46.81121371240822,-23.9115400093221],[-46.811029232792784,-23.911474848680463],[-46.81093699298507,-23.911409688038827],[-46.81089087308121,-23.91134452739719],[-46.81089087308121,-23.911279366755554],[-46.81089087308121,-23.911214206113918],[-46.81093699298507,-23.911214206113918],[-46.811029232792784,-23.911149045472282],[-46.81107535269664,-23.911149045472282],[-46.8111214726005,-23.911214206113918],[-46.811167592504354,-23.911214206113918],[-46.81121371240822,-23.911279366755554],[-46.81130595221593,-23.911279366755554],[-46.811398192023645,-23.911214206113918],[-46.8114443119275,-23.911214206113918],[-46.8114443119275,-23.911149045472282],[-46.8114443119275,-23.91101872418901],[-46.81149043183136,-23.910953563547377],[-46.811536551735216,-23.910953563547377],[-46.81158267163908,-23.91088840290574],[-46.811674911446794,-23.91088840290574],[-46.81172103135065,-23.91088840290574],[-46.81176715125451,-23.910953563547377],[-46.811813271158364,-23.910953563547377],[-46.811813271158364,-23.91101872418901],[-46.81185939106222,-23.911149045472282],[-46.81185939106222,-23.911214206113918],[-46.81185939106222,-23.91134452739719],[-46.81190551096608,-23.91134452739719],[-46.81195163086994,-23.911409688038827],[-46.8119977507738,-23.911409688038827],[-46.812043870677655,-23.911409688038827],[-46.812043870677655,-23.91134452739719],[-46.81208999058151,-23.911279366755554],[-46.81208999058151,-23.911214206113918],[-46.81213611048537,-23.911083884830646],[-46.81213611048537,-23.91101872418901],[-46.81213611048537,-23.910953563547377],[-46.81213611048537,-23.91088840290574],[-46.81208999058151,-23.910823242264104],[-46.81208999058151,-23.91075808162247],[-46.8119977507738,-23.910627760339196],[-46.81190551096608,-23.91056259969756],[-46.81185939106222,-23.910497439055924],[-46.81185939106222,-23.910432278414287],[-46.81185939106222,-23.91036711777265],[-46.81190551096608,-23.91036711777265],[-46.8119977507738,-23.91036711777265],[-46.81208999058151,-23.91036711777265],[-46.81213611048537,-23.91036711777265],[-46.812182230389226,-23.91036711777265],[-46.81222835029308,-23.91036711777265],[-46.81222835029308,-23.91030195713102],[-46.812182230389226,-23.910236796489382],[-46.81213611048537,-23.910171635847746],[-46.812043870677655,-23.91010647520611],[-46.81185939106222,-23.910041314564474],[-46.81172103135065,-23.910041314564474],[-46.81162879154294,-23.909976153922837],[-46.81158267163908,-23.9099109932812],[-46.81149043183136,-23.909845832639565],[-46.81149043183136,-23.90978067199793],[-46.811536551735216,-23.909715511356293],[-46.81158267163908,-23.909715511356293],[-46.81162879154294,-23.909715511356293],[-46.811674911446794,-23.90965035071466],[-46.81172103135065,-23.909585190073024],[-46.81176715125451,-23.90945486878975],[-46.811813271158364,-23.909389708148115],[-46.81185939106222,-23.90932454750648],[-46.81185939106222,-23.909259386864843],[-46.81190551096608,-23.909194226223207],[-46.81195163086994,-23.909063904939934],[-46.8119977507738,-23.9089987442983],[-46.81195163086994,-23.908933583656665],[-46.81190551096608,-23.908933583656665],[-46.81176715125451,-23.9089987442983],[-46.81172103135065,-23.9089987442983],[-46.81162879154294,-23.908933583656665],[-46.811536551735216,-23.90886842301503],[-46.81149043183136,-23.908803262373393],[-46.81149043183136,-23.908738101731757],[-46.81149043183136,-23.90867294109012],[-46.81149043183136,-23.908607780448484],[-46.8114443119275,-23.90854261980685],[-46.8114443119275,-23.908412298523576],[-46.81149043183136,-23.908281977240307],[-46.81158267163908,-23.90821681659867],[-46.81176715125451,-23.9080864953154],[-46.811813271158364,-23.908021334673762],[-46.81176715125451,-23.907956174032126],[-46.81172103135065,-23.907956174032126],[-46.811674911446794,-23.907956174032126],[-46.81162879154294,-23.907956174032126],[-46.811536551735216,-23.90789101339049],[-46.81149043183136,-23.907825852748854],[-46.81149043183136,-23.907760692107217],[-46.81149043183136,-23.90769553146558],[-46.811536551735216,-23.90763037082395],[-46.811536551735216,-23.907565210182312],[-46.81149043183136,-23.907500049540676],[-46.81149043183136,-23.907369728257404],[-46.81149043183136,-23.907304567615768],[-46.8114443119275,-23.907304567615768],[-46.811398192023645,-23.90723940697413],[-46.81130595221593,-23.90723940697413],[-46.81121371240822,-23.907174246332495],[-46.81107535269664,-23.90723940697413],[-46.81098311288893,-23.907174246332495],[-46.81089087308121,-23.907174246332495],[-46.81089087308121,-23.90710908569086],[-46.81089087308121,-23.907043925049223],[-46.81089087308121,-23.90697876440759],[-46.81098311288893,-23.906913603765954],[-46.81107535269664,-23.906913603765954],[-46.8111214726005,-23.906848443124318],[-46.81121371240822,-23.906913603765954],[-46.811259832312075,-23.906913603765954],[-46.81130595221593,-23.906913603765954],[-46.81130595221593,-23.906848443124318],[-46.811259832312075,-23.906718121841045],[-46.811167592504354,-23.906587800557773],[-46.8111214726005,-23.906327157991228],[-46.81107535269664,-23.90619683670796],[-46.81107535269664,-23.906131676066323],[-46.81098311288893,-23.906131676066323],[-46.81093699298507,-23.906131676066323],[-46.81079863327349,-23.90619683670796],[-46.81070639346578,-23.90619683670796],[-46.81066027356192,-23.90619683670796],[-46.810614153658065,-23.906131676066323],[-46.81066027356192,-23.906066515424687],[-46.810752513369636,-23.905936194141415],[-46.81079863327349,-23.90587103349978],[-46.81079863327349,-23.905740712216506],[-46.81079863327349,-23.90567555157487],[-46.81070639346578,-23.905610390933237],[-46.81052191385035,-23.90567555157487],[-46.81033743423492,-23.90567555157487],[-46.81029131433106,-23.90567555157487],[-46.8102451944272,-23.905610390933237],[-46.8102451944272,-23.905480069649965],[-46.81019907452335,-23.90541490900833],[-46.81015295461949,-23.905349748366692],[-46.81001459490791,-23.905284587725056],[-46.8099223551002,-23.905284587725056],[-46.809830115292485,-23.905284587725056],[-46.80987623519634,-23.90521942708342],[-46.8099223551002,-23.905089105800148],[-46.8099223551002,-23.90502394515851],[-46.8099223551002,-23.90495878451688],[-46.80987623519634,-23.90495878451688],[-46.809830115292485,-23.90502394515851],[-46.80964563567705,-23.905089105800148],[-46.80959951577319,-23.905089105800148],[-46.80955339586934,-23.905089105800148],[-46.80950727596548,-23.90495878451688],[-46.80946115606162,-23.904828463233606],[-46.80946115606162,-23.904698141950334],[-46.809415036157766,-23.904502660025425],[-46.8093689162539,-23.90443749938379],[-46.80927667644619,-23.904372338742153],[-46.80923055654233,-23.904307178100517],[-46.809184436638475,-23.904372338742153],[-46.80913831673462,-23.904372338742153],[-46.80913831673462,-23.90443749938379],[-46.80913831673462,-23.90456782066706],[-46.80909219683076,-23.90456782066706],[-46.80899995702304,-23.904632981308698],[-46.80890771721533,-23.904632981308698],[-46.80886159731147,-23.90456782066706],[-46.80886159731147,-23.90443749938379],[-46.80886159731147,-23.904307178100517],[-46.80890771721533,-23.904176856817248],[-46.808953837119184,-23.90411169617561],[-46.808953837119184,-23.904046535533976],[-46.808953837119184,-23.90398137489234],[-46.80890771721533,-23.903916214250703],[-46.80881547740761,-23.903851053609067],[-46.8087232375999,-23.90378589296743],[-46.8087232375999,-23.903720732325795],[-46.8087232375999,-23.90365557168416],[-46.808769357503756,-23.903590411042526],[-46.80886159731147,-23.903460089759253],[-46.80890771721533,-23.903394929117617],[-46.80886159731147,-23.90332976847598],[-46.80881547740761,-23.90332976847598],[-46.80863099779218,-23.90332976847598],[-46.808538757984465,-23.90332976847598],[-46.80849263808061,-23.90332976847598],[-46.80849263808061,-23.903264607834345],[-46.80844651817675,-23.903134286551072],[-46.80849263808061,-23.9030039652678],[-46.808538757984465,-23.902938804626167],[-46.80858487788832,-23.902808483342895],[-46.80858487788832,-23.902678162059622],[-46.80849263808061,-23.902613001417986],[-46.808400398272894,-23.90254784077635],[-46.80835427836904,-23.902482680134714],[-46.80826203856132,-23.902482680134714],[-46.8081697987536,-23.902482680134714],[-46.808123678849746,-23.902417519493078],[-46.80807755894589,-23.90235235885144],[-46.80803143904203,-23.902287198209805],[-46.80803143904203,-23.902222037568173],[-46.807985319138176,-23.902156876926536],[-46.80803143904203,-23.9020917162849],[-46.80807755894589,-23.902026555643264],[-46.80803143904203,-23.901961395001628],[-46.807985319138176,-23.90189623435999],[-46.80793919923432,-23.901831073718355],[-46.80780083952274,-23.90176591307672],[-46.80766247981117,-23.90176591307672],[-46.80752412009959,-23.90176591307672],[-46.80738576038802,-23.90176591307672],[-46.80729352058031,-23.90176591307672],[-46.80724740067645,-23.90176591307672],[-46.80715516086873,-23.901700752435083],[-46.80715516086873,-23.901570431151814],[-46.807201280772595,-23.901505270510178],[-46.80724740067645,-23.901440109868542],[-46.807201280772595,-23.901374949226906],[-46.80715516086873,-23.90130978858527],[-46.807109040964875,-23.90130978858527],[-46.80706292106102,-23.901374949226906],[-46.806970681253304,-23.901440109868542],[-46.80692456134945,-23.901505270510178],[-46.80687844144559,-23.901440109868542],[-46.80687844144559,-23.901244627943633],[-46.806832321541734,-23.901049146018725],[-46.80687844144559,-23.900918824735456],[-46.80692456134945,-23.900788503452183],[-46.806970681253304,-23.90065818216891],[-46.80701680115716,-23.90052786088564],[-46.80701680115716,-23.900462700244002],[-46.807109040964875,-23.900397539602366],[-46.80715516086873,-23.900267218319094],[-46.80715516086873,-23.90020205767746],[-46.80715516086873,-23.900136897035825],[-46.80706292106102,-23.900136897035825],[-46.80706292106102,-23.90007173639419],[-46.80706292106102,-23.900006575752553],[-46.80706292106102,-23.89987625446928],[-46.80701680115716,-23.899811093827644],[-46.80692456134945,-23.899745933186008],[-46.806832321541734,-23.899615611902735],[-46.80678620163787,-23.899615611902735],[-46.80674008173401,-23.899615611902735],[-46.806693961830156,-23.899550451261103],[-46.80660172202244,-23.89942012997783],[-46.806555602118586,-23.89942012997783],[-46.806555602118586,-23.899354969336194],[-46.806555602118586,-23.899289808694558],[-46.806555602118586,-23.899224648052922],[-46.80650948221473,-23.899159487411286],[-46.80646336231087,-23.899159487411286],[-46.80641724240701,-23.89909432676965],[-46.80637112250315,-23.899029166128013],[-46.80623276279158,-23.898964005486377],[-46.80614052298387,-23.898898844844744],[-46.806048283176146,-23.898833684203108],[-46.80595604336843,-23.898768523561472],[-46.80595604336843,-23.898703362919836],[-46.80595604336843,-23.898573041636563],[-46.80600216327229,-23.898507880994927],[-46.80609440308001,-23.89844272035329],[-46.806186642887724,-23.89844272035329],[-46.80623276279158,-23.89844272035329],[-46.80627888269544,-23.898377559711655],[-46.80627888269544,-23.89831239907002],[-46.80623276279158,-23.898247238428382],[-46.80614052298387,-23.898247238428382],[-46.80609440308001,-23.89831239907002],[-46.80600216327229,-23.89831239907002],[-46.80595604336843,-23.898377559711655],[-46.805771563753005,-23.89844272035329],[-46.80572544384915,-23.89844272035329],[-46.80572544384915,-23.89831239907002],[-46.80572544384915,-23.898051756503477],[-46.80572544384915,-23.89798659586184],[-46.805679323945284,-23.897921435220205],[-46.80563320404143,-23.89785627457857],[-46.805540964233714,-23.89785627457857],[-46.80549484432986,-23.89785627457857],[-46.805448724426,-23.89785627457857],[-46.80549484432986,-23.897791113936933],[-46.805540964233714,-23.897725953295296],[-46.80558708413757,-23.89766079265366],[-46.80563320404143,-23.897595632012024],[-46.80558708413757,-23.89753047137039],[-46.805540964233714,-23.897465310728755],[-46.805448724426,-23.89740015008712],[-46.80535648461828,-23.897334989445483],[-46.80521812490671,-23.897269828803847],[-46.805125885098995,-23.897269828803847],[-46.80503364529128,-23.897269828803847],[-46.80503364529128,-23.89720466816221],[-46.80507976519514,-23.897139507520574],[-46.805125885098995,-23.897074346878938],[-46.80521812490671,-23.897074346878938],[-46.80535648461828,-23.897074346878938],[-46.805448724426,-23.897074346878938],[-46.80549484432986,-23.897074346878938],[-46.805540964233714,-23.8970091862373],[-46.80549484432986,-23.896944025595666],[-46.80549484432986,-23.896878864954033],[-46.80540260452214,-23.896813704312397],[-46.80531036471442,-23.89674854367076],[-46.805264244810566,-23.89674854367076],[-46.80521812490671,-23.89674854367076],[-46.80517200500285,-23.896683383029124],[-46.80517200500285,-23.896618222387488],[-46.805125885098995,-23.896553061745852],[-46.805125885098995,-23.896487901104216],[-46.805125885098995,-23.896357579820943],[-46.805125885098995,-23.896292419179307],[-46.805125885098995,-23.89622725853767],[-46.80507976519514,-23.89622725853767],[-46.80503364529128,-23.89616209789604],[-46.80498752538742,-23.89616209789604],[-46.80498752538742,-23.896096937254402],[-46.80503364529128,-23.896031776612766],[-46.805125885098995,-23.89596661597113],[-46.80531036471442,-23.895836294687857],[-46.80535648461828,-23.89577113404622],[-46.80540260452214,-23.895705973404585],[-46.80540260452214,-23.89564081276295],[-46.80535648461828,-23.895575652121313],[-46.80517200500285,-23.89551049147968],[-46.805125885098995,-23.89551049147968],[-46.80503364529128,-23.89551049147968],[-46.804895285579704,-23.895445330838044],[-46.80480304577199,-23.895380170196407],[-46.80475692586813,-23.895380170196407],[-46.80475692586813,-23.89531500955477],[-46.80480304577199,-23.8951846882715],[-46.80480304577199,-23.895054366988226],[-46.80475692586813,-23.89498920634659],[-46.80475692586813,-23.89485888506332],[-46.80466468606042,-23.894793724421685],[-46.80466468606042,-23.89472856378005],[-46.80466468606042,-23.894663403138413],[-46.80471080596428,-23.89453308185514],[-46.80475692586813,-23.894402760571868],[-46.804895285579704,-23.894337599930232],[-46.80498752538742,-23.89420727864696],[-46.80503364529128,-23.894142118005327],[-46.80503364529128,-23.894011796722054],[-46.80503364529128,-23.89394663608042],[-46.80503364529128,-23.893881475438782],[-46.80507976519514,-23.89375115415551],[-46.805125885098995,-23.893620832872237],[-46.805125885098995,-23.89349051158897],[-46.805125885098995,-23.893425350947332],[-46.805125885098995,-23.89329502966406],[-46.80507976519514,-23.893164708380787],[-46.80503364529128,-23.89309954773915],[-46.80498752538742,-23.89309954773915],[-46.804895285579704,-23.89309954773915],[-46.80471080596428,-23.89309954773915],[-46.804618566156556,-23.893034387097515],[-46.80452632634884,-23.893034387097515],[-46.804480206444985,-23.893034387097515],[-46.80443408654113,-23.89309954773915],[-46.80438796663727,-23.89309954773915],[-46.804341846733415,-23.89309954773915],[-46.80429572682956,-23.893034387097515],[-46.804249606925694,-23.893034387097515],[-46.804249606925694,-23.89296922645588],[-46.804249606925694,-23.892904065814243],[-46.80429572682956,-23.892904065814243],[-46.80429572682956,-23.89283890517261],[-46.804341846733415,-23.892708583889338],[-46.80443408654113,-23.8926434232477],[-46.804480206444985,-23.89251310196443],[-46.80452632634884,-23.892382780681157],[-46.804618566156556,-23.89231762003952],[-46.80466468606042,-23.892252459397884],[-46.804895285579704,-23.892122138114615],[-46.80498752538742,-23.891991816831343],[-46.80521812490671,-23.891731174264798],[-46.80540260452214,-23.891600852981526],[-46.805448724426,-23.891470531698257],[-46.805540964233714,-23.89140537105662],[-46.80558708413757,-23.89140537105662],[-46.80563320404143,-23.89140537105662],[-46.805771563753005,-23.891470531698257],[-46.805909923464576,-23.89153569233989],[-46.806048283176146,-23.891666013623162],[-46.80609440308001,-23.891731174264798],[-46.80609440308001,-23.891796334906434],[-46.806048283176146,-23.89186149554807],[-46.80595604336843,-23.89186149554807],[-46.805909923464576,-23.891926656189707],[-46.80586380356072,-23.891926656189707],[-46.80581768365686,-23.891991816831343],[-46.805771563753005,-23.89205697747298],[-46.80572544384915,-23.89205697747298],[-46.80572544384915,-23.892122138114615],[-46.80581768365686,-23.89218729875625],[-46.805909923464576,-23.892252459397884],[-46.80595604336843,-23.892252459397884],[-46.806048283176146,-23.892252459397884],[-46.80609440308001,-23.892252459397884],[-46.80614052298387,-23.89218729875625],[-46.806186642887724,-23.892122138114615],[-46.80627888269544,-23.89205697747298],[-46.806325002599294,-23.891991816831343],[-46.80637112250315,-23.891926656189707],[-46.80637112250315,-23.89186149554807],[-46.80637112250315,-23.891796334906434],[-46.806325002599294,-23.891731174264798],[-46.80641724240701,-23.891600852981526],[-46.80641724240701,-23.89153569233989],[-46.80646336231087,-23.89140537105662],[-46.80650948221473,-23.891209889131712],[-46.806555602118586,-23.890949246565167],[-46.80660172202244,-23.8908189252819],[-46.8066478419263,-23.8908189252819],[-46.806693961830156,-23.8908189252819],[-46.80674008173401,-23.890753764640262],[-46.80678620163787,-23.890753764640262],[-46.806832321541734,-23.890688603998626],[-46.80678620163787,-23.89062344335699],[-46.80678620163787,-23.890558282715354],[-46.80674008173401,-23.890558282715354],[-46.80678620163787,-23.890493122073718],[-46.806832321541734,-23.89042796143208],[-46.80687844144559,-23.89042796143208],[-46.806970681253304,-23.89042796143208],[-46.80706292106102,-23.890493122073718],[-46.80715516086873,-23.890493122073718],[-46.80724740067645,-23.89042796143208],[-46.80729352058031,-23.89042796143208],[-46.807339640484166,-23.890362800790445],[-46.80738576038802,-23.89029764014881],[-46.80738576038802,-23.890232479507173],[-46.807339640484166,-23.89016731886554],[-46.80729352058031,-23.890102158223904],[-46.80724740067645,-23.890036997582268],[-46.807201280772595,-23.88997183694063],[-46.80701680115716,-23.889906676298995],[-46.806970681253304,-23.889906676298995],[-46.80692456134945,-23.889906676298995],[-46.80687844144559,-23.88984151565736],[-46.80687844144559,-23.889776355015723],[-46.80687844144559,-23.889711194374087],[-46.80692456134945,-23.88964603373245],[-46.806970681253304,-23.889580873090814],[-46.806970681253304,-23.889515712449178],[-46.80692456134945,-23.889450551807546],[-46.80687844144559,-23.889320230524273],[-46.80687844144559,-23.889255069882637],[-46.80692456134945,-23.889189909241],[-46.806970681253304,-23.889124748599365],[-46.80701680115716,-23.889124748599365],[-46.80706292106102,-23.889124748599365],[-46.807109040964875,-23.889189909241],[-46.80715516086873,-23.889255069882637],[-46.807201280772595,-23.889255069882637],[-46.80724740067645,-23.889320230524273],[-46.80729352058031,-23.889320230524273],[-46.80738576038802,-23.889320230524273],[-46.80747800019574,-23.889320230524273],[-46.80752412009959,-23.889320230524273],[-46.80757024000346,-23.889320230524273],[-46.80757024000346,-23.889255069882637],[-46.80752412009959,-23.889189909241],[-46.80747800019574,-23.88905958795773],[-46.80738576038802,-23.888994427316092],[-46.807339640484166,-23.888994427316092],[-46.80729352058031,-23.888929266674456],[-46.807201280772595,-23.888929266674456],[-46.80715516086873,-23.88886410603282],[-46.807109040964875,-23.888798945391187],[-46.807109040964875,-23.88873378474955],[-46.807109040964875,-23.888668624107915],[-46.80715516086873,-23.888668624107915],[-46.807201280772595,-23.88860346346628],[-46.80724740067645,-23.888538302824642],[-46.80729352058031,-23.888538302824642],[-46.807339640484166,-23.888473142183006],[-46.80738576038802,-23.88840798154137],[-46.80738576038802,-23.888342820899734],[-46.80738576038802,-23.88821249961646],[-46.807339640484166,-23.88821249961646],[-46.80729352058031,-23.88814733897483],[-46.80729352058031,-23.888082178333192],[-46.807339640484166,-23.888017017691556],[-46.807339640484166,-23.887886696408284],[-46.807339640484166,-23.887821535766648],[-46.807339640484166,-23.88775637512501],[-46.80729352058031,-23.88775637512501],[-46.80724740067645,-23.88775637512501],[-46.807201280772595,-23.887821535766648],[-46.80715516086873,-23.887886696408284],[-46.80701680115716,-23.888017017691556],[-46.806970681253304,-23.888082178333192],[-46.80692456134945,-23.88814733897483],[-46.80687844144559,-23.88821249961646],[-46.806832321541734,-23.88821249961646],[-46.80674008173401,-23.88821249961646],[-46.806693961830156,-23.88814733897483],[-46.8066478419263,-23.88814733897483],[-46.8066478419263,-23.888082178333192],[-46.8066478419263,-23.88795185704992],[-46.8066478419263,-23.887886696408284],[-46.806693961830156,-23.887821535766648],[-46.80678620163787,-23.88762605384174],[-46.80678620163787,-23.887560893200103],[-46.806832321541734,-23.887495732558467],[-46.80687844144559,-23.887430571916834],[-46.80692456134945,-23.887430571916834],[-46.806970681253304,-23.887365411275198],[-46.80706292106102,-23.887365411275198],[-46.80715516086873,-23.887365411275198],[-46.807339640484166,-23.887365411275198],[-46.80738576038802,-23.88730025063356],[-46.80743188029188,-23.88730025063356],[-46.80747800019574,-23.88730025063356],[-46.80752412009959,-23.88730025063356],[-46.80757024000346,-23.88730025063356],[-46.807616359907314,-23.887235089991925],[-46.807616359907314,-23.88716992935029],[-46.80766247981117,-23.88716992935029],[-46.80770859971503,-23.887104768708653],[-46.80770859971503,-23.887039608067017],[-46.80770859971503,-23.88697444742538],[-46.80770859971503,-23.886909286783744],[-46.80766247981117,-23.88684412614211],[-46.807616359907314,-23.886778965500476],[-46.80752412009959,-23.88671380485884],[-46.80752412009959,-23.886648644217203],[-46.80752412009959,-23.886583483575567],[-46.80747800019574,-23.886583483575567],[-46.80738576038802,-23.886583483575567],[-46.80729352058031,-23.886648644217203],[-46.807201280772595,-23.886648644217203],[-46.80706292106102,-23.88671380485884],[-46.80692456134945,-23.886778965500476],[-46.80678620163787,-23.88684412614211],[-46.806693961830156,-23.886909286783744],[-46.80660172202244,-23.88697444742538],[-46.80650948221473,-23.887039608067017],[-46.80641724240701,-23.887104768708653],[-46.806325002599294,-23.88716992935029],[-46.80623276279158,-23.887235089991925],[-46.80614052298387,-23.88730025063356],[-46.80600216327229,-23.887365411275198],[-46.80586380356072,-23.887430571916834],[-46.80572544384915,-23.887495732558467],[-46.80558708413757,-23.887560893200103],[-46.80540260452214,-23.887560893200103],[-46.80521812490671,-23.887560893200103],[-46.80503364529128,-23.887560893200103],[-46.80475692586813,-23.887560893200103],[-46.804480206444985,-23.887495732558467],[-46.804341846733415,-23.887495732558467],[-46.80415736711798,-23.887495732558467],[-46.803834527790976,-23.887560893200103],[-46.80360392827169,-23.88762605384174],[-46.80341944865626,-23.88762605384174],[-46.80323496904083,-23.887691214483375],[-46.80309660932925,-23.88775637512501],[-46.802912129713825,-23.887821535766648],[-46.80277377000225,-23.887886696408284],[-46.80268153019453,-23.88795185704992],[-46.80254317048296,-23.888017017691556],[-46.802404810771385,-23.88814733897483],[-46.80231257096367,-23.88821249961646],[-46.802266451059815,-23.888277660258098],[-46.8021742112521,-23.888342820899734],[-46.80208197144439,-23.88840798154137],[-46.80194361173281,-23.888538302824642],[-46.80189749182895,-23.88860346346628],[-46.80180525202124,-23.88873378474955],[-46.80175913211738,-23.888798945391187],[-46.801620772405805,-23.888929266674456],[-46.80152853259809,-23.88905958795773],[-46.801482412694234,-23.889189909241],[-46.80139017288652,-23.889320230524273],[-46.801344052982664,-23.88938539116591],[-46.801344052982664,-23.889515712449178],[-46.8012979330788,-23.88964603373245],[-46.80125181317494,-23.889776355015723],[-46.801205693271086,-23.88984151565736],[-46.801205693271086,-23.889906676298995],[-46.80115957336723,-23.890036997582268],[-46.80111345346337,-23.890102158223904],[-46.80111345346337,-23.890232479507173],[-46.801067333559516,-23.890362800790445],[-46.801067333559516,-23.890493122073718],[-46.801067333559516,-23.890558282715354],[-46.801067333559516,-23.89062344335699],[-46.801067333559516,-23.890688603998626],[-46.801067333559516,-23.8908189252819],[-46.801067333559516,-23.89088408592353],[-46.80111345346337,-23.89107956784844],[-46.80111345346337,-23.891144728490076],[-46.80111345346337,-23.891340210414985],[-46.80111345346337,-23.891470531698257],[-46.80111345346337,-23.891731174264798],[-46.80111345346337,-23.891926656189707],[-46.80111345346337,-23.892122138114615],[-46.80111345346337,-23.89231762003952],[-46.80111345346337,-23.892447941322793],[-46.80115957336723,-23.89251310196443],[-46.80115957336723,-23.892708583889338],[-46.80111345346337,-23.892773744530974],[-46.80111345346337,-23.892904065814243],[-46.80102121365566,-23.89296922645588],[-46.80088285394408,-23.893164708380787],[-46.80074449423251,-23.89329502966406],[-46.800698374328654,-23.893360190305696],[-46.80060613452094,-23.893425350947332],[-46.80051389471322,-23.89349051158897],[-46.800421654905506,-23.89349051158897],[-46.80032941509779,-23.893620832872237],[-46.80014493548236,-23.893685993513873],[-46.8000988155785,-23.893685993513873],[-46.80000657577079,-23.893685993513873],[-46.799775976251496,-23.89375115415551],[-46.79949925682835,-23.893816314797146],[-46.79931477721292,-23.893816314797146],[-46.79922253740521,-23.893816314797146],[-46.799130297597486,-23.893816314797146],[-46.798991937885916,-23.89375115415551],[-46.79880745827049,-23.893685993513873],[-46.79866909855891,-23.893685993513873],[-46.79853073884734,-23.893685993513873],[-46.79839237913576,-23.893620832872237],[-46.79825401942419,-23.8935556722306],[-46.798069539808765,-23.89349051158897],[-46.79788506019333,-23.893425350947332],[-46.79779282038562,-23.893360190305696],[-46.797562220866325,-23.893229869022424],[-46.797423861154755,-23.893164708380787],[-46.79733162134704,-23.893164708380787],[-46.797193261635464,-23.89309954773915],[-46.79705490192389,-23.89309954773915],[-46.796916542212315,-23.89309954773915],[-46.796778182500745,-23.89309954773915],[-46.796639822789174,-23.893164708380787],[-46.79645534317374,-23.893164708380787],[-46.796363103366026,-23.893229869022424],[-46.796224743654456,-23.89329502966406],[-46.79608638394288,-23.893360190305696],[-46.79594802423131,-23.893425350947332],[-46.795855784423594,-23.89349051158897],[-46.79571742471202,-23.893620832872237],[-46.79553294509659,-23.893685993513873],[-46.79539458538501,-23.89375115415551],[-46.795210105769584,-23.893816314797146],[-46.79502562615415,-23.893816314797146],[-46.794702786827145,-23.893881475438782],[-46.79447218730786,-23.893881475438782],[-46.79419546788471,-23.89394663608042],[-46.79405710817314,-23.89394663608042],[-46.793918748461564,-23.894011796722054],[-46.79382650865385,-23.894011796722054],[-46.79373426884614,-23.894011796722054],[-46.79359590913456,-23.894011796722054],[-46.793503669326846,-23.894011796722054],[-46.79341142951913,-23.894011796722054],[-46.793273069807555,-23.89407695736369],[-46.793134710095984,-23.89407695736369],[-46.79295023048056,-23.894142118005327],[-46.792857990672836,-23.894142118005327],[-46.79262739115355,-23.894142118005327],[-46.79230455182655,-23.89420727864696],[-46.792073952307256,-23.894272439288596],[-46.79188947269183,-23.894272439288596],[-46.791704993076394,-23.894337599930232],[-46.79161275326868,-23.894337599930232],[-46.79124379403782,-23.894337599930232],[-46.79096707461467,-23.894402760571868],[-46.79078259499924,-23.894402760571868],[-46.79059811538381,-23.894467921213504],[-46.79004467653752,-23.89453308185514],[-46.78981407701823,-23.894598242496777],[-46.78967571730666,-23.894598242496777],[-46.78953735759508,-23.894663403138413],[-46.789445117787366,-23.894663403138413],[-46.789306758075796,-23.894663403138413],[-46.789214518268075,-23.894663403138413],[-46.789076158556504,-23.894663403138413],[-46.78889167894107,-23.894663403138413],[-46.7887533192295,-23.89472856378005],[-46.78861495951793,-23.89472856378005],[-46.78847659980635,-23.894793724421685],[-46.78838435999864,-23.894793724421685],[-46.78824600028707,-23.89485888506332],[-46.78819988038321,-23.89485888506332],[-46.788015400767776,-23.89485888506332],[-46.78783092115235,-23.894793724421685],[-46.78769256144077,-23.894793724421685],[-46.78746196192149,-23.894663403138413],[-46.787369722113766,-23.894663403138413],[-46.78732360220991,-23.894598242496777],[-46.787231362402196,-23.894598242496777],[-46.78713912259448,-23.89453308185514],[-46.78704688278676,-23.89453308185514],[-46.78690852307519,-23.89453308185514],[-46.78681628326748,-23.894467921213504],[-46.786585683748186,-23.894402760571868],[-46.78653956384433,-23.894402760571868],[-46.78649344394047,-23.894402760571868],[-46.786447324036615,-23.894402760571868],[-46.7863550842289,-23.894402760571868],[-46.78626284442118,-23.894402760571868],[-46.78612448470961,-23.894337599930232],[-46.78598612499804,-23.894337599930232],[-46.785801645382605,-23.894337599930232],[-46.78575552547875,-23.894337599930232],[-46.78570940557489,-23.894272439288596],[-46.785663285671035,-23.894272439288596],[-46.78561716576718,-23.894272439288596],[-46.785571045863314,-23.894272439288596],[-46.78552492595946,-23.89420727864696],[-46.7854788060556,-23.89420727864696],[-46.78538656624789,-23.89420727864696],[-46.78529432644017,-23.89420727864696],[-46.785155966728595,-23.89420727864696],[-46.78510984682474,-23.89420727864696],[-46.78506372692088,-23.89420727864696],[-46.785017607017025,-23.89420727864696],[-46.78492536720931,-23.89420727864696],[-46.78487924730545,-23.89420727864696],[-46.78483312740159,-23.894142118005327],[-46.784787007497734,-23.894142118005327],[-46.78474088759388,-23.894142118005327],[-46.78469476769002,-23.894142118005327],[-46.78455640797845,-23.894142118005327],[-46.78441804826687,-23.894142118005327],[-46.7842796885553,-23.894142118005327],[-46.784233568651445,-23.894142118005327],[-46.78418744874759,-23.894142118005327],[-46.784141328843724,-23.894142118005327],[-46.78404908903601,-23.894142118005327],[-46.78400296913215,-23.894142118005327],[-46.78391072932444,-23.894142118005327],[-46.78386460942058,-23.89407695736369],[-46.783818489516726,-23.89407695736369],[-46.783587889997435,-23.89407695736369],[-46.78354177009358,-23.89407695736369],[-46.783449530285864,-23.894011796722054],[-46.78335729047814,-23.894011796722054],[-46.78321893076657,-23.89394663608042],[-46.783080571055,-23.89394663608042],[-46.78303445115114,-23.89394663608042],[-46.78298833124728,-23.894011796722054],[-46.782803851631854,-23.89394663608042],[-46.782757731728,-23.89394663608042],[-46.78266549192028,-23.89394663608042],[-46.78261937201642,-23.89394663608042],[-46.78248101230485,-23.89394663608042],[-46.782388772497136,-23.893881475438782],[-46.782296532689415,-23.893881475438782],[-46.78225041278556,-23.893881475438782],[-46.7822042928817,-23.893881475438782],[-46.782158172977844,-23.893881475438782],[-46.782019813266274,-23.893881475438782],[-46.78197369336242,-23.893816314797146],[-46.78192757345855,-23.893816314797146],[-46.78183533365084,-23.893816314797146],[-46.78178921374698,-23.893816314797146],[-46.78169697393927,-23.893816314797146],[-46.78165085403541,-23.893816314797146],[-46.781604734131555,-23.893816314797146],[-46.78155861422769,-23.893816314797146],[-46.781512494323835,-23.89375115415551],[-46.78132801470841,-23.89375115415551],[-46.78114353509297,-23.89375115415551],[-46.78105129528526,-23.89375115415551],[-46.78091293557369,-23.89375115415551],[-46.78086681566983,-23.89375115415551],[-46.78082069576597,-23.893685993513873],[-46.780728455958254,-23.893685993513873],[-46.77999053749653,-23.893620832872237],[-46.77971381807338,-23.8935556722306],[-46.77957545836181,-23.8935556722306],[-46.77943709865024,-23.8935556722306],[-46.77879141999623,-23.89349051158897],[-46.77856082047694,-23.893425350947332],[-46.77842246076537,-23.893425350947332],[-46.77828410105379,-23.893360190305696],[-46.778237981149935,-23.893360190305696],[-46.77814574134222,-23.893360190305696],[-46.77805350153451,-23.893360190305696],[-46.77791514182293,-23.893360190305696],[-46.77777678211136,-23.893360190305696],[-46.77759230249593,-23.893360190305696],[-46.777453942784355,-23.89329502966406],[-46.777315583072784,-23.89329502966406],[-46.77717722336121,-23.89329502966406],[-46.777038863649636,-23.89329502966406],[-46.77699274374578,-23.89329502966406],[-46.77694662384192,-23.893229869022424],[-46.776900503938066,-23.89309954773915],[-46.776808264130345,-23.892904065814243],[-46.776808264130345,-23.89283890517261],[-46.77676214422649,-23.892773744530974],[-46.77676214422649,-23.892708583889338],[-46.77671602432263,-23.8926434232477],[-46.77671602432263,-23.892578262606065],[-46.77671602432263,-23.89251310196443],[-46.77671602432263,-23.892447941322793],[-46.77671602432263,-23.892382780681157],[-46.77671602432263,-23.892252459397884],[-46.77671602432263,-23.89205697747298],[-46.77671602432263,-23.891796334906434],[-46.77671602432263,-23.890493122073718],[-46.77676214422649,-23.89029764014881],[-46.77671602432263,-23.88997183694063],[-46.77671602432263,-23.889906676298995],[-46.77671602432263,-23.889776355015723],[-46.77671602432263,-23.88964603373245],[-46.77671602432263,-23.88938539116591],[-46.776669904418775,-23.889189909241],[-46.776669904418775,-23.88905958795773],[-46.776669904418775,-23.888798945391187],[-46.77648542480335,-23.887560893200103],[-46.77643930489948,-23.887235089991925],[-46.776531544707204,-23.88651832293393],[-46.77657766461106,-23.886322841009022],[-46.77657766461106,-23.886257680367386],[-46.77657766461106,-23.88619251972575],[-46.776531544707204,-23.885801555875936],[-46.776531544707204,-23.885671234592664],[-46.776531544707204,-23.88554091330939],[-46.77648542480335,-23.885345431384486],[-46.77648542480335,-23.885215110101214],[-46.77648542480335,-23.885149949459578],[-46.77648542480335,-23.88508478881794],[-46.77643930489948,-23.884628664326492],[-46.77643930489948,-23.884237700476675],[-46.77643930489948,-23.884107379193406],[-46.77643930489948,-23.88404221855177],[-46.77643930489948,-23.883977057910133],[-46.77643930489948,-23.883911897268497],[-46.77648542480335,-23.883781575985225],[-46.77648542480335,-23.883586094060316],[-46.77648542480335,-23.88352093341868],[-46.77648542480335,-23.883325451493775],[-46.77648542480335,-23.883195130210503],[-46.77648542480335,-23.883129969568866],[-46.77648542480335,-23.88306480892723],[-46.77648542480335,-23.882739005719053],[-46.77648542480335,-23.88260868443578],[-46.77648542480335,-23.882543523794144],[-46.776531544707204,-23.881957078019422],[-46.776531544707204,-23.881891917377786],[-46.776531544707204,-23.88182675673615],[-46.776531544707204,-23.881761596094513],[-46.776531544707204,-23.881696435452877],[-46.77648542480335,-23.880784186469974],[-46.77648542480335,-23.88071902582834],[-46.77648542480335,-23.880653865186705],[-46.77648542480335,-23.88058870454507],[-46.77648542480335,-23.88039322262016],[-46.77648542480335,-23.88019774069525],[-46.77643930489948,-23.880067419411983],[-46.77639318499563,-23.879546134278893],[-46.77634706509177,-23.879090009787443],[-46.776254825284056,-23.87817776080454],[-46.776254825284056,-23.878112600162904],[-46.77616258547634,-23.877460993746546],[-46.77616258547634,-23.876353262838737],[-46.77616258547634,-23.87550617449747],[-46.77616258547634,-23.875441013855834],[-46.77616258547634,-23.875310692572565],[-46.776024225764765,-23.87524553193093],[-46.77597810586091,-23.874333282948026],[-46.77597810586091,-23.872704266907128],[-46.77597810586091,-23.872182981774042],[-46.77593198595705,-23.87133589343278],[-46.775885866053194,-23.870293323166603],[-46.77583974614934,-23.868990110333886],[-46.77583974614934,-23.86892494969225],[-46.77583974614934,-23.868664307125705],[-46.77583974614934,-23.8684688252008],[-46.77583974614934,-23.868338503917528],[-46.77583974614934,-23.868208182634255],[-46.77583974614934,-23.86814302199262],[-46.77583974614934,-23.867882379426078],[-46.77579362624548,-23.86768689750117],[-46.77579362624548,-23.867621736859533],[-46.77579362624548,-23.867426254934625],[-46.77579362624548,-23.86723077300972],[-46.77579362624548,-23.86690496980154],[-46.77579362624548,-23.86657916659336],[-46.77579362624548,-23.866514005951725],[-46.77579362624548,-23.866383684668453],[-46.77579362624548,-23.866318524026816],[-46.77579362624548,-23.86560175696882],[-46.77579362624548,-23.865275953760644],[-46.77583974614934,-23.8633862951532],[-46.77579362624548,-23.86188760039558],[-46.77583974614934,-23.85986762050487],[-46.77583974614934,-23.858499247030515],[-46.77579362624548,-23.856414106498168],[-46.77662378451492,-23.856088303289987],[-46.77643930489948,-23.855697339440173],[-46.77662378451492,-23.855501857515264],[-46.77676214422649,-23.855306375590356],[-46.776900503938066,-23.85524121494872],[-46.77708498355349,-23.85511089366545],[-46.77726946316893,-23.854850251098906],[-46.77736170297664,-23.854719929815634],[-46.77750006268821,-23.85458960853236],[-46.777684542303646,-23.854394126607456],[-46.77782290201522,-23.854198644682548],[-46.77805350153451,-23.85400316275764],[-46.778237981149935,-23.853807680832734],[-46.77842246076537,-23.853612198907825],[-46.77856082047694,-23.853416716982917],[-46.77869918018852,-23.85309091377474],[-46.77897589961166,-23.852504468000017],[-46.77911425932324,-23.852048343508564],[-46.77925261903481,-23.851592219017114],[-46.77934485884252,-23.85133157645057],[-46.7794832185541,-23.851070933884028],[-46.779529338457955,-23.850810291317483],[-46.77957545836181,-23.850745130675847],[-46.77957545836181,-23.85067997003421],[-46.77962157826567,-23.850614809392575],[-46.77962157826567,-23.85054964875094],[-46.77957545836181,-23.85041932746767],[-46.77957545836181,-23.850354166826033],[-46.77957545836181,-23.850289006184397],[-46.779529338457955,-23.85022384554276],[-46.779529338457955,-23.850158684901125],[-46.77943709865024,-23.85009352425949],[-46.77934485884252,-23.850028363617852],[-46.779298738938664,-23.849963202976216],[-46.779298738938664,-23.84989804233458],[-46.779298738938664,-23.84976772105131],[-46.779298738938664,-23.849702560409675],[-46.779298738938664,-23.84963739976804],[-46.77925261903481,-23.849572239126402],[-46.77920649913095,-23.849507078484766],[-46.77916037922709,-23.84944191784313],[-46.77916037922709,-23.849376757201494],[-46.77916037922709,-23.849311596559858],[-46.77916037922709,-23.84924643591822],[-46.77920649913095,-23.849181275276585],[-46.77925261903481,-23.849116114634953],[-46.779298738938664,-23.849116114634953],[-46.779298738938664,-23.849050953993316],[-46.77934485884252,-23.84898579335168],[-46.77934485884252,-23.848920632710044],[-46.77939097874638,-23.848855472068408],[-46.77943709865024,-23.84879031142677],[-46.779529338457955,-23.848725150785135],[-46.77957545836181,-23.848725150785135],[-46.779667698169526,-23.848725150785135],[-46.77971381807338,-23.8486599901435],[-46.779759937977246,-23.848594829501863],[-46.7798060578811,-23.848529668860227],[-46.77989829768882,-23.848529668860227],[-46.779944417592674,-23.848529668860227],[-46.78003665740039,-23.848464508218594],[-46.78003665740039,-23.848399347576958],[-46.77999053749653,-23.848334186935322],[-46.77989829768882,-23.848334186935322],[-46.77985217778496,-23.848334186935322],[-46.77971381807338,-23.848269026293686],[-46.77962157826567,-23.848269026293686],[-46.77957545836181,-23.84820386565205],[-46.77957545836181,-23.848138705010413],[-46.779667698169526,-23.848138705010413],[-46.77971381807338,-23.848073544368777],[-46.77971381807338,-23.84800838372714],[-46.77962157826567,-23.847943223085505],[-46.77957545836181,-23.847943223085505],[-46.77962157826567,-23.84787806244387],[-46.779667698169526,-23.847812901802236],[-46.77971381807338,-23.8477477411606],[-46.77971381807338,-23.847682580518963],[-46.779759937977246,-23.847617419877327],[-46.77971381807338,-23.84755225923569],[-46.77962157826567,-23.84755225923569],[-46.77957545836181,-23.84755225923569],[-46.7794832185541,-23.847487098594055],[-46.77943709865024,-23.84742193795242],[-46.77939097874638,-23.84742193795242],[-46.77943709865024,-23.847356777310782],[-46.7794832185541,-23.847291616669146],[-46.779529338457955,-23.84722645602751],[-46.77957545836181,-23.847161295385874],[-46.779529338457955,-23.84709613474424],[-46.7794832185541,-23.84709613474424],[-46.77939097874638,-23.847030974102605],[-46.77934485884252,-23.847030974102605],[-46.77925261903481,-23.84696581346097],[-46.77920649913095,-23.84696581346097],[-46.77911425932324,-23.846900652819333],[-46.77911425932324,-23.846835492177696],[-46.77906813941938,-23.84677033153606],[-46.77911425932324,-23.846705170894424],[-46.77911425932324,-23.846640010252788],[-46.77906813941938,-23.84657484961115],[-46.77906813941938,-23.846509688969515],[-46.779022019515516,-23.846444528327883],[-46.779022019515516,-23.84631420704461],[-46.779022019515516,-23.846249046402974],[-46.779022019515516,-23.846183885761338],[-46.779022019515516,-23.8461187251197],[-46.77906813941938,-23.846053564478066],[-46.77911425932324,-23.84598840383643],[-46.77916037922709,-23.84598840383643],[-46.77920649913095,-23.845923243194793],[-46.77920649913095,-23.845858082553157],[-46.77920649913095,-23.845727761269888],[-46.77925261903481,-23.845662600628252],[-46.77934485884252,-23.845597439986616],[-46.77934485884252,-23.84553227934498],[-46.77939097874638,-23.84533679742007],[-46.77943709865024,-23.845271636778435],[-46.7794832185541,-23.8452064761368],[-46.7794832185541,-23.84507615485353],[-46.779529338457955,-23.845010994211894],[-46.779529338457955,-23.844945833570257],[-46.77957545836181,-23.84488067292862],[-46.77957545836181,-23.84475035164535],[-46.77957545836181,-23.844685191003713],[-46.77957545836181,-23.844620030362076],[-46.77957545836181,-23.844489709078804],[-46.779529338457955,-23.84442454843717],[-46.779529338457955,-23.844359387795535],[-46.779529338457955,-23.8442942271539],[-46.77957545836181,-23.844229066512263],[-46.77962157826567,-23.844163905870627],[-46.779759937977246,-23.84409874522899],[-46.77985217778496,-23.844033584587354],[-46.77989829768882,-23.843968423945718],[-46.779944417592674,-23.843968423945718],[-46.77999053749653,-23.84390326330408],[-46.78003665740039,-23.843838102662446],[-46.78012889720811,-23.843772942020813],[-46.780175017111965,-23.843772942020813],[-46.78022113701582,-23.843707781379177],[-46.78022113701582,-23.84364262073754],[-46.78022113701582,-23.843577460095904],[-46.78026725691968,-23.843512299454268],[-46.780313376823536,-23.843447138812632],[-46.780313376823536,-23.843381978170996],[-46.78026725691968,-23.84331681752936],[-46.78022113701582,-23.843251656887723],[-46.78022113701582,-23.843186496246087],[-46.780175017111965,-23.84312133560445],[-46.78022113701582,-23.84305617496282],[-46.78022113701582,-23.842925853679546],[-46.78026725691968,-23.84286069303791],[-46.78026725691968,-23.842795532396273],[-46.78026725691968,-23.842730371754637],[-46.780313376823536,-23.842665211113],[-46.78035949672739,-23.842600050471365],[-46.78040561663125,-23.84253488982973],[-46.78035949672739,-23.84253488982973],[-46.780313376823536,-23.84253488982973],[-46.78026725691968,-23.84253488982973],[-46.780175017111965,-23.84253488982973],[-46.780082777304244,-23.84253488982973],[-46.78003665740039,-23.842469729188092],[-46.77999053749653,-23.842469729188092],[-46.779944417592674,-23.842469729188092],[-46.77989829768882,-23.842469729188092],[-46.7798060578811,-23.842469729188092],[-46.779759937977246,-23.84240456854646],[-46.779667698169526,-23.84240456854646],[-46.779529338457955,-23.84240456854646],[-46.7794832185541,-23.842469729188092],[-46.77943709865024,-23.842469729188092],[-46.779298738938664,-23.842600050471365],[-46.77925261903481,-23.842665211113],[-46.77920649913095,-23.842665211113],[-46.77911425932324,-23.842665211113],[-46.77906813941938,-23.842665211113],[-46.77897589961166,-23.842665211113],[-46.7789297797078,-23.842600050471365],[-46.778883659803945,-23.842600050471365],[-46.77879141999623,-23.84253488982973],[-46.77869918018852,-23.84240456854646],[-46.7786069403808,-23.84240456854646],[-46.77856082047694,-23.84240456854646],[-46.77846858066923,-23.84253488982973],[-46.77842246076537,-23.842600050471365],[-46.77842246076537,-23.842730371754637],[-46.778330220957656,-23.842795532396273],[-46.778237981149935,-23.84286069303791],[-46.77819186124608,-23.842925853679546],[-46.77805350153451,-23.842991014321182],[-46.77791514182293,-23.842925853679546],[-46.77750006268821,-23.842665211113],[-46.777315583072784,-23.84253488982973],[-46.77708498355349,-23.842469729188092],[-46.77662378451492,-23.842469729188092],[-46.77639318499563,-23.84253488982973],[-46.776254825284056,-23.842665211113],[-46.776116465572485,-23.84286069303791],[-46.776024225764765,-23.842925853679546],[-46.77579362624548,-23.843186496246087],[-46.775747506341624,-23.843186496246087],[-46.775609146630046,-23.843251656887723],[-46.77537854711076,-23.84331681752936],[-46.77505570778376,-23.84331681752936],[-46.77464062864904,-23.843447138812632],[-46.77450226893746,-23.843512299454268],[-46.77427166941817,-23.843707781379177],[-46.77394883009117,-23.843772942020813],[-46.773533750956446,-23.843772942020813],[-46.773026432014014,-23.843512299454268],[-46.77251911307158,-23.843381978170996],[-46.77228851355229,-23.843381978170996],[-46.771965674225285,-23.843381978170996],[-46.77164283489828,-23.843447138812632],[-46.771319995571275,-23.843512299454268],[-46.771043276148134,-23.843512299454268],[-46.7708587965327,-23.843447138812632],[-46.770766556724986,-23.843251656887723],[-46.77058207710955,-23.843186496246087],[-46.77044371739798,-23.843186496246087],[-46.77021311787869,-23.843186496246087],[-46.769613559128544,-23.843381978170996],[-46.7684605615321,-23.843381978170996],[-46.76795324258966,-23.84331681752936],[-46.767676523166514,-23.843186496246087],[-46.76730756393565,-23.84312133560445],[-46.766984724608655,-23.842991014321182],[-46.766339045954645,-23.84286069303791],[-46.76578560710835,-23.842665211113],[-46.765047688646625,-23.842600050471365],[-46.764770969223484,-23.842600050471365],[-46.76458648960805,-23.842469729188092],[-46.764494249800336,-23.842339407904824],[-46.764494249800336,-23.842274247263187],[-46.764494249800336,-23.842143925979915],[-46.764494249800336,-23.84188328341337],[-46.764494249800336,-23.8417529621301],[-46.76444812989648,-23.84162264084683],[-46.764263650281045,-23.841296837638648],[-46.76389469105018,-23.841036195072107],[-46.76352573181932,-23.840710391863926],[-46.76343349201161,-23.84064523122229],[-46.763064532780746,-23.84018910673084],[-46.76292617306917,-23.839928464164295],[-46.76288005316531,-23.839667821597754],[-46.76288005316531,-23.83953750031448],[-46.76297229297303,-23.8392116971063],[-46.763064532780746,-23.838820733256487],[-46.7631106526846,-23.838625251331578],[-46.76315677258846,-23.8382994481234],[-46.76315677258846,-23.838038805556856],[-46.76315677258846,-23.83751752042377],[-46.76315677258846,-23.837256877857225],[-46.76315677258846,-23.837061395932317],[-46.7631106526846,-23.836931074649048],[-46.76301841287689,-23.836800753365775],[-46.76288005316531,-23.836670432082503],[-46.76274169345374,-23.83654011079923],[-46.762695573549884,-23.836409789515958],[-46.762695573549884,-23.83627946823269],[-46.762695573549884,-23.83608398630778],[-46.76264945364603,-23.83595366502451],[-46.76274169345374,-23.835888504382872],[-46.762833933261454,-23.8357581830996],[-46.76292617306917,-23.83549754053306],[-46.76297229297303,-23.835367219249786],[-46.76297229297303,-23.835041416041605],[-46.7631106526846,-23.834715612833428],[-46.76315677258846,-23.834585291550155],[-46.763341252203894,-23.834454970266883],[-46.763479611915464,-23.834389809625247],[-46.76357185172318,-23.834324648983614],[-46.76389469105018,-23.834324648983614],[-46.76407917066562,-23.834324648983614],[-46.7643097701849,-23.834324648983614],[-46.76454036970419,-23.834389809625247],[-46.76467872941576,-23.834389809625247],[-46.76495544883891,-23.834454970266883],[-46.7651860483582,-23.834585291550155],[-46.765278288165916,-23.83465045219179],[-46.76537052797363,-23.83465045219179],[-46.765462767781344,-23.83465045219179],[-46.765555007589064,-23.834585291550155],[-46.76564724739678,-23.834454970266883],[-46.765693367300635,-23.834324648983614],[-46.76573948720449,-23.83419432770034],[-46.76573948720449,-23.833998845775433],[-46.765693367300635,-23.83386852449216],[-46.76523216826206,-23.83360788192562],[-46.76523216826206,-23.833542721283983],[-46.7651860483582,-23.833477560642347],[-46.7651860483582,-23.83341240000071],[-46.765139928454346,-23.833347239359075],[-46.76509380855048,-23.83328207871744],[-46.76509380855048,-23.833216918075802],[-46.765047688646625,-23.83308659679253],[-46.76500156874277,-23.83308659679253],[-46.76500156874277,-23.833021436150894],[-46.76495544883891,-23.83295627550926],[-46.764909328935055,-23.832891114867625],[-46.7648632090312,-23.83282595422599],[-46.764770969223484,-23.832760793584352],[-46.76467872941576,-23.832695632942716],[-46.76463260951191,-23.83263047230108],[-46.76458648960805,-23.83263047230108],[-46.764494249800336,-23.83263047230108],[-46.76440200999262,-23.832565311659444],[-46.764263650281045,-23.832565311659444],[-46.76417141047333,-23.832565311659444],[-46.764125290569474,-23.832500151017808],[-46.76403305076175,-23.832500151017808],[-46.7639869308579,-23.832500151017808],[-46.76394081095404,-23.83243499037617],[-46.76389469105018,-23.832369829734535],[-46.763848571146326,-23.832304669092903],[-46.763848571146326,-23.83217434780963],[-46.76380245124247,-23.832109187167994],[-46.76380245124247,-23.832044026526358],[-46.76375633133861,-23.83197886588472],[-46.763710211434756,-23.831913705243085],[-46.763710211434756,-23.83184854460145],[-46.76366409153089,-23.831783383959813],[-46.763617971627035,-23.831718223318177],[-46.763617971627035,-23.831653062676544],[-46.76357185172318,-23.831587902034908],[-46.76357185172318,-23.83152274139327],[-46.76352573181932,-23.831457580751636],[-46.76352573181932,-23.83139242011],[-46.76352573181932,-23.831327259468363],[-46.76352573181932,-23.831262098826727],[-46.763479611915464,-23.83119693818509],[-46.763479611915464,-23.83106661690182],[-46.76343349201161,-23.831001456260186],[-46.76343349201161,-23.83093629561855],[-46.76338737210775,-23.830871134976913],[-46.76338737210775,-23.830805974335277],[-46.763341252203894,-23.830675653052005],[-46.76329513230003,-23.83061049241037],[-46.76329513230003,-23.830480171127096],[-46.76329513230003,-23.83041501048546],[-46.76324901239617,-23.830349849843824],[-46.76324901239617,-23.83028468920219],[-46.76324901239617,-23.830219528560555],[-46.76324901239617,-23.830089207277283],[-46.763202892492316,-23.830024046635646],[-46.763202892492316,-23.829893725352374],[-46.763202892492316,-23.829828564710738],[-46.763202892492316,-23.8297634040691],[-46.763202892492316,-23.829698243427465],[-46.763202892492316,-23.829567922144197],[-46.763202892492316,-23.82950276150256],[-46.763202892492316,-23.829437600860924],[-46.763202892492316,-23.829372440219288],[-46.763202892492316,-23.82930727957765],[-46.76315677258846,-23.829242118936016],[-46.7631106526846,-23.829242118936016],[-46.7631106526846,-23.82917695829438],[-46.763064532780746,-23.82917695829438],[-46.763064532780746,-23.829111797652743],[-46.76301841287689,-23.829111797652743],[-46.76297229297303,-23.829046637011107],[-46.76292617306917,-23.828981476369474],[-46.76292617306917,-23.828916315727838],[-46.76292617306917,-23.828851155086202],[-46.76288005316531,-23.828851155086202],[-46.76288005316531,-23.828785994444566],[-46.76288005316531,-23.82872083380293],[-46.762833933261454,-23.82852535187802],[-46.762833933261454,-23.828460191236385],[-46.762833933261454,-23.82839503059475],[-46.762833933261454,-23.828329869953112],[-46.7627878133576,-23.82826470931148],[-46.7627878133576,-23.828199548669843],[-46.7627878133576,-23.828004066744935],[-46.76274169345374,-23.828004066744935],[-46.76274169345374,-23.8279389061033],[-46.76274169345374,-23.827873745461662],[-46.76274169345374,-23.827808584820026],[-46.76274169345374,-23.827678263536754],[-46.7627878133576,-23.82761310289512],[-46.7627878133576,-23.827547942253485],[-46.7627878133576,-23.82748278161185],[-46.76301841287689,-23.827222139045304],[-46.76315677258846,-23.827222139045304],[-46.763202892492316,-23.827156978403668],[-46.763202892492316,-23.82709181776203],[-46.76324901239617,-23.826961496478763],[-46.76338737210775,-23.826766014553854],[-46.76366409153089,-23.82650537198731],[-46.76394081095404,-23.826440211345673],[-46.76403305076175,-23.8263098900624],[-46.76407917066562,-23.8263098900624],[-46.76417141047333,-23.826244729420768],[-46.76421753037719,-23.826179568779132],[-46.764263650281045,-23.826114408137496],[-46.7643097701849,-23.826114408137496],[-46.76440200999262,-23.82604924749586],[-46.764494249800336,-23.825984086854223],[-46.76454036970419,-23.825984086854223],[-46.76458648960805,-23.825984086854223],[-46.76467872941576,-23.825918926212587],[-46.764770969223484,-23.825918926212587],[-46.7648632090312,-23.82585376557095],[-46.764909328935055,-23.82585376557095],[-46.76495544883891,-23.825788604929315],[-46.76500156874277,-23.82572344428768],[-46.765047688646625,-23.825658283646042],[-46.765047688646625,-23.82559312300441],[-46.76509380855048,-23.825527962362774],[-46.765139928454346,-23.8253976410795],[-46.76523216826206,-23.825332480437865],[-46.765278288165916,-23.82526731979623],[-46.76537052797363,-23.825202159154593],[-46.765462767781344,-23.825136998512956],[-46.765555007589064,-23.82507183787132],[-46.76564724739678,-23.82507183787132],[-46.765693367300635,-23.825006677229684],[-46.76573948720449,-23.82494151658805],[-46.765831727012205,-23.82494151658805],[-46.76587784691607,-23.824876355946415],[-46.76597008672378,-23.82481119530478],[-46.76601620662764,-23.82481119530478],[-46.7660623265315,-23.824746034663143],[-46.766108446435354,-23.824680874021507],[-46.76615456633921,-23.82461571337987],[-46.76620068624307,-23.82461571337987],[-46.76624680614693,-23.824550552738234],[-46.766339045954645,-23.824485392096598],[-46.7663851658585,-23.824420231454962],[-46.76643128576236,-23.824420231454962],[-46.76652352557007,-23.824355070813326],[-46.76661576537779,-23.824355070813326],[-46.76666188528165,-23.824355070813326],[-46.76675412508936,-23.82428991017169],[-46.76680024499322,-23.82428991017169],[-46.766892484800934,-23.824224749530057],[-46.76703084451251,-23.824094428246784],[-46.767123084320225,-23.824029267605148],[-46.76730756393565,-23.824029267605148],[-46.76735368383952,-23.823898946321876],[-46.76744592364723,-23.823768625038603],[-46.76749204355109,-23.823703464396967],[-46.7675842833588,-23.82363830375533],[-46.76772264307038,-23.8235731431137],[-46.76786100278195,-23.823507982472062],[-46.767907122685806,-23.823442821830426],[-46.76795324258966,-23.82337766118879],[-46.76799936249352,-23.823312500547154],[-46.768045482397376,-23.823247339905517],[-46.76799936249352,-23.82318217926388],[-46.76795324258966,-23.82318217926388],[-46.76795324258966,-23.823117018622245],[-46.76795324258966,-23.82305185798061],[-46.76795324258966,-23.822986697338973],[-46.76799936249352,-23.822986697338973],[-46.76799936249352,-23.82292153669734],[-46.768045482397376,-23.822856376055704],[-46.768045482397376,-23.822791215414068],[-46.76809160230124,-23.822791215414068],[-46.76809160230124,-23.82272605477243],[-46.7681377222051,-23.82272605477243],[-46.7681377222051,-23.822660894130795],[-46.768183842108954,-23.822660894130795],[-46.768183842108954,-23.82259573348916],[-46.76822996201281,-23.82259573348916],[-46.76827608191667,-23.822530572847523],[-46.768322201820524,-23.822530572847523],[-46.768322201820524,-23.822465412205887],[-46.76836832172438,-23.822465412205887],[-46.7684605615321,-23.82240025156425],[-46.76887564066682,-23.821813805789528],[-46.76892176057068,-23.82161832386462],[-46.768967880474534,-23.821553163222987],[-46.76901400037839,-23.82148800258135],[-46.76906012028225,-23.82148800258135],[-46.769106240186105,-23.821422841939714],[-46.76924459989768,-23.82135768129808],[-46.76929071980154,-23.82135768129808],[-46.76938295960925,-23.821292520656442],[-46.769475199416966,-23.821227360014806],[-46.76970579893626,-23.82116219937317],[-46.76993639845555,-23.821097038731534],[-46.77007475816712,-23.82096671744826],[-46.770120878070976,-23.82090155680663],[-46.77016699797483,-23.820771235523356],[-46.770259237782554,-23.82070607488172],[-46.77030535768641,-23.820575753598447],[-46.77035147759027,-23.82051059295681],[-46.77044371739798,-23.820445432315175],[-46.77048983730184,-23.82038027167354],[-46.770628197013416,-23.820249950390266],[-46.77072043682113,-23.820184789748634],[-46.77081267662884,-23.820184789748634],[-46.77090491643656,-23.820119629106998],[-46.77099715624428,-23.820119629106998],[-46.77108939605199,-23.820119629106998],[-46.771181635859705,-23.82005446846536],[-46.77136611547514,-23.820119629106998],[-46.77164283489828,-23.82005446846536],[-46.77178119460986,-23.819989307823725],[-46.772196273744576,-23.819598343973908],[-46.77224239364843,-23.819533183332275],[-46.77228851355229,-23.81946802269064],[-46.77233463345615,-23.81946802269064],[-46.772380753360004,-23.819402862049003],[-46.77242687326386,-23.819337701407367],[-46.772472993167725,-23.81927254076573],[-46.77251911307158,-23.819207380124094],[-46.77256523297544,-23.81914221948246],[-46.772611352879295,-23.819077058840822],[-46.77265747278315,-23.819077058840822],[-46.772749712590866,-23.819011898199186],[-46.773533750956446,-23.818360291782827],[-46.77357987086031,-23.818360291782827],[-46.77362599076417,-23.818360291782827],[-46.77367211066802,-23.818360291782827],[-46.77371823057188,-23.818360291782827],[-46.77376435047574,-23.818360291782827],[-46.773810470379594,-23.818360291782827],[-46.77390271018731,-23.818099649216286],[-46.77394883009117,-23.81783900664974],[-46.774041069898885,-23.81770868536647],[-46.77422554951431,-23.817578364083197],[-46.774456149033604,-23.817578364083197],[-46.774594508745174,-23.817578364083197],[-46.77473286845675,-23.817578364083197],[-46.774825108264466,-23.817643524724833],[-46.77491734807218,-23.81770868536647],[-46.7750095878799,-23.81770868536647],[-46.7750095878799,-23.817773846008105],[-46.77505570778376,-23.817773846008105],[-46.77514794759147,-23.817773846008105],[-46.7753324272069,-23.81770868536647],[-46.775470786918476,-23.817643524724833],[-46.77556302672619,-23.817513203441564],[-46.775747506341624,-23.817448042799928],[-46.77583974614934,-23.81738288215829],[-46.77593198595705,-23.81725256087502],[-46.77597810586091,-23.817187400233383],[-46.776024225764765,-23.817187400233383],[-46.776116465572485,-23.817187400233383],[-46.7762087053802,-23.817122239591747],[-46.776254825284056,-23.817122239591747],[-46.77630094518791,-23.81705707895011],[-46.77634706509177,-23.816991918308474],[-46.77639318499563,-23.816991918308474],[-46.77643930489948,-23.816991918308474],[-46.77643930489948,-23.816926757666838],[-46.776531544707204,-23.816926757666838],[-46.776531544707204,-23.816861597025206],[-46.77657766461106,-23.816861597025206],[-46.77657766461106,-23.81679643638357],[-46.77662378451492,-23.81679643638357],[-46.776669904418775,-23.816731275741933],[-46.77671602432263,-23.816731275741933],[-46.776808264130345,-23.816731275741933],[-46.776900503938066,-23.816731275741933],[-46.77694662384192,-23.816731275741933],[-46.777038863649636,-23.816731275741933],[-46.77708498355349,-23.816666115100297],[-46.77713110345735,-23.816666115100297],[-46.77717722336121,-23.81660095445866],[-46.77726946316893,-23.816535793817025],[-46.777315583072784,-23.816405472533752],[-46.77736170297664,-23.816405472533752],[-46.7774078228805,-23.816340311892116],[-46.777453942784355,-23.81627515125048],[-46.77750006268821,-23.81627515125048],[-46.77759230249593,-23.816209990608847],[-46.777684542303646,-23.816209990608847],[-46.7777306622075,-23.81614482996721],[-46.77777678211136,-23.81614482996721],[-46.777869021919074,-23.816079669325575],[-46.77791514182293,-23.816079669325575],[-46.777961261726794,-23.81601450868394],[-46.77800738163065,-23.81601450868394],[-46.77805350153451,-23.81601450868394],[-46.77814574134222,-23.815949348042302],[-46.77819186124608,-23.815949348042302],[-46.778237981149935,-23.815949348042302],[-46.778330220957656,-23.815884187400666],[-46.77837634086151,-23.815884187400666],[-46.77846858066923,-23.81581902675903],[-46.77851470057308,-23.81581902675903],[-46.77856082047694,-23.815753866117394],[-46.7786069403808,-23.815753866117394],[-46.77869918018852,-23.815688705475758],[-46.77883753990009,-23.81562354483412],[-46.77897589961166,-23.81562354483412],[-46.77911425932324,-23.815493223550853],[-46.77920649913095,-23.815428062909216],[-46.77934485884252,-23.81536290226758],[-46.779529338457955,-23.815232580984308],[-46.77962157826567,-23.81516742034267],[-46.77971381807338,-23.815102259701035],[-46.7798060578811,-23.814971938417763],[-46.77989829768882,-23.814906777776127],[-46.77999053749653,-23.814841617134494],[-46.78012889720811,-23.814776456492858],[-46.78022113701582,-23.81471129585122],[-46.78035949672739,-23.814646135209586],[-46.780451736535106,-23.81458097456795],[-46.78054397634283,-23.814515813926313],[-46.780590096246684,-23.814450653284677],[-46.7806823360544,-23.81438549264304],[-46.78077457586211,-23.814320332001405],[-46.78091293557369,-23.814320332001405],[-46.78105129528526,-23.81425517135977],[-46.78114353509297,-23.814190010718136],[-46.78123577490069,-23.8141248500765],[-46.78132801470841,-23.8141248500765],[-46.78142025451612,-23.814059689434863],[-46.781512494323835,-23.8141248500765],[-46.781604734131555,-23.8141248500765],[-46.781743093843126,-23.8141248500765],[-46.78183533365084,-23.8141248500765],[-46.78192757345855,-23.8141248500765],[-46.78206593317013,-23.814059689434863],[-46.782158172977844,-23.813994528793227],[-46.7822042928817,-23.81392936815159],[-46.78225041278556,-23.813864207509955],[-46.782296532689415,-23.81379904686832],[-46.78243489240099,-23.813733886226682],[-46.78248101230485,-23.813668725585046],[-46.782527132208706,-23.81360356494341],[-46.78257325211256,-23.81347324366014],[-46.78257325211256,-23.813408083018505],[-46.78261937201642,-23.813277761735232],[-46.78271161182414,-23.813212601093596],[-46.782803851631854,-23.813212601093596],[-46.78284997153571,-23.813212601093596],[-46.782942211343425,-23.813277761735232],[-46.78298833124728,-23.813277761735232],[-46.783080571055,-23.813277761735232],[-46.783172810862716,-23.813277761735232],[-46.78321893076657,-23.813277761735232],[-46.78331117057429,-23.813277761735232],[-46.783403410382,-23.813277761735232],[-46.78349565018972,-23.813277761735232],[-46.78354177009358,-23.813277761735232],[-46.78363400990129,-23.813277761735232],[-46.783726249709005,-23.813277761735232],[-46.783818489516726,-23.813212601093596],[-46.78386460942058,-23.813212601093596],[-46.78391072932444,-23.81314744045196],[-46.7839568492283,-23.813082279810324],[-46.78404908903601,-23.813082279810324],[-46.78409520893987,-23.813082279810324],[-46.78418744874759,-23.81314744045196],[-46.784233568651445,-23.81314744045196],[-46.7842796885553,-23.81314744045196],[-46.78441804826687,-23.81314744045196],[-46.784510288074586,-23.81314744045196],[-46.784602527882306,-23.813212601093596],[-46.784602527882306,-23.81334292237687],[-46.784602527882306,-23.813408083018505],[-46.784602527882306,-23.81347324366014],[-46.78469476769002,-23.81347324366014],[-46.78474088759388,-23.813408083018505],[-46.78483312740159,-23.813408083018505],[-46.78487924730545,-23.813408083018505],[-46.78492536720931,-23.81334292237687],[-46.785017607017025,-23.813277761735232],[-46.78510984682474,-23.81314744045196],[-46.785155966728595,-23.813017119168688],[-46.78520208663245,-23.813017119168688],[-46.78534044634403,-23.812756476602146],[-46.78570940557489,-23.81269131596051],[-46.78617060461347,-23.81269131596051],[-46.786585683748186,-23.81269131596051],[-46.78718524249834,-23.812430673393965],[-46.78783092115235,-23.812170030827424],[-46.78889167894107,-23.811648745694335],[-46.7902752760568,-23.811388103127793],[-46.79225843192269,-23.811192621202885],[-46.793642029038416,-23.81080165735307],[-46.794795026634866,-23.81047585414489],[-46.79484114653872,-23.81047585414489],[-46.79488726644258,-23.81047585414489],[-46.794933386346436,-23.81047585414489],[-46.79497950625029,-23.81047585414489],[-46.79507174605801,-23.81047585414489],[-46.79511786596186,-23.81047585414489],[-46.79516398586573,-23.81047585414489],[-46.795210105769584,-23.81047585414489],[-46.79525622567344,-23.810541014786526],[-46.7953023455773,-23.810541014786526],[-46.795348465481155,-23.810541014786526],[-46.79539458538501,-23.810606175428163],[-46.79544070528887,-23.810606175428163],[-46.79548682519273,-23.8106713360698],[-46.79553294509659,-23.810736496711435],[-46.795579065000446,-23.810736496711435],[-46.7956251849043,-23.810736496711435],[-46.79567130480816,-23.81080165735307],[-46.79571742471202,-23.81080165735307],[-46.79576354461587,-23.81080165735307],[-46.79580966451973,-23.81080165735307],[-46.795855784423594,-23.810866817994704],[-46.79590190432745,-23.810866817994704],[-46.79594802423131,-23.810866817994704],[-46.795994144135165,-23.81093197863634],[-46.79604026403902,-23.81093197863634],[-46.79608638394288,-23.81093197863634],[-46.796132503846735,-23.810997139277976],[-46.79617862375059,-23.810997139277976],[-46.796224743654456,-23.810997139277976],[-46.79627086355831,-23.811062299919612],[-46.79631698346217,-23.811062299919612],[-46.79640922326988,-23.811062299919612],[-46.79645534317374,-23.81112746056125],[-46.7965014630776,-23.81112746056125],[-46.796547582981454,-23.81112746056125],[-46.796639822789174,-23.81112746056125],[-46.79673206259689,-23.811062299919612],[-46.79687042230846,-23.811062299919612],[-46.79705490192389,-23.810997139277976],[-46.79710102182775,-23.810997139277976],[-46.79714714173161,-23.810997139277976],[-46.797193261635464,-23.81093197863634],[-46.79723938153932,-23.81093197863634],[-46.79733162134704,-23.81093197863634],[-46.797423861154755,-23.810866817994704],[-46.79746998105861,-23.81080165735307],[-46.79751610096247,-23.81080165735307],[-46.797562220866325,-23.810736496711435],[-46.79765446067404,-23.8106713360698],[-46.79783894028947,-23.810606175428163],[-46.7980234199049,-23.810541014786526],[-46.79825401942419,-23.810410693503254],[-46.79839237913576,-23.810345532861618],[-46.7985768587512,-23.81028037221998],[-46.801067333559516,-23.810606175428163],[-46.803281088944686,-23.81001972965344],[-46.8045724462527,-23.809368123237082],[-46.804618566156556,-23.809302962595446],[-46.80452632634884,-23.80923780195381],[-46.804480206444985,-23.80923780195381],[-46.80438796663727,-23.80923780195381],[-46.804249606925694,-23.80923780195381],[-46.80420348702184,-23.80923780195381],[-46.804111247214124,-23.809172641312173],[-46.80406512731027,-23.809107480670537],[-46.80388064769483,-23.808977159387265],[-46.803834527790976,-23.80891199874563],[-46.803696168079405,-23.80878167746236],[-46.80360392827169,-23.808716516820724],[-46.803557808367835,-23.808651356179087],[-46.803465568560114,-23.808651356179087],[-46.80341944865626,-23.80858619553745],[-46.8033733287524,-23.80858619553745],[-46.80332720884854,-23.808521034895815],[-46.803281088944686,-23.808521034895815],[-46.80323496904083,-23.80845587425418],[-46.80314272923311,-23.808390713612543],[-46.803050489425395,-23.808325552970906],[-46.80300436952154,-23.80826039232927],[-46.80295824961768,-23.808195231687634],[-46.80286600980997,-23.808130071046],[-46.80286600980997,-23.80799974976273],[-46.802912129713825,-23.807934589121093],[-46.80295824961768,-23.807869428479457],[-46.80300436952154,-23.807869428479457],[-46.80309660932925,-23.807869428479457],[-46.80318884913697,-23.807869428479457],[-46.803281088944686,-23.807869428479457],[-46.8033733287524,-23.807869428479457],[-46.803465568560114,-23.80780426783782],[-46.803557808367835,-23.807739107196184],[-46.80360392827169,-23.807673946554548],[-46.80365004817555,-23.80760878591291],[-46.803696168079405,-23.807543625271276],[-46.80365004817555,-23.80747846462964],[-46.80360392827169,-23.80747846462964],[-46.80351168846397,-23.807413303988007],[-46.803465568560114,-23.807413303988007],[-46.80341944865626,-23.807413303988007],[-46.8033733287524,-23.807413303988007],[-46.80323496904083,-23.80747846462964],[-46.80314272923311,-23.80747846462964],[-46.803050489425395,-23.807543625271276],[-46.80300436952154,-23.807543625271276],[-46.802912129713825,-23.807543625271276],[-46.80281988990611,-23.80747846462964],[-46.80272765009839,-23.807413303988007],[-46.80268153019453,-23.80734814334637],[-46.80258929038682,-23.80734814334637],[-46.802497050579106,-23.80734814334637],[-46.802404810771385,-23.80734814334637],[-46.80231257096367,-23.80734814334637],[-46.802266451059815,-23.80734814334637],[-46.8021742112521,-23.80734814334637],[-46.802128091348244,-23.807282982704734],[-46.80208197144439,-23.807217822063098],[-46.80208197144439,-23.807152661421462],[-46.80203585154052,-23.807087500779826],[-46.80203585154052,-23.80702234013819],[-46.80198973163667,-23.806892018854917],[-46.80198973163667,-23.80682685821328],[-46.80194361173281,-23.806696536930012],[-46.80194361173281,-23.806631376288376],[-46.80194361173281,-23.80656621564674],[-46.80198973163667,-23.806435894363467],[-46.80198973163667,-23.80637073372183],[-46.80198973163667,-23.806305573080195],[-46.80194361173281,-23.806175251796923],[-46.80194361173281,-23.80611009115529],[-46.80189749182895,-23.80611009115529],[-46.801851371925096,-23.806044930513654],[-46.80180525202124,-23.805979769872017],[-46.801713012213526,-23.805979769872017],[-46.801620772405805,-23.80591460923038],[-46.80157465250195,-23.80591460923038],[-46.80152853259809,-23.805849448588745],[-46.801482412694234,-23.80578428794711],[-46.80143629279038,-23.8055888060222],[-46.80139017288652,-23.805523645380564],[-46.801344052982664,-23.805393324097295],[-46.8012979330788,-23.80532816345566],[-46.8012979330788,-23.805263002814023],[-46.80125181317494,-23.80513268153075],[-46.801205693271086,-23.805067520889114],[-46.80115957336723,-23.805067520889114],[-46.801067333559516,-23.805002360247478],[-46.8009750937518,-23.805067520889114],[-46.80092897384794,-23.80513268153075],[-46.80088285394408,-23.805197842172387],[-46.800836734040224,-23.805197842172387],[-46.80079061413637,-23.805263002814023],[-46.80074449423251,-23.80532816345566],[-46.800698374328654,-23.80532816345566],[-46.8006522544248,-23.80532816345566],[-46.80060613452094,-23.805263002814023],[-46.800560014617076,-23.805197842172387],[-46.80060613452094,-23.80513268153075],[-46.80060613452094,-23.805067520889114],[-46.800698374328654,-23.805002360247478],[-46.80079061413637,-23.804937199605842],[-46.80088285394408,-23.80480687832257],[-46.8009750937518,-23.8046765570393],[-46.80102121365566,-23.80454623575603],[-46.80102121365566,-23.804481075114392],[-46.80102121365566,-23.80435075383112],[-46.8009750937518,-23.804285593189483],[-46.80092897384794,-23.804220432547847],[-46.80088285394408,-23.80415527190621],[-46.80074449423251,-23.80409011126458],[-46.8006522544248,-23.803959789981306],[-46.800560014617076,-23.803829468698034],[-46.80051389471322,-23.803764308056397],[-46.80046777480936,-23.80369914741476],[-46.80046777480936,-23.80356882613149],[-46.80046777480936,-23.803503665489853],[-46.80051389471322,-23.803438504848216],[-46.80060613452094,-23.803438504848216],[-46.800698374328654,-23.803373344206584],[-46.80079061413637,-23.803373344206584],[-46.800836734040224,-23.803308183564948],[-46.80088285394408,-23.80324302292331],[-46.80092897384794,-23.803177862281675],[-46.80092897384794,-23.80311270164004],[-46.8009750937518,-23.803047540998403],[-46.80092897384794,-23.802982380356767],[-46.80092897384794,-23.80291721971513],[-46.80088285394408,-23.802852059073494],[-46.800836734040224,-23.802786898431858],[-46.800836734040224,-23.802721737790225],[-46.80079061413637,-23.80265657714859],[-46.80079061413637,-23.802591416506953],[-46.80074449423251,-23.802526255865317],[-46.80074449423251,-23.80246109522368],[-46.80074449423251,-23.802395934582044],[-46.80074449423251,-23.802330773940408],[-46.80074449423251,-23.802265613298772],[-46.80074449423251,-23.802200452657136],[-46.80074449423251,-23.802070131373867],[-46.80079061413637,-23.802070131373867],[-46.80079061413637,-23.80200497073223],[-46.80079061413637,-23.801939810090595],[-46.80074449423251,-23.80187464944896],[-46.80074449423251,-23.801809488807322],[-46.80074449423251,-23.801744328165686],[-46.800698374328654,-23.80167916752405],[-46.8006522544248,-23.801548846240777],[-46.800560014617076,-23.801548846240777],[-46.80051389471322,-23.801548846240777],[-46.80046777480936,-23.801548846240777],[-46.80037553500165,-23.80167916752405],[-46.800283295193935,-23.80167916752405],[-46.80023717529007,-23.801744328165686],[-46.80014493548236,-23.801744328165686],[-46.8000988155785,-23.801744328165686],[-46.80000657577079,-23.801744328165686],[-46.79986821605921,-23.801614006882414],[-46.79982209615535,-23.801614006882414],[-46.799775976251496,-23.801548846240777],[-46.79972985634764,-23.801548846240777],[-46.79968373644378,-23.801548846240777],[-46.79959149663607,-23.801548846240777],[-46.79954537673221,-23.801548846240777],[-46.79949925682835,-23.80148368559914],[-46.79945313692449,-23.80148368559914],[-46.799407017020634,-23.801418524957505],[-46.799407017020634,-23.801288203674236],[-46.79936089711678,-23.8012230430326],[-46.79931477721292,-23.801157882390964],[-46.799268657309064,-23.801092721749328],[-46.79922253740521,-23.801092721749328],[-46.799130297597486,-23.801092721749328],[-46.79903805778977,-23.80102756110769],[-46.7988996980782,-23.800962400466055],[-46.79880745827049,-23.800832079182783],[-46.798761338366624,-23.800832079182783],[-46.79871521846277,-23.800766918541147],[-46.79871521846277,-23.800701757899514],[-46.79866909855891,-23.800636597257878],[-46.79866909855891,-23.80057143661624],[-46.79866909855891,-23.800506275974605],[-46.79866909855891,-23.80044111533297],[-46.79866909855891,-23.800375954691333],[-46.798622978655054,-23.800375954691333],[-46.798622978655054,-23.800310794049697],[-46.7985768587512,-23.80024563340806],[-46.79848461894348,-23.80024563340806],[-46.79843849903963,-23.80024563340806],[-46.79839237913576,-23.80024563340806],[-46.798346259231906,-23.80024563340806],[-46.79825401942419,-23.800180472766424],[-46.798207899520335,-23.800180472766424],[-46.79811565971262,-23.800180472766424],[-46.798069539808765,-23.800115312124788],[-46.79793118009719,-23.800050151483156],[-46.79788506019333,-23.79998499084152],[-46.79783894028947,-23.79998499084152],[-46.7977005805779,-23.79998499084152],[-46.79760834077018,-23.79998499084152],[-46.797562220866325,-23.79998499084152],[-46.79751610096247,-23.799919830199883],[-46.79746998105861,-23.799854669558247],[-46.797423861154755,-23.799854669558247],[-46.7973777412509,-23.79978950891661],[-46.79728550144318,-23.79978950891661],[-46.79723938153932,-23.79978950891661],[-46.797193261635464,-23.79978950891661],[-46.79710102182775,-23.79978950891661],[-46.79705490192389,-23.79978950891661],[-46.79696266211618,-23.79978950891661],[-46.796916542212315,-23.79978950891661],[-46.79687042230846,-23.79978950891661],[-46.796778182500745,-23.799724348274975],[-46.79659370288532,-23.799594026991702],[-46.796547582981454,-23.799594026991702],[-46.79645534317374,-23.799528866350066],[-46.79640922326988,-23.799528866350066],[-46.79640922326988,-23.79946370570843],[-46.796363103366026,-23.799398545066797],[-46.79631698346217,-23.799398545066797],[-46.79631698346217,-23.79933338442516],[-46.79627086355831,-23.799268223783525],[-46.796224743654456,-23.79920306314189],[-46.796224743654456,-23.799137902500252],[-46.796224743654456,-23.799072741858616],[-46.796224743654456,-23.79900758121698],[-46.796224743654456,-23.798877259933708],[-46.79617862375059,-23.798746938650435],[-46.796132503846735,-23.798681778008802],[-46.79608638394288,-23.798616617367166],[-46.79608638394288,-23.79855145672553],[-46.79608638394288,-23.798486296083894],[-46.79608638394288,-23.798421135442258],[-46.79608638394288,-23.79835597480062],[-46.796132503846735,-23.798290814158985],[-46.796132503846735,-23.79822565351735],[-46.796132503846735,-23.798160492875713],[-46.79617862375059,-23.798160492875713],[-46.79617862375059,-23.798095332234077],[-46.796224743654456,-23.798030171592444],[-46.79627086355831,-23.797965010950808],[-46.796363103366026,-23.797965010950808],[-46.79645534317374,-23.797965010950808],[-46.7965014630776,-23.797965010950808],[-46.796547582981454,-23.79789985030917],[-46.79659370288532,-23.79789985030917],[-46.796639822789174,-23.797834689667535],[-46.796639822789174,-23.7977695290259],[-46.79668594269303,-23.797704368384263],[-46.796639822789174,-23.797639207742627],[-46.796639822789174,-23.79757404710099],[-46.79659370288532,-23.797508886459354],[-46.79659370288532,-23.79744372581772],[-46.796547582981454,-23.797378565176086],[-46.79645534317374,-23.79731340453445],[-46.796363103366026,-23.797248243892813],[-46.79631698346217,-23.797183083251177],[-46.796224743654456,-23.79711792260954],[-46.79617862375059,-23.797052761967905],[-46.796132503846735,-23.796922440684632],[-46.79604026403902,-23.79679211940136],[-46.795994144135165,-23.79666179811809],[-46.79594802423131,-23.796596637476455],[-46.79590190432745,-23.79653147683482],[-46.795855784423594,-23.796466316193182],[-46.795855784423594,-23.796401155551546],[-46.79580966451973,-23.79633599490991],[-46.79580966451973,-23.796205673626638],[-46.79576354461587,-23.796140512985],[-46.79576354461587,-23.796075352343365],[-46.79571742471202,-23.796075352343365],[-46.79571742471202,-23.796010191701733],[-46.79567130480816,-23.795945031060096],[-46.7956251849043,-23.795945031060096],[-46.795579065000446,-23.79587987041846],[-46.79553294509659,-23.79587987041846],[-46.79544070528887,-23.795814709776824],[-46.79539458538501,-23.795814709776824],[-46.795348465481155,-23.795814709776824],[-46.7953023455773,-23.795814709776824],[-46.7953023455773,-23.795749549135188],[-46.79525622567344,-23.795749549135188],[-46.795210105769584,-23.79568438849355],[-46.795210105769584,-23.795619227851915],[-46.79525622567344,-23.795619227851915],[-46.7953023455773,-23.79555406721028],[-46.7953023455773,-23.795488906568643],[-46.7953023455773,-23.795358585285374],[-46.795348465481155,-23.795358585285374],[-46.7953023455773,-23.795358585285374],[-46.79525622567344,-23.795293424643738],[-46.79516398586573,-23.795293424643738],[-46.79507174605801,-23.795293424643738],[-46.79502562615415,-23.795228264002102],[-46.79488726644258,-23.795032782077193],[-46.79484114653872,-23.795032782077193],[-46.794748906731,-23.79490246079392],[-46.794702786827145,-23.794837300152285],[-46.79465666692329,-23.79477213951065],[-46.79461054701943,-23.794706978869012],[-46.79461054701943,-23.794576657585743],[-46.794564427115574,-23.794511496944107],[-46.79461054701943,-23.794511496944107],[-46.79461054701943,-23.79444633630247],[-46.79461054701943,-23.794381175660835],[-46.79465666692329,-23.7943160150192],[-46.79465666692329,-23.794185693735926],[-46.79465666692329,-23.79412053309429],[-46.79465666692329,-23.794055372452654],[-46.79461054701943,-23.79399021181102],[-46.79461054701943,-23.793925051169385],[-46.794564427115574,-23.793925051169385],[-46.79451830721172,-23.79385989052775],[-46.79447218730786,-23.793794729886113],[-46.794426067404004,-23.793794729886113],[-46.79437994750014,-23.793794729886113],[-46.79433382759628,-23.793729569244476],[-46.794287707692426,-23.793794729886113],[-46.79419546788471,-23.793794729886113],[-46.794103228077,-23.793794729886113],[-46.79405710817314,-23.793794729886113],[-46.79401098826928,-23.793794729886113],[-46.79396486836542,-23.793794729886113],[-46.793918748461564,-23.793794729886113],[-46.79387262855771,-23.793729569244476],[-46.793780388749994,-23.79366440860284],[-46.79368814894228,-23.793599247961204],[-46.793503669326846,-23.79346892667793],[-46.79345754942299,-23.793403766036295],[-46.79341142951913,-23.793403766036295],[-46.793365309615275,-23.793403766036295],[-46.793273069807555,-23.793338605394663],[-46.79318082999984,-23.793338605394663],[-46.793134710095984,-23.793338605394663],[-46.79304247028827,-23.793338605394663],[-46.79299635038441,-23.793338605394663],[-46.79295023048056,-23.793273444753027],[-46.79290411057669,-23.79320828411139],[-46.792857990672836,-23.79320828411139],[-46.79276575086512,-23.793143123469754],[-46.79267351105741,-23.793077962828118],[-46.79262739115355,-23.793077962828118],[-46.792581271249695,-23.79301280218648],[-46.79253515134583,-23.792947641544846],[-46.79244291153812,-23.79288248090321],[-46.79230455182655,-23.792491517053396],[-46.79225843192269,-23.79242635641176],[-46.79221231201883,-23.792361195770123],[-46.79216619211497,-23.792361195770123],[-46.79216619211497,-23.792296035128487],[-46.792073952307256,-23.79223087448685],[-46.7920278324034,-23.792165713845215],[-46.79198171249954,-23.792165713845215],[-46.791935592595685,-23.792165713845215],[-46.79188947269183,-23.79210055320358],[-46.79184335278797,-23.792035392561942],[-46.79179723288411,-23.79197023192031],[-46.79188947269183,-23.791905071278673],[-46.79198171249954,-23.791839910637037],[-46.792073952307256,-23.7917747499954],[-46.79216619211497,-23.791709589353765],[-46.79221231201883,-23.791579268070493],[-46.79225843192269,-23.791514107428856],[-46.79225843192269,-23.79144894678722],[-46.79225843192269,-23.791383786145584],[-46.79221231201883,-23.791383786145584],[-46.79212007221111,-23.79131862550395],[-46.7920278324034,-23.791253464862315],[-46.79188947269183,-23.791057982937406],[-46.79175111298025,-23.79099282229577],[-46.79161275326868,-23.790862501012498],[-46.79147439355711,-23.79079734037086],[-46.791428273653246,-23.79079734037086],[-46.79138215374939,-23.79079734037086],[-46.79133603384553,-23.79079734037086],[-46.791289913941675,-23.79079734037086],[-46.79119767413396,-23.790862501012498],[-46.791151554230105,-23.790927661654134],[-46.79110543432625,-23.79099282229577],[-46.791059314422384,-23.791057982937406],[-46.79101319451853,-23.791123143579043],[-46.79096707461467,-23.791253464862315],[-46.79092095471081,-23.79131862550395],[-46.79087483480696,-23.79131862550395],[-46.7908287149031,-23.79131862550395],[-46.79078259499924,-23.79131862550395],[-46.790736475095386,-23.791253464862315],[-46.79069035519152,-23.79118830422068],[-46.79055199547995,-23.791123143579043],[-46.790505875576095,-23.791057982937406],[-46.79041363576838,-23.791057982937406],[-46.790367515864524,-23.79099282229577],[-46.79032139596066,-23.790927661654134],[-46.79022915615295,-23.790927661654134],[-46.79018303624909,-23.790862501012498],[-46.79013691634523,-23.790862501012498],[-46.790090796441376,-23.79079734037086],[-46.790090796441376,-23.790732179729225],[-46.79004467653752,-23.790732179729225],[-46.79004467653752,-23.79066701908759],[-46.789998556633655,-23.790601858445957],[-46.7899524367298,-23.79053669780432],[-46.7899524367298,-23.790471537162684],[-46.789860196922085,-23.790406376521048],[-46.78981407701823,-23.790341215879412],[-46.78976795711437,-23.790276055237776],[-46.789721837210514,-23.790276055237776],[-46.789629597402794,-23.79021089459614],[-46.78953735759508,-23.790145733954503],[-46.78949123769122,-23.790145733954503],[-46.789445117787366,-23.790080573312867],[-46.78939899788351,-23.79001541267123],[-46.78935287797965,-23.7899502520296],[-46.78935287797965,-23.789885091387962],[-46.78935287797965,-23.789819930746326],[-46.78935287797965,-23.789689609463053],[-46.78939899788351,-23.789624448821417],[-46.789445117787366,-23.789494127538145],[-46.78949123769122,-23.78942896689651],[-46.78953735759508,-23.789363806254872],[-46.78958347749894,-23.78929864561324],[-46.789629597402794,-23.78929864561324],[-46.78967571730666,-23.789233484971604],[-46.789721837210514,-23.789233484971604],[-46.78976795711437,-23.789233484971604],[-46.789860196922085,-23.78929864561324],[-46.78990631682594,-23.789363806254872],[-46.7899524367298,-23.789494127538145],[-46.789998556633655,-23.78955928817978],[-46.789998556633655,-23.789624448821417],[-46.79004467653752,-23.789689609463053],[-46.790090796441376,-23.789689609463053],[-46.79018303624909,-23.789689609463053],[-46.79022915615295,-23.789689609463053],[-46.7902752760568,-23.789624448821417],[-46.7902752760568,-23.78955928817978],[-46.79022915615295,-23.789494127538145],[-46.79022915615295,-23.789363806254872],[-46.79018303624909,-23.78929864561324],[-46.790090796441376,-23.78910316368833],[-46.79004467653752,-23.789038003046695],[-46.79004467653752,-23.78897284240506],[-46.79004467653752,-23.788907681763423],[-46.789998556633655,-23.788842521121786],[-46.789998556633655,-23.78877736048015],[-46.789998556633655,-23.788712199838514],[-46.79004467653752,-23.788712199838514],[-46.79013691634523,-23.788581878555245],[-46.79018303624909,-23.788581878555245],[-46.7902752760568,-23.788451557271973],[-46.79032139596066,-23.788386396630337],[-46.79032139596066,-23.7883212359887],[-46.79032139596066,-23.788256075347064],[-46.79032139596066,-23.788190914705428],[-46.7902752760568,-23.788060593422156],[-46.7902752760568,-23.78799543278052],[-46.790367515864524,-23.78786511149725],[-46.79041363576838,-23.78786511149725],[-46.79045975567224,-23.787799950855614],[-46.79045975567224,-23.787734790213978],[-46.790505875576095,-23.787734790213978],[-46.790505875576095,-23.787669629572342],[-46.790505875576095,-23.787604468930706],[-46.790505875576095,-23.78753930828907],[-46.79045975567224,-23.78753930828907],[-46.79041363576838,-23.787474147647433],[-46.790367515864524,-23.787474147647433],[-46.79032139596066,-23.787474147647433],[-46.7902752760568,-23.787474147647433],[-46.79018303624909,-23.78753930828907],[-46.790090796441376,-23.78753930828907],[-46.79004467653752,-23.787604468930706],[-46.7899524367298,-23.787604468930706],[-46.789860196922085,-23.787734790213978],[-46.78981407701823,-23.787799950855614],[-46.78976795711437,-23.787799950855614],[-46.789721837210514,-23.787799950855614],[-46.789629597402794,-23.787799950855614],[-46.78958347749894,-23.787799950855614],[-46.78953735759508,-23.787799950855614],[-46.789445117787366,-23.787734790213978],[-46.78939899788351,-23.787734790213978],[-46.78939899788351,-23.787669629572342],[-46.78935287797965,-23.787604468930706],[-46.789306758075796,-23.78753930828907],[-46.789306758075796,-23.787474147647433],[-46.789306758075796,-23.787408987005797],[-46.789306758075796,-23.78734382636416],[-46.789306758075796,-23.78727866572253],[-46.78926063817193,-23.78727866572253],[-46.78926063817193,-23.787213505080892],[-46.789214518268075,-23.787213505080892],[-46.78916839836422,-23.787148344439256],[-46.78912227846036,-23.787148344439256],[-46.789076158556504,-23.78708318379762],[-46.78903003865265,-23.78708318379762],[-46.78898391874879,-23.78708318379762],[-46.788937798844934,-23.787148344439256],[-46.788937798844934,-23.787213505080892],[-46.788937798844934,-23.78727866572253],[-46.788937798844934,-23.78734382636416],[-46.788937798844934,-23.787408987005797],[-46.788937798844934,-23.787474147647433],[-46.788937798844934,-23.78753930828907],[-46.788937798844934,-23.787604468930706],[-46.78889167894107,-23.787669629572342],[-46.78884555903721,-23.787669629572342],[-46.788799439133356,-23.787669629572342],[-46.7887533192295,-23.787669629572342],[-46.78870719932564,-23.787669629572342],[-46.788661079421786,-23.787604468930706],[-46.78861495951793,-23.78753930828907],[-46.78856883961407,-23.787474147647433],[-46.78856883961407,-23.787408987005797],[-46.78847659980635,-23.78734382636416],[-46.788430479902495,-23.78727866572253],[-46.78838435999864,-23.78727866572253],[-46.78833824009478,-23.787213505080892],[-46.788292120190924,-23.787213505080892],[-46.78824600028707,-23.787148344439256],[-46.78819988038321,-23.787148344439256],[-46.78815376047935,-23.78708318379762],[-46.78810764057549,-23.787018023155984],[-46.78810764057549,-23.786952862514347],[-46.78815376047935,-23.78688770187271],[-46.78819988038321,-23.786822541231075],[-46.78819988038321,-23.78675738058944],[-46.78824600028707,-23.78662705930617],[-46.78824600028707,-23.786561898664534],[-46.788292120190924,-23.786496738022898],[-46.78833824009478,-23.78643157738126],[-46.78838435999864,-23.786366416739625],[-46.78861495951793,-23.786366416739625],[-46.788799439133356,-23.78630125609799],[-46.78898391874879,-23.78630125609799],[-46.78912227846036,-23.786236095456353],[-46.789214518268075,-23.786236095456353],[-46.78926063817193,-23.786236095456353],[-46.78935287797965,-23.786236095456353],[-46.789445117787366,-23.786236095456353],[-46.78958347749894,-23.786236095456353],[-46.789629597402794,-23.786236095456353],[-46.789721837210514,-23.786236095456353],[-46.78981407701823,-23.786170934814717],[-46.78990631682594,-23.786170934814717],[-46.7899524367298,-23.786170934814717],[-46.789998556633655,-23.78610577417308],[-46.789998556633655,-23.786040613531444],[-46.7899524367298,-23.785975452889808],[-46.78990631682594,-23.785910292248175],[-46.78990631682594,-23.78584513160654],[-46.789860196922085,-23.785779970964903],[-46.789860196922085,-23.785714810323267],[-46.78990631682594,-23.78564964968163],[-46.78990631682594,-23.785584489039994],[-46.789998556633655,-23.785519328398358],[-46.789998556633655,-23.785454167756722],[-46.79004467653752,-23.785389007115086],[-46.79004467653752,-23.78532384647345],[-46.789998556633655,-23.78519352519018],[-46.7899524367298,-23.78519352519018],[-46.789860196922085,-23.78506320390691],[-46.789721837210514,-23.784998043265272],[-46.78967571730666,-23.784932882623636],[-46.789629597402794,-23.784867721982],[-46.789629597402794,-23.784802561340364],[-46.789629597402794,-23.784737400698727],[-46.789629597402794,-23.78467224005709],[-46.78967571730666,-23.78460707941546],[-46.789721837210514,-23.784541918773822],[-46.78981407701823,-23.784476758132186],[-46.7899524367298,-23.784346436848914],[-46.789998556633655,-23.784281276207278],[-46.79004467653752,-23.784281276207278],[-46.790090796441376,-23.784281276207278],[-46.7902752760568,-23.784281276207278],[-46.79045975567224,-23.78421611556564],[-46.79096707461467,-23.783825151715828],[-46.791151554230105,-23.78362966979092],[-46.79133603384553,-23.783694830432555],[-46.79133603384553,-23.783890312357464],[-46.791428273653246,-23.78408579428237],[-46.791520513460966,-23.78408579428237],[-46.79161275326868,-23.78408579428237],[-46.79175111298025,-23.784020633640733],[-46.79179723288411,-23.783955472999097],[-46.79188947269183,-23.783890312357464],[-46.79198171249954,-23.78375999107419],[-46.792073952307256,-23.783694830432555],[-46.79212007221111,-23.783694830432555],[-46.79221231201883,-23.783694830432555],[-46.79239679163426,-23.783694830432555],[-46.79244291153812,-23.78362966979092],[-46.79244291153812,-23.783564509149283],[-46.79244291153812,-23.783499348507647],[-46.79239679163426,-23.783369027224374],[-46.792350671730404,-23.78317354529947],[-46.79225843192269,-23.783043224016197],[-46.79216619211497,-23.78297806337456],[-46.7920278324034,-23.782912902732924],[-46.79188947269183,-23.782912902732924],[-46.79179723288411,-23.782912902732924],[-46.791704993076394,-23.782912902732924],[-46.79165887317254,-23.78284774209129],[-46.79165887317254,-23.782782581449652],[-46.79165887317254,-23.782717420808016],[-46.791704993076394,-23.782717420808016],[-46.79179723288411,-23.78265226016638],[-46.79188947269183,-23.782587099524747],[-46.79198171249954,-23.782587099524747],[-46.7920278324034,-23.78252193888311],[-46.79216619211497,-23.782587099524747],[-46.792350671730404,-23.782587099524747],[-46.79239679163426,-23.782587099524747],[-46.792489031441974,-23.782587099524747],[-46.792581271249695,-23.782587099524747],[-46.792719630961265,-23.78252193888311],[-46.79281187076898,-23.782456778241475],[-46.792857990672836,-23.782326456958202],[-46.79281187076898,-23.782261296316566],[-46.79262739115355,-23.782065814391657],[-46.792489031441974,-23.781870332466752],[-46.79239679163426,-23.781674850541844],[-46.79239679163426,-23.781609689900208],[-46.79244291153812,-23.78154452925857],[-46.792489031441974,-23.78154452925857],[-46.79253515134583,-23.78154452925857],[-46.792581271249695,-23.78154452925857],[-46.79262739115355,-23.78154452925857],[-46.792719630961265,-23.781609689900208],[-46.79276575086512,-23.781674850541844],[-46.79299635038441,-23.781870332466752],[-46.79304247028827,-23.781935493108385],[-46.79308859019213,-23.781935493108385],[-46.79318082999984,-23.781935493108385],[-46.7932269499037,-23.781870332466752],[-46.793273069807555,-23.781805171825116],[-46.79341142951913,-23.781479368616935],[-46.79345754942299,-23.781349047333663],[-46.7935497892307,-23.781283886692027],[-46.79359590913456,-23.781218726050394],[-46.79368814894228,-23.78108840476712],[-46.79368814894228,-23.781023244125485],[-46.79368814894228,-23.78095808348385],[-46.7935497892307,-23.780892922842213],[-46.79345754942299,-23.780827762200577],[-46.793365309615275,-23.78076260155894],[-46.793365309615275,-23.780697440917304],[-46.793365309615275,-23.780632280275668],[-46.79341142951913,-23.780567119634036],[-46.793503669326846,-23.780567119634036],[-46.79359590913456,-23.780567119634036],[-46.793642029038416,-23.7805019589924],[-46.79368814894228,-23.780436798350763],[-46.79373426884614,-23.78030647706749],[-46.79373426884614,-23.78017615578422],[-46.79373426884614,-23.780110995142582],[-46.79368814894228,-23.77998067385931],[-46.79359590913456,-23.77985035257604],[-46.793503669326846,-23.779785191934405],[-46.793365309615275,-23.77972003129277],[-46.793273069807555,-23.779654870651132],[-46.79318082999984,-23.779589710009496],[-46.793134710095984,-23.77952454936786],[-46.793134710095984,-23.779394228084588],[-46.793134710095984,-23.77932906744295],[-46.793273069807555,-23.779263906801315],[-46.793365309615275,-23.779198746159683],[-46.793503669326846,-23.779198746159683],[-46.79359590913456,-23.779133585518046],[-46.793642029038416,-23.779133585518046],[-46.79373426884614,-23.77906842487641],[-46.793780388749994,-23.778938103593138],[-46.793918748461564,-23.77874262166823],[-46.79396486836542,-23.778677461026593],[-46.79401098826928,-23.778612300384957],[-46.79405710817314,-23.778547139743324],[-46.79401098826928,-23.778481979101688],[-46.79401098826928,-23.77841681846005],[-46.79401098826928,-23.778351657818416],[-46.79401098826928,-23.778221336535143],[-46.79401098826928,-23.778156175893507],[-46.79396486836542,-23.77809101525187],[-46.793918748461564,-23.778025854610235],[-46.79387262855771,-23.7779606939686],[-46.79387262855771,-23.777895533326962],[-46.793780388749994,-23.777765212043693],[-46.79373426884614,-23.77763489076042],[-46.79368814894228,-23.77763489076042],[-46.79359590913456,-23.777569730118785],[-46.7935497892307,-23.77750456947715],[-46.793503669326846,-23.77750456947715],[-46.793365309615275,-23.777439408835512],[-46.7932269499037,-23.777374248193876],[-46.79318082999984,-23.77730908755224],[-46.79304247028827,-23.777243926910604],[-46.79295023048056,-23.77717876626897],[-46.792857990672836,-23.777113605627335],[-46.79276575086512,-23.7770484449857],[-46.79267351105741,-23.776918123702426],[-46.79262739115355,-23.776918123702426],[-46.792581271249695,-23.776918123702426],[-46.792489031441974,-23.77685296306079],[-46.79239679163426,-23.77685296306079],[-46.792350671730404,-23.776787802419154],[-46.792350671730404,-23.776722641777518],[-46.792350671730404,-23.77665748113588],[-46.792350671730404,-23.776592320494245],[-46.79239679163426,-23.776527159852613],[-46.79239679163426,-23.776461999210976],[-46.79244291153812,-23.77639683856934],[-46.79244291153812,-23.776331677927704],[-46.79239679163426,-23.776266517286068],[-46.79239679163426,-23.77620135664443],[-46.792350671730404,-23.776136196002795],[-46.79225843192269,-23.776136196002795],[-46.79221231201883,-23.77607103536116],[-46.79212007221111,-23.776005874719523],[-46.79179723288411,-23.775810392794618],[-46.79184335278797,-23.775810392794618],[-46.79175111298025,-23.775745232152982],[-46.79165887317254,-23.775745232152982],[-46.79161275326868,-23.775680071511346],[-46.79156663336482,-23.775549750228073],[-46.79147439355711,-23.7754194289448],[-46.791428273653246,-23.775354268303165],[-46.791289913941675,-23.77528910766153],[-46.79101319451853,-23.775028465094987],[-46.79092095471081,-23.77496330445335],[-46.7908287149031,-23.774898143811715],[-46.79069035519152,-23.77483298317008],[-46.79055199547995,-23.774767822528442],[-46.79045975567224,-23.774702661886806],[-46.790367515864524,-23.774702661886806],[-46.7902752760568,-23.77463750124517],[-46.79013691634523,-23.7745071799619],[-46.789998556633655,-23.774442019320265],[-46.789860196922085,-23.774311698036993],[-46.78981407701823,-23.774246537395356],[-46.78976795711437,-23.77418137675372],[-46.789721837210514,-23.774116216112084],[-46.789721837210514,-23.774051055470448],[-46.78967571730666,-23.774051055470448],[-46.78967571730666,-23.77398589482881],[-46.789721837210514,-23.77398589482881],[-46.78981407701823,-23.773920734187175],[-46.789860196922085,-23.773920734187175],[-46.789860196922085,-23.77385557354554],[-46.7899524367298,-23.773660091620634],[-46.789998556633655,-23.773529770337362],[-46.79004467653752,-23.77339944905409],[-46.79004467653752,-23.773334288412453],[-46.790090796441376,-23.773269127770817],[-46.790090796441376,-23.77320396712918],[-46.790090796441376,-23.773138806487548],[-46.790090796441376,-23.773073645845912],[-46.79004467653752,-23.773008485204276],[-46.7899524367298,-23.772813003279367],[-46.78990631682594,-23.77274784263773],[-46.78981407701823,-23.772682681996095],[-46.78976795711437,-23.77261752135446],[-46.78967571730666,-23.77261752135446],[-46.789629597402794,-23.77261752135446],[-46.78958347749894,-23.772552360712822],[-46.78953735759508,-23.77261752135446],[-46.789445117787366,-23.77261752135446],[-46.78939899788351,-23.77261752135446],[-46.78935287797965,-23.772682681996095],[-46.78926063817193,-23.772813003279367],[-46.78912227846036,-23.77294332456264],[-46.78903003865265,-23.773073645845912],[-46.78898391874879,-23.773138806487548],[-46.78889167894107,-23.77320396712918],[-46.78889167894107,-23.773269127770817],[-46.7887533192295,-23.773464609695726],[-46.7887533192295,-23.773529770337362],[-46.788661079421786,-23.773529770337362],[-46.78861495951793,-23.773594930978998],[-46.78856883961407,-23.773594930978998],[-46.78852271971021,-23.773529770337362],[-46.78847659980635,-23.773464609695726],[-46.788430479902495,-23.77339944905409],[-46.78838435999864,-23.77339944905409],[-46.78838435999864,-23.773334288412453],[-46.78833824009478,-23.773269127770817],[-46.78833824009478,-23.77320396712918],[-46.78833824009478,-23.773073645845912],[-46.78833824009478,-23.773008485204276],[-46.78833824009478,-23.77294332456264],[-46.78838435999864,-23.772813003279367],[-46.78838435999864,-23.77274784263773],[-46.78838435999864,-23.772682681996095],[-46.78838435999864,-23.77261752135446],[-46.788292120190924,-23.77261752135446],[-46.78819988038321,-23.77261752135446],[-46.78810764057549,-23.77261752135446],[-46.78806152067163,-23.77261752135446],[-46.788015400767776,-23.77261752135446],[-46.78796928086392,-23.77261752135446],[-46.78792316096006,-23.77261752135446],[-46.78792316096006,-23.772552360712822],[-46.78792316096006,-23.77248720007119],[-46.78796928086392,-23.772422039429554],[-46.78806152067163,-23.772356878787917],[-46.78815376047935,-23.772356878787917],[-46.78838435999864,-23.77229171814628],[-46.788430479902495,-23.77229171814628],[-46.788430479902495,-23.772226557504645],[-46.788430479902495,-23.77216139686301],[-46.78838435999864,-23.77216139686301],[-46.78833824009478,-23.772096236221373],[-46.788292120190924,-23.772096236221373],[-46.78819988038321,-23.772031075579736],[-46.78806152067163,-23.772031075579736],[-46.78796928086392,-23.7719659149381],[-46.787784801248485,-23.771900754296464],[-46.787646441536914,-23.771835593654828],[-46.7875542017292,-23.771770433013195],[-46.78746196192149,-23.77170527237156],[-46.787369722113766,-23.771574951088287],[-46.78727748230605,-23.77150979044665],[-46.787231362402196,-23.771444629805014],[-46.78713912259448,-23.771379469163378],[-46.787093002690625,-23.77131430852174],[-46.787000762882904,-23.771249147880106],[-46.78695464297905,-23.771249147880106],[-46.78690852307519,-23.77118398723847],[-46.786862403171334,-23.771118826596837],[-46.78681628326748,-23.770988505313564],[-46.78677016336362,-23.770923344671928],[-46.78677016336362,-23.770858184030292],[-46.78672404345976,-23.770793023388656],[-46.7866779235559,-23.77072786274702],[-46.78663180365204,-23.77072786274702],[-46.786585683748186,-23.770662702105383],[-46.78649344394047,-23.770597541463747],[-46.7863550842289,-23.77053238082211],[-46.786216724517324,-23.77046722018048],[-46.78607836480575,-23.770402059538842],[-46.785940005094176,-23.770336898897206],[-46.78575552547875,-23.770206577613934],[-46.78570940557489,-23.770141416972297],[-46.78561716576718,-23.77007625633066],[-46.785571045863314,-23.770011095689025],[-46.78552492595946,-23.770011095689025],[-46.78552492595946,-23.76994593504739],[-46.78552492595946,-23.769880774405753],[-46.7854788060556,-23.769750453122484],[-46.7854788060556,-23.769685292480847],[-46.785432686151744,-23.76962013183921],[-46.78538656624789,-23.769554971197575],[-46.78534044634403,-23.76948981055594],[-46.78520208663245,-23.76948981055594],[-46.78510984682474,-23.769424649914303],[-46.78497148711317,-23.769359489272667],[-46.78487924730545,-23.76929432863103],[-46.784787007497734,-23.769229167989394],[-46.78469476769002,-23.769229167989394],[-46.784602527882306,-23.769164007347758],[-46.784510288074586,-23.769098846706125],[-46.78441804826687,-23.769098846706125],[-46.784371928363015,-23.76903368606449],[-46.78432580845916,-23.768968525422853],[-46.78432580845916,-23.768903364781217],[-46.7842796885553,-23.768773043497944],[-46.784233568651445,-23.768707882856308],[-46.784141328843724,-23.768642722214672],[-46.78404908903601,-23.768642722214672],[-46.7839568492283,-23.768707882856308],[-46.78386460942058,-23.768707882856308],[-46.783818489516726,-23.768707882856308],[-46.78377236961286,-23.768642722214672],[-46.78377236961286,-23.768577561573036],[-46.78377236961286,-23.7685124009314],[-46.783818489516726,-23.768447240289767],[-46.783818489516726,-23.76838207964813],[-46.78386460942058,-23.768316919006494],[-46.783818489516726,-23.768316919006494],[-46.783818489516726,-23.76825175836486],[-46.78377236961286,-23.76825175836486],[-46.783726249709005,-23.768186597723222],[-46.78363400990129,-23.768186597723222],[-46.78349565018972,-23.76825175836486],[-46.78335729047814,-23.768316919006494],[-46.78326505067043,-23.768316919006494],[-46.783080571055,-23.76838207964813],[-46.78298833124728,-23.76838207964813],[-46.78289609143957,-23.768447240289767],[-46.782803851631854,-23.768447240289767],[-46.782757731728,-23.768447240289767],[-46.78261937201642,-23.7685124009314],[-46.78257325211256,-23.7685124009314],[-46.782527132208706,-23.768577561573036],[-46.782527132208706,-23.768642722214672],[-46.782527132208706,-23.768707882856308],[-46.782527132208706,-23.768773043497944],[-46.78257325211256,-23.768903364781217],[-46.782527132208706,-23.76903368606449],[-46.782527132208706,-23.769229167989394],[-46.782527132208706,-23.76929432863103],[-46.78248101230485,-23.769424649914303],[-46.78248101230485,-23.769554971197575],[-46.78248101230485,-23.76962013183921],[-46.782527132208706,-23.769750453122484],[-46.782527132208706,-23.76994593504739],[-46.78257325211256,-23.770011095689025],[-46.78261937201642,-23.770141416972297],[-46.78266549192028,-23.770336898897206],[-46.78266549192028,-23.770402059538842],[-46.78261937201642,-23.77053238082211],[-46.78257325211256,-23.77072786274702],[-46.78257325211256,-23.770793023388656],[-46.78261937201642,-23.770858184030292],[-46.78266549192028,-23.770923344671928],[-46.782757731728,-23.770988505313564],[-46.782942211343425,-23.7710536659552],[-46.78312669095886,-23.77118398723847],[-46.78331117057429,-23.771249147880106],[-46.78335729047814,-23.771379469163378],[-46.78335729047814,-23.771444629805014],[-46.78331117057429,-23.77150979044665],[-46.78326505067043,-23.771574951088287],[-46.783172810862716,-23.77170527237156],[-46.783080571055,-23.771770433013195],[-46.78303445115114,-23.771835593654828],[-46.782942211343425,-23.771835593654828],[-46.78289609143957,-23.771835593654828],[-46.78284997153571,-23.771770433013195],[-46.782803851631854,-23.771770433013195],[-46.782757731728,-23.771640111729923],[-46.782757731728,-23.771574951088287],[-46.78271161182414,-23.771379469163378],[-46.78266549192028,-23.77131430852174],[-46.78261937201642,-23.771249147880106],[-46.782527132208706,-23.77118398723847],[-46.78234265259328,-23.771118826596837],[-46.78211205307399,-23.7710536659552],[-46.782019813266274,-23.7710536659552],[-46.78192757345855,-23.770988505313564],[-46.78178921374698,-23.770858184030292],[-46.78165085403541,-23.770793023388656],[-46.78142025451612,-23.770793023388656],[-46.78132801470841,-23.770858184030292],[-46.78128189480455,-23.770923344671928],[-46.78123577490069,-23.770988505313564],[-46.78128189480455,-23.7710536659552],[-46.781374134612264,-23.771249147880106],[-46.78142025451612,-23.771444629805014],[-46.781512494323835,-23.771574951088287],[-46.781512494323835,-23.771640111729923],[-46.78146637441998,-23.77170527237156],[-46.781374134612264,-23.771770433013195],[-46.78132801470841,-23.771770433013195],[-46.78123577490069,-23.771770433013195],[-46.781097415189116,-23.771770433013195],[-46.78086681566983,-23.771770433013195],[-46.780728455958254,-23.771770433013195],[-46.7806823360544,-23.771770433013195],[-46.780590096246684,-23.77170527237156],[-46.78049785643897,-23.771640111729923],[-46.780451736535106,-23.771640111729923],[-46.78040561663125,-23.77150979044665],[-46.78035949672739,-23.771444629805014],[-46.780313376823536,-23.771379469163378],[-46.78026725691968,-23.77131430852174],[-46.78022113701582,-23.771249147880106],[-46.780082777304244,-23.771249147880106],[-46.77999053749653,-23.771249147880106],[-46.77985217778496,-23.77131430852174],[-46.7798060578811,-23.771249147880106],[-46.779667698169526,-23.771249147880106],[-46.77957545836181,-23.77118398723847],[-46.7794832185541,-23.771118826596837],[-46.77943709865024,-23.7710536659552],[-46.77939097874638,-23.770988505313564],[-46.77939097874638,-23.770923344671928],[-46.77939097874638,-23.770858184030292],[-46.77939097874638,-23.770793023388656],[-46.7794832185541,-23.770662702105383],[-46.77957545836181,-23.770597541463747],[-46.77962157826567,-23.77046722018048],[-46.779759937977246,-23.770402059538842],[-46.779944417592674,-23.770402059538842],[-46.780082777304244,-23.770336898897206],[-46.78022113701582,-23.770336898897206],[-46.78026725691968,-23.770206577613934],[-46.78022113701582,-23.77007625633066],[-46.78012889720811,-23.76994593504739],[-46.78003665740039,-23.769880774405753],[-46.779944417592674,-23.769750453122484],[-46.77989829768882,-23.769685292480847],[-46.77985217778496,-23.76962013183921],[-46.77985217778496,-23.76948981055594],[-46.779944417592674,-23.769424649914303],[-46.78003665740039,-23.769359489272667],[-46.780082777304244,-23.76929432863103],[-46.78012889720811,-23.76929432863103],[-46.780175017111965,-23.769229167989394],[-46.78022113701582,-23.769098846706125],[-46.78026725691968,-23.768968525422853],[-46.780313376823536,-23.76883820413958],[-46.780313376823536,-23.768707882856308],[-46.78040561663125,-23.7685124009314],[-46.78040561663125,-23.768447240289767],[-46.78040561663125,-23.768316919006494],[-46.780451736535106,-23.768186597723222],[-46.780451736535106,-23.768121437081586],[-46.780451736535106,-23.76805627643995],[-46.78040561663125,-23.767991115798313],[-46.780313376823536,-23.767991115798313],[-46.780175017111965,-23.767991115798313],[-46.78003665740039,-23.767991115798313],[-46.779944417592674,-23.767991115798313],[-46.7798060578811,-23.767991115798313],[-46.779667698169526,-23.767925955156677],[-46.77957545836181,-23.767925955156677],[-46.77957545836181,-23.76786079451504],[-46.779529338457955,-23.76779563387341],[-46.7794832185541,-23.767730473231772],[-46.7794832185541,-23.7676001519485],[-46.7794832185541,-23.767469830665227],[-46.7794832185541,-23.767339509381955],[-46.77943709865024,-23.76727434874032],[-46.77943709865024,-23.767144027457046],[-46.77943709865024,-23.767078866815414],[-46.77939097874638,-23.767013706173778],[-46.77934485884252,-23.767013706173778],[-46.77925261903481,-23.767013706173778],[-46.77920649913095,-23.767013706173778],[-46.77911425932324,-23.767078866815414],[-46.779022019515516,-23.767209188098683],[-46.7789297797078,-23.76727434874032],[-46.77883753990009,-23.76740467002359],[-46.778745300092375,-23.767469830665227],[-46.778653060284654,-23.7676001519485],[-46.77856082047694,-23.7676001519485],[-46.77846858066923,-23.767665312590136],[-46.77842246076537,-23.7676001519485],[-46.77837634086151,-23.767534991306864],[-46.77828410105379,-23.76740467002359],[-46.778237981149935,-23.767209188098683],[-46.77819186124608,-23.767078866815414],[-46.77814574134222,-23.766883384890505],[-46.778099621438365,-23.766753063607233],[-46.778099621438365,-23.76662274232396],[-46.77814574134222,-23.766557581682324],[-46.77814574134222,-23.766492421040688],[-46.778099621438365,-23.766427260399055],[-46.777961261726794,-23.76636209975742],[-46.77782290201522,-23.76636209975742],[-46.77763842239979,-23.766427260399055],[-46.77754618259207,-23.766427260399055],[-46.777453942784355,-23.766427260399055],[-46.77736170297664,-23.766427260399055],[-46.777315583072784,-23.76636209975742],[-46.77699274374578,-23.766231778474147],[-46.77685438403421,-23.766231778474147],[-46.77676214422649,-23.76616661783251],[-46.776669904418775,-23.766231778474147],[-46.77657766461106,-23.766231778474147],[-46.77643930489948,-23.766231778474147],[-46.77634706509177,-23.766296939115783],[-46.776254825284056,-23.766296939115783],[-46.7762087053802,-23.766296939115783],[-46.77616258547634,-23.766296939115783],[-46.77616258547634,-23.76636209975742],[-46.776116465572485,-23.766427260399055],[-46.77616258547634,-23.766492421040688],[-46.776254825284056,-23.766557581682324],[-46.77630094518791,-23.76662274232396],[-46.77630094518791,-23.766687902965597],[-46.776254825284056,-23.766687902965597],[-46.776254825284056,-23.766753063607233],[-46.7762087053802,-23.766753063607233],[-46.776116465572485,-23.76681822424887],[-46.77597810586091,-23.76681822424887],[-46.77583974614934,-23.766883384890505],[-46.77570138643776,-23.766883384890505],[-46.77556302672619,-23.76694854553214],[-46.77542466701462,-23.76694854553214],[-46.7753324272069,-23.76694854553214],[-46.775240187399184,-23.767013706173778],[-46.77514794759147,-23.767078866815414],[-46.775101827687614,-23.767144027457046],[-46.7750095878799,-23.767209188098683],[-46.77491734807218,-23.767209188098683],[-46.774825108264466,-23.767209188098683],[-46.77473286845675,-23.767209188098683],[-46.77464062864904,-23.767209188098683],[-46.77454838884132,-23.767144027457046],[-46.77450226893746,-23.767144027457046],[-46.77441002912975,-23.767078866815414],[-46.77431778932203,-23.767078866815414],[-46.77422554951431,-23.767013706173778],[-46.7741333097066,-23.76694854553214],[-46.77408718980274,-23.766883384890505],[-46.77408718980274,-23.76681822424887],[-46.774041069898885,-23.76681822424887],[-46.774041069898885,-23.766753063607233],[-46.774041069898885,-23.766687902965597],[-46.77408718980274,-23.76662274232396],[-46.774041069898885,-23.766557581682324],[-46.774041069898885,-23.766492421040688],[-46.774041069898885,-23.766427260399055],[-46.77399494999503,-23.76636209975742],[-46.77394883009117,-23.76636209975742],[-46.77385659028345,-23.766296939115783],[-46.77376435047574,-23.766296939115783],[-46.77367211066802,-23.766296939115783],[-46.77357987086031,-23.766296939115783],[-46.77348763105259,-23.766296939115783],[-46.773395391244875,-23.766296939115783],[-46.77334927134102,-23.766296939115783],[-46.77330315143716,-23.766231778474147],[-46.77330315143716,-23.76616661783251],[-46.77357987086031,-23.765905975265966],[-46.77371823057188,-23.76558017205779],[-46.77376435047574,-23.765449850774516],[-46.77376435047574,-23.76538469013288],[-46.77371823057188,-23.76538469013288],[-46.77371823057188,-23.765319529491244],[-46.77367211066802,-23.765319529491244],[-46.77362599076417,-23.765254368849607],[-46.77357987086031,-23.765254368849607],[-46.77348763105259,-23.765254368849607],[-46.77344151114873,-23.765254368849607],[-46.773257031533305,-23.765319529491244],[-46.77307255191787,-23.76538469013288],[-46.77288807230244,-23.76538469013288],[-46.772841952398586,-23.76538469013288],[-46.77279583249472,-23.76538469013288],[-46.77279583249472,-23.765449850774516],[-46.772749712590866,-23.765449850774516],[-46.772749712590866,-23.765515011416152],[-46.77279583249472,-23.765645332699425],[-46.77279583249472,-23.76571049334106],[-46.772749712590866,-23.76571049334106],[-46.77270359268701,-23.765775653982697],[-46.77265747278315,-23.76571049334106],[-46.772611352879295,-23.765645332699425],[-46.77256523297544,-23.76558017205779],[-46.77256523297544,-23.765515011416152],[-46.77251911307158,-23.765319529491244],[-46.772472993167725,-23.76518920820797],[-46.77242687326386,-23.765058886924702],[-46.77242687326386,-23.764993726283066],[-46.772472993167725,-23.76492856564143],[-46.772472993167725,-23.764863404999794],[-46.77251911307158,-23.764798244358158],[-46.77251911307158,-23.76473308371652],[-46.772472993167725,-23.764667923074885],[-46.77242687326386,-23.76460276243325],[-46.772380753360004,-23.76460276243325],[-46.77228851355229,-23.764537601791613],[-46.772196273744576,-23.764537601791613],[-46.77215015384072,-23.764537601791613],[-46.77210403393686,-23.764472441149977],[-46.772057914033,-23.764472441149977],[-46.772057914033,-23.764407280508344],[-46.772057914033,-23.764342119866708],[-46.772057914033,-23.76427695922507],[-46.77215015384072,-23.764211798583435],[-46.77215015384072,-23.7641466379418],[-46.772196273744576,-23.764081477300163],[-46.772196273744576,-23.764016316658527],[-46.772196273744576,-23.76395115601689],[-46.77215015384072,-23.76395115601689],[-46.77215015384072,-23.763885995375254],[-46.77210403393686,-23.763885995375254],[-46.772057914033,-23.763885995375254],[-46.77201179412914,-23.763885995375254],[-46.771965674225285,-23.763885995375254],[-46.77187343441757,-23.763885995375254],[-46.77178119460986,-23.763820834733618],[-46.77168895480214,-23.763820834733618],[-46.77159671499442,-23.763560192167077],[-46.77145835528285,-23.763429870883805],[-46.77136611547514,-23.76336471024217],[-46.77127387566742,-23.763299549600532],[-46.77113551595585,-23.763234388958896],[-46.77099715624428,-23.763234388958896],[-46.7708587965327,-23.763104067675624],[-46.770766556724986,-23.762973746392355],[-46.77067431691727,-23.76290858575072],[-46.770628197013416,-23.762843425109082],[-46.77058207710955,-23.762778264467446],[-46.77058207710955,-23.762647943184174],[-46.77058207710955,-23.762582782542538],[-46.770628197013416,-23.7625176219009],[-46.77067431691727,-23.7625176219009],[-46.77072043682113,-23.762452461259265],[-46.77081267662884,-23.762387300617632],[-46.77095103634041,-23.762322139975996],[-46.771043276148134,-23.762191818692724],[-46.77108939605199,-23.762191818692724],[-46.77108939605199,-23.762126658051088],[-46.77108939605199,-23.76206149740945],[-46.77108939605199,-23.761996336767815],[-46.77099715624428,-23.76193117612618],[-46.77095103634041,-23.761800854842907],[-46.770766556724986,-23.761605372918],[-46.77072043682113,-23.761540212276365],[-46.77067431691727,-23.761540212276365],[-46.770628197013416,-23.761540212276365],[-46.77058207710955,-23.761540212276365],[-46.770535957205695,-23.761540212276365],[-46.77048983730184,-23.761540212276365],[-46.77044371739798,-23.761605372918],[-46.77044371739798,-23.761670533559638],[-46.770397597494124,-23.761735694201274],[-46.770397597494124,-23.761866015484543],[-46.77030535768641,-23.762191818692724],[-46.770259237782554,-23.76225697933436],[-46.77021311787869,-23.762322139975996],[-46.770120878070976,-23.762322139975996],[-46.77002863826326,-23.76225697933436],[-46.769982518359406,-23.76225697933436],[-46.76993639845555,-23.762126658051088],[-46.76993639845555,-23.761996336767815],[-46.76993639845555,-23.76193117612618],[-46.76993639845555,-23.761735694201274],[-46.76993639845555,-23.761605372918],[-46.76993639845555,-23.761409890993093],[-46.76993639845555,-23.761214409068184],[-46.76989027855169,-23.76114924842655],[-46.76984415864783,-23.761084087784912],[-46.76984415864783,-23.76101892714328],[-46.76979803874397,-23.760953766501643],[-46.769751918840115,-23.760953766501643],[-46.769751918840115,-23.760888605860007],[-46.76970579893626,-23.760888605860007],[-46.76970579893626,-23.76082344521837],[-46.7696596790324,-23.76082344521837],[-46.769613559128544,-23.760758284576735],[-46.76956743922469,-23.760758284576735],[-46.76956743922469,-23.7606931239351],[-46.76952131932083,-23.7606931239351],[-46.769475199416966,-23.7606931239351],[-46.769475199416966,-23.760627963293462],[-46.769475199416966,-23.760562802651826],[-46.769475199416966,-23.76049764201019],[-46.769475199416966,-23.760432481368554],[-46.76952131932083,-23.760432481368554],[-46.76956743922469,-23.76036732072692],[-46.769613559128544,-23.76036732072692],[-46.7696596790324,-23.76036732072692],[-46.7696596790324,-23.760302160085285],[-46.76970579893626,-23.760302160085285],[-46.769751918840115,-23.760302160085285],[-46.76979803874397,-23.760302160085285],[-46.76984415864783,-23.760302160085285],[-46.76989027855169,-23.760302160085285],[-46.76993639845555,-23.760302160085285],[-46.769982518359406,-23.760302160085285],[-46.769982518359406,-23.76036732072692],[-46.77002863826326,-23.76036732072692],[-46.77007475816712,-23.76036732072692],[-46.770120878070976,-23.760432481368554],[-46.77016699797483,-23.760432481368554],[-46.77021311787869,-23.760432481368554],[-46.770259237782554,-23.760432481368554],[-46.770259237782554,-23.76036732072692],[-46.77030535768641,-23.76036732072692],[-46.77030535768641,-23.760302160085285],[-46.77030535768641,-23.76023699944365],[-46.770259237782554,-23.76023699944365],[-46.770259237782554,-23.760171838802012],[-46.770259237782554,-23.760106678160376],[-46.770259237782554,-23.760171838802012],[-46.77021311787869,-23.760171838802012],[-46.77021311787869,-23.760106678160376],[-46.77016699797483,-23.760106678160376],[-46.77016699797483,-23.76004151751874],[-46.770120878070976,-23.76004151751874],[-46.770120878070976,-23.759976356877104],[-46.77007475816712,-23.759911196235468],[-46.77002863826326,-23.75984603559383],[-46.77002863826326,-23.759780874952195],[-46.769982518359406,-23.759715714310563],[-46.769982518359406,-23.759650553668926],[-46.76993639845555,-23.759650553668926],[-46.76993639845555,-23.75958539302729],[-46.76989027855169,-23.75958539302729],[-46.76984415864783,-23.75958539302729],[-46.76979803874397,-23.759520232385654],[-46.769751918840115,-23.759520232385654],[-46.769751918840115,-23.759455071744018],[-46.76970579893626,-23.75938991110238],[-46.76970579893626,-23.759324750460745],[-46.7696596790324,-23.759324750460745],[-46.7696596790324,-23.75925958981911],[-46.769613559128544,-23.75925958981911],[-46.769613559128544,-23.759194429177473],[-46.76956743922469,-23.759194429177473],[-46.76956743922469,-23.759129268535837],[-46.76952131932083,-23.7590641078942],[-46.769475199416966,-23.758998947252568],[-46.76942907951311,-23.758933786610932],[-46.76942907951311,-23.758868625969296],[-46.76938295960925,-23.75880346532766],[-46.769336839705396,-23.758738304686023],[-46.76929071980154,-23.758673144044387],[-46.76929071980154,-23.75860798340275],[-46.76924459989768,-23.75860798340275],[-46.76924459989768,-23.758542822761115],[-46.769198479993825,-23.758542822761115],[-46.769198479993825,-23.75847766211948],[-46.769198479993825,-23.758412501477842],[-46.769198479993825,-23.75834734083621],[-46.76915236008996,-23.758282180194573],[-46.769198479993825,-23.758282180194573],[-46.769198479993825,-23.758217019552937],[-46.76924459989768,-23.758217019552937],[-46.76924459989768,-23.7581518589113],[-46.76929071980154,-23.7581518589113],[-46.769336839705396,-23.7581518589113],[-46.76938295960925,-23.7581518589113],[-46.76942907951311,-23.7581518589113],[-46.769475199416966,-23.7581518589113],[-46.76952131932083,-23.7581518589113],[-46.76956743922469,-23.7581518589113],[-46.769613559128544,-23.7581518589113],[-46.7696596790324,-23.7581518589113],[-46.76970579893626,-23.758217019552937],[-46.769751918840115,-23.758282180194573],[-46.76979803874397,-23.758282180194573],[-46.76984415864783,-23.758282180194573],[-46.76989027855169,-23.758282180194573],[-46.76989027855169,-23.758217019552937],[-46.76989027855169,-23.7581518589113],[-46.76989027855169,-23.758086698269665],[-46.76984415864783,-23.75802153762803],[-46.76979803874397,-23.75802153762803],[-46.769751918840115,-23.757956376986392],[-46.76979803874397,-23.757956376986392],[-46.76979803874397,-23.756783485436948]]]}}]}