{"type":"FeatureCollection","features":[{"type":"Feature","properties":{"DATA_ULT_A":"2009/10/09","DATA_CRIAC":"2009/10/09","id":"01","name":"Perus","area":57.2,"pop_2010":164046,"pop_density_2010":2553,"budget_2015":31253420},"geometry":{"type":"Polygon","coordinates":[[[-46.7753324272069,-23.472748248546264],[-46.77551690682233,-23.472683087904628],[-46.776024225764765,-23.472487605979723],[-46.77607034566862,-23.472422445338086],[-46.776254825284056,-23.47235728469645],[-46.77639318499563,-23.472292124054814],[-46.77648542480335,-23.472292124054814],[-46.776531544707204,-23.472292124054814],[-46.77662378451492,-23.472226963413178],[-46.776669904418775,-23.472226963413178],[-46.776900503938066,-23.47216180277154],[-46.77699274374578,-23.472096642129905],[-46.77713110345735,-23.47203148148827],[-46.77736170297664,-23.471966320846633],[-46.7774078228805,-23.471966320846633],[-46.77763842239979,-23.471835999563364],[-46.777684542303646,-23.471835999563364],[-46.7777306622075,-23.471835999563364],[-46.77777678211136,-23.471770838921728],[-46.777869021919074,-23.471770838921728],[-46.77800738163065,-23.47170567828009],[-46.77800738163065,-23.471640517638455],[-46.778099621438365,-23.47157535699682],[-46.77819186124608,-23.47157535699682],[-46.77828410105379,-23.471510196355183],[-46.778330220957656,-23.471445035713547],[-46.77846858066923,-23.47137987507191],[-46.77851470057308,-23.471314714430275],[-46.7786069403808,-23.471249553788642],[-46.7786069403808,-23.471184393147006],[-46.77869918018852,-23.47111923250537],[-46.778745300092375,-23.471054071863733],[-46.77883753990009,-23.47092375058046],[-46.778883659803945,-23.47092375058046],[-46.7789297797078,-23.470858589938825],[-46.77897589961166,-23.470728268655552],[-46.779022019515516,-23.470597947372283],[-46.77906813941938,-23.470597947372283],[-46.77911425932324,-23.47046762608901],[-46.77911425932324,-23.470402465447375],[-46.77916037922709,-23.470272144164102],[-46.77916037922709,-23.470206983522466],[-46.77920649913095,-23.47014182288083],[-46.77920649913095,-23.470076662239194],[-46.77920649913095,-23.470011501597558],[-46.77920649913095,-23.46994634095592],[-46.77925261903481,-23.46994634095592],[-46.77925261903481,-23.46988118031429],[-46.77925261903481,-23.469816019672653],[-46.77925261903481,-23.46968569838938],[-46.77925261903481,-23.469620537747744],[-46.77925261903481,-23.46949021646447],[-46.77920649913095,-23.4693598951812],[-46.77920649913095,-23.469294734539563],[-46.77920649913095,-23.469164413256294],[-46.77916037922709,-23.469099252614658],[-46.77916037922709,-23.469034091973022],[-46.77911425932324,-23.468968931331386],[-46.77906813941938,-23.468838610048113],[-46.77906813941938,-23.468773449406477],[-46.779022019515516,-23.46870828876484],[-46.77897589961166,-23.468577967481572],[-46.7789297797078,-23.468512806839936],[-46.778883659803945,-23.468382485556663],[-46.77883753990009,-23.46825216427339],[-46.77879141999623,-23.468187003631755],[-46.778745300092375,-23.468056682348482],[-46.77869918018852,-23.467861200423577],[-46.778653060284654,-23.467861200423577],[-46.7786069403808,-23.467730879140305],[-46.77856082047694,-23.46766571849867],[-46.77856082047694,-23.467600557857033],[-46.77846858066923,-23.467405075932124],[-46.77842246076537,-23.467339915290488],[-46.77842246076537,-23.46727475464885],[-46.77837634086151,-23.467144433365583],[-46.778330220957656,-23.467079272723947],[-46.778330220957656,-23.46701411208231],[-46.77828410105379,-23.466883790799038],[-46.778237981149935,-23.466883790799038],[-46.778237981149935,-23.4668186301574],[-46.77819186124608,-23.466753469515766],[-46.77814574134222,-23.466623148232493],[-46.77814574134222,-23.46655798759086],[-46.778099621438365,-23.466492826949224],[-46.778099621438365,-23.466427666307588],[-46.77805350153451,-23.466297345024316],[-46.77805350153451,-23.466167023741043],[-46.77925261903481,-23.466101863099407],[-46.78446416817073,-23.46603670245777],[-46.78672404345976,-23.465971541816135],[-46.79262739115355,-23.460041923427273],[-46.797193261635464,-23.467730879140305],[-46.7973777412509,-23.468056682348482],[-46.79746998105861,-23.468187003631755],[-46.79765446067404,-23.468512806839936],[-46.7977005805779,-23.468643128123205],[-46.7980234199049,-23.469099252614658],[-46.798346259231906,-23.46968569838938],[-46.79986821605921,-23.472226963413178],[-46.799914335963074,-23.472292124054814],[-46.801620772405805,-23.47137987507191],[-46.8012979330788,-23.470532786730647],[-46.801205693271086,-23.47033730480574],[-46.801205693271086,-23.470272144164102],[-46.801067333559516,-23.470076662239194],[-46.801067333559516,-23.470011501597558],[-46.801067333559516,-23.46994634095592],[-46.80102121365566,-23.46994634095592],[-46.80102121365566,-23.46988118031429],[-46.80088285394408,-23.469620537747744],[-46.80074449423251,-23.469425055822835],[-46.800698374328654,-23.4693598951812],[-46.800698374328654,-23.469294734539563],[-46.80060613452094,-23.469164413256294],[-46.80060613452094,-23.469099252614658],[-46.800560014617076,-23.468968931331386],[-46.800560014617076,-23.46890377068975],[-46.800560014617076,-23.468773449406477],[-46.800560014617076,-23.468643128123205],[-46.800560014617076,-23.468577967481572],[-46.800560014617076,-23.468512806839936],[-46.800560014617076,-23.4684476461983],[-46.800560014617076,-23.468382485556663],[-46.80051389471322,-23.468317324915027],[-46.800560014617076,-23.468317324915027],[-46.800560014617076,-23.46825216427339],[-46.80060613452094,-23.468187003631755],[-46.80060613452094,-23.468056682348482],[-46.8006522544248,-23.46792636106521],[-46.800698374328654,-23.467730879140305],[-46.80074449423251,-23.46766571849867],[-46.80079061413637,-23.467535397215396],[-46.800836734040224,-23.46747023657376],[-46.800836734040224,-23.467405075932124],[-46.80088285394408,-23.467405075932124],[-46.80088285394408,-23.467339915290488],[-46.80088285394408,-23.46727475464885],[-46.80092897384794,-23.46727475464885],[-46.8009750937518,-23.46727475464885],[-46.8009750937518,-23.46720959400722],[-46.80102121365566,-23.46720959400722],[-46.801067333559516,-23.46720959400722],[-46.80111345346337,-23.46720959400722],[-46.80111345346337,-23.467144433365583],[-46.80115957336723,-23.467144433365583],[-46.80115957336723,-23.467079272723947],[-46.801205693271086,-23.46701411208231],[-46.80125181317494,-23.466948951440674],[-46.8012979330788,-23.466948951440674],[-46.801344052982664,-23.466883790799038],[-46.80139017288652,-23.466883790799038],[-46.80143629279038,-23.4668186301574],[-46.80152853259809,-23.4668186301574],[-46.80157465250195,-23.466753469515766],[-46.801620772405805,-23.466753469515766],[-46.801620772405805,-23.46668830887413],[-46.80166689230966,-23.46668830887413],[-46.801713012213526,-23.46668830887413],[-46.80175913211738,-23.466623148232493],[-46.80180525202124,-23.466623148232493],[-46.801851371925096,-23.46655798759086],[-46.80189749182895,-23.46655798759086],[-46.80194361173281,-23.466492826949224],[-46.80198973163667,-23.466492826949224],[-46.80203585154052,-23.466427666307588],[-46.80208197144439,-23.466427666307588],[-46.80208197144439,-23.466362505665952],[-46.802128091348244,-23.466362505665952],[-46.8021742112521,-23.466362505665952],[-46.8021742112521,-23.466297345024316],[-46.80222033115596,-23.466297345024316],[-46.802266451059815,-23.46623218438268],[-46.80231257096367,-23.46623218438268],[-46.80231257096367,-23.466167023741043],[-46.80235869086753,-23.466167023741043],[-46.802404810771385,-23.466167023741043],[-46.80245093067525,-23.466167023741043],[-46.80245093067525,-23.466101863099407],[-46.802497050579106,-23.466101863099407],[-46.80254317048296,-23.466101863099407],[-46.80258929038682,-23.466101863099407],[-46.80263541029068,-23.466101863099407],[-46.80263541029068,-23.46603670245777],[-46.80268153019453,-23.46603670245777],[-46.80268153019453,-23.465971541816135],[-46.80272765009839,-23.4659063811745],[-46.80272765009839,-23.465841220532866],[-46.80272765009839,-23.46577605989123],[-46.80277377000225,-23.46577605989123],[-46.80277377000225,-23.465710899249594],[-46.80277377000225,-23.465645738607957],[-46.80277377000225,-23.46558057796632],[-46.80277377000225,-23.465515417324685],[-46.80281988990611,-23.46545025668305],[-46.80286600980997,-23.465385096041413],[-46.80286600980997,-23.465319935399776],[-46.802912129713825,-23.46525477475814],[-46.80295824961768,-23.465189614116507],[-46.80295824961768,-23.46512445347487],[-46.80300436952154,-23.465059292833235],[-46.80300436952154,-23.4649941321916],[-46.803050489425395,-23.4649941321916],[-46.80309660932925,-23.464928971549963],[-46.80314272923311,-23.464928971549963],[-46.80318884913697,-23.464863810908327],[-46.80323496904083,-23.46479865026669],[-46.803281088944686,-23.46479865026669],[-46.80332720884854,-23.464733489625054],[-46.8033733287524,-23.464733489625054],[-46.8033733287524,-23.464668328983418],[-46.80341944865626,-23.464668328983418],[-46.803465568560114,-23.46460316834178],[-46.80351168846397,-23.46453800770015],[-46.803557808367835,-23.464472847058513],[-46.80360392827169,-23.464407686416877],[-46.80365004817555,-23.464407686416877],[-46.803696168079405,-23.46434252577524],[-46.80374228798326,-23.464277365133604],[-46.80378840788712,-23.464212204491968],[-46.803834527790976,-23.464212204491968],[-46.803834527790976,-23.464147043850332],[-46.80388064769483,-23.464147043850332],[-46.803926767598696,-23.464081883208696],[-46.80397288750255,-23.46401672256706],[-46.80401900740641,-23.463951561925423],[-46.80406512731027,-23.463886401283787],[-46.804111247214124,-23.463886401283787],[-46.80415736711798,-23.463886401283787],[-46.80420348702184,-23.463821240642154],[-46.804249606925694,-23.463821240642154],[-46.80429572682956,-23.46375608000052],[-46.804341846733415,-23.463690919358882],[-46.80438796663727,-23.463690919358882],[-46.80438796663727,-23.463625758717246],[-46.80443408654113,-23.46356059807561],[-46.80443408654113,-23.463495437433973],[-46.804480206444985,-23.463430276792337],[-46.80452632634884,-23.4633651161507],[-46.80452632634884,-23.463299955509065],[-46.8045724462527,-23.463299955509065],[-46.8045724462527,-23.46323479486743],[-46.804618566156556,-23.463169634225796],[-46.80466468606042,-23.463169634225796],[-46.80466468606042,-23.46310447358416],[-46.80471080596428,-23.46310447358416],[-46.80475692586813,-23.46310447358416],[-46.80475692586813,-23.463039312942524],[-46.80480304577199,-23.463039312942524],[-46.80480304577199,-23.462974152300887],[-46.80484916567585,-23.462974152300887],[-46.804895285579704,-23.46290899165925],[-46.80494140548356,-23.462843831017615],[-46.80498752538742,-23.462843831017615],[-46.80503364529128,-23.462843831017615],[-46.80507976519514,-23.462843831017615],[-46.805125885098995,-23.46277867037598],[-46.80521812490671,-23.46277867037598],[-46.805264244810566,-23.46277867037598],[-46.80531036471442,-23.46277867037598],[-46.80535648461828,-23.462713509734343],[-46.80540260452214,-23.462713509734343],[-46.805448724426,-23.462713509734343],[-46.805448724426,-23.462648349092706],[-46.80549484432986,-23.462648349092706],[-46.805540964233714,-23.46258318845107],[-46.805540964233714,-23.462518027809438],[-46.80558708413757,-23.4624528671678],[-46.80558708413757,-23.462387706526165],[-46.80558708413757,-23.46232254588453],[-46.80558708413757,-23.462257385242893],[-46.80558708413757,-23.462192224601257],[-46.80558708413757,-23.46212706395962],[-46.80563320404143,-23.46212706395962],[-46.80563320404143,-23.462061903317984],[-46.80563320404143,-23.461996742676348],[-46.805679323945284,-23.461996742676348],[-46.805679323945284,-23.461931582034712],[-46.80572544384915,-23.461931582034712],[-46.805771563753005,-23.461866421393076],[-46.805771563753005,-23.461801260751443],[-46.80581768365686,-23.461801260751443],[-46.80586380356072,-23.461736100109807],[-46.80586380356072,-23.46167093946817],[-46.805909923464576,-23.46167093946817],[-46.80586380356072,-23.461605778826534],[-46.80586380356072,-23.461540618184898],[-46.80581768365686,-23.461475457543262],[-46.80581768365686,-23.461410296901626],[-46.80586380356072,-23.461410296901626],[-46.80586380356072,-23.46134513625999],[-46.805909923464576,-23.46134513625999],[-46.805909923464576,-23.461279975618353],[-46.805909923464576,-23.461214814976717],[-46.805909923464576,-23.461149654335085],[-46.805909923464576,-23.46108449369345],[-46.805909923464576,-23.461019333051812],[-46.805909923464576,-23.460954172410176],[-46.805909923464576,-23.46088901176854],[-46.805909923464576,-23.460823851126904],[-46.80586380356072,-23.460823851126904],[-46.80581768365686,-23.460823851126904],[-46.80581768365686,-23.460758690485267],[-46.80581768365686,-23.46069352984363],[-46.805771563753005,-23.46056320856036],[-46.805771563753005,-23.460498047918726],[-46.80572544384915,-23.460498047918726],[-46.80572544384915,-23.46043288727709],[-46.805679323945284,-23.460367726635454],[-46.80563320404143,-23.460302565993818],[-46.80563320404143,-23.46023740535218],[-46.805679323945284,-23.460172244710545],[-46.80572544384915,-23.46010708406891],[-46.80572544384915,-23.460041923427273],[-46.805771563753005,-23.460041923427273],[-46.805771563753005,-23.459976762785637],[-46.80581768365686,-23.459911602144],[-46.80586380356072,-23.459846441502368],[-46.80586380356072,-23.45978128086073],[-46.805909923464576,-23.45978128086073],[-46.805909923464576,-23.459716120219095],[-46.80595604336843,-23.45965095957746],[-46.80595604336843,-23.459585798935823],[-46.80595604336843,-23.459520638294187],[-46.80595604336843,-23.45945547765255],[-46.80595604336843,-23.459390317010914],[-46.80595604336843,-23.459325156369278],[-46.80595604336843,-23.459259995727642],[-46.80600216327229,-23.45919483508601],[-46.80600216327229,-23.459129674444373],[-46.80600216327229,-23.459064513802737],[-46.80595604336843,-23.459064513802737],[-46.805909923464576,-23.459064513802737],[-46.80586380356072,-23.4589993531611],[-46.80581768365686,-23.4589993531611],[-46.805771563753005,-23.4589993531611],[-46.805771563753005,-23.458934192519465],[-46.80581768365686,-23.458934192519465],[-46.80581768365686,-23.45886903187783],[-46.80581768365686,-23.458803871236192],[-46.805771563753005,-23.458738710594556],[-46.805771563753005,-23.45867354995292],[-46.80581768365686,-23.458608389311284],[-46.80586380356072,-23.458543228669647],[-46.805909923464576,-23.458543228669647],[-46.80595604336843,-23.458543228669647],[-46.80600216327229,-23.458478068028015],[-46.80600216327229,-23.45841290738638],[-46.80600216327229,-23.458347746744742],[-46.80600216327229,-23.458282586103106],[-46.80595604336843,-23.45821742546147],[-46.80600216327229,-23.458152264819834],[-46.80600216327229,-23.458087104178198],[-46.80600216327229,-23.45802194353656],[-46.80595604336843,-23.45802194353656],[-46.80595604336843,-23.457956782894925],[-46.805909923464576,-23.45789162225329],[-46.805909923464576,-23.457826461611656],[-46.805909923464576,-23.45776130097002],[-46.80586380356072,-23.45776130097002],[-46.80586380356072,-23.457696140328384],[-46.805909923464576,-23.457630979686748],[-46.805909923464576,-23.45756581904511],[-46.805909923464576,-23.457500658403475],[-46.805909923464576,-23.45743549776184],[-46.805909923464576,-23.457370337120203],[-46.805909923464576,-23.457305176478567],[-46.80595604336843,-23.457305176478567],[-46.80595604336843,-23.45724001583693],[-46.80600216327229,-23.45724001583693],[-46.80600216327229,-23.457174855195298],[-46.806048283176146,-23.457174855195298],[-46.806048283176146,-23.45710969455366],[-46.806048283176146,-23.457044533912025],[-46.806048283176146,-23.45697937327039],[-46.806048283176146,-23.456914212628753],[-46.806048283176146,-23.456849051987117],[-46.80600216327229,-23.456849051987117],[-46.80600216327229,-23.45678389134548],[-46.80600216327229,-23.456718730703844],[-46.806048283176146,-23.456718730703844],[-46.806048283176146,-23.45665357006221],[-46.806048283176146,-23.456588409420572],[-46.806048283176146,-23.456523248778936],[-46.80609440308001,-23.456523248778936],[-46.80609440308001,-23.456458088137303],[-46.80614052298387,-23.456458088137303],[-46.80614052298387,-23.456392927495667],[-46.806186642887724,-23.456392927495667],[-46.80623276279158,-23.456392927495667],[-46.80623276279158,-23.45632776685403],[-46.80627888269544,-23.45632776685403],[-46.80627888269544,-23.456262606212395],[-46.80627888269544,-23.45619744557076],[-46.806325002599294,-23.45619744557076],[-46.806325002599294,-23.456132284929122],[-46.80627888269544,-23.456067124287486],[-46.80627888269544,-23.45600196364585],[-46.80627888269544,-23.455936803004214],[-46.80623276279158,-23.455936803004214],[-46.80623276279158,-23.455871642362577],[-46.806186642887724,-23.455806481720945],[-46.806186642887724,-23.45574132107931],[-46.80614052298387,-23.455676160437672],[-46.80614052298387,-23.455610999796036],[-46.80614052298387,-23.4555458391544],[-46.80614052298387,-23.455480678512764],[-46.806186642887724,-23.455415517871128],[-46.806186642887724,-23.45535035722949],[-46.80623276279158,-23.45535035722949],[-46.806325002599294,-23.45522003594622],[-46.80637112250315,-23.45522003594622],[-46.80641724240701,-23.455154875304586],[-46.80646336231087,-23.455154875304586],[-46.80646336231087,-23.45508971466295],[-46.80650948221473,-23.455024554021314],[-46.80650948221473,-23.454959393379678],[-46.806555602118586,-23.454959393379678],[-46.806555602118586,-23.45489423273804],[-46.806555602118586,-23.454829072096405],[-46.806555602118586,-23.45476391145477],[-46.806555602118586,-23.454698750813133],[-46.806555602118586,-23.454633590171497],[-46.80660172202244,-23.454633590171497],[-46.8066478419263,-23.45456842952986],[-46.806693961830156,-23.45456842952986],[-46.806693961830156,-23.454503268888224],[-46.80674008173401,-23.454503268888224],[-46.80678620163787,-23.454503268888224],[-46.80678620163787,-23.454438108246592],[-46.806832321541734,-23.454438108246592],[-46.80687844144559,-23.454372947604956],[-46.80692456134945,-23.454372947604956],[-46.80692456134945,-23.45430778696332],[-46.806970681253304,-23.45430778696332],[-46.80701680115716,-23.454242626321683],[-46.80706292106102,-23.454242626321683],[-46.807109040964875,-23.454242626321683],[-46.807109040964875,-23.454177465680047],[-46.80715516086873,-23.454177465680047],[-46.807201280772595,-23.45411230503841],[-46.80724740067645,-23.45411230503841],[-46.80729352058031,-23.454047144396775],[-46.807339640484166,-23.454047144396775],[-46.807339640484166,-23.45398198375514],[-46.80738576038802,-23.45398198375514],[-46.80743188029188,-23.453916823113502],[-46.80747800019574,-23.453916823113502],[-46.80752412009959,-23.453851662471866],[-46.80757024000346,-23.453851662471866],[-46.807616359907314,-23.453851662471866],[-46.807616359907314,-23.453786501830233],[-46.80766247981117,-23.453786501830233],[-46.80770859971503,-23.453786501830233],[-46.807754719618885,-23.453786501830233],[-46.80780083952274,-23.453786501830233],[-46.8078469594266,-23.453721341188597],[-46.807893079330455,-23.453721341188597],[-46.80793919923432,-23.453721341188597],[-46.80793919923432,-23.45365618054696],[-46.807985319138176,-23.45365618054696],[-46.807985319138176,-23.453591019905325],[-46.807985319138176,-23.45352585926369],[-46.80803143904203,-23.453460698622052],[-46.807985319138176,-23.453460698622052],[-46.80793919923432,-23.453395537980416],[-46.807893079330455,-23.45333037733878],[-46.807893079330455,-23.453200056055508],[-46.8078469594266,-23.453200056055508],[-46.8078469594266,-23.453134895413875],[-46.807893079330455,-23.45306973477224],[-46.807893079330455,-23.453004574130603],[-46.807985319138176,-23.452939413488966],[-46.808123678849746,-23.45287425284733],[-46.80830815846518,-23.452809092205694],[-46.808400398272894,-23.45267877092242],[-46.80844651817675,-23.452613610280785],[-46.80849263808061,-23.45254844963915],[-46.80849263808061,-23.452483288997513],[-46.80844651817675,-23.45241812835588],[-46.80844651817675,-23.452352967714244],[-46.80849263808061,-23.45222264643097],[-46.808538757984465,-23.4520923251477],[-46.80863099779218,-23.452027164506063],[-46.80867711769604,-23.451962003864427],[-46.80881547740761,-23.451962003864427],[-46.80886159731147,-23.451831682581155],[-46.80886159731147,-23.451701361297886],[-46.80890771721533,-23.451505879372977],[-46.808953837119184,-23.451375558089705],[-46.808953837119184,-23.451245236806432],[-46.808953837119184,-23.451180076164796],[-46.808953837119184,-23.45098459423989],[-46.808953837119184,-23.450919433598255],[-46.80899995702304,-23.450723951673346],[-46.80909219683076,-23.450528469748438],[-46.80913831673462,-23.4504633091068],[-46.809184436638475,-23.450267827181897],[-46.80923055654233,-23.450072345256988],[-46.80923055654233,-23.45000718461535],[-46.809184436638475,-23.44987686333208],[-46.80913831673462,-23.44974654204881],[-46.809184436638475,-23.449485899482266],[-46.80913831673462,-23.449355578198993],[-46.80909219683076,-23.44922525691572],[-46.809046076926904,-23.449160096274085],[-46.80899995702304,-23.449029774990816],[-46.809046076926904,-23.44896461434918],[-46.80913831673462,-23.448834293065907],[-46.80923055654233,-23.448703971782635],[-46.8093689162539,-23.448508489857726],[-46.8093689162539,-23.44844332921609],[-46.809415036157766,-23.44844332921609],[-46.809415036157766,-23.448378168574457],[-46.809415036157766,-23.44831300793282],[-46.809415036157766,-23.448247847291185],[-46.80946115606162,-23.448247847291185],[-46.80946115606162,-23.44818268664955],[-46.80946115606162,-23.448117526007913],[-46.80950727596548,-23.448117526007913],[-46.80950727596548,-23.448052365366276],[-46.80950727596548,-23.44798720472464],[-46.80950727596548,-23.447922044083004],[-46.80950727596548,-23.447856883441368],[-46.80950727596548,-23.44779172279973],[-46.80950727596548,-23.4477265621581],[-46.80950727596548,-23.447661401516463],[-46.80950727596548,-23.447596240874827],[-46.80946115606162,-23.447596240874827],[-46.80946115606162,-23.44753108023319],[-46.80946115606162,-23.447465919591554],[-46.809415036157766,-23.447465919591554],[-46.809415036157766,-23.447400758949918],[-46.809415036157766,-23.447335598308282],[-46.8093689162539,-23.447335598308282],[-46.8093689162539,-23.447270437666646],[-46.8093689162539,-23.44720527702501],[-46.8093689162539,-23.447140116383373],[-46.809322796350045,-23.447140116383373],[-46.809322796350045,-23.44707495574174],[-46.809322796350045,-23.447009795100104],[-46.80927667644619,-23.447009795100104],[-46.80927667644619,-23.446944634458468],[-46.80927667644619,-23.446879473816832],[-46.80927667644619,-23.446814313175196],[-46.80923055654233,-23.446814313175196],[-46.80923055654233,-23.44674915253356],[-46.80923055654233,-23.446683991891923],[-46.80923055654233,-23.446618831250287],[-46.80923055654233,-23.44655367060865],[-46.809184436638475,-23.44655367060865],[-46.809184436638475,-23.446488509967015],[-46.809184436638475,-23.44642334932538],[-46.809184436638475,-23.446358188683746],[-46.80913831673462,-23.446358188683746],[-46.80913831673462,-23.44629302804211],[-46.80913831673462,-23.446227867400474],[-46.80913831673462,-23.446162706758837],[-46.80913831673462,-23.4460975461172],[-46.80913831673462,-23.446032385475565],[-46.80913831673462,-23.44596722483393],[-46.809184436638475,-23.44596722483393],[-46.809184436638475,-23.445902064192293],[-46.80923055654233,-23.445836903550656],[-46.80927667644619,-23.44577174290902],[-46.809322796350045,-23.445706582267388],[-46.8093689162539,-23.44564142162575],[-46.809415036157766,-23.44564142162575],[-46.809415036157766,-23.445576260984115],[-46.80946115606162,-23.445576260984115],[-46.80946115606162,-23.44551110034248],[-46.80950727596548,-23.44551110034248],[-46.80950727596548,-23.445445939700843],[-46.80955339586934,-23.445445939700843],[-46.80955339586934,-23.445380779059207],[-46.80959951577319,-23.445380779059207],[-46.80959951577319,-23.44531561841757],[-46.80964563567705,-23.44531561841757],[-46.80964563567705,-23.445250457775934],[-46.80969175558091,-23.445250457775934],[-46.80969175558091,-23.445185297134298],[-46.809737875484764,-23.445185297134298],[-46.809737875484764,-23.445120136492662],[-46.809737875484764,-23.44505497585103],[-46.80978399538863,-23.44505497585103],[-46.80978399538863,-23.444989815209393],[-46.809830115292485,-23.444924654567757],[-46.809830115292485,-23.44485949392612],[-46.80987623519634,-23.44485949392612],[-46.80987623519634,-23.444794333284484],[-46.80987623519634,-23.444729172642848],[-46.8099223551002,-23.444729172642848],[-46.8099223551002,-23.444664012001212],[-46.8099223551002,-23.444598851359576],[-46.8099223551002,-23.44453369071794],[-46.8099223551002,-23.444468530076303],[-46.8099223551002,-23.444403369434667],[-46.80987623519634,-23.444403369434667],[-46.80987623519634,-23.444338208793035],[-46.80987623519634,-23.4442730481514],[-46.80987623519634,-23.444207887509762],[-46.80987623519634,-23.444142726868126],[-46.80987623519634,-23.44407756622649],[-46.80987623519634,-23.444012405584854],[-46.809830115292485,-23.443947244943217],[-46.809830115292485,-23.44388208430158],[-46.809830115292485,-23.443816923659945],[-46.80978399538863,-23.44375176301831],[-46.80978399538863,-23.443686602376676],[-46.809737875484764,-23.443686602376676],[-46.809737875484764,-23.44362144173504],[-46.80969175558091,-23.443556281093404],[-46.80964563567705,-23.443491120451768],[-46.80959951577319,-23.443491120451768],[-46.80964563567705,-23.44342595981013],[-46.80964563567705,-23.443360799168495],[-46.80964563567705,-23.44329563852686],[-46.80969175558091,-23.443230477885223],[-46.80964563567705,-23.443230477885223],[-46.80969175558091,-23.443165317243587],[-46.80969175558091,-23.44310015660195],[-46.80969175558091,-23.443034995960318],[-46.80969175558091,-23.44296983531868],[-46.80969175558091,-23.442904674677045],[-46.80969175558091,-23.44283951403541],[-46.809737875484764,-23.442709192752137],[-46.809737875484764,-23.4426440321105],[-46.80978399538863,-23.442578871468864],[-46.80978399538863,-23.442513710827228],[-46.809830115292485,-23.442513710827228],[-46.80987623519634,-23.442448550185592],[-46.80987623519634,-23.442383389543956],[-46.8099223551002,-23.442318228902323],[-46.809968475004055,-23.442253068260687],[-46.81001459490791,-23.44218790761905],[-46.81006071481177,-23.442122746977414],[-46.81015295461949,-23.441992425694142],[-46.8102451944272,-23.441927265052506],[-46.81029131433106,-23.441796943769234],[-46.81033743423492,-23.441731783127597],[-46.81042967404263,-23.441666622485965],[-46.81047579394649,-23.44160146184433],[-46.81056803375421,-23.441536301202692],[-46.81066027356192,-23.44140597991942],[-46.81079863327349,-23.441340819277784],[-46.81089087308121,-23.441275658636147],[-46.81098311288893,-23.44121049799451],[-46.8111214726005,-23.441145337352875],[-46.81121371240822,-23.44108017671124],[-46.81135207211979,-23.44094985542797],[-46.8114443119275,-23.440884694786334],[-46.81149043183136,-23.440819534144698],[-46.81162879154294,-23.44075437350306],[-46.811674911446794,-23.440689212861425],[-46.81185939106222,-23.440558891578153],[-46.811813271158364,-23.440493730936517],[-46.81185939106222,-23.440233088369975],[-46.81185939106222,-23.440037606445067],[-46.811813271158364,-23.439907285161794],[-46.81176715125451,-23.43984212452016],[-46.81176715125451,-23.439581481953617],[-46.811674911446794,-23.43938600002871],[-46.811674911446794,-23.439255678745436],[-46.811674911446794,-23.439125357462164],[-46.811674911446794,-23.43892987553726],[-46.811674911446794,-23.438864714895622],[-46.811674911446794,-23.438799554253986],[-46.811674911446794,-23.438669232970714],[-46.81172103135065,-23.438604072329078],[-46.81172103135065,-23.43853891168744],[-46.81172103135065,-23.43840859040417],[-46.81172103135065,-23.438343429762533],[-46.81172103135065,-23.4382782691209],[-46.81176715125451,-23.438213108479264],[-46.81176715125451,-23.438147947837628],[-46.81176715125451,-23.43808278719599],[-46.81176715125451,-23.438017626554355],[-46.81176715125451,-23.43795246591272],[-46.81176715125451,-23.437887305271083],[-46.811813271158364,-23.437887305271083],[-46.811813271158364,-23.437822144629447],[-46.81185939106222,-23.437887305271083],[-46.81185939106222,-23.437822144629447],[-46.81190551096608,-23.437822144629447],[-46.81185939106222,-23.43775698398781],[-46.81185939106222,-23.437691823346174],[-46.81190551096608,-23.437691823346174],[-46.81185939106222,-23.437691823346174],[-46.81185939106222,-23.43762666270454],[-46.81190551096608,-23.43762666270454],[-46.81190551096608,-23.437561502062906],[-46.81190551096608,-23.43749634142127],[-46.81185939106222,-23.437431180779633],[-46.81185939106222,-23.437366020137997],[-46.81190551096608,-23.437366020137997],[-46.81190551096608,-23.43730085949636],[-46.81195163086994,-23.437235698854725],[-46.8119977507738,-23.43717053821309],[-46.81190551096608,-23.43717053821309],[-46.81185939106222,-23.437105377571452],[-46.81185939106222,-23.437040216929816],[-46.8119977507738,-23.436975056288183],[-46.812043870677655,-23.436975056288183],[-46.81208999058151,-23.436975056288183],[-46.81208999058151,-23.43684473500491],[-46.812043870677655,-23.436779574363275],[-46.812043870677655,-23.43671441372164],[-46.812043870677655,-23.436584092438366],[-46.81208999058151,-23.43651893179673],[-46.81213611048537,-23.43651893179673],[-46.81222835029308,-23.43651893179673],[-46.81227447019694,-23.43651893179673],[-46.8123205901008,-23.43651893179673],[-46.81236671000466,-23.43651893179673],[-46.81241282990852,-23.436453771155094],[-46.812458949812374,-23.436388610513458],[-46.81255118962009,-23.43632344987182],[-46.812597309523944,-23.436193128588553],[-46.812597309523944,-23.436127967946916],[-46.812597309523944,-23.43606280730528],[-46.8126434294278,-23.435997646663644],[-46.8126434294278,-23.435932486022008],[-46.8126434294278,-23.43586732538037],[-46.8126434294278,-23.435802164738735],[-46.812689549331665,-23.435802164738735],[-46.81273566923552,-23.4357370040971],[-46.81278178913938,-23.4357370040971],[-46.812827909043236,-23.435671843455463],[-46.81287402894709,-23.43560668281383],[-46.81287402894709,-23.435541522172194],[-46.81292014885095,-23.435476361530558],[-46.81287402894709,-23.43541120088892],[-46.81287402894709,-23.435346040247286],[-46.81292014885095,-23.43528087960565],[-46.812966268754806,-23.435215718964013],[-46.812966268754806,-23.435150558322377],[-46.81301238865866,-23.43508539768074],[-46.81305850856253,-23.435020237039105],[-46.813104628466384,-23.435020237039105],[-46.813104628466384,-23.434955076397472],[-46.81315074837024,-23.434889915755836],[-46.81315074837024,-23.4348247551142],[-46.8131968682741,-23.4348247551142],[-46.813242988177954,-23.434759594472563],[-46.81328910808181,-23.434759594472563],[-46.813381347889525,-23.434759594472563],[-46.81342746779339,-23.434759594472563],[-46.813473587697246,-23.434759594472563],[-46.8135197076011,-23.434759594472563],[-46.81356582750496,-23.434759594472563],[-46.813611947408816,-23.434759594472563],[-46.813611947408816,-23.4348247551142],[-46.81365806731267,-23.4348247551142],[-46.81370418721653,-23.4348247551142],[-46.81375030712039,-23.434759594472563],[-46.81379642702425,-23.434759594472563],[-46.81384254692811,-23.434759594472563],[-46.813888666831964,-23.434694433830927],[-46.813888666831964,-23.43462927318929],[-46.81393478673582,-23.43462927318929],[-46.814027026543535,-23.434564112547655],[-46.81407314644739,-23.434564112547655],[-46.81416538625511,-23.43449895190602],[-46.81421150615897,-23.434433791264382],[-46.814257626062826,-23.434368630622746],[-46.81430374596668,-23.43430346998111],[-46.81434986587054,-23.434238309339477],[-46.8143959857744,-23.434238309339477],[-46.81444210567825,-23.434238309339477],[-46.814534345485974,-23.434238309339477],[-46.814534345485974,-23.43430346998111],[-46.81462658529369,-23.434368630622746],[-46.814672705197545,-23.434368630622746],[-46.8147188251014,-23.434368630622746],[-46.81476494500526,-23.434368630622746],[-46.814811064909115,-23.434368630622746],[-46.81485718481297,-23.43430346998111],[-46.814903304716836,-23.43430346998111],[-46.81499554452455,-23.434238309339477],[-46.81499554452455,-23.43417314869784],[-46.815041664428406,-23.434107988056205],[-46.815041664428406,-23.43404282741457],[-46.81513390423612,-23.433977666772932],[-46.8152722639477,-23.43384734548966],[-46.815318383851555,-23.433717024206388],[-46.81536450375541,-23.43358670292312],[-46.81541062365927,-23.433521542281483],[-46.815456743563125,-23.433456381639846],[-46.81550286346698,-23.43339122099821],[-46.81554898337084,-23.433326060356574],[-46.81554898337084,-23.433260899714938],[-46.815595103274696,-23.433130578431665],[-46.81564122317856,-23.433000257148393],[-46.815687343082416,-23.432869935865124],[-46.815687343082416,-23.432804775223488],[-46.815687343082416,-23.432739614581852],[-46.815687343082416,-23.432674453940216],[-46.815687343082416,-23.43260929329858],[-46.815687343082416,-23.432544132656943],[-46.81573346298627,-23.43241381137367],[-46.81582570279399,-23.432218329448766],[-46.81582570279399,-23.432088008165493],[-46.8159179426017,-23.431892526240585],[-46.81601018240942,-23.431762204957312],[-46.816102422217135,-23.43163188367404],[-46.81614854212099,-23.43150156239077],[-46.81619466202485,-23.431306080465863],[-46.81628690183256,-23.43117575918259],[-46.81628690183256,-23.431110598540954],[-46.81637914164028,-23.431045437899318],[-46.81642526154414,-23.43091511661605],[-46.81651750135185,-23.43071963469114],[-46.81660974115957,-23.430589313407868],[-46.816748100871145,-23.430524152766232],[-46.816794220775,-23.430458992124596],[-46.81684034067886,-23.430458992124596],[-46.816886460582715,-23.43039383148296],[-46.81693258048657,-23.430328670841323],[-46.817024820294286,-23.430198349558054],[-46.81716318000586,-23.430133188916418],[-46.81725541981358,-23.430068028274782],[-46.817301539717434,-23.430002867633146],[-46.81734765962129,-23.430002867633146],[-46.81739377952515,-23.430002867633146],[-46.81748601933287,-23.42993770699151],[-46.817532139236725,-23.42993770699151],[-46.81762437904444,-23.42993770699151],[-46.817670498948296,-23.42993770699151],[-46.81771661885215,-23.42993770699151],[-46.81776273875601,-23.430002867633146],[-46.81780885865987,-23.430002867633146],[-46.81785497856373,-23.430002867633146],[-46.817947218371444,-23.42993770699151],[-46.8179933382753,-23.429872546349873],[-46.81813169798687,-23.429807385708237],[-46.81822393779459,-23.4297422250666],[-46.818316177602306,-23.4297422250666],[-46.81840841741002,-23.4297422250666],[-46.81850065721773,-23.429677064424965],[-46.818592897025454,-23.429611903783332],[-46.81868513683317,-23.429546743141696],[-46.81882349654474,-23.42948158250006],[-46.818869616448595,-23.42948158250006],[-46.818961856256315,-23.429416421858424],[-46.81905409606403,-23.429351261216787],[-46.81914633587174,-23.429351261216787],[-46.81923857567946,-23.42928610057515],[-46.81933081548718,-23.429220939933515],[-46.81946917519875,-23.42915577929188],[-46.81956141500646,-23.42915577929188],[-46.81965365481418,-23.429090618650243],[-46.819745894621896,-23.429090618650243],[-46.81979201452575,-23.429025458008606],[-46.81983813442961,-23.429025458008606],[-46.819884254333466,-23.429025458008606],[-46.81993037423732,-23.42896029736697],[-46.81993037423732,-23.428895136725338],[-46.81997649414118,-23.428895136725338],[-46.820022614045044,-23.4288299760837],[-46.8200687339489,-23.4288299760837],[-46.820160973756614,-23.4288299760837],[-46.82025321356433,-23.428764815442065],[-46.82034545337204,-23.428764815442065],[-46.82043769317976,-23.42869965480043],[-46.82048381308362,-23.428634494158793],[-46.820529932987476,-23.428634494158793],[-46.82057605289133,-23.42850417287552],[-46.82062217279519,-23.428439012233884],[-46.82066829269905,-23.428373851592248],[-46.82076053250677,-23.42824353030898],[-46.820806652410624,-23.428178369667343],[-46.82085277231448,-23.42804804838407],[-46.820945012122195,-23.427982887742434],[-46.82099113202605,-23.427852566459162],[-46.82103725192991,-23.427787405817526],[-46.82112949173763,-23.42772224517589],[-46.821175611641486,-23.42759192389262],[-46.8212678514492,-23.427526763250984],[-46.82131397135306,-23.42746160260935],[-46.82136009125691,-23.427396441967712],[-46.82136009125691,-23.427331281326076],[-46.821452331064634,-23.42726612068444],[-46.82154457087235,-23.427200960042804],[-46.82163681068006,-23.427135799401167],[-46.82168293058392,-23.42707063875953],[-46.821729050487775,-23.42707063875953],[-46.821729050487775,-23.427005478117895],[-46.821821290295496,-23.42694031747626],[-46.821821290295496,-23.426875156834626],[-46.821821290295496,-23.42680999619299],[-46.82186741019935,-23.42680999619299],[-46.82191353010321,-23.426744835551354],[-46.82191353010321,-23.426679674909717],[-46.82195965000707,-23.426679674909717],[-46.82200576991092,-23.426679674909717],[-46.82200576991092,-23.42661451426808],[-46.82205188981478,-23.426549353626445],[-46.82209800971864,-23.42648419298481],[-46.822144129622494,-23.426353871701536],[-46.82219024952636,-23.426353871701536],[-46.82228248933407,-23.426223550418268],[-46.822374729141785,-23.42615838977663],[-46.8224669689495,-23.426093229134995],[-46.82255920875722,-23.42602806849336],[-46.822605328661076,-23.425962907851723],[-46.82265144856493,-23.425897747210087],[-46.82265144856493,-23.42583258656845],[-46.82269756846879,-23.425767425926814],[-46.82269756846879,-23.425702265285178],[-46.82269756846879,-23.425637104643542],[-46.82269756846879,-23.42557194400191],[-46.82274368837265,-23.42557194400191],[-46.82274368837265,-23.425506783360273],[-46.82274368837265,-23.425441622718637],[-46.82274368837265,-23.425376462077],[-46.82269756846879,-23.425311301435364],[-46.82269756846879,-23.42524614079373],[-46.82265144856493,-23.42524614079373],[-46.82265144856493,-23.425180980152092],[-46.822605328661076,-23.425115819510456],[-46.822605328661076,-23.42505065886882],[-46.822605328661076,-23.424985498227183],[-46.82265144856493,-23.424920337585547],[-46.82269756846879,-23.424855176943915],[-46.82274368837265,-23.42479001630228],[-46.822789808276504,-23.424724855660642],[-46.82283592818036,-23.424659695019006],[-46.82288204808422,-23.42459453437737],[-46.82292816798808,-23.424529373735734],[-46.82297428789194,-23.424529373735734],[-46.823020407795795,-23.42439905245246],[-46.823020407795795,-23.424333891810825],[-46.823020407795795,-23.42426873116919],[-46.823020407795795,-23.424203570527556],[-46.82306652769965,-23.42413840988592],[-46.82306652769965,-23.424073249244284],[-46.82311264760351,-23.424008088602648],[-46.82320488741122,-23.42394292796101],[-46.82325100731508,-23.423877767319375],[-46.82329712721894,-23.423747446036103],[-46.82329712721894,-23.423682285394467],[-46.8233432471228,-23.42361712475283],[-46.82338936702666,-23.423551964111198],[-46.823435486930514,-23.423421642827925],[-46.823435486930514,-23.423291321544653],[-46.82348160683437,-23.42316100026138],[-46.82348160683437,-23.423030678978108],[-46.82348160683437,-23.422965518336472],[-46.82348160683437,-23.422900357694836],[-46.82348160683437,-23.422835197053203],[-46.823435486930514,-23.422770036411567],[-46.82338936702666,-23.42270487576993],[-46.82338936702666,-23.422639715128295],[-46.82338936702666,-23.42257455448666],[-46.823435486930514,-23.422509393845022],[-46.82338936702666,-23.422444233203386],[-46.8233432471228,-23.422444233203386],[-46.82329712721894,-23.42237907256175],[-46.82329712721894,-23.422313911920114],[-46.82329712721894,-23.422248751278477],[-46.82325100731508,-23.422183590636845],[-46.82325100731508,-23.42211842999521],[-46.82320488741122,-23.422053269353572],[-46.823158767507365,-23.422053269353572],[-46.82306652769965,-23.422053269353572],[-46.823020407795795,-23.422053269353572],[-46.82297428789194,-23.422053269353572],[-46.82288204808422,-23.421988108711936],[-46.82283592818036,-23.4219229480703],[-46.822789808276504,-23.421857787428664],[-46.82274368837265,-23.421792626787028],[-46.82269756846879,-23.42172746614539],[-46.82269756846879,-23.421662305503755],[-46.82269756846879,-23.42159714486212],[-46.82274368837265,-23.42159714486212],[-46.822789808276504,-23.421531984220486],[-46.822789808276504,-23.42146682357885],[-46.822789808276504,-23.421401662937214],[-46.82274368837265,-23.421401662937214],[-46.82269756846879,-23.421336502295578],[-46.82269756846879,-23.42127134165394],[-46.82265144856493,-23.42127134165394],[-46.822605328661076,-23.42114102037067],[-46.822605328661076,-23.421010699087397],[-46.82255920875722,-23.42094553844576],[-46.82255920875722,-23.420880377804124],[-46.82255920875722,-23.42081521716249],[-46.82255920875722,-23.420750056520856],[-46.822513088853356,-23.420750056520856],[-46.82242084904564,-23.42068489587922],[-46.822374729141785,-23.420619735237583],[-46.82232860923793,-23.420554574595947],[-46.82228248933407,-23.42048941395431],[-46.822236369430215,-23.42048941395431],[-46.82219024952636,-23.42048941395431],[-46.822144129622494,-23.42048941395431],[-46.82209800971864,-23.42048941395431],[-46.82205188981478,-23.42048941395431],[-46.82205188981478,-23.420424253312675],[-46.82200576991092,-23.420424253312675],[-46.82191353010321,-23.420424253312675],[-46.821821290295496,-23.420424253312675],[-46.821729050487775,-23.42035909267104],[-46.82163681068006,-23.42035909267104],[-46.821590690776205,-23.42035909267104],[-46.82154457087235,-23.420293932029402],[-46.82149845096849,-23.420293932029402],[-46.821452331064634,-23.420293932029402],[-46.82140621116077,-23.420293932029402],[-46.82136009125691,-23.420293932029402],[-46.82131397135306,-23.420293932029402],[-46.82122173154534,-23.420293932029402],[-46.82112949173763,-23.420228771387766],[-46.82099113202605,-23.420228771387766],[-46.82085277231448,-23.420163610746133],[-46.820714412602904,-23.420098450104497],[-46.82066829269905,-23.420098450104497],[-46.82062217279519,-23.420098450104497],[-46.82057605289133,-23.420098450104497],[-46.820529932987476,-23.420098450104497],[-46.82048381308362,-23.420098450104497],[-46.82043769317976,-23.42003328946286],[-46.820391573275906,-23.41990296817959],[-46.82034545337204,-23.419642325613044],[-46.82034545337204,-23.419512004329775],[-46.820299333468185,-23.419381683046502],[-46.820299333468185,-23.41925136176323],[-46.82025321356433,-23.419121040479958],[-46.82020709366047,-23.418990719196685],[-46.82011485385276,-23.418860397913413],[-46.8200687339489,-23.418730076630144],[-46.81997649414118,-23.41859975534687],[-46.81993037423732,-23.4184694340636],[-46.819884254333466,-23.418404273421963],[-46.81983813442961,-23.41827395213869],[-46.81983813442961,-23.418208791497054],[-46.81979201452575,-23.418143630855422],[-46.81979201452575,-23.418078470213786],[-46.81979201452575,-23.41801330957215],[-46.81983813442961,-23.41801330957215],[-46.81983813442961,-23.417948148930513],[-46.819884254333466,-23.417882988288877],[-46.819884254333466,-23.417752667005605],[-46.81997649414118,-23.41768750636397],[-46.820022614045044,-23.417492024439063],[-46.8200687339489,-23.417296542514155],[-46.82011485385276,-23.41723138187252],[-46.820160973756614,-23.417166221230882],[-46.82025321356433,-23.416970739305974],[-46.82034545337204,-23.4168404180227],[-46.820391573275906,-23.41677525738107],[-46.82043769317976,-23.416710096739433],[-46.82043769317976,-23.416644936097796],[-46.82043769317976,-23.41657977545616],[-46.82048381308362,-23.416514614814524],[-46.82048381308362,-23.416449454172888],[-46.82048381308362,-23.41638429353125],[-46.820529932987476,-23.41638429353125],[-46.82057605289133,-23.41638429353125],[-46.82057605289133,-23.416319132889615],[-46.82057605289133,-23.41625397224798],[-46.82057605289133,-23.416188811606343],[-46.82057605289133,-23.41612365096471],[-46.82057605289133,-23.416058490323074],[-46.82057605289133,-23.415993329681438],[-46.82057605289133,-23.415928169039802],[-46.82057605289133,-23.415863008398166],[-46.820529932987476,-23.41579784775653],[-46.820529932987476,-23.415732687114893],[-46.82057605289133,-23.415732687114893],[-46.82057605289133,-23.415667526473257],[-46.82057605289133,-23.41560236583162],[-46.82057605289133,-23.415472044548352],[-46.82057605289133,-23.415406883906716],[-46.82057605289133,-23.41534172326508],[-46.82057605289133,-23.415276562623443],[-46.820714412602904,-23.41514624134017],[-46.820806652410624,-23.4150159200569],[-46.820945012122195,-23.414885598773626],[-46.82103725192991,-23.414755277490357],[-46.821175611641486,-23.414624956207085],[-46.8212678514492,-23.41455979556545],[-46.82131397135306,-23.414494634923813],[-46.82140621116077,-23.414429474282176],[-46.82149845096849,-23.41436431364054],[-46.82154457087235,-23.41436431364054],[-46.82154457087235,-23.414299152998904],[-46.821590690776205,-23.414233992357268],[-46.82163681068006,-23.414233992357268],[-46.821729050487775,-23.41416883171563],[-46.82186741019935,-23.414103671074],[-46.82191353010321,-23.414038510432363],[-46.82195965000707,-23.414038510432363],[-46.82195965000707,-23.413973349790727],[-46.82200576991092,-23.41390818914909],[-46.82205188981478,-23.413777867865818],[-46.82205188981478,-23.41371270722418],[-46.82209800971864,-23.413647546582546],[-46.822144129622494,-23.41358238594091],[-46.82219024952636,-23.413517225299273],[-46.822236369430215,-23.413386904016004],[-46.82228248933407,-23.413321743374368],[-46.82228248933407,-23.413256582732732],[-46.82232860923793,-23.413191422091096],[-46.82232860923793,-23.41312626144946],[-46.822374729141785,-23.412995940166187],[-46.82242084904564,-23.41293077952455],[-46.82242084904564,-23.412865618882915],[-46.82242084904564,-23.41280045824128],[-46.82242084904564,-23.412735297599646],[-46.82242084904564,-23.41267013695801],[-46.82242084904564,-23.412604976316373],[-46.82242084904564,-23.412539815674737],[-46.82242084904564,-23.41234433374983],[-46.82242084904564,-23.412279173108193],[-46.82242084904564,-23.41214885182492],[-46.8224669689495,-23.412083691183287],[-46.822513088853356,-23.411953369900015],[-46.82255920875722,-23.411953369900015],[-46.82269756846879,-23.411823048616743],[-46.82274368837265,-23.411757887975106],[-46.822789808276504,-23.411757887975106],[-46.82288204808422,-23.41169272733347],[-46.82292816798808,-23.41169272733347],[-46.82297428789194,-23.41169272733347],[-46.823020407795795,-23.41169272733347],[-46.82306652769965,-23.41169272733347],[-46.82311264760351,-23.41169272733347],[-46.823158767507365,-23.411757887975106],[-46.82320488741122,-23.411757887975106],[-46.82325100731508,-23.411757887975106],[-46.82329712721894,-23.411823048616743],[-46.8233432471228,-23.411823048616743],[-46.82338936702666,-23.411823048616743],[-46.823435486930514,-23.411823048616743],[-46.82348160683437,-23.411823048616743],[-46.823573846642084,-23.411757887975106],[-46.82361996654594,-23.411757887975106],[-46.823666086449805,-23.41169272733347],[-46.82371220635366,-23.411627566691834],[-46.82375832625752,-23.411562406050198],[-46.823804446161375,-23.411562406050198],[-46.82389668596909,-23.41149724540856],[-46.823942805872946,-23.41143208476693],[-46.8239889257768,-23.41143208476693],[-46.82412728548838,-23.411366924125293],[-46.82417340539224,-23.411366924125293],[-46.82426564519995,-23.411366924125293],[-46.82431176510381,-23.411301763483657],[-46.824357885007664,-23.411301763483657],[-46.824450124815385,-23.411301763483657],[-46.82449624471924,-23.411301763483657],[-46.82463460443081,-23.41123660284202],[-46.82468072433467,-23.41123660284202],[-46.82468072433467,-23.411171442200384],[-46.824726844238526,-23.411106281558748],[-46.82477296414239,-23.411106281558748],[-46.82481908404625,-23.411041120917112],[-46.824865203950104,-23.411041120917112],[-46.824865203950104,-23.410975960275476],[-46.824865203950104,-23.41091079963384],[-46.82491132385396,-23.41091079963384],[-46.82491132385396,-23.410845638992203],[-46.82491132385396,-23.410780478350567],[-46.82495744375782,-23.410780478350567],[-46.82495744375782,-23.410715317708934],[-46.825003563661674,-23.4106501570673],[-46.82504968356553,-23.4106501570673],[-46.82509580346939,-23.4106501570673],[-46.82514192337325,-23.4106501570673],[-46.82518804327711,-23.4106501570673],[-46.825234163180966,-23.410584996425662],[-46.82528028308482,-23.410584996425662],[-46.82528028308482,-23.410519835784026],[-46.82532640298868,-23.410519835784026],[-46.825372522892536,-23.410389514500753],[-46.825372522892536,-23.410324353859117],[-46.82541864279639,-23.410324353859117],[-46.82541864279639,-23.410194032575845],[-46.82546476270025,-23.410063711292576],[-46.82546476270025,-23.40999855065094],[-46.825510882604114,-23.409933390009304],[-46.825510882604114,-23.409868229367667],[-46.825510882604114,-23.40980306872603],[-46.82555700250797,-23.409737908084395],[-46.82560312241183,-23.409737908084395],[-46.825649242315684,-23.40967274744276],[-46.8257414821234,-23.409607586801123],[-46.82583372193111,-23.409542426159486],[-46.825879841834976,-23.409542426159486],[-46.82592596173883,-23.40947726551785],[-46.826018201546546,-23.40947726551785],[-46.8260643214504,-23.409412104876218],[-46.82611044135426,-23.40934694423458],[-46.82615656125812,-23.409281783592945],[-46.82620268116197,-23.40921662295131],[-46.826294920969694,-23.40921662295131],[-46.82634104087355,-23.409151462309673],[-46.82634104087355,-23.409086301668037],[-46.82638716077741,-23.4090211410264],[-46.82638716077741,-23.408955980384764],[-46.82638716077741,-23.408890819743128],[-46.82634104087355,-23.408825659101492],[-46.826294920969694,-23.408760498459856],[-46.82620268116197,-23.408760498459856],[-46.82615656125812,-23.408760498459856],[-46.82611044135426,-23.408695337818223],[-46.8260643214504,-23.408695337818223],[-46.826018201546546,-23.408630177176587],[-46.82597208164269,-23.40856501653495],[-46.82597208164269,-23.408499855893314],[-46.82592596173883,-23.408434695251678],[-46.82592596173883,-23.408369534610042],[-46.825879841834976,-23.408304373968406],[-46.82583372193111,-23.40823921332677],[-46.825787602027255,-23.408174052685133],[-46.8257414821234,-23.408174052685133],[-46.825649242315684,-23.408108892043497],[-46.82560312241183,-23.408043731401865],[-46.82555700250797,-23.408043731401865],[-46.82546476270025,-23.40797857076023],[-46.82541864279639,-23.40797857076023],[-46.825372522892536,-23.407913410118592],[-46.82528028308482,-23.407848249476956],[-46.825234163180966,-23.407848249476956],[-46.82518804327711,-23.40778308883532],[-46.82514192337325,-23.407717928193684],[-46.82504968356553,-23.407717928193684],[-46.825003563661674,-23.407652767552047],[-46.82495744375782,-23.40758760691041],[-46.824865203950104,-23.40758760691041],[-46.82481908404625,-23.407522446268775],[-46.82477296414239,-23.40745728562714],[-46.82468072433467,-23.40745728562714],[-46.82463460443081,-23.407392124985506],[-46.82463460443081,-23.40732696434387],[-46.824588484526956,-23.407261803702234],[-46.8245423646231,-23.407196643060598],[-46.8245423646231,-23.40713148241896],[-46.8245423646231,-23.407066321777325],[-46.8245423646231,-23.40700116113569],[-46.8245423646231,-23.406936000494053],[-46.8245423646231,-23.406870839852417],[-46.8245423646231,-23.40680567921078],[-46.82449624471924,-23.406740518569144],[-46.82449624471924,-23.40667535792751],[-46.82449624471924,-23.406610197285875],[-46.82449624471924,-23.40654503664424],[-46.82449624471924,-23.406479876002603],[-46.82449624471924,-23.40634955471933],[-46.82449624471924,-23.406284394077694],[-46.82449624471924,-23.406219233436058],[-46.8245423646231,-23.406219233436058],[-46.8245423646231,-23.406088912152786],[-46.8245423646231,-23.405958590869517],[-46.824588484526956,-23.405958590869517],[-46.82463460443081,-23.40589343022788],[-46.82468072433467,-23.40589343022788],[-46.824726844238526,-23.405828269586245],[-46.82477296414239,-23.405828269586245],[-46.82481908404625,-23.40576310894461],[-46.824865203950104,-23.405697948302972],[-46.82504968356553,-23.405437305736427],[-46.82509580346939,-23.40530698445316],[-46.82514192337325,-23.405241823811522],[-46.82518804327711,-23.405176663169886],[-46.825234163180966,-23.40511150252825],[-46.825234163180966,-23.405046341886614],[-46.825234163180966,-23.404981181244978],[-46.825234163180966,-23.40491602060334],[-46.825234163180966,-23.404850859961705],[-46.82528028308482,-23.40478569932007],[-46.82528028308482,-23.404720538678433],[-46.82528028308482,-23.4046553780368],[-46.82528028308482,-23.404590217395164],[-46.82528028308482,-23.404525056753528],[-46.82528028308482,-23.40445989611189],[-46.82528028308482,-23.404394735470255],[-46.825234163180966,-23.40432957482862],[-46.825234163180966,-23.404264414186983],[-46.825234163180966,-23.404199253545347],[-46.82518804327711,-23.404199253545347],[-46.82514192337325,-23.404068932262074],[-46.82514192337325,-23.40400377162044],[-46.82504968356553,-23.403938610978805],[-46.825003563661674,-23.403808289695533],[-46.82495744375782,-23.403808289695533],[-46.824865203950104,-23.403743129053897],[-46.82468072433467,-23.40367796841226],[-46.82463460443081,-23.403612807770624],[-46.82449624471924,-23.403612807770624],[-46.82440400491153,-23.40354764712899],[-46.824219525296094,-23.403482486487352],[-46.82408116558452,-23.403417325845716],[-46.82403504568067,-23.403352165204083],[-46.8239889257768,-23.403287004562447],[-46.823942805872946,-23.403287004562447],[-46.823942805872946,-23.40322184392081],[-46.823942805872946,-23.403156683279175],[-46.823942805872946,-23.40309152263754],[-46.8239889257768,-23.402961201354266],[-46.8239889257768,-23.40289604071263],[-46.8239889257768,-23.402830880070994],[-46.82403504568067,-23.402765719429357],[-46.82403504568067,-23.40270055878772],[-46.8239889257768,-23.40263539814609],[-46.82389668596909,-23.402505076862816],[-46.82385056606523,-23.40243991622118],[-46.823804446161375,-23.402374755579544],[-46.82375832625752,-23.402309594937908],[-46.82371220635366,-23.40224443429627],[-46.82352772673823,-23.401723149163185],[-46.82325100731508,-23.401071542746827],[-46.82320488741122,-23.401071542746827],[-46.82311264760351,-23.401136703388463],[-46.82297428789194,-23.401071542746827],[-46.82283592818036,-23.401071542746827],[-46.822605328661076,-23.401136703388463],[-46.82242084904564,-23.401136703388463],[-46.82228248933407,-23.401136703388463],[-46.82219024952636,-23.401071542746827],[-46.822144129622494,-23.401071542746827],[-46.82205188981478,-23.401136703388463],[-46.82200576991092,-23.4012018640301],[-46.82205188981478,-23.401267024671736],[-46.82209800971864,-23.401397345955004],[-46.822144129622494,-23.401527667238277],[-46.822144129622494,-23.401592827879913],[-46.82209800971864,-23.40165798852155],[-46.82195965000707,-23.401723149163185],[-46.821821290295496,-23.40178830980482],[-46.821729050487775,-23.40178830980482],[-46.82154457087235,-23.401918631088094],[-46.82140621116077,-23.40198379172973],[-46.8212678514492,-23.402048952371363],[-46.821175611641486,-23.402048952371363],[-46.821083371833765,-23.402114113013],[-46.82103725192991,-23.402114113013],[-46.82099113202605,-23.402048952371363],[-46.820945012122195,-23.402048952371363],[-46.820945012122195,-23.40198379172973],[-46.820945012122195,-23.401918631088094],[-46.820945012122195,-23.401853470446458],[-46.82099113202605,-23.40178830980482],[-46.82103725192991,-23.401723149163185],[-46.82112949173763,-23.401723149163185],[-46.8212678514492,-23.401723149163185],[-46.82131397135306,-23.401723149163185],[-46.82131397135306,-23.40165798852155],[-46.82136009125691,-23.40165798852155],[-46.82140621116077,-23.401592827879913],[-46.82140621116077,-23.401527667238277],[-46.82136009125691,-23.40146250659664],[-46.82131397135306,-23.401397345955004],[-46.8212678514492,-23.401397345955004],[-46.821175611641486,-23.401332185313372],[-46.821083371833765,-23.401332185313372],[-46.82089889221834,-23.40146250659664],[-46.820806652410624,-23.40146250659664],[-46.820714412602904,-23.40146250659664],[-46.82057605289133,-23.40146250659664],[-46.82043769317976,-23.40146250659664],[-46.820299333468185,-23.401397345955004],[-46.820160973756614,-23.401332185313372],[-46.82011485385276,-23.401267024671736],[-46.82011485385276,-23.4012018640301],[-46.82011485385276,-23.401136703388463],[-46.820160973756614,-23.401071542746827],[-46.82020709366047,-23.40100638210519],[-46.82025321356433,-23.40100638210519],[-46.82043769317976,-23.400941221463555],[-46.82048381308362,-23.40087606082192],[-46.820529932987476,-23.40087606082192],[-46.82057605289133,-23.400810900180282],[-46.82057605289133,-23.400745739538646],[-46.82057605289133,-23.40068057889701],[-46.820529932987476,-23.40055025761374],[-46.82043769317976,-23.400485096972105],[-46.82025321356433,-23.400354775688832],[-46.8200687339489,-23.40022445440556],[-46.81997649414118,-23.400159293763924],[-46.81979201452575,-23.40022445440556],[-46.81965365481418,-23.40022445440556],[-46.819515295102605,-23.400289615047196],[-46.81942305529489,-23.40022445440556],[-46.81928469558332,-23.400159293763924],[-46.819100215967886,-23.40002897248065],[-46.81891573635246,-23.399833490555746],[-46.81868513683317,-23.39976832991411],[-46.81863901692931,-23.399638008630838],[-46.81850065721773,-23.399507687347565],[-46.81840841741002,-23.39944252670593],[-46.81827005769845,-23.39944252670593],[-46.81822393779459,-23.399507687347565],[-46.81813169798687,-23.3995728479892],[-46.81803945817916,-23.39976832991411],[-46.817947218371444,-23.399833490555746],[-46.81785497856373,-23.399833490555746],[-46.81771661885215,-23.399833490555746],[-46.817670498948296,-23.39976832991411],[-46.81762437904444,-23.399703169272474],[-46.81762437904444,-23.3995728479892],[-46.817532139236725,-23.39944252670593],[-46.81739377952515,-23.399377366064293],[-46.817301539717434,-23.39931220542266],[-46.81720929990972,-23.39931220542266],[-46.81711706010201,-23.399377366064293],[-46.81697870039043,-23.399507687347565],[-46.816748100871145,-23.399703169272474],[-46.81660974115957,-23.39976832991411],[-46.816333021736426,-23.39976832991411],[-46.81614854212099,-23.399833490555746],[-46.81596406250556,-23.399898651197383],[-46.81577958289013,-23.39996381183902],[-46.815595103274696,-23.400094133122288],[-46.81536450375541,-23.400159293763924],[-46.815226144043834,-23.400159293763924],[-46.815041664428406,-23.40022445440556],[-46.81485718481297,-23.40022445440556],[-46.81458046538983,-23.40022445440556],[-46.8143959857744,-23.40022445440556],[-46.814257626062826,-23.40022445440556],[-46.81411926635125,-23.40022445440556],[-46.81393478673582,-23.400159293763924],[-46.81379642702425,-23.400094133122288],[-46.81365806731267,-23.400094133122288],[-46.813473587697246,-23.40002897248065],[-46.81333522798567,-23.40002897248065],[-46.8131968682741,-23.399898651197383],[-46.813104628466384,-23.39976832991411],[-46.81292014885095,-23.399507687347565],[-46.81278178913938,-23.399247044781024],[-46.812689549331665,-23.399051562856116],[-46.812597309523944,-23.398856080931207],[-46.81250506971623,-23.398856080931207],[-46.81236671000466,-23.39879092028957],[-46.812182230389226,-23.39879092028957],[-46.812043870677655,-23.398856080931207],[-46.811813271158364,-23.398921241572843],[-46.811674911446794,-23.39898640221448],[-46.81149043183136,-23.39911672349775],[-46.81149043183136,-23.399181884139388],[-46.81135207211979,-23.399247044781024],[-46.811259832312075,-23.39931220542266],[-46.8111214726005,-23.399377366064293],[-46.810844753177356,-23.399507687347565],[-46.81079863327349,-23.399507687347565],[-46.81052191385035,-23.399703169272474],[-46.8102451944272,-23.39976832991411],[-46.810106834715626,-23.39976832991411],[-46.81001459490791,-23.399703169272474],[-46.80987623519634,-23.399703169272474],[-46.809737875484764,-23.399703169272474],[-46.809184436638475,-23.399703169272474],[-46.808953837119184,-23.399703169272474],[-46.8087232375999,-23.399638008630838],[-46.80844651817675,-23.399638008630838],[-46.8081697987536,-23.3995728479892],[-46.80803143904203,-23.3995728479892],[-46.807893079330455,-23.399507687347565],[-46.807754719618885,-23.39944252670593],[-46.80770859971503,-23.39931220542266],[-46.80770859971503,-23.399247044781024],[-46.807754719618885,-23.399181884139388],[-46.80793919923432,-23.39911672349775],[-46.807985319138176,-23.399051562856116],[-46.80803143904203,-23.398921241572843],[-46.80803143904203,-23.398856080931207],[-46.80793919923432,-23.39879092028957],[-46.807754719618885,-23.398725759647935],[-46.80747800019574,-23.398725759647935],[-46.807339640484166,-23.398660599006302],[-46.80729352058031,-23.398595438364666],[-46.80729352058031,-23.398465117081393],[-46.80729352058031,-23.398399956439757],[-46.80743188029188,-23.398399956439757],[-46.80752412009959,-23.39833479579812],[-46.80770859971503,-23.398269635156485],[-46.807893079330455,-23.39820447451485],[-46.80793919923432,-23.398139313873212],[-46.80793919923432,-23.398008992589943],[-46.8078469594266,-23.397943831948307],[-46.807754719618885,-23.397943831948307],[-46.80766247981117,-23.397943831948307],[-46.80747800019574,-23.398008992589943],[-46.80729352058031,-23.398074153231576],[-46.80715516086873,-23.398008992589943],[-46.80701680115716,-23.397943831948307],[-46.806832321541734,-23.397813510665035],[-46.80660172202244,-23.397618028740126],[-46.80627888269544,-23.397227064890313],[-46.80614052298387,-23.397031582965404],[-46.80600216327229,-23.396966422323768],[-46.80586380356072,-23.396966422323768],[-46.80563320404143,-23.39709674360704],[-46.80535648461828,-23.39709674360704],[-46.80517200500285,-23.39709674360704],[-46.80507976519514,-23.39709674360704],[-46.80503364529128,-23.39709674360704],[-46.80498752538742,-23.39709674360704],[-46.80475692586813,-23.397031582965404],[-46.804618566156556,-23.396966422323768],[-46.8045724462527,-23.396966422323768],[-46.804249606925694,-23.396836101040495],[-46.80401900740641,-23.396836101040495],[-46.80360392827169,-23.396705779757223],[-46.80332720884854,-23.396705779757223],[-46.80314272923311,-23.396705779757223],[-46.80300436952154,-23.39664061911559],[-46.80300436952154,-23.396510297832318],[-46.80309660932925,-23.396379976549046],[-46.803281088944686,-23.396184494624137],[-46.80341944865626,-23.396054173340865],[-46.803557808367835,-23.395923852057596],[-46.80374228798326,-23.395923852057596],[-46.803926767598696,-23.39585869141596],[-46.80401900740641,-23.395793530774323],[-46.80415736711798,-23.395793530774323],[-46.80429572682956,-23.395793530774323],[-46.80438796663727,-23.395793530774323],[-46.804480206444985,-23.395728370132687],[-46.80452632634884,-23.39566320949105],[-46.804480206444985,-23.39553288820778],[-46.80438796663727,-23.39533740628287],[-46.80429572682956,-23.395272245641237],[-46.804249606925694,-23.395272245641237],[-46.804111247214124,-23.395141924357965],[-46.803926767598696,-23.395141924357965],[-46.80374228798326,-23.395141924357965],[-46.80360392827169,-23.3952070849996],[-46.80341944865626,-23.39533740628287],[-46.803281088944686,-23.395402566924506],[-46.80318884913697,-23.395467727566142],[-46.80314272923311,-23.395402566924506],[-46.80309660932925,-23.39533740628287],[-46.80309660932925,-23.395272245641237],[-46.80314272923311,-23.39507676371633],[-46.80314272923311,-23.394946442433056],[-46.80309660932925,-23.39488128179142],[-46.80300436952154,-23.394816121149784],[-46.802912129713825,-23.394816121149784],[-46.80277377000225,-23.39488128179142],[-46.80268153019453,-23.39507676371633],[-46.80268153019453,-23.3952070849996],[-46.80263541029068,-23.39533740628287],[-46.80258929038682,-23.395402566924506],[-46.80245093067525,-23.395467727566142],[-46.802404810771385,-23.395467727566142],[-46.80222033115596,-23.395467727566142],[-46.80208197144439,-23.395402566924506],[-46.80198973163667,-23.395402566924506],[-46.80180525202124,-23.395467727566142],[-46.80175913211738,-23.395598048849415],[-46.80166689230966,-23.39566320949105],[-46.80157465250195,-23.395728370132687],[-46.801482412694234,-23.395923852057596],[-46.80139017288652,-23.396054173340865],[-46.80125181317494,-23.39631481590741],[-46.801205693271086,-23.396379976549046],[-46.801205693271086,-23.396445137190682],[-46.80111345346337,-23.39664061911559],[-46.8009750937518,-23.396836101040495],[-46.80088285394408,-23.397031582965404],[-46.80079061413637,-23.397161904248676],[-46.80060613452094,-23.39735738617358],[-46.800421654905506,-23.397487707456854],[-46.800191055386215,-23.397683189381763],[-46.8000988155785,-23.397813510665035],[-46.79986821605921,-23.39787867130667],[-46.79972985634764,-23.398008992589943],[-46.79954537673221,-23.39820447451485],[-46.79931477721292,-23.398399956439757],[-46.79917641750135,-23.398595438364666],[-46.79908417769363,-23.398725759647935],[-46.798991937885916,-23.398856080931207],[-46.79894581798206,-23.399051562856116],[-46.79894581798206,-23.399181884139388],[-46.79894581798206,-23.399507687347565],[-46.79894581798206,-23.399703169272474],[-46.79903805778977,-23.399833490555746],[-46.79903805778977,-23.399898651197383],[-46.79908417769363,-23.39996381183902],[-46.79903805778977,-23.40002897248065],[-46.798991937885916,-23.400094133122288],[-46.7988996980782,-23.400094133122288],[-46.79880745827049,-23.400159293763924],[-46.798853578174345,-23.40022445440556],[-46.7988996980782,-23.400289615047196],[-46.79908417769363,-23.400289615047196],[-46.79917641750135,-23.400289615047196],[-46.799268657309064,-23.400354775688832],[-46.79936089711678,-23.400354775688832],[-46.79954537673221,-23.40041993633047],[-46.79972985634764,-23.400485096972105],[-46.79986821605921,-23.400485096972105],[-46.799914335963074,-23.40055025761374],[-46.79996045586693,-23.400615418255377],[-46.80000657577079,-23.400745739538646],[-46.8000988155785,-23.400810900180282],[-46.80014493548236,-23.40087606082192],[-46.800283295193935,-23.40087606082192],[-46.80037553500165,-23.40087606082192],[-46.800421654905506,-23.400941221463555],[-46.80051389471322,-23.40100638210519],[-46.80060613452094,-23.401136703388463],[-46.8006522544248,-23.401267024671736],[-46.80079061413637,-23.401397345955004],[-46.80079061413637,-23.40146250659664],[-46.80079061413637,-23.401592827879913],[-46.80079061413637,-23.40165798852155],[-46.80074449423251,-23.40178830980482],[-46.800698374328654,-23.40178830980482],[-46.80060613452094,-23.401853470446458],[-46.80046777480936,-23.40198379172973],[-46.80037553500165,-23.402048952371363],[-46.80023717529007,-23.402114113013],[-46.80014493548236,-23.402179273654635],[-46.800052695674644,-23.402309594937908],[-46.79996045586693,-23.40243991622118],[-46.79986821605921,-23.402505076862816],[-46.79982209615535,-23.40263539814609],[-46.799775976251496,-23.402765719429357],[-46.79968373644378,-23.402830880070994],[-46.79954537673221,-23.40289604071263],[-46.799407017020634,-23.40289604071263],[-46.79931477721292,-23.402830880070994],[-46.79931477721292,-23.402765719429357],[-46.799268657309064,-23.402570237504452],[-46.79922253740521,-23.40243991622118],[-46.799130297597486,-23.402309594937908],[-46.798991937885916,-23.402179273654635],[-46.798853578174345,-23.402114113013],[-46.798761338366624,-23.402048952371363],[-46.7985768587512,-23.402048952371363],[-46.79853073884734,-23.402114113013],[-46.79839237913576,-23.402114113013],[-46.798207899520335,-23.402179273654635],[-46.79811565971262,-23.402309594937908],[-46.79811565971262,-23.402374755579544],[-46.79816177961648,-23.40243991622118],[-46.79816177961648,-23.402505076862816],[-46.798207899520335,-23.402570237504452],[-46.79816177961648,-23.40263539814609],[-46.79811565971262,-23.40263539814609],[-46.798069539808765,-23.40263539814609],[-46.79793118009719,-23.402570237504452],[-46.79783894028947,-23.402570237504452],[-46.79779282038562,-23.402570237504452],[-46.7977005805779,-23.402570237504452],[-46.79765446067404,-23.40263539814609],[-46.79760834077018,-23.40270055878772],[-46.797562220866325,-23.402765719429357],[-46.79751610096247,-23.402830880070994],[-46.7973777412509,-23.40289604071263],[-46.79723938153932,-23.40289604071263],[-46.79705490192389,-23.40289604071263],[-46.796916542212315,-23.40289604071263],[-46.79673206259689,-23.402830880070994],[-46.796639822789174,-23.40270055878772],[-46.79659370288532,-23.40263539814609],[-46.796639822789174,-23.402570237504452],[-46.796778182500745,-23.40243991622118],[-46.7968243024046,-23.402374755579544],[-46.79687042230846,-23.40224443429627],[-46.79687042230846,-23.402179273654635],[-46.79687042230846,-23.402048952371363],[-46.796916542212315,-23.40198379172973],[-46.79696266211618,-23.401918631088094],[-46.79710102182775,-23.401918631088094],[-46.797193261635464,-23.401918631088094],[-46.79733162134704,-23.401853470446458],[-46.797423861154755,-23.40178830980482],[-46.797423861154755,-23.401723149163185],[-46.797423861154755,-23.40165798852155],[-46.7973777412509,-23.401592827879913],[-46.79723938153932,-23.40146250659664],[-46.79710102182775,-23.40146250659664],[-46.796916542212315,-23.401397345955004],[-46.7968243024046,-23.401267024671736],[-46.79673206259689,-23.401136703388463],[-46.79659370288532,-23.40100638210519],[-46.79645534317374,-23.40100638210519],[-46.79631698346217,-23.401071542746827],[-46.796132503846735,-23.40100638210519],[-46.79604026403902,-23.40100638210519],[-46.79594802423131,-23.40087606082192],[-46.79590190432745,-23.40068057889701],[-46.795855784423594,-23.40055025761374],[-46.79571742471202,-23.400485096972105],[-46.79571742471202,-23.40041993633047],[-46.7956251849043,-23.40041993633047],[-46.79553294509659,-23.400354775688832],[-46.795348465481155,-23.400354775688832],[-46.79516398586573,-23.400354775688832],[-46.794933386346436,-23.400354775688832],[-46.79484114653872,-23.400354775688832],[-46.794702786827145,-23.400354775688832],[-46.79461054701943,-23.400354775688832],[-46.79447218730786,-23.400289615047196],[-46.79437994750014,-23.40022445440556],[-46.794287707692426,-23.400094133122288],[-46.79419546788471,-23.39996381183902],[-46.794149347980856,-23.399833490555746],[-46.79405710817314,-23.39976832991411],[-46.79401098826928,-23.399703169272474],[-46.793918748461564,-23.399703169272474],[-46.79387262855771,-23.399703169272474],[-46.79382650865385,-23.399703169272474],[-46.79373426884614,-23.399703169272474],[-46.7935497892307,-23.39976832991411],[-46.793503669326846,-23.399833490555746],[-46.79345754942299,-23.399833490555746],[-46.793365309615275,-23.399898651197383],[-46.79331918971142,-23.399898651197383],[-46.7932269499037,-23.399898651197383],[-46.79304247028827,-23.399833490555746],[-46.79290411057669,-23.399833490555746],[-46.79276575086512,-23.399898651197383],[-46.792719630961265,-23.39996381183902],[-46.792581271249695,-23.400159293763924],[-46.792489031441974,-23.400354775688832],[-46.79244291153812,-23.400485096972105],[-46.79239679163426,-23.40068057889701],[-46.79244291153812,-23.400810900180282],[-46.79239679163426,-23.40087606082192],[-46.792350671730404,-23.40100638210519],[-46.79221231201883,-23.401136703388463],[-46.79212007221111,-23.4012018640301],[-46.79198171249954,-23.401267024671736],[-46.791935592595685,-23.401267024671736],[-46.79188947269183,-23.401397345955004],[-46.79184335278797,-23.401397345955004],[-46.79179723288411,-23.40146250659664],[-46.791704993076394,-23.401397345955004],[-46.79165887317254,-23.401397345955004],[-46.79156663336482,-23.40146250659664],[-46.791520513460966,-23.401527667238277],[-46.79147439355711,-23.401592827879913],[-46.791428273653246,-23.40165798852155],[-46.791428273653246,-23.40178830980482],[-46.791428273653246,-23.401918631088094],[-46.791428273653246,-23.40198379172973],[-46.79138215374939,-23.402048952371363],[-46.791428273653246,-23.402114113013],[-46.79147439355711,-23.402048952371363],[-46.791520513460966,-23.402048952371363],[-46.79161275326868,-23.40198379172973],[-46.791704993076394,-23.40198379172973],[-46.79175111298025,-23.401853470446458],[-46.79179723288411,-23.40178830980482],[-46.79184335278797,-23.401723149163185],[-46.791935592595685,-23.401723149163185],[-46.79198171249954,-23.401723149163185],[-46.7920278324034,-23.401723149163185],[-46.79212007221111,-23.401853470446458],[-46.79216619211497,-23.401918631088094],[-46.79221231201883,-23.40198379172973],[-46.79221231201883,-23.402048952371363],[-46.79221231201883,-23.402114113013],[-46.79225843192269,-23.402179273654635],[-46.79225843192269,-23.40224443429627],[-46.79225843192269,-23.402374755579544],[-46.79221231201883,-23.40243991622118],[-46.79216619211497,-23.402505076862816],[-46.792073952307256,-23.402505076862816],[-46.79198171249954,-23.402505076862816],[-46.79184335278797,-23.402505076862816],[-46.79165887317254,-23.402505076862816],[-46.791520513460966,-23.402570237504452],[-46.79138215374939,-23.402570237504452],[-46.79133603384553,-23.402570237504452],[-46.79124379403782,-23.40263539814609],[-46.79119767413396,-23.40263539814609],[-46.79101319451853,-23.402570237504452],[-46.7908287149031,-23.402570237504452],[-46.790736475095386,-23.402505076862816],[-46.79059811538381,-23.402505076862816],[-46.790505875576095,-23.402505076862816],[-46.79041363576838,-23.40243991622118],[-46.79032139596066,-23.40243991622118],[-46.79018303624909,-23.40243991622118],[-46.79013691634523,-23.40243991622118],[-46.789998556633655,-23.40243991622118],[-46.78990631682594,-23.402374755579544],[-46.789860196922085,-23.402374755579544],[-46.78967571730666,-23.40243991622118],[-46.78953735759508,-23.402505076862816],[-46.78953735759508,-23.402570237504452],[-46.78953735759508,-23.40270055878772],[-46.78953735759508,-23.402765719429357],[-46.78949123769122,-23.402830880070994],[-46.789445117787366,-23.40289604071263],[-46.78935287797965,-23.40289604071263],[-46.78926063817193,-23.40289604071263],[-46.789076158556504,-23.402830880070994],[-46.78898391874879,-23.402765719429357],[-46.78884555903721,-23.40270055878772],[-46.788799439133356,-23.40270055878772],[-46.78870719932564,-23.40270055878772],[-46.788661079421786,-23.402765719429357],[-46.78856883961407,-23.402765719429357],[-46.78852271971021,-23.402830880070994],[-46.78847659980635,-23.40289604071263],[-46.78838435999864,-23.403026361995902],[-46.78833824009478,-23.403156683279175],[-46.788292120190924,-23.403156683279175],[-46.78833824009478,-23.403287004562447],[-46.78838435999864,-23.403352165204083],[-46.788430479902495,-23.403352165204083],[-46.78852271971021,-23.403417325845716],[-46.788661079421786,-23.403417325845716],[-46.788799439133356,-23.403417325845716],[-46.788937798844934,-23.403352165204083],[-46.78903003865265,-23.403352165204083],[-46.78912227846036,-23.403352165204083],[-46.789306758075796,-23.403417325845716],[-46.78939899788351,-23.403417325845716],[-46.789445117787366,-23.403482486487352],[-46.78949123769122,-23.40354764712899],[-46.78958347749894,-23.403612807770624],[-46.789629597402794,-23.40367796841226],[-46.78958347749894,-23.403743129053897],[-46.78953735759508,-23.403743129053897],[-46.789445117787366,-23.403743129053897],[-46.78935287797965,-23.403743129053897],[-46.789214518268075,-23.403808289695533],[-46.78912227846036,-23.40387345033717],[-46.78903003865265,-23.40387345033717],[-46.788937798844934,-23.40400377162044],[-46.78884555903721,-23.404068932262074],[-46.7887533192295,-23.404199253545347],[-46.788661079421786,-23.404264414186983],[-46.78852271971021,-23.40432957482862],[-46.788430479902495,-23.404394735470255],[-46.78838435999864,-23.40445989611189],[-46.78833824009478,-23.40445989611189],[-46.788292120190924,-23.40445989611189],[-46.78819988038321,-23.404394735470255],[-46.78819988038321,-23.40432957482862],[-46.78824600028707,-23.403938610978805],[-46.788292120190924,-23.40387345033717],[-46.788292120190924,-23.403808289695533],[-46.78824600028707,-23.403743129053897],[-46.78815376047935,-23.403743129053897],[-46.78810764057549,-23.403743129053897],[-46.78806152067163,-23.403808289695533],[-46.78796928086392,-23.40387345033717],[-46.78783092115235,-23.404068932262074],[-46.78773868134463,-23.40413409290371],[-46.787646441536914,-23.404264414186983],[-46.787508081825344,-23.40432957482862],[-46.78741584201762,-23.40445989611189],[-46.78732360220991,-23.404525056753528],[-46.787231362402196,-23.404590217395164],[-46.78713912259448,-23.404590217395164],[-46.78704688278676,-23.404720538678433],[-46.787000762882904,-23.404720538678433],[-46.786862403171334,-23.404850859961705],[-46.78663180365204,-23.40491602060334],[-46.78649344394047,-23.404981181244978],[-46.7863550842289,-23.405046341886614],[-46.786216724517324,-23.405046341886614],[-46.78612448470961,-23.405046341886614],[-46.78607836480575,-23.404981181244978],[-46.78589388519032,-23.404720538678433],[-46.78575552547875,-23.404590217395164],[-46.785663285671035,-23.404525056753528],[-46.785571045863314,-23.404394735470255],[-46.7854788060556,-23.404264414186983],[-46.78534044634403,-23.40413409290371],[-46.785248206536316,-23.404068932262074],[-46.78497148711317,-23.404068932262074],[-46.784787007497734,-23.404068932262074],[-46.784602527882306,-23.404068932262074],[-46.78432580845916,-23.40413409290371],[-46.78418744874759,-23.40413409290371],[-46.7839568492283,-23.404199253545347],[-46.783818489516726,-23.404199253545347],[-46.783726249709005,-23.404199253545347],[-46.783587889997435,-23.404199253545347],[-46.78354177009358,-23.404199253545347],[-46.783403410382,-23.40413409290371],[-46.78326505067043,-23.40400377162044],[-46.783172810862716,-23.40387345033717],[-46.78303445115114,-23.403808289695533],[-46.78289609143957,-23.40367796841226],[-46.782757731728,-23.40354764712899],[-46.782757731728,-23.403417325845716],[-46.782757731728,-23.403352165204083],[-46.782803851631854,-23.403156683279175],[-46.78289609143957,-23.40309152263754],[-46.78298833124728,-23.402961201354266],[-46.78303445115114,-23.402830880070994],[-46.783080571055,-23.40270055878772],[-46.783080571055,-23.402570237504452],[-46.783080571055,-23.402374755579544],[-46.78303445115114,-23.402179273654635],[-46.78303445115114,-23.40198379172973],[-46.78312669095886,-23.401853470446458],[-46.78321893076657,-23.40165798852155],[-46.78326505067043,-23.401592827879913],[-46.783403410382,-23.40146250659664],[-46.78349565018972,-23.401397345955004],[-46.78368012980515,-23.4012018640301],[-46.78377236961286,-23.401136703388463],[-46.783818489516726,-23.40100638210519],[-46.78386460942058,-23.400941221463555],[-46.78386460942058,-23.400745739538646],[-46.78391072932444,-23.40055025761374],[-46.78404908903601,-23.400289615047196],[-46.78418744874759,-23.400094133122288],[-46.784233568651445,-23.39996381183902],[-46.78432580845916,-23.39976832991411],[-46.78432580845916,-23.399703169272474],[-46.78432580845916,-23.399507687347565],[-46.784233568651445,-23.399377366064293],[-46.784141328843724,-23.399247044781024],[-46.78404908903601,-23.399181884139388],[-46.78386460942058,-23.399051562856116],[-46.78377236961286,-23.39898640221448],[-46.783726249709005,-23.398921241572843],[-46.78368012980515,-23.398856080931207],[-46.78368012980515,-23.39879092028957],[-46.783587889997435,-23.39879092028957],[-46.78354177009358,-23.39879092028957],[-46.783403410382,-23.39879092028957],[-46.78326505067043,-23.398856080931207],[-46.78303445115114,-23.39898640221448],[-46.782803851631854,-23.399051562856116],[-46.78266549192028,-23.399051562856116],[-46.78257325211256,-23.399051562856116],[-46.78248101230485,-23.399051562856116],[-46.78234265259328,-23.399051562856116],[-46.782296532689415,-23.399051562856116],[-46.7822042928817,-23.39898640221448],[-46.782019813266274,-23.39879092028957],[-46.781881453554696,-23.398660599006302],[-46.78183533365084,-23.398595438364666],[-46.78169697393927,-23.398399956439757],[-46.781512494323835,-23.398269635156485],[-46.78132801470841,-23.398139313873212],[-46.78118965499683,-23.398074153231576],[-46.78105129528526,-23.398139313873212],[-46.78091293557369,-23.39820447451485],[-46.78077457586211,-23.39833479579812],[-46.780590096246684,-23.398465117081393],[-46.78040561663125,-23.39853027772303],[-46.780082777304244,-23.39853027772303],[-46.77985217778496,-23.398595438364666],[-46.7794832185541,-23.398595438364666],[-46.779298738938664,-23.398660599006302],[-46.77906813941938,-23.398725759647935],[-46.77883753990009,-23.39879092028957],[-46.77869918018852,-23.39879092028957],[-46.77846858066923,-23.398725759647935],[-46.77828410105379,-23.398725759647935],[-46.778099621438365,-23.398725759647935],[-46.77800738163065,-23.398725759647935],[-46.777869021919074,-23.398725759647935],[-46.7777306622075,-23.39879092028957],[-46.77759230249593,-23.398856080931207],[-46.77750006268821,-23.398921241572843],[-46.77736170297664,-23.39898640221448],[-46.77717722336121,-23.39898640221448],[-46.77708498355349,-23.39898640221448],[-46.77699274374578,-23.398921241572843],[-46.776900503938066,-23.398921241572843],[-46.77676214422649,-23.398921241572843],[-46.776669904418775,-23.398921241572843],[-46.77657766461106,-23.398856080931207],[-46.776531544707204,-23.398856080931207],[-46.77639318499563,-23.39879092028957],[-46.77639318499563,-23.398725759647935],[-46.77643930489948,-23.398595438364666],[-46.776531544707204,-23.39853027772303],[-46.77676214422649,-23.398399956439757],[-46.77713110345735,-23.398269635156485],[-46.777315583072784,-23.398139313873212],[-46.77750006268821,-23.398074153231576],[-46.77754618259207,-23.397943831948307],[-46.77754618259207,-23.39787867130667],[-46.77750006268821,-23.397813510665035],[-46.7774078228805,-23.397683189381763],[-46.77726946316893,-23.397683189381763],[-46.77713110345735,-23.397683189381763],[-46.77699274374578,-23.397618028740126],[-46.77685438403421,-23.397618028740126],[-46.77676214422649,-23.397618028740126],[-46.77657766461106,-23.397487707456854],[-46.77634706509177,-23.39735738617358],[-46.7762087053802,-23.39729222553195],[-46.77616258547634,-23.39729222553195],[-46.77607034566862,-23.397227064890313],[-46.77593198595705,-23.397227064890313],[-46.77583974614934,-23.397161904248676],[-46.77579362624548,-23.39709674360704],[-46.775747506341624,-23.396966422323768],[-46.7756552665339,-23.39690126168213],[-46.77542466701462,-23.39690126168213],[-46.77528630730304,-23.396836101040495],[-46.775240187399184,-23.39690126168213],[-46.775101827687614,-23.397031582965404],[-46.774963467976036,-23.39709674360704],[-46.774825108264466,-23.397161904248676],[-46.774594508745174,-23.397227064890313],[-46.774456149033604,-23.397227064890313],[-46.77422554951431,-23.397227064890313],[-46.77399494999503,-23.397161904248676],[-46.77357987086031,-23.397031582965404],[-46.773257031533305,-23.397031582965404],[-46.7729341922063,-23.396966422323768],[-46.77279583249472,-23.397031582965404],[-46.77242687326386,-23.397031582965404],[-46.77224239364843,-23.39709674360704],[-46.77201179412914,-23.397227064890313],[-46.77187343441757,-23.397227064890313],[-46.77159671499442,-23.39735738617358],[-46.77136611547514,-23.39755286809849],[-46.77122775576356,-23.39755286809849],[-46.77108939605199,-23.39755286809849],[-46.771043276148134,-23.397487707456854],[-46.77095103634041,-23.39735738617358],[-46.77095103634041,-23.397161904248676],[-46.77095103634041,-23.396966422323768],[-46.771043276148134,-23.39664061911559],[-46.771043276148134,-23.396510297832318],[-46.77108939605199,-23.396379976549046],[-46.77108939605199,-23.396249655265773],[-46.77099715624428,-23.396184494624137],[-46.77099715624428,-23.396054173340865],[-46.771043276148134,-23.395923852057596],[-46.77108939605199,-23.395793530774323],[-46.77108939605199,-23.395728370132687],[-46.77113551595585,-23.395598048849415],[-46.77113551595585,-23.395467727566142],[-46.77113551595585,-23.395402566924506],[-46.77108939605199,-23.395272245641237],[-46.77099715624428,-23.3952070849996],[-46.77072043682113,-23.39507676371633],[-46.770628197013416,-23.395011603074693],[-46.77058207710955,-23.394946442433056],[-46.77058207710955,-23.39488128179142],[-46.770628197013416,-23.394816121149784],[-46.77067431691727,-23.39468579986651],[-46.77072043682113,-23.394555478583243],[-46.77067431691727,-23.394490317941607],[-46.77058207710955,-23.394359996658334],[-46.77058207710955,-23.394229675375062],[-46.77058207710955,-23.394164514733426],[-46.770628197013416,-23.39409935409179],[-46.77058207710955,-23.394034193450153],[-46.770535957205695,-23.393903872166884],[-46.770397597494124,-23.393838711525248],[-46.77035147759027,-23.393708390241976],[-46.770397597494124,-23.393512908317067],[-46.77044371739798,-23.393252265750526],[-46.77048983730184,-23.39318710510889],[-46.77058207710955,-23.393121944467254],[-46.770766556724986,-23.39318710510889],[-46.77081267662884,-23.39318710510889],[-46.77095103634041,-23.39318710510889],[-46.771043276148134,-23.39318710510889],[-46.77108939605199,-23.39318710510889],[-46.77113551595585,-23.393121944467254],[-46.77108939605199,-23.39299162318398],[-46.77099715624428,-23.392796141259073],[-46.77081267662884,-23.39253549869253],[-46.77072043682113,-23.392470338050895],[-46.770535957205695,-23.39240517740926],[-46.77048983730184,-23.392340016767623],[-46.770397597494124,-23.392340016767623],[-46.77021311787869,-23.392340016767623],[-46.77021311787869,-23.392274856125987],[-46.77021311787869,-23.39220969548435],[-46.77021311787869,-23.39201421355944],[-46.770259237782554,-23.391883892276173],[-46.770259237782554,-23.391818731634537],[-46.77030535768641,-23.3917535709929],[-46.770397597494124,-23.3917535709929],[-46.77048983730184,-23.3917535709929],[-46.77058207710955,-23.3917535709929],[-46.770628197013416,-23.3917535709929],[-46.77067431691727,-23.391688410351264],[-46.77067431691727,-23.39142776778472],[-46.77067431691727,-23.391362607143083],[-46.770628197013416,-23.39116712521818],[-46.770628197013416,-23.39097164329327],[-46.770628197013416,-23.39051551880182],[-46.770628197013416,-23.390254876235275],[-46.770628197013416,-23.389929073027098],[-46.770628197013416,-23.38953810917728],[-46.77058207710955,-23.389277466610736],[-46.77044371739798,-23.388886502760922],[-46.77016699797483,-23.388560699552745],[-46.769982518359406,-23.388430378269472],[-46.76989027855169,-23.388430378269472],[-46.76984415864783,-23.388430378269472],[-46.76970579893626,-23.388365217627836],[-46.769613559128544,-23.3883000569862],[-46.76952131932083,-23.3883000569862],[-46.76942907951311,-23.3883000569862],[-46.769336839705396,-23.3883000569862],[-46.769198479993825,-23.388430378269472],[-46.76915236008996,-23.38849553891111],[-46.76906012028225,-23.388560699552745],[-46.76906012028225,-23.388625860194377],[-46.76901400037839,-23.388625860194377],[-46.768967880474534,-23.388691020836013],[-46.76887564066682,-23.388821342119286],[-46.7687834008591,-23.389016824044194],[-46.76873728095524,-23.38908198468583],[-46.76859892124367,-23.389277466610736],[-46.76850668143596,-23.389342627252372],[-46.76841444162824,-23.389407787894008],[-46.768322201820524,-23.389407787894008],[-46.768183842108954,-23.389407787894008],[-46.76809160230124,-23.389342627252372],[-46.76799936249352,-23.389277466610736],[-46.76795324258966,-23.389212305969103],[-46.76795324258966,-23.389147145327467],[-46.76795324258966,-23.389016824044194],[-46.76795324258966,-23.38895166340256],[-46.767907122685806,-23.388821342119286],[-46.76786100278195,-23.388691020836013],[-46.76781488287809,-23.388625860194377],[-46.76781488287809,-23.38849553891111],[-46.767907122685806,-23.3883000569862],[-46.76809160230124,-23.38810457506129],[-46.768183842108954,-23.38797425377802],[-46.76827608191667,-23.38784393249475],[-46.76827608191667,-23.387778771853114],[-46.76822996201281,-23.38764845056984],[-46.7681377222051,-23.38751812928657],[-46.76799936249352,-23.387387808003297],[-46.76795324258966,-23.38732264736166],[-46.76786100278195,-23.38719232607839],[-46.76781488287809,-23.38706200479512],[-46.76772264307038,-23.386931683511847],[-46.7675842833588,-23.38686652287021],[-46.76749204355109,-23.386801362228574],[-46.76739980374337,-23.386736201586938],[-46.767261444031796,-23.386736201586938],[-46.767123084320225,-23.386736201586938],[-46.766892484800934,-23.386801362228574],[-46.76666188528165,-23.386801362228574],[-46.76656964547393,-23.38686652287021],[-46.7663851658585,-23.386801362228574],[-46.76629292605079,-23.386801362228574],[-46.76620068624307,-23.386671040945302],[-46.76601620662764,-23.386540719662033],[-46.765831727012205,-23.38641039837876],[-46.76573948720449,-23.386345237737125],[-46.76560112749292,-23.386214916453852],[-46.76550888768521,-23.386019434528944],[-46.76537052797363,-23.38582395260404],[-46.765278288165916,-23.385693631320766],[-46.7651860483582,-23.385563310037494],[-46.765139928454346,-23.385563310037494],[-46.76509380855048,-23.38543298875422],[-46.76500156874277,-23.385367828112585],[-46.764909328935055,-23.385237506829313],[-46.76467872941576,-23.385107185546044],[-46.76463260951191,-23.385107185546044],[-46.764494249800336,-23.38497686426277],[-46.76435589008876,-23.384911703621135],[-46.764263650281045,-23.384911703621135],[-46.76417141047333,-23.38497686426277],[-46.76403305076175,-23.385042024904408],[-46.7639869308579,-23.385107185546044],[-46.7639869308579,-23.38517234618768],[-46.7639869308579,-23.38530266747095],[-46.76403305076175,-23.385367828112585],[-46.76421753037719,-23.38562847067913],[-46.7643097701849,-23.385693631320766],[-46.76444812989648,-23.38582395260404],[-46.76458648960805,-23.386019434528944],[-46.76463260951191,-23.38608459517058],[-46.76463260951191,-23.386214916453852],[-46.76458648960805,-23.38628007709549],[-46.76444812989648,-23.38628007709549],[-46.7643097701849,-23.386345237737125],[-46.76417141047333,-23.38628007709549],[-46.76389469105018,-23.386214916453852],[-46.76375633133861,-23.386214916453852],[-46.763617971627035,-23.386214916453852],[-46.76329513230003,-23.38628007709549],[-46.76315677258846,-23.386345237737125],[-46.7627878133576,-23.386540719662033],[-46.76237273422288,-23.386736201586938],[-46.76214213470359,-23.38686652287021],[-46.76195765508816,-23.386996844153483],[-46.76172705556887,-23.387127165436755],[-46.7615886958573,-23.38719232607839],[-46.76145033614572,-23.387127165436755],[-46.76135809633801,-23.38706200479512],[-46.76117361672258,-23.386801362228574],[-46.760989137107146,-23.386475559020397],[-46.760850777395575,-23.38628007709549],[-46.76080465749172,-23.386214916453852],[-46.760712417684,-23.38608459517058],[-46.760620177876284,-23.386019434528944],[-46.76052793806857,-23.386019434528944],[-46.760435698260856,-23.386019434528944],[-46.760389578357,-23.38608459517058],[-46.76029733854928,-23.386149755812216],[-46.760205098741565,-23.38641039837876],[-46.76015897883771,-23.386540719662033],[-46.76011285893385,-23.386605880303666],[-46.760066739029995,-23.386671040945302],[-46.759974499222274,-23.386671040945302],[-46.75988225941456,-23.386671040945302],[-46.75974389970299,-23.386605880303666],[-46.75946718027984,-23.386540719662033],[-46.75923658076055,-23.38641039837876],[-46.75895986133741,-23.386345237737125],[-46.758775381721975,-23.386345237737125],[-46.758637022010404,-23.38641039837876],[-46.75845254239497,-23.38641039837876],[-46.75826806277954,-23.38641039837876],[-46.75817582297182,-23.386475559020397],[-46.75794522345254,-23.386540719662033],[-46.75780686374096,-23.386540719662033],[-46.75762238412553,-23.386540719662033],[-46.7574379045101,-23.386540719662033],[-46.75716118508696,-23.386605880303666],[-46.75706894527924,-23.386605880303666],[-46.75697670547152,-23.386671040945302],[-46.75688446566381,-23.386736201586938],[-46.75674610595224,-23.386801362228574],[-46.756699986048375,-23.38686652287021],[-46.75660774624066,-23.38686652287021],[-46.75651550643295,-23.386931683511847],[-46.75646938652909,-23.386931683511847],[-46.75637714672138,-23.386931683511847],[-46.756284906913656,-23.386996844153483],[-46.75619266710594,-23.38706200479512],[-46.75610042729823,-23.38706200479512],[-46.75605430739437,-23.387127165436755],[-46.75596206758665,-23.387127165436755],[-46.755915947682794,-23.387127165436755],[-46.75582370787508,-23.387127165436755],[-46.75573146806737,-23.387127165436755],[-46.75573146806737,-23.38719232607839],[-46.75568534816351,-23.38719232607839],[-46.75563922825965,-23.387257486720024],[-46.75559310835579,-23.387257486720024],[-46.755500868548076,-23.38732264736166],[-46.75545474864422,-23.387387808003297],[-46.75540862874036,-23.387387808003297],[-46.75531638893265,-23.387387808003297],[-46.75527026902879,-23.387387808003297],[-46.75522414912493,-23.387387808003297],[-46.75517802922107,-23.387387808003297],[-46.755131909317214,-23.387387808003297],[-46.755131909317214,-23.387452968644933],[-46.75508578941336,-23.387452968644933],[-46.7550396695095,-23.387452968644933],[-46.75499354960564,-23.387452968644933],[-46.75494742970179,-23.387452968644933],[-46.75490130979793,-23.387452968644933],[-46.754855189894066,-23.387387808003297],[-46.75476295008635,-23.387387808003297],[-46.754716830182495,-23.38732264736166],[-46.75467071027864,-23.38732264736166],[-46.75462459037478,-23.387387808003297],[-46.754578470470925,-23.387387808003297],[-46.754578470470925,-23.387452968644933],[-46.75430175104778,-23.387778771853114],[-46.754347870951634,-23.38784393249475],[-46.75439399085549,-23.387909093136386],[-46.75439399085549,-23.38797425377802],[-46.75444011075935,-23.388039414419655],[-46.75439399085549,-23.38810457506129],[-46.754347870951634,-23.38810457506129],[-46.75425563114392,-23.388169735702927],[-46.75420951124006,-23.388234896344564],[-46.754163391336206,-23.388234896344564],[-46.75411727143234,-23.3883000569862],[-46.754071151528485,-23.388365217627836],[-46.75402503162463,-23.388430378269472],[-46.75397891172077,-23.38849553891111],[-46.753932791816915,-23.388560699552745],[-46.753932791816915,-23.388625860194377],[-46.75388667191306,-23.388625860194377],[-46.7538405520092,-23.388691020836013],[-46.75379443210534,-23.38875618147765],[-46.75374831220148,-23.388821342119286],[-46.753702192297624,-23.388886502760922],[-46.75365607239377,-23.38895166340256],[-46.75360995248991,-23.389016824044194],[-46.75356383258605,-23.389016824044194],[-46.753517712682196,-23.38908198468583],[-46.75347159277834,-23.389147145327467],[-46.753425472874476,-23.389212305969103],[-46.75337935297062,-23.389277466610736],[-46.75333323306676,-23.389277466610736],[-46.753287113162905,-23.389277466610736],[-46.75319487335519,-23.389277466610736],[-46.753148753451335,-23.389342627252372],[-46.753056513643614,-23.389342627252372],[-46.75301039373976,-23.389407787894008],[-46.75291815393204,-23.389407787894008],[-46.75287203402819,-23.389472948535644],[-46.75282591412433,-23.389472948535644],[-46.752733674316616,-23.38953810917728],[-46.75268755441275,-23.389603269818917],[-46.752641434508895,-23.389603269818917],[-46.75254919470118,-23.389668430460553],[-46.752503074797325,-23.389668430460553],[-46.75245695489347,-23.38973359110219],[-46.75241083498961,-23.38973359110219],[-46.75231859518189,-23.389798751743825],[-46.75227247527803,-23.389798751743825],[-46.75218023547032,-23.38986391238546],[-46.75213411556646,-23.38986391238546],[-46.752087995662606,-23.389929073027098],[-46.75204187575875,-23.38999423366873],[-46.75199575585489,-23.390059394310367],[-46.75194963595103,-23.390059394310367],[-46.75190351604717,-23.390124554952003],[-46.751857396143315,-23.39018971559364],[-46.75181127623946,-23.39018971559364],[-46.7517651563356,-23.39018971559364],[-46.751719036431744,-23.39018971559364],[-46.75162679662403,-23.390124554952003],[-46.75158067672017,-23.390124554952003],[-46.75148843691245,-23.39018971559364],[-46.751442317008596,-23.39018971559364],[-46.75135007720088,-23.39018971559364],[-46.751303957297026,-23.39018971559364],[-46.751211717489305,-23.390254876235275],[-46.75116559758545,-23.390254876235275],[-46.751073357777734,-23.390254876235275],[-46.75102723787388,-23.390254876235275],[-46.75098111797002,-23.390254876235275],[-46.750934998066164,-23.390254876235275],[-46.75088887816231,-23.39018971559364],[-46.75084275825844,-23.390124554952003],[-46.750796638354586,-23.390059394310367],[-46.75075051845073,-23.390059394310367],[-46.75070439854687,-23.38999423366873],[-46.750658278643016,-23.389929073027098],[-46.75061215873916,-23.389929073027098],[-46.7505660388353,-23.38986391238546],[-46.750519918931445,-23.38986391238546],[-46.75047379902758,-23.389798751743825],[-46.750427679123725,-23.38973359110219],[-46.75033543931601,-23.38973359110219],[-46.7502431995083,-23.38973359110219],[-46.75019707960444,-23.38973359110219],[-46.75010483979672,-23.389798751743825],[-46.75005871989286,-23.389798751743825],[-46.750012599989006,-23.38973359110219],[-46.74996648008515,-23.389668430460553],[-46.74992036018129,-23.389603269818917],[-46.74982812037358,-23.389603269818917],[-46.74973588056586,-23.389603269818917],[-46.749689760662,-23.389603269818917],[-46.74959752085429,-23.389603269818917],[-46.749505281046574,-23.389603269818917],[-46.74945916114272,-23.389603269818917],[-46.749366921334996,-23.389603269818917],[-46.74932080143114,-23.389668430460553],[-46.749228561623426,-23.389668430460553],[-46.74918244171957,-23.38973359110219],[-46.749090201911855,-23.38973359110219],[-46.749044082008,-23.38973359110219],[-46.748997962104134,-23.389798751743825],[-46.74895184220028,-23.389798751743825],[-46.74890572229642,-23.389798751743825],[-46.748859602392564,-23.389798751743825],[-46.74876736258485,-23.389798751743825],[-46.74872124268099,-23.38973359110219],[-46.74862900287327,-23.38973359110219],[-46.748582882969416,-23.38973359110219],[-46.7484906431617,-23.389668430460553],[-46.748444523257845,-23.389603269818917],[-46.74839840335399,-23.389603269818917],[-46.74830616354627,-23.389603269818917],[-46.748213923738554,-23.389603269818917],[-46.7481678038347,-23.389603269818917],[-46.74807556402698,-23.389603269818917],[-46.74802944412313,-23.389603269818917],[-46.747937204315406,-23.389668430460553],[-46.74789108441155,-23.389668430460553],[-46.747798844603835,-23.389668430460553],[-46.74775272469998,-23.38973359110219],[-46.747660484892265,-23.38973359110219],[-46.74761436498841,-23.389668430460553],[-46.747568245084544,-23.389603269818917],[-46.747568245084544,-23.38953810917728],[-46.74752212518069,-23.389472948535644],[-46.74747600527683,-23.389407787894008],[-46.74742988537297,-23.389407787894008],[-46.74738376546912,-23.389407787894008],[-46.74733764556526,-23.389407787894008],[-46.74719928585368,-23.389407787894008],[-46.74706092614211,-23.389407787894008],[-46.74692256643054,-23.389472948535644],[-46.74683032662282,-23.38953810917728],[-46.74669196691125,-23.38953810917728],[-46.746599727103536,-23.389668430460553],[-46.74655360719968,-23.389668430460553],[-46.74650748729582,-23.389668430460553],[-46.74646136739196,-23.389668430460553],[-46.746369127584245,-23.389668430460553],[-46.74618464796882,-23.389668430460553],[-46.7460924081611,-23.389668430460553],[-46.74604628825724,-23.389668430460553],[-46.745954048449526,-23.389668430460553],[-46.74586180864181,-23.389603269818917],[-46.7457695688341,-23.38953810917728],[-46.745723448930235,-23.389472948535644],[-46.74563120912252,-23.389472948535644],[-46.74549284941095,-23.389407787894008],[-46.74540060960324,-23.389407787894008],[-46.74530836979552,-23.389407787894008],[-46.74526224989166,-23.389407787894008],[-46.7452161299878,-23.389407787894008],[-46.74512389018009,-23.389407787894008],[-46.745031650372376,-23.389472948535644],[-46.74498553046851,-23.389472948535644],[-46.7448932906608,-23.389472948535644],[-46.74484717075694,-23.389472948535644],[-46.74475493094923,-23.389472948535644],[-46.74470881104537,-23.389472948535644],[-46.74461657123765,-23.38953810917728],[-46.744524331429936,-23.38953810917728],[-46.74443209162222,-23.38953810917728],[-46.744385971718366,-23.38953810917728],[-46.74433985181451,-23.38953810917728],[-46.74429373191065,-23.38953810917728],[-46.74424761200679,-23.389472948535644],[-46.74410925229522,-23.389472948535644],[-46.744017012487504,-23.389407787894008],[-46.743878652775926,-23.389407787894008],[-46.74378641296821,-23.389342627252372],[-46.7436941731605,-23.389342627252372],[-46.74364805325664,-23.389342627252372],[-46.743601933352785,-23.389342627252372],[-46.74355581344893,-23.389342627252372],[-46.743509693545064,-23.389342627252372],[-46.74346357364121,-23.389342627252372],[-46.74341745373735,-23.389342627252372],[-46.743371333833494,-23.389342627252372],[-46.74332521392964,-23.389342627252372],[-46.74327909402578,-23.389342627252372],[-46.74323297412192,-23.389342627252372],[-46.74318685421806,-23.389342627252372],[-46.7431407343142,-23.389342627252372],[-46.743094614410346,-23.389342627252372],[-46.74304849450649,-23.389342627252372],[-46.74300237460263,-23.389342627252372],[-46.742956254698775,-23.389342627252372],[-46.74291013479492,-23.389407787894008],[-46.74286401489106,-23.389407787894008],[-46.7428178949872,-23.389407787894008],[-46.74277177508334,-23.389407787894008],[-46.74277177508334,-23.389342627252372],[-46.742725655179484,-23.389342627252372],[-46.74267953527563,-23.389342627252372],[-46.74263341537177,-23.389407787894008],[-46.742587295467914,-23.389407787894008],[-46.74254117556406,-23.389407787894008],[-46.74254117556406,-23.389472948535644],[-46.7424950556602,-23.389472948535644],[-46.742448935756336,-23.389472948535644],[-46.742448935756336,-23.38953810917728],[-46.74240281585248,-23.38953810917728],[-46.74235669594862,-23.38953810917728],[-46.742310576044765,-23.38953810917728],[-46.74226445614091,-23.38953810917728],[-46.74226445614091,-23.389603269818917],[-46.74221833623705,-23.389603269818917],[-46.742172216333195,-23.389603269818917],[-46.74212609642934,-23.389603269818917],[-46.742079976525474,-23.389603269818917],[-46.74203385662162,-23.389603269818917],[-46.74198773671776,-23.389603269818917],[-46.741941616813904,-23.389603269818917],[-46.74189549691005,-23.389603269818917],[-46.74184937700619,-23.38953810917728],[-46.74180325710233,-23.38953810917728],[-46.741757137198476,-23.38953810917728],[-46.74171101729461,-23.38953810917728],[-46.741664897390756,-23.389472948535644],[-46.7416187774869,-23.389472948535644],[-46.74157265758304,-23.389472948535644],[-46.741526537679185,-23.389472948535644],[-46.74148041777533,-23.389472948535644],[-46.74143429787147,-23.389407787894008],[-46.741388177967615,-23.389407787894008],[-46.74134205806375,-23.389407787894008],[-46.741295938159894,-23.389407787894008],[-46.74124981825604,-23.389407787894008],[-46.74120369835218,-23.389342627252372],[-46.74115757844832,-23.389342627252372],[-46.74111145854447,-23.389342627252372],[-46.74106533864061,-23.389342627252372],[-46.74101921873675,-23.389277466610736],[-46.74097309883289,-23.389277466610736],[-46.74092697892903,-23.389277466610736],[-46.740880859025175,-23.389277466610736],[-46.74083473912132,-23.389212305969103],[-46.74078861921746,-23.389212305969103],[-46.740742499313605,-23.389212305969103],[-46.74069637940975,-23.389212305969103],[-46.74065025950589,-23.389212305969103],[-46.74060413960203,-23.389212305969103],[-46.74055801969817,-23.389212305969103],[-46.74051189979431,-23.389212305969103],[-46.74046577989046,-23.389212305969103],[-46.7404196599866,-23.389212305969103],[-46.74037354008274,-23.389212305969103],[-46.74037354008274,-23.389277466610736],[-46.740327420178886,-23.389277466610736],[-46.74028130027503,-23.389277466610736],[-46.740235180371165,-23.389277466610736],[-46.74018906046731,-23.389277466610736],[-46.74014294056345,-23.389277466610736],[-46.740096820659595,-23.389277466610736],[-46.74005070075574,-23.389277466610736],[-46.74000458085188,-23.389277466610736],[-46.739958460948024,-23.389277466610736],[-46.73991234104417,-23.389277466610736],[-46.7398662211403,-23.389277466610736],[-46.73982010123645,-23.389277466610736],[-46.73977398133259,-23.389277466610736],[-46.73972786142873,-23.389277466610736],[-46.739681741524876,-23.389277466610736],[-46.73963562162102,-23.389277466610736],[-46.73958950171716,-23.389277466610736],[-46.739543381813306,-23.389277466610736],[-46.73949726190944,-23.389277466610736],[-46.739451142005585,-23.389277466610736],[-46.73940502210173,-23.389277466610736],[-46.73935890219787,-23.389277466610736],[-46.739312782294014,-23.389277466610736],[-46.739312782294014,-23.389212305969103],[-46.73926666239016,-23.389212305969103],[-46.7392205424863,-23.389212305969103],[-46.739174422582444,-23.389212305969103],[-46.73912830267858,-23.389212305969103],[-46.73908218277472,-23.389212305969103],[-46.739036062870866,-23.389212305969103],[-46.73898994296701,-23.389212305969103],[-46.73894382306315,-23.389212305969103],[-46.738897703159296,-23.389147145327467],[-46.73885158325544,-23.389147145327467],[-46.73880546335158,-23.389147145327467],[-46.73875934344772,-23.389147145327467],[-46.73871322354386,-23.389147145327467],[-46.738667103640005,-23.389147145327467],[-46.73862098373615,-23.389147145327467],[-46.73857486383229,-23.389147145327467],[-46.738528743928434,-23.389147145327467],[-46.73848262402458,-23.38908198468583],[-46.73843650412072,-23.38908198468583],[-46.738390384216856,-23.38908198468583],[-46.738344264313,-23.38908198468583],[-46.73829814440914,-23.38908198468583],[-46.738252024505286,-23.38908198468583],[-46.73820590460143,-23.38908198468583],[-46.73815978469757,-23.38908198468583],[-46.738113664793715,-23.38908198468583],[-46.73806754488985,-23.38908198468583],[-46.738021424985995,-23.38908198468583],[-46.73797530508214,-23.389016824044194],[-46.73792918517828,-23.389016824044194],[-46.737883065274424,-23.389016824044194],[-46.73783694537057,-23.389016824044194],[-46.73779082546671,-23.389016824044194],[-46.73779082546671,-23.38895166340256],[-46.737744705562854,-23.38895166340256],[-46.73769858565899,-23.38895166340256],[-46.73765246575513,-23.38895166340256],[-46.737606345851276,-23.38895166340256],[-46.73756022594742,-23.38895166340256],[-46.73751410604356,-23.38895166340256],[-46.737467986139706,-23.38895166340256],[-46.73742186623585,-23.388886502760922],[-46.73737574633199,-23.388886502760922],[-46.73732962642813,-23.388886502760922],[-46.73728350652427,-23.388886502760922],[-46.737237386620414,-23.388886502760922],[-46.737237386620414,-23.388821342119286],[-46.73719126671656,-23.388821342119286],[-46.7371451468127,-23.388821342119286],[-46.737099026908844,-23.388821342119286],[-46.73705290700499,-23.38875618147765],[-46.73700678710113,-23.38875618147765],[-46.736960667197266,-23.388691020836013],[-46.73691454729341,-23.388691020836013],[-46.73686842738955,-23.388691020836013],[-46.73686842738955,-23.388625860194377],[-46.736822307485696,-23.388625860194377],[-46.73677618758184,-23.388625860194377],[-46.73673006767798,-23.388625860194377],[-46.73673006767798,-23.388560699552745],[-46.736683947774125,-23.388560699552745],[-46.73663782787027,-23.388560699552745],[-46.736591707966404,-23.388560699552745],[-46.73654558806255,-23.38849553891111],[-46.73649946815869,-23.38849553891111],[-46.736453348254834,-23.38849553891111],[-46.736453348254834,-23.388430378269472],[-46.73640722835098,-23.388430378269472],[-46.73636110844712,-23.388430378269472],[-46.73631498854326,-23.388430378269472],[-46.73626886863941,-23.388430378269472],[-46.73626886863941,-23.388365217627836],[-46.73622274873554,-23.388365217627836],[-46.736176628831686,-23.388365217627836],[-46.73613050892783,-23.388365217627836],[-46.73608438902397,-23.388365217627836],[-46.736038269120115,-23.388365217627836],[-46.736038269120115,-23.3883000569862],[-46.73599214921626,-23.388234896344564],[-46.7359460293124,-23.388234896344564],[-46.735899909408545,-23.388234896344564],[-46.73585378950468,-23.388234896344564],[-46.735807669600824,-23.388234896344564],[-46.73576154969697,-23.388234896344564],[-46.73576154969697,-23.388169735702927],[-46.73571542979311,-23.388169735702927],[-46.73566930988925,-23.388169735702927],[-46.73553095017768,-23.3883000569862],[-46.735254230754535,-23.38849553891111],[-46.73493139142753,-23.38875618147765],[-46.73497751133139,-23.388886502760922],[-46.73497751133139,-23.38895166340256],[-46.73497751133139,-23.389016824044194],[-46.73493139142753,-23.38908198468583],[-46.73488527152367,-23.38908198468583],[-46.73488527152367,-23.389147145327467],[-46.73488527152367,-23.389212305969103],[-46.734839151619816,-23.389277466610736],[-46.73479303171596,-23.389342627252372],[-46.73479303171596,-23.389407787894008],[-46.734746911812096,-23.389407787894008],[-46.73470079190824,-23.389472948535644],[-46.73465467200438,-23.38953810917728],[-46.734608552100525,-23.38953810917728],[-46.73456243219667,-23.38953810917728],[-46.73456243219667,-23.389603269818917],[-46.73456243219667,-23.38973359110219],[-46.73451631229281,-23.389798751743825],[-46.734470192388955,-23.38986391238546],[-46.734470192388955,-23.389929073027098],[-46.7344240724851,-23.389929073027098],[-46.734377952581234,-23.38999423366873],[-46.73433183267738,-23.38999423366873],[-46.73428571277352,-23.390059394310367],[-46.73423959286966,-23.390059394310367],[-46.73423959286966,-23.390124554952003],[-46.734193472965806,-23.39018971559364],[-46.73414735306195,-23.39018971559364],[-46.73410123315809,-23.390254876235275],[-46.734055113254236,-23.390254876235275],[-46.734055113254236,-23.39032003687691],[-46.73400899335037,-23.390385197518547],[-46.73400899335037,-23.390450358160184],[-46.733962873446515,-23.39051551880182],[-46.733962873446515,-23.390580679443456],[-46.73391675354266,-23.39064584008509],[-46.7338706336388,-23.390711000726725],[-46.7338706336388,-23.39077616136836],[-46.733824513734945,-23.390841322009997],[-46.73377839383109,-23.390906482651634],[-46.73377839383109,-23.39097164329327],[-46.73373227392723,-23.391036803934906],[-46.733686154023374,-23.391036803934906],[-46.733686154023374,-23.391101964576542],[-46.73364003411951,-23.39116712521818],[-46.73364003411951,-23.391232285859815],[-46.73359391421565,-23.391297446501447],[-46.7335477943118,-23.391297446501447],[-46.73350167440794,-23.391297446501447],[-46.733409434600226,-23.39142776778472],[-46.73331719479251,-23.391492928426356],[-46.73322495498479,-23.391558089067992],[-46.73313271517708,-23.391623249709628],[-46.73308659527322,-23.3917535709929],[-46.733040475369364,-23.391818731634537],[-46.73299435546551,-23.39194905291781],[-46.73294823556164,-23.39201421355944],[-46.73290211565779,-23.392079374201078],[-46.73285599575393,-23.392144534842714],[-46.73280987585007,-23.392144534842714],[-46.73271763604236,-23.39220969548435],[-46.732625396234646,-23.392274856125987],[-46.73257927633078,-23.392340016767623],[-46.732533156426925,-23.39240517740926],[-46.73248703652307,-23.392470338050895],[-46.73244091661921,-23.39253549869253],[-46.7323486768115,-23.392600659334168],[-46.732256437003784,-23.3926658199758],[-46.73216419719606,-23.392730980617436],[-46.732118077292206,-23.392796141259073],[-46.73207195738835,-23.39286130190071],[-46.73202583748449,-23.39286130190071],[-46.731979717580636,-23.392926462542345],[-46.73193359767678,-23.392926462542345],[-46.73193359767678,-23.39299162318398],[-46.731979717580636,-23.39299162318398],[-46.731979717580636,-23.393056783825617],[-46.731979717580636,-23.393121944467254],[-46.73193359767678,-23.393121944467254],[-46.73188747777292,-23.393121944467254],[-46.73188747777292,-23.393056783825617],[-46.73184135786906,-23.393056783825617],[-46.7317952379652,-23.393056783825617],[-46.731749118061344,-23.393056783825617],[-46.73170299815749,-23.393056783825617],[-46.73165687825363,-23.393056783825617],[-46.731610758349774,-23.393056783825617],[-46.73156463844592,-23.393056783825617],[-46.73151851854206,-23.393056783825617],[-46.73138015883048,-23.393121944467254],[-46.731195679215055,-23.393252265750526],[-46.73105731950348,-23.393382587033795],[-46.73101119959962,-23.393382587033795],[-46.730965079695764,-23.39344774767543],[-46.73087283988805,-23.39344774767543],[-46.73078060008034,-23.39344774767543],[-46.73073448017647,-23.393382587033795],[-46.73064224036876,-23.393382587033795],[-46.7305961204649,-23.393382587033795],[-46.73050388065719,-23.393382587033795],[-46.73045776075333,-23.393382587033795],[-46.73036552094561,-23.393382587033795],[-46.730319401041754,-23.393382587033795],[-46.7302732811379,-23.39344774767543],[-46.73022716123404,-23.39344774767543],[-46.730181041330184,-23.393512908317067],[-46.73013492142633,-23.393578068958703],[-46.73008880152247,-23.393578068958703],[-46.73004268161861,-23.39364322960034],[-46.72999656171475,-23.393708390241976],[-46.72995044181089,-23.393773550883612],[-46.72995044181089,-23.393838711525248],[-46.729904321907036,-23.393903872166884],[-46.729904321907036,-23.39396903280852],[-46.72985820200318,-23.394034193450153],[-46.72981208209932,-23.39409935409179],[-46.72981208209932,-23.394164514733426],[-46.72971984229161,-23.394229675375062],[-46.72967372238775,-23.394229675375062],[-46.72962760248389,-23.394294836016698],[-46.729535362676174,-23.394359996658334],[-46.72948924277232,-23.394359996658334],[-46.72944312286846,-23.39442515729997],[-46.7293970029646,-23.39442515729997],[-46.72935088306075,-23.394490317941607],[-46.729258643253026,-23.394490317941607],[-46.72921252334917,-23.394490317941607],[-46.729120283541455,-23.394490317941607],[-46.7290741636376,-23.394490317941607],[-46.728981923829885,-23.394490317941607],[-46.728889684022164,-23.39442515729997],[-46.72884356411831,-23.39442515729997],[-46.72875132431059,-23.39442515729997],[-46.72865908450288,-23.39442515729997],[-46.72861296459902,-23.394490317941607],[-46.7285207247913,-23.394490317941607],[-46.72842848498359,-23.394490317941607],[-46.72838236507973,-23.394490317941607],[-46.72829012527202,-23.394555478583243],[-46.72824400536816,-23.394555478583243],[-46.728197885464304,-23.39462063922488],[-46.72810564565658,-23.39462063922488],[-46.72805952575273,-23.39462063922488],[-46.72796728594501,-23.39462063922488],[-46.727921166041156,-23.39462063922488],[-46.7278750461373,-23.39462063922488],[-46.72778280632958,-23.39462063922488],[-46.72773668642572,-23.39462063922488],[-46.727690566521865,-23.39468579986651],[-46.72764444661801,-23.39468579986651],[-46.72759832671415,-23.394750960508148],[-46.727552206810294,-23.394816121149784],[-46.727459967002574,-23.394816121149784],[-46.72741384709872,-23.394816121149784],[-46.727321607291,-23.394816121149784],[-46.727275487387146,-23.394816121149784],[-46.72718324757943,-23.394816121149784],[-46.72709100777171,-23.39488128179142],[-46.727044887867855,-23.39488128179142],[-46.726998767964,-23.39488128179142],[-46.726906528156285,-23.39488128179142],[-46.72681428834857,-23.39488128179142],[-46.726768168444714,-23.39488128179142],[-46.72667592863699,-23.39488128179142],[-46.726629808733136,-23.39488128179142],[-46.72653756892542,-23.39488128179142],[-46.72644532911771,-23.39488128179142],[-46.72639920921385,-23.39488128179142],[-46.72630696940613,-23.394816121149784],[-46.726260849502275,-23.394816121149784],[-46.72616860969456,-23.394816121149784],[-46.726122489790704,-23.394816121149784],[-46.72603024998299,-23.394816121149784],[-46.72593801017527,-23.394816121149784],[-46.72589189027141,-23.394816121149784],[-46.7257996504637,-23.394816121149784],[-46.725707410655986,-23.394816121149784],[-46.72566129075213,-23.394816121149784],[-46.72556905094441,-23.394816121149784],[-46.72552293104055,-23.394816121149784],[-46.72543069123284,-23.39488128179142],[-46.725338451425124,-23.39488128179142],[-46.72529233152127,-23.39488128179142],[-46.725200091713546,-23.39488128179142],[-46.72515397180969,-23.394946442433056],[-46.72510785190583,-23.394946442433056],[-46.72501561209812,-23.395011603074693],[-46.72496949219426,-23.395011603074693],[-46.724923372290405,-23.39507676371633],[-46.724831132482684,-23.39507676371633],[-46.72478501257883,-23.395141924357965],[-46.72473889267497,-23.3952070849996],[-46.72464665286726,-23.3952070849996],[-46.7246005329634,-23.395272245641237],[-46.72455441305954,-23.395272245641237],[-46.72450829315568,-23.395272245641237],[-46.724416053347966,-23.39533740628287],[-46.72436993344411,-23.39533740628287],[-46.72432381354025,-23.39533740628287],[-46.72423157373254,-23.395402566924506],[-46.72418545382868,-23.395402566924506],[-46.72409321402096,-23.395402566924506],[-46.724047094117104,-23.395467727566142],[-46.72400097421325,-23.395467727566142],[-46.72390873440553,-23.395467727566142],[-46.72386261450168,-23.39553288820778],[-46.723770374693956,-23.39553288820778],[-46.7237242547901,-23.39553288820778],[-46.723632014982385,-23.395598048849415],[-46.72358589507853,-23.395598048849415],[-46.723493655270815,-23.39566320949105],[-46.72344753536696,-23.39566320949105],[-46.72335529555924,-23.395728370132687],[-46.72330917565538,-23.395728370132687],[-46.723263055751524,-23.395793530774323],[-46.72321693584767,-23.39585869141596],[-46.72312469603995,-23.39585869141596],[-46.723078576136096,-23.395923852057596],[-46.72303245623223,-23.395923852057596],[-46.72294021642452,-23.395989012699232],[-46.722847976616805,-23.395989012699232],[-46.72280185671295,-23.395989012699232],[-46.72275573680909,-23.395989012699232],[-46.72266349700137,-23.395989012699232],[-46.72257125719366,-23.395989012699232],[-46.7225251372898,-23.395989012699232],[-46.722432897482086,-23.395989012699232],[-46.722340657674366,-23.395989012699232],[-46.72229453777051,-23.395989012699232],[-46.72224841786665,-23.395989012699232],[-46.722202297962795,-23.395989012699232],[-46.72215617805894,-23.395989012699232],[-46.72215617805894,-23.396054173340865],[-46.72211005815508,-23.396054173340865],[-46.722063938251225,-23.396054173340865],[-46.72201781834737,-23.396054173340865],[-46.721971698443504,-23.395989012699232],[-46.72192557853965,-23.395989012699232],[-46.72187945863579,-23.395989012699232],[-46.72183333873193,-23.395989012699232],[-46.72183333873193,-23.396054173340865],[-46.72178721882808,-23.396054173340865],[-46.72174109892422,-23.3961193339825],[-46.72169497902036,-23.3961193339825],[-46.72169497902036,-23.396184494624137],[-46.721648859116506,-23.396184494624137],[-46.721648859116506,-23.396249655265773],[-46.72160273921264,-23.396249655265773],[-46.72160273921264,-23.39631481590741],[-46.72160273921264,-23.396379976549046],[-46.72160273921264,-23.396445137190682],[-46.721648859116506,-23.396445137190682],[-46.721648859116506,-23.396510297832318],[-46.72169497902036,-23.396510297832318],[-46.72169497902036,-23.396575458473954],[-46.72169497902036,-23.39664061911559],[-46.72169497902036,-23.396705779757223],[-46.721648859116506,-23.396705779757223],[-46.721648859116506,-23.39677094039886],[-46.721648859116506,-23.396836101040495],[-46.72160273921264,-23.39690126168213],[-46.721556619308785,-23.396966422323768],[-46.72151049940493,-23.396966422323768],[-46.72151049940493,-23.397031582965404],[-46.72146437950107,-23.397031582965404],[-46.72146437950107,-23.39709674360704],[-46.721418259597215,-23.397161904248676],[-46.72137213969336,-23.397161904248676],[-46.7213260197895,-23.397161904248676],[-46.721279899885644,-23.397161904248676],[-46.721279899885644,-23.397227064890313],[-46.72123377998178,-23.397227064890313],[-46.72118766007792,-23.397227064890313],[-46.72114154017407,-23.397227064890313],[-46.72109542027021,-23.397227064890313],[-46.72109542027021,-23.39729222553195],[-46.72104930036635,-23.39729222553195],[-46.721003180462496,-23.39729222553195],[-46.72095706055864,-23.39735738617358],[-46.72091094065478,-23.39735738617358],[-46.72086482075092,-23.39735738617358],[-46.72086482075092,-23.397422546815218],[-46.72081870084706,-23.397422546815218],[-46.720772580943205,-23.397422546815218],[-46.72072646103935,-23.397422546815218],[-46.72068034113549,-23.397422546815218],[-46.720634221231634,-23.397487707456854],[-46.72058810132778,-23.397487707456854],[-46.72054198142392,-23.39755286809849],[-46.72049586152006,-23.39755286809849],[-46.72049586152006,-23.397618028740126],[-46.72049586152006,-23.397683189381763],[-46.72054198142392,-23.397683189381763],[-46.72054198142392,-23.3977483500234],[-46.72054198142392,-23.397813510665035],[-46.72049586152006,-23.397813510665035],[-46.7204497416162,-23.397813510665035],[-46.7204497416162,-23.39787867130667],[-46.72040362171234,-23.39787867130667],[-46.7204497416162,-23.397943831948307],[-46.72040362171234,-23.398008992589943],[-46.72040362171234,-23.398074153231576],[-46.72040362171234,-23.398139313873212],[-46.72040362171234,-23.39820447451485],[-46.720357501808486,-23.39820447451485],[-46.72031138190463,-23.39820447451485],[-46.72031138190463,-23.398269635156485],[-46.72026526200077,-23.39833479579812],[-46.72026526200077,-23.398399956439757],[-46.720219142096916,-23.398399956439757],[-46.720219142096916,-23.398465117081393],[-46.72017302219306,-23.39853027772303],[-46.720126902289195,-23.39853027772303],[-46.72008078238534,-23.398595438364666],[-46.72003466248148,-23.398595438364666],[-46.72003466248148,-23.398660599006302],[-46.719988542577624,-23.398660599006302],[-46.71994242267377,-23.398725759647935],[-46.71989630276991,-23.398725759647935],[-46.71989630276991,-23.39879092028957],[-46.719850182866054,-23.39879092028957],[-46.7198040629622,-23.39879092028957],[-46.7198040629622,-23.398856080931207],[-46.7198040629622,-23.398921241572843],[-46.7198040629622,-23.39898640221448],[-46.719850182866054,-23.39898640221448],[-46.71989630276991,-23.39898640221448],[-46.71989630276991,-23.399051562856116],[-46.71989630276991,-23.39911672349775],[-46.71989630276991,-23.399181884139388],[-46.719850182866054,-23.399247044781024],[-46.7198040629622,-23.399247044781024],[-46.7198040629622,-23.39931220542266],[-46.719850182866054,-23.39931220542266],[-46.719850182866054,-23.399377366064293],[-46.71989630276991,-23.399377366064293],[-46.71994242267377,-23.39944252670593],[-46.71994242267377,-23.399507687347565],[-46.71989630276991,-23.399507687347565],[-46.71989630276991,-23.3995728479892],[-46.71989630276991,-23.399638008630838],[-46.71989630276991,-23.399703169272474],[-46.71994242267377,-23.399833490555746],[-46.71994242267377,-23.399898651197383],[-46.71994242267377,-23.39996381183902],[-46.71994242267377,-23.400094133122288],[-46.719988542577624,-23.400094133122288],[-46.719988542577624,-23.400159293763924],[-46.72003466248148,-23.400289615047196],[-46.720126902289195,-23.40041993633047],[-46.720126902289195,-23.40055025761374],[-46.72017302219306,-23.400615418255377],[-46.720219142096916,-23.400745739538646],[-46.72026526200077,-23.40087606082192],[-46.72031138190463,-23.400941221463555],[-46.720357501808486,-23.401071542746827],[-46.720357501808486,-23.4012018640301],[-46.72040362171234,-23.401267024671736],[-46.72040362171234,-23.40146250659664],[-46.7204497416162,-23.401592827879913],[-46.72049586152006,-23.401853470446458],[-46.72054198142392,-23.40198379172973],[-46.72054198142392,-23.402048952371363],[-46.72054198142392,-23.402114113013],[-46.72054198142392,-23.402179273654635],[-46.72049586152006,-23.402309594937908],[-46.72040362171234,-23.40243991622118],[-46.72031138190463,-23.402505076862816],[-46.72026526200077,-23.402570237504452],[-46.720219142096916,-23.40263539814609],[-46.720219142096916,-23.402765719429357],[-46.72026526200077,-23.403026361995902],[-46.72026526200077,-23.40322184392081],[-46.72031138190463,-23.403352165204083],[-46.72026526200077,-23.403417325845716],[-46.720126902289195,-23.403612807770624],[-46.72008078238534,-23.40367796841226],[-46.719988542577624,-23.403743129053897],[-46.71994242267377,-23.403808289695533],[-46.71989630276991,-23.40387345033717],[-46.719850182866054,-23.403938610978805],[-46.7198040629622,-23.404068932262074],[-46.719711823154476,-23.40413409290371],[-46.71966570325062,-23.404199253545347],[-46.719573463442906,-23.40432957482862],[-46.71952734353905,-23.404394735470255],[-46.71948122363519,-23.40445989611189],[-46.71938898382747,-23.404525056753528],[-46.719342863923615,-23.404590217395164],[-46.71929674401976,-23.4046553780368],[-46.7192506241159,-23.404720538678433],[-46.71915838430819,-23.404850859961705],[-46.71911226440433,-23.40491602060334],[-46.719066144500474,-23.404981181244978],[-46.71897390469275,-23.405046341886614],[-46.718927784788896,-23.405176663169886],[-46.71888166488504,-23.405176663169886],[-46.71888166488504,-23.405241823811522],[-46.718789425077325,-23.40530698445316],[-46.71874330517347,-23.405372145094795],[-46.71869718526961,-23.405437305736427],[-46.71860494546189,-23.405502466378064],[-46.718558825558034,-23.4055676270197],[-46.71846658575032,-23.405697948302972],[-46.718420465846464,-23.40576310894461],[-46.71832822603875,-23.405828269586245],[-46.718282106134886,-23.40589343022788],[-46.71823598623103,-23.40589343022788],[-46.71818986632717,-23.405958590869517],[-46.718143746423316,-23.406023751511153],[-46.7180515066156,-23.406088912152786],[-46.71795926680789,-23.406219233436058],[-46.717913146904024,-23.406284394077694],[-46.71786702700017,-23.406284394077694],[-46.71782090709631,-23.40634955471933],[-46.7177286672886,-23.406414715360967],[-46.71768254738474,-23.406479876002603],[-46.71763642748088,-23.40654503664424],[-46.71759030757703,-23.40654503664424],[-46.71754418767316,-23.406610197285875],[-46.71740582796159,-23.406740518569144],[-46.71731358815388,-23.40680567921078],[-46.71726746825002,-23.406870839852417],[-46.71722134834616,-23.406936000494053],[-46.7171752284423,-23.406936000494053],[-46.717129108538444,-23.406936000494053],[-46.71703686873073,-23.40700116113569],[-46.71699074882687,-23.407066321777325],[-46.71694462892302,-23.407066321777325],[-46.716852389115296,-23.40713148241896],[-46.716714029403725,-23.407196643060598],[-46.71662178959601,-23.40732696434387],[-46.716575669692155,-23.40732696434387],[-46.7165295497883,-23.40732696434387],[-46.716483429884434,-23.407392124985506],[-46.71639119007672,-23.40745728562714],[-46.71611447065357,-23.407522446268775],[-46.71602223084586,-23.407522446268775],[-46.71588387113429,-23.407522446268775],[-46.71574551142271,-23.407522446268775],[-46.71542267209571,-23.407522446268775],[-46.715145952672565,-23.407522446268775],[-46.71505371286485,-23.407522446268775],[-46.71500759296099,-23.407522446268775],[-46.71491535315327,-23.40745728562714],[-46.714730873537846,-23.40745728562714],[-46.71468475363399,-23.40745728562714],[-46.714500274018555,-23.40745728562714],[-46.714361914306984,-23.40745728562714],[-46.71399295507612,-23.40745728562714],[-46.7139007152684,-23.40745728562714],[-46.71362399584526,-23.407196643060598],[-46.71334727642211,-23.407066321777325],[-46.713301156518256,-23.407066321777325],[-46.71316279680668,-23.407066321777325],[-46.71297831719125,-23.40700116113569],[-46.71288607738354,-23.40700116113569],[-46.71283995747968,-23.406936000494053],[-46.712655477864246,-23.406870839852417],[-46.712517118152675,-23.40680567921078],[-46.712424878344954,-23.40680567921078],[-46.71219427882567,-23.406740518569144],[-46.71214815892181,-23.406740518569144],[-46.71214815892181,-23.40667535792751],[-46.71210203901795,-23.40667535792751],[-46.71191755940252,-23.406610197285875],[-46.71182531959481,-23.40654503664424],[-46.711640839979374,-23.406414715360967],[-46.71154860017166,-23.40634955471933],[-46.71127188074851,-23.406219233436058],[-46.711087401133085,-23.406219233436058],[-46.710856801613794,-23.406219233436058],[-46.71076456180608,-23.406284394077694],[-46.71071844190222,-23.406414715360967],[-46.710672321998366,-23.40654503664424],[-46.71053396228679,-23.40667535792751],[-46.71048784238293,-23.40680567921078],[-46.71039560257522,-23.406936000494053],[-46.710303362767505,-23.40713148241896],[-46.710211122959784,-23.40732696434387],[-46.71007276324821,-23.40758760691041],[-46.7099805234405,-23.407717928193684],[-46.70988828363278,-23.40778308883532],[-46.70988828363278,-23.407848249476956],[-46.70984216372892,-23.408043731401865],[-46.70984216372892,-23.408174052685133],[-46.70984216372892,-23.40823921332677],[-46.70984216372892,-23.408369534610042],[-46.70984216372892,-23.40856501653495],[-46.70984216372892,-23.408825659101492],[-46.70984216372892,-23.408890819743128],[-46.709796043825065,-23.4090211410264],[-46.709657684113495,-23.40921662295131],[-46.709657684113495,-23.409281783592945],[-46.70951932440192,-23.40947726551785],[-46.70947320449806,-23.409607586801123],[-46.70947320449806,-23.409868229367667],[-46.70947320449806,-23.40999855065094],[-46.70951932440192,-23.41025919321748],[-46.70951932440192,-23.41045467514239],[-46.70951932440192,-23.410519835784026],[-46.70951932440192,-23.410715317708934],[-46.70956544430578,-23.41091079963384],[-46.70956544430578,-23.411171442200384],[-46.70956544430578,-23.411366924125293],[-46.70951932440192,-23.41149724540856],[-46.70951932440192,-23.411562406050198],[-46.7094270845942,-23.411953369900015],[-46.7094270845942,-23.412083691183287],[-46.70938096469035,-23.412409494391465],[-46.7094270845942,-23.412604976316373],[-46.7094270845942,-23.41267013695801],[-46.7094270845942,-23.412735297599646],[-46.7094270845942,-23.41293077952455],[-46.70947320449806,-23.412995940166187],[-46.70951932440192,-23.413191422091096],[-46.70956544430578,-23.413386904016004],[-46.70956544430578,-23.413517225299273],[-46.70956544430578,-23.413647546582546],[-46.70956544430578,-23.41371270722418],[-46.70956544430578,-23.413777867865818],[-46.70956544430578,-23.41390818914909],[-46.70956544430578,-23.414103671074],[-46.70956544430578,-23.414299152998904],[-46.70956544430578,-23.41455979556545],[-46.70956544430578,-23.41469011684872],[-46.70956544430578,-23.414950759415262],[-46.70951932440192,-23.4150159200569],[-46.70951932440192,-23.415081080698535],[-46.70947320449806,-23.41514624134017],[-46.70928872488263,-23.415472044548352],[-46.709242604978776,-23.41560236583162],[-46.70905812536334,-23.41579784775653],[-46.709012005459485,-23.415863008398166],[-46.70891976565177,-23.415993329681438],[-46.708873645747914,-23.416058490323074],[-46.70882752584406,-23.41612365096471],[-46.708781405940194,-23.416188811606343],[-46.708781405940194,-23.41625397224798],[-46.70873528603634,-23.41625397224798],[-46.70868916613248,-23.416319132889615],[-46.70855080642091,-23.416449454172888],[-46.70850468651705,-23.416514614814524],[-46.70841244670933,-23.41657977545616],[-46.708366326805475,-23.41657977545616],[-46.70832020690162,-23.41657977545616],[-46.70832020690162,-23.416644936097796],[-46.70841244670933,-23.416710096739433],[-46.70841244670933,-23.41677525738107],[-46.708458566613196,-23.416970739305974],[-46.708458566613196,-23.41703589994761],[-46.708458566613196,-23.417101060589246],[-46.70850468651705,-23.41723138187252],[-46.70850468651705,-23.417296542514155],[-46.70855080642091,-23.417492024439063],[-46.70855080642091,-23.417557185080696],[-46.70855080642091,-23.41768750636397],[-46.70855080642091,-23.41781782764724],[-46.708596926324766,-23.417948148930513],[-46.708596926324766,-23.418208791497054],[-46.708596926324766,-23.4184694340636],[-46.708596926324766,-23.418664915988508],[-46.708596926324766,-23.41879523727178],[-46.708596926324766,-23.418860397913413],[-46.70864304622862,-23.41905587983832],[-46.70864304622862,-23.419186201121594],[-46.70864304622862,-23.41925136176323],[-46.70864304622862,-23.419316522404866],[-46.70868916613248,-23.419642325613044],[-46.70873528603634,-23.41970748625468],[-46.70873528603634,-23.419772646896316],[-46.70873528603634,-23.42003328946286],[-46.708781405940194,-23.420098450104497],[-46.708781405940194,-23.42035909267104],[-46.70882752584406,-23.420424253312675],[-46.70882752584406,-23.42048941395431],[-46.70882752584406,-23.420554574595947],[-46.70882752584406,-23.420750056520856],[-46.70882752584406,-23.42081521716249],[-46.708873645747914,-23.42094553844576],[-46.70891976565177,-23.421075859729033],[-46.70891976565177,-23.421206181012305],[-46.70896588555563,-23.421206181012305],[-46.70896588555563,-23.42127134165394],[-46.70905812536334,-23.421336502295578],[-46.7091042452672,-23.421401662937214],[-46.709150365171055,-23.421401662937214],[-46.709242604978776,-23.42146682357885],[-46.70933484478649,-23.42146682357885],[-46.7094270845942,-23.42146682357885],[-46.70951932440192,-23.421531984220486],[-46.70956544430578,-23.421531984220486],[-46.709796043825065,-23.421531984220486],[-46.70988828363278,-23.421531984220486],[-46.71002664334436,-23.421531984220486],[-46.71016500305593,-23.421531984220486],[-46.71025724286364,-23.421531984220486],[-46.71039560257522,-23.421531984220486],[-46.71053396228679,-23.421531984220486],[-46.710672321998366,-23.421531984220486],[-46.71076456180608,-23.421531984220486],[-46.71090292151765,-23.421531984220486],[-46.710995161325364,-23.42146682357885],[-46.71104128122923,-23.42146682357885],[-46.711087401133085,-23.42146682357885],[-46.7111796409408,-23.421401662937214],[-46.71127188074851,-23.421336502295578],[-46.711364120556226,-23.42127134165394],[-46.71141024046009,-23.42127134165394],[-46.711502480267804,-23.42127134165394],[-46.71173307978709,-23.421336502295578],[-46.71182531959481,-23.421336502295578],[-46.71191755940252,-23.42146682357885],[-46.712009799210236,-23.421531984220486],[-46.712009799210236,-23.42159714486212],[-46.71210203901795,-23.42159714486212],[-46.71219427882567,-23.42159714486212],[-46.71233263853724,-23.421662305503755],[-46.712424878344954,-23.421662305503755],[-46.71256323805653,-23.421662305503755],[-46.71260935796039,-23.421662305503755],[-46.7127015977681,-23.421662305503755],[-46.71274771767196,-23.42172746614539],[-46.71283995747968,-23.42172746614539],[-46.71297831719125,-23.42172746614539],[-46.71316279680668,-23.42172746614539],[-46.7132550366144,-23.42172746614539],[-46.71339339632597,-23.42172746614539],[-46.713577875941404,-23.42172746614539],[-46.71376235555683,-23.42172746614539],[-46.71399295507612,-23.42172746614539],[-46.71422355459541,-23.42172746614539],[-46.7144541541147,-23.42172746614539],[-46.714500274018555,-23.42172746614539],[-46.714638633730125,-23.421792626787028],[-46.7147769934417,-23.421792626787028],[-46.71482311334556,-23.421792626787028],[-46.71509983276871,-23.421792626787028],[-46.715145952672565,-23.421792626787028],[-46.71533043228799,-23.421792626787028],[-46.71542267209571,-23.421792626787028],[-46.715514911903426,-23.421857787428664],[-46.71556103180728,-23.421857787428664],[-46.715791631326574,-23.4219229480703],[-46.71588387113429,-23.4219229480703],[-46.715976110942,-23.421988108711936],[-46.71602223084586,-23.421988108711936],[-46.71602223084586,-23.422053269353572],[-46.716068350749715,-23.422053269353572],[-46.71611447065357,-23.422053269353572],[-46.71620671046129,-23.42211842999521],[-46.71639119007672,-23.42211842999521],[-46.71639119007672,-23.422183590636845],[-46.71643730998058,-23.422183590636845],[-46.71662178959601,-23.422248751278477],[-46.71676014930758,-23.422313911920114],[-46.71680626921144,-23.42237907256175],[-46.716852389115296,-23.422444233203386],[-46.716852389115296,-23.42257455448666],[-46.71689850901916,-23.422639715128295],[-46.71689850901916,-23.422835197053203],[-46.71689850901916,-23.422900357694836],[-46.71689850901916,-23.422965518336472],[-46.71699074882687,-23.423095839619744],[-46.71703686873073,-23.42335648218629],[-46.71708298863459,-23.423421642827925],[-46.71708298863459,-23.42348680346956],[-46.71708298863459,-23.423551964111198],[-46.71708298863459,-23.42361712475283],[-46.71708298863459,-23.423682285394467],[-46.71708298863459,-23.423747446036103],[-46.71703686873073,-23.423747446036103],[-46.71703686873073,-23.42381260667774],[-46.71703686873073,-23.423877767319375],[-46.71699074882687,-23.423877767319375],[-46.71699074882687,-23.42394292796101],[-46.71699074882687,-23.424008088602648],[-46.71699074882687,-23.424073249244284],[-46.71694462892302,-23.424073249244284],[-46.71694462892302,-23.42413840988592],[-46.71694462892302,-23.424203570527556],[-46.71694462892302,-23.42426873116919],[-46.71694462892302,-23.424333891810825],[-46.71694462892302,-23.42439905245246],[-46.71699074882687,-23.424464213094097],[-46.71699074882687,-23.424529373735734],[-46.71703686873073,-23.424529373735734],[-46.71703686873073,-23.42459453437737],[-46.71708298863459,-23.42459453437737],[-46.71708298863459,-23.424659695019006],[-46.717129108538444,-23.424659695019006],[-46.717129108538444,-23.424724855660642],[-46.7171752284423,-23.424724855660642],[-46.7171752284423,-23.42479001630228],[-46.71722134834616,-23.42479001630228],[-46.71722134834616,-23.424855176943915],[-46.71731358815388,-23.424920337585547],[-46.71731358815388,-23.424985498227183],[-46.717359708057735,-23.424985498227183],[-46.71740582796159,-23.42505065886882],[-46.71745194786545,-23.42505065886882],[-46.71754418767316,-23.425115819510456],[-46.71763642748088,-23.425115819510456],[-46.71768254738474,-23.425115819510456],[-46.717774787192454,-23.425180980152092],[-46.71786702700017,-23.425180980152092],[-46.71786702700017,-23.42524614079373],[-46.717913146904024,-23.425376462077],[-46.71795926680789,-23.425376462077],[-46.71795926680789,-23.425441622718637],[-46.718005386711745,-23.425506783360273],[-46.718005386711745,-23.42557194400191],[-46.7180515066156,-23.425637104643542],[-46.71809762651946,-23.425637104643542],[-46.71809762651946,-23.425702265285178],[-46.718143746423316,-23.425702265285178],[-46.718143746423316,-23.425767425926814],[-46.718143746423316,-23.425962907851723],[-46.71818986632717,-23.42615838977663],[-46.71823598623103,-23.426223550418268],[-46.718282106134886,-23.4262887110599],[-46.71832822603875,-23.4262887110599],[-46.71846658575032,-23.426353871701536],[-46.71860494546189,-23.426353871701536],[-46.71883554498118,-23.426419032343173],[-46.71897390469275,-23.426419032343173],[-46.719066144500474,-23.42648419298481],[-46.719204504212044,-23.426549353626445],[-46.71929674401976,-23.42661451426808],[-46.719342863923615,-23.426679674909717],[-46.71938898382747,-23.426679674909717],[-46.71948122363519,-23.426679674909717],[-46.71961958334676,-23.426679674909717],[-46.71966570325062,-23.426679674909717],[-46.719711823154476,-23.426679674909717],[-46.71975794305833,-23.426679674909717],[-46.7198040629622,-23.426679674909717],[-46.719850182866054,-23.426679674909717],[-46.71989630276991,-23.426679674909717],[-46.71994242267377,-23.426679674909717],[-46.719988542577624,-23.426679674909717],[-46.72003466248148,-23.426679674909717],[-46.72008078238534,-23.426679674909717],[-46.720126902289195,-23.426679674909717],[-46.72017302219306,-23.426679674909717],[-46.720219142096916,-23.426744835551354],[-46.72026526200077,-23.426744835551354],[-46.72031138190463,-23.426744835551354],[-46.720357501808486,-23.426744835551354],[-46.72040362171234,-23.426744835551354],[-46.7204497416162,-23.426744835551354],[-46.72049586152006,-23.426744835551354],[-46.72054198142392,-23.42680999619299],[-46.72058810132778,-23.42680999619299],[-46.720634221231634,-23.42680999619299],[-46.72068034113549,-23.42680999619299],[-46.72072646103935,-23.426875156834626],[-46.720772580943205,-23.426875156834626],[-46.72081870084706,-23.426875156834626],[-46.72086482075092,-23.426875156834626],[-46.72086482075092,-23.42694031747626],[-46.72091094065478,-23.42694031747626],[-46.72095706055864,-23.42694031747626],[-46.721003180462496,-23.42694031747626],[-46.721003180462496,-23.427005478117895],[-46.72104930036635,-23.427005478117895],[-46.72109542027021,-23.427005478117895],[-46.72109542027021,-23.42707063875953],[-46.72114154017407,-23.42707063875953],[-46.72118766007792,-23.42707063875953],[-46.72123377998178,-23.42707063875953],[-46.721279899885644,-23.427135799401167],[-46.7213260197895,-23.427135799401167],[-46.72137213969336,-23.427135799401167],[-46.72137213969336,-23.427200960042804],[-46.721418259597215,-23.427200960042804],[-46.72146437950107,-23.427200960042804],[-46.72151049940493,-23.427200960042804],[-46.721556619308785,-23.42726612068444],[-46.72160273921264,-23.42726612068444],[-46.721648859116506,-23.42726612068444],[-46.72169497902036,-23.427331281326076],[-46.72174109892422,-23.427331281326076],[-46.72178721882808,-23.427331281326076],[-46.72183333873193,-23.427331281326076],[-46.72187945863579,-23.427396441967712],[-46.72192557853965,-23.427396441967712],[-46.721971698443504,-23.427396441967712],[-46.72201781834737,-23.427396441967712],[-46.722063938251225,-23.42746160260935],[-46.72211005815508,-23.42746160260935],[-46.72215617805894,-23.42746160260935],[-46.722202297962795,-23.42746160260935],[-46.72224841786665,-23.42746160260935],[-46.72229453777051,-23.42746160260935],[-46.722340657674366,-23.42746160260935],[-46.722340657674366,-23.427526763250984],[-46.72238677757823,-23.427526763250984],[-46.722432897482086,-23.427526763250984],[-46.72247901738594,-23.427526763250984],[-46.7225251372898,-23.427526763250984],[-46.72257125719366,-23.427526763250984],[-46.722617377097514,-23.427526763250984],[-46.72266349700137,-23.427526763250984],[-46.722709616905234,-23.427526763250984],[-46.72275573680909,-23.427526763250984],[-46.72275573680909,-23.42759192389262],[-46.72280185671295,-23.42759192389262],[-46.722847976616805,-23.42759192389262],[-46.72289409652066,-23.42759192389262],[-46.72294021642452,-23.42759192389262],[-46.722986336328376,-23.42759192389262],[-46.72303245623223,-23.427526763250984],[-46.72312469603995,-23.427526763250984],[-46.72321693584767,-23.427526763250984],[-46.72335529555924,-23.427331281326076],[-46.723401415463094,-23.42726612068444],[-46.723401415463094,-23.427200960042804],[-46.723401415463094,-23.427135799401167],[-46.72335529555924,-23.42707063875953],[-46.72330917565538,-23.427005478117895],[-46.723263055751524,-23.427005478117895],[-46.723263055751524,-23.42694031747626],[-46.72330917565538,-23.426875156834626],[-46.72335529555924,-23.426875156834626],[-46.72335529555924,-23.42680999619299],[-46.72335529555924,-23.426744835551354],[-46.723401415463094,-23.426679674909717],[-46.723401415463094,-23.42661451426808],[-46.723401415463094,-23.426549353626445],[-46.723401415463094,-23.42648419298481],[-46.72344753536696,-23.426419032343173],[-46.723493655270815,-23.426353871701536],[-46.723493655270815,-23.4262887110599],[-46.72353977517467,-23.4262887110599],[-46.72358589507853,-23.426223550418268],[-46.723632014982385,-23.426223550418268],[-46.7237242547901,-23.426223550418268],[-46.723770374693956,-23.42615838977663],[-46.723770374693956,-23.426093229134995],[-46.72386261450168,-23.425962907851723],[-46.72390873440553,-23.425897747210087],[-46.72395485430939,-23.42583258656845],[-46.72400097421325,-23.425767425926814],[-46.724047094117104,-23.425702265285178],[-46.724047094117104,-23.425637104643542],[-46.724047094117104,-23.42557194400191],[-46.72409321402096,-23.425506783360273],[-46.72413933392482,-23.425441622718637],[-46.72423157373254,-23.425441622718637],[-46.724277693636395,-23.425441622718637],[-46.72432381354025,-23.425441622718637],[-46.72436993344411,-23.425441622718637],[-46.724416053347966,-23.425376462077],[-46.72446217325182,-23.425376462077],[-46.72446217325182,-23.425311301435364],[-46.72446217325182,-23.42524614079373],[-46.72446217325182,-23.425180980152092],[-46.72446217325182,-23.425115819510456],[-46.724416053347966,-23.425115819510456],[-46.724416053347966,-23.42505065886882],[-46.72436993344411,-23.42505065886882],[-46.72436993344411,-23.424985498227183],[-46.72432381354025,-23.424985498227183],[-46.724277693636395,-23.424985498227183],[-46.724277693636395,-23.424920337585547],[-46.724277693636395,-23.424855176943915],[-46.72432381354025,-23.424855176943915],[-46.72436993344411,-23.424855176943915],[-46.724416053347966,-23.424855176943915],[-46.72446217325182,-23.424855176943915],[-46.72450829315568,-23.424855176943915],[-46.72455441305954,-23.42479001630228],[-46.72455441305954,-23.424724855660642],[-46.72455441305954,-23.42459453437737],[-46.72455441305954,-23.424529373735734],[-46.72455441305954,-23.424464213094097],[-46.72455441305954,-23.42439905245246],[-46.72455441305954,-23.424333891810825],[-46.7246005329634,-23.424333891810825],[-46.7246005329634,-23.42426873116919],[-46.7246005329634,-23.424203570527556],[-46.7246005329634,-23.42413840988592],[-46.7246005329634,-23.424008088602648],[-46.72455441305954,-23.424008088602648],[-46.72450829315568,-23.424008088602648],[-46.72446217325182,-23.424008088602648],[-46.724416053347966,-23.42394292796101],[-46.72436993344411,-23.42394292796101],[-46.72432381354025,-23.42394292796101],[-46.72423157373254,-23.42394292796101],[-46.72418545382868,-23.42394292796101],[-46.72413933392482,-23.42394292796101],[-46.72409321402096,-23.423877767319375],[-46.724047094117104,-23.423877767319375],[-46.72400097421325,-23.423877767319375],[-46.72395485430939,-23.423877767319375],[-46.72395485430939,-23.42381260667774],[-46.72395485430939,-23.423747446036103],[-46.72395485430939,-23.423682285394467],[-46.72395485430939,-23.42361712475283],[-46.72395485430939,-23.423551964111198],[-46.72390873440553,-23.423551964111198],[-46.72390873440553,-23.42348680346956],[-46.72386261450168,-23.42348680346956],[-46.72381649459782,-23.42348680346956],[-46.723770374693956,-23.423551964111198],[-46.723770374693956,-23.42348680346956],[-46.7237242547901,-23.42348680346956],[-46.72367813488624,-23.42348680346956],[-46.723493655270815,-23.42348680346956],[-46.72344753536696,-23.42348680346956],[-46.72335529555924,-23.42348680346956],[-46.72330917565538,-23.423421642827925],[-46.723263055751524,-23.423421642827925],[-46.72321693584767,-23.423421642827925],[-46.72335529555924,-23.42335648218629],[-46.72353977517467,-23.423226160903017],[-46.72381649459782,-23.423030678978108],[-46.72386261450168,-23.423030678978108],[-46.72390873440553,-23.422965518336472],[-46.724047094117104,-23.422965518336472],[-46.72423157373254,-23.422900357694836],[-46.72436993344411,-23.422900357694836],[-46.72446217325182,-23.422900357694836],[-46.72455441305954,-23.422835197053203],[-46.7246005329634,-23.422835197053203],[-46.72464665286726,-23.422835197053203],[-46.724692772771114,-23.422835197053203],[-46.724692772771114,-23.422900357694836],[-46.72473889267497,-23.422900357694836],[-46.72478501257883,-23.422900357694836],[-46.724831132482684,-23.422900357694836],[-46.72487725238654,-23.422900357694836],[-46.724923372290405,-23.422900357694836],[-46.724923372290405,-23.422835197053203],[-46.72496949219426,-23.422835197053203],[-46.72496949219426,-23.422770036411567],[-46.72501561209812,-23.422770036411567],[-46.725061732001976,-23.42270487576993],[-46.72510785190583,-23.42270487576993],[-46.72515397180969,-23.42270487576993],[-46.725200091713546,-23.42270487576993],[-46.7252462116174,-23.42270487576993],[-46.72529233152127,-23.422770036411567],[-46.725338451425124,-23.422770036411567],[-46.72543069123284,-23.422770036411567],[-46.725476811136694,-23.422835197053203],[-46.72556905094441,-23.422835197053203],[-46.72556905094441,-23.422900357694836],[-46.72566129075213,-23.422900357694836],[-46.725707410655986,-23.422965518336472],[-46.7257996504637,-23.422965518336472],[-46.725845770367556,-23.423030678978108],[-46.72589189027141,-23.423095839619744],[-46.72598413007913,-23.42316100026138],[-46.72603024998299,-23.42316100026138],[-46.72616860969456,-23.423226160903017],[-46.72621472959842,-23.423291321544653],[-46.726260849502275,-23.423291321544653],[-46.72630696940613,-23.423291321544653],[-46.72635308930999,-23.42335648218629],[-46.72644532911771,-23.42335648218629],[-46.72653756892542,-23.423421642827925],[-46.726629808733136,-23.423421642827925],[-46.72672204854085,-23.42348680346956],[-46.72681428834857,-23.42348680346956],[-46.72695264806014,-23.42348680346956],[-46.727044887867855,-23.42348680346956],[-46.727137127675576,-23.42348680346956],[-46.72718324757943,-23.42348680346956],[-46.72722936748329,-23.42348680346956],[-46.727275487387146,-23.42348680346956],[-46.72736772719486,-23.42348680346956],[-46.727459967002574,-23.423421642827925],[-46.727552206810294,-23.423421642827925],[-46.72764444661801,-23.42335648218629],[-46.727690566521865,-23.42335648218629],[-46.72778280632958,-23.423291321544653],[-46.727828926233435,-23.423291321544653],[-46.7278750461373,-23.423226160903017],[-46.727921166041156,-23.423226160903017],[-46.72796728594501,-23.42316100026138],[-46.72801340584887,-23.423095839619744],[-46.72805952575273,-23.423095839619744],[-46.72810564565658,-23.423030678978108],[-46.72815176556044,-23.423030678978108],[-46.728197885464304,-23.422965518336472],[-46.728197885464304,-23.422900357694836],[-46.72824400536816,-23.422900357694836],[-46.72829012527202,-23.422835197053203],[-46.728336245175875,-23.42270487576993],[-46.72842848498359,-23.422639715128295],[-46.72842848498359,-23.42257455448666],[-46.728474604887445,-23.422509393845022],[-46.7285207247913,-23.422444233203386],[-46.728566844695166,-23.422444233203386],[-46.728566844695166,-23.42237907256175],[-46.72861296459902,-23.422313911920114],[-46.72865908450288,-23.422313911920114],[-46.72870520440674,-23.422183590636845],[-46.72875132431059,-23.422183590636845],[-46.72879744421445,-23.422183590636845],[-46.72884356411831,-23.422183590636845],[-46.728889684022164,-23.422183590636845],[-46.72902804373374,-23.422248751278477],[-46.72921252334917,-23.422313911920114],[-46.72930476315689,-23.42237907256175],[-46.72935088306075,-23.422444233203386],[-46.7293970029646,-23.422444233203386],[-46.7293970029646,-23.422509393845022],[-46.72944312286846,-23.42257455448666],[-46.72948924277232,-23.42257455448666],[-46.72948924277232,-23.422639715128295],[-46.72948924277232,-23.42270487576993],[-46.72948924277232,-23.422770036411567],[-46.72948924277232,-23.422835197053203],[-46.72944312286846,-23.422835197053203],[-46.72944312286846,-23.422900357694836],[-46.7293970029646,-23.422965518336472],[-46.7293970029646,-23.423030678978108],[-46.72935088306075,-23.423095839619744],[-46.72935088306075,-23.42316100026138],[-46.72930476315689,-23.423226160903017],[-46.72930476315689,-23.42335648218629],[-46.729258643253026,-23.423421642827925],[-46.729258643253026,-23.42348680346956],[-46.729258643253026,-23.423551964111198],[-46.72921252334917,-23.423551964111198],[-46.72921252334917,-23.42361712475283],[-46.72921252334917,-23.423682285394467],[-46.72921252334917,-23.423747446036103],[-46.72916640344531,-23.423747446036103],[-46.72916640344531,-23.423877767319375],[-46.72916640344531,-23.42394292796101],[-46.729120283541455,-23.424008088602648],[-46.729120283541455,-23.424073249244284],[-46.7290741636376,-23.424073249244284],[-46.7290741636376,-23.42413840988592],[-46.7290741636376,-23.424203570527556],[-46.72902804373374,-23.424203570527556],[-46.72902804373374,-23.42426873116919],[-46.72902804373374,-23.424333891810825],[-46.72902804373374,-23.42439905245246],[-46.72902804373374,-23.424464213094097],[-46.72902804373374,-23.424529373735734],[-46.7290741636376,-23.424529373735734],[-46.7290741636376,-23.42459453437737],[-46.729120283541455,-23.424659695019006],[-46.72916640344531,-23.424659695019006],[-46.72916640344531,-23.424724855660642],[-46.72921252334917,-23.424724855660642],[-46.72921252334917,-23.424659695019006],[-46.729258643253026,-23.424659695019006],[-46.72930476315689,-23.42459453437737],[-46.72935088306075,-23.424529373735734],[-46.7293970029646,-23.42439905245246],[-46.72944312286846,-23.42439905245246],[-46.72944312286846,-23.424333891810825],[-46.72948924277232,-23.42426873116919],[-46.729535362676174,-23.424203570527556],[-46.729535362676174,-23.424073249244284],[-46.72958148258003,-23.424073249244284],[-46.72962760248389,-23.424008088602648],[-46.72962760248389,-23.42394292796101],[-46.72967372238775,-23.423877767319375],[-46.72967372238775,-23.42381260667774],[-46.729765962195465,-23.423682285394467],[-46.72985820200318,-23.423551964111198],[-46.729904321907036,-23.423551964111198],[-46.72999656171475,-23.42348680346956],[-46.73008880152247,-23.423421642827925],[-46.73013492142633,-23.42335648218629],[-46.730181041330184,-23.423291321544653],[-46.73022716123404,-23.423226160903017],[-46.73022716123404,-23.42316100026138],[-46.73022716123404,-23.423095839619744],[-46.73022716123404,-23.423030678978108],[-46.7302732811379,-23.423030678978108],[-46.730319401041754,-23.423030678978108],[-46.73036552094561,-23.422965518336472],[-46.730411640849475,-23.422965518336472],[-46.73045776075333,-23.422965518336472],[-46.73050388065719,-23.422900357694836],[-46.730550000561045,-23.422900357694836],[-46.730550000561045,-23.422835197053203],[-46.7305961204649,-23.422835197053203],[-46.7305961204649,-23.422770036411567],[-46.730688360272616,-23.422770036411567],[-46.73073448017647,-23.422770036411567],[-46.73073448017647,-23.42270487576993],[-46.73078060008034,-23.42270487576993],[-46.73078060008034,-23.422639715128295],[-46.730826719984194,-23.422639715128295],[-46.730826719984194,-23.42257455448666],[-46.73087283988805,-23.42257455448666],[-46.73091895979191,-23.42257455448666],[-46.730965079695764,-23.422509393845022],[-46.73101119959962,-23.422509393845022],[-46.73105731950348,-23.422509393845022],[-46.73105731950348,-23.422444233203386],[-46.731103439407335,-23.422444233203386],[-46.7311495593112,-23.422444233203386],[-46.7311495593112,-23.42237907256175],[-46.73124179911891,-23.422313911920114],[-46.73138015883048,-23.422248751278477],[-46.73142627873434,-23.422248751278477],[-46.73165687825363,-23.42211842999521],[-46.731979717580636,-23.421857787428664],[-46.73244091661921,-23.42146682357885],[-46.73248703652307,-23.42146682357885],[-46.732533156426925,-23.42146682357885],[-46.732625396234646,-23.421401662937214],[-46.7326715161385,-23.421401662937214],[-46.73285599575393,-23.42127134165394],[-46.733686154023374,-23.420880377804124],[-46.734470192388955,-23.42068489587922],[-46.73497751133139,-23.420619735237583],[-46.73534647056225,-23.42048941395431],[-46.73566930988925,-23.420293932029402],[-46.73576154969697,-23.420293932029402],[-46.735807669600824,-23.420293932029402],[-46.7359460293124,-23.42035909267104],[-46.736038269120115,-23.420424253312675],[-46.73608438902397,-23.420424253312675],[-46.73608438902397,-23.42048941395431],[-46.73613050892783,-23.42048941395431],[-46.73622274873554,-23.420619735237583],[-46.73626886863941,-23.42068489587922],[-46.73631498854326,-23.420750056520856],[-46.73636110844712,-23.420750056520856],[-46.73640722835098,-23.420750056520856],[-46.736453348254834,-23.420750056520856],[-46.73649946815869,-23.420750056520856],[-46.73654558806255,-23.420750056520856],[-46.736591707966404,-23.420750056520856],[-46.736683947774125,-23.42068489587922],[-46.73673006767798,-23.42068489587922],[-46.73677618758184,-23.42068489587922],[-46.736822307485696,-23.42068489587922],[-46.736822307485696,-23.420619735237583],[-46.73686842738955,-23.42068489587922],[-46.73686842738955,-23.420619735237583],[-46.73691454729341,-23.420619735237583],[-46.736960667197266,-23.420619735237583],[-46.73700678710113,-23.420619735237583],[-46.73705290700499,-23.420619735237583],[-46.737099026908844,-23.420619735237583],[-46.73719126671656,-23.420619735237583],[-46.737237386620414,-23.420619735237583],[-46.73732962642813,-23.420619735237583],[-46.73737574633199,-23.420619735237583],[-46.73742186623585,-23.420619735237583],[-46.737467986139706,-23.420619735237583],[-46.73751410604356,-23.420619735237583],[-46.73756022594742,-23.420619735237583],[-46.737606345851276,-23.420619735237583],[-46.73765246575513,-23.420619735237583],[-46.73769858565899,-23.420619735237583],[-46.737744705562854,-23.420619735237583],[-46.737744705562854,-23.42068489587922],[-46.73779082546671,-23.42068489587922],[-46.73783694537057,-23.42068489587922],[-46.737883065274424,-23.42068489587922],[-46.73797530508214,-23.420619735237583],[-46.738021424985995,-23.420619735237583],[-46.73806754488985,-23.420554574595947],[-46.73815978469757,-23.420554574595947],[-46.73820590460143,-23.420554574595947],[-46.738252024505286,-23.42048941395431],[-46.73829814440914,-23.42048941395431],[-46.738344264313,-23.42048941395431],[-46.738344264313,-23.420424253312675],[-46.738390384216856,-23.420424253312675],[-46.73843650412072,-23.420424253312675],[-46.73848262402458,-23.42048941395431],[-46.738528743928434,-23.42048941395431],[-46.73871322354386,-23.420554574595947],[-46.73885158325544,-23.420554574595947],[-46.73894382306315,-23.420619735237583],[-46.73898994296701,-23.420619735237583],[-46.739036062870866,-23.42068489587922],[-46.73908218277472,-23.42068489587922],[-46.73912830267858,-23.420750056520856],[-46.739174422582444,-23.420750056520856],[-46.7392205424863,-23.42081521716249],[-46.73926666239016,-23.42081521716249],[-46.73935890219787,-23.420880377804124],[-46.73940502210173,-23.420880377804124],[-46.739451142005585,-23.420880377804124],[-46.73949726190944,-23.42094553844576],[-46.739543381813306,-23.42094553844576],[-46.73958950171716,-23.42094553844576],[-46.73963562162102,-23.42094553844576],[-46.739681741524876,-23.42094553844576],[-46.73972786142873,-23.421010699087397],[-46.7398662211403,-23.42114102037067],[-46.74000458085188,-23.42127134165394],[-46.74005070075574,-23.42127134165394],[-46.74014294056345,-23.421336502295578],[-46.74018906046731,-23.421336502295578],[-46.740235180371165,-23.421336502295578],[-46.74028130027503,-23.421336502295578],[-46.740327420178886,-23.421336502295578],[-46.74037354008274,-23.421336502295578],[-46.74037354008274,-23.42127134165394],[-46.7404196599866,-23.42127134165394],[-46.7404196599866,-23.421206181012305],[-46.74046577989046,-23.421206181012305],[-46.74055801969817,-23.42114102037067],[-46.74060413960203,-23.421206181012305],[-46.74069637940975,-23.421206181012305],[-46.74083473912132,-23.421206181012305],[-46.74092697892903,-23.421206181012305],[-46.74111145854447,-23.421206181012305],[-46.741388177967615,-23.421401662937214],[-46.74148041777533,-23.42146682357885],[-46.7416187774869,-23.421531984220486],[-46.741664897390756,-23.42159714486212],[-46.741757137198476,-23.421662305503755],[-46.74184937700619,-23.421662305503755],[-46.742079976525474,-23.42172746614539],[-46.74226445614091,-23.42172746614539],[-46.742310576044765,-23.42172746614539],[-46.74240281585248,-23.42172746614539],[-46.7424950556602,-23.42172746614539],[-46.742587295467914,-23.42172746614539],[-46.742725655179484,-23.42172746614539],[-46.74277177508334,-23.42172746614539],[-46.7428178949872,-23.42172746614539],[-46.742956254698775,-23.42172746614539],[-46.743094614410346,-23.421662305503755],[-46.74327909402578,-23.421531984220486],[-46.743371333833494,-23.42146682357885],[-46.74341745373735,-23.42146682357885],[-46.743371333833494,-23.421662305503755],[-46.743371333833494,-23.42172746614539],[-46.743371333833494,-23.421792626787028],[-46.743371333833494,-23.4219229480703],[-46.743371333833494,-23.421988108711936],[-46.743371333833494,-23.422053269353572],[-46.74341745373735,-23.42211842999521],[-46.74346357364121,-23.42211842999521],[-46.74346357364121,-23.422183590636845],[-46.743509693545064,-23.422183590636845],[-46.74355581344893,-23.422183590636845],[-46.743601933352785,-23.422183590636845],[-46.74364805325664,-23.422183590636845],[-46.7436941731605,-23.422183590636845],[-46.7436941731605,-23.422248751278477],[-46.743740293064356,-23.422248751278477],[-46.74378641296821,-23.422248751278477],[-46.74383253287207,-23.422248751278477],[-46.74383253287207,-23.422313911920114],[-46.744017012487504,-23.422313911920114],[-46.74406313239136,-23.422313911920114],[-46.74410925229522,-23.422313911920114],[-46.744155372199074,-23.42237907256175],[-46.74420149210293,-23.422444233203386],[-46.74429373191065,-23.422509393845022],[-46.744385971718366,-23.42257455448666],[-46.74443209162222,-23.42257455448666],[-46.74443209162222,-23.422639715128295],[-46.74447821152608,-23.422639715128295],[-46.744524331429936,-23.422639715128295],[-46.74457045133379,-23.422639715128295],[-46.74461657123765,-23.422639715128295],[-46.744662691141514,-23.42270487576993],[-46.74470881104537,-23.422835197053203],[-46.74470881104537,-23.422900357694836],[-46.74475493094923,-23.422900357694836],[-46.74475493094923,-23.422965518336472],[-46.744801050853084,-23.422965518336472],[-46.74484717075694,-23.422965518336472],[-46.7448932906608,-23.422965518336472],[-46.7448932906608,-23.423030678978108],[-46.744939410564655,-23.423030678978108],[-46.74498553046851,-23.423095839619744],[-46.745031650372376,-23.423095839619744],[-46.74507777027623,-23.42316100026138],[-46.74512389018009,-23.42316100026138],[-46.745170010083946,-23.423291321544653],[-46.7452161299878,-23.42335648218629],[-46.7452161299878,-23.423421642827925],[-46.74526224989166,-23.42348680346956],[-46.74526224989166,-23.423551964111198],[-46.74530836979552,-23.42361712475283],[-46.74526224989166,-23.42361712475283],[-46.74526224989166,-23.423682285394467],[-46.74526224989166,-23.423747446036103],[-46.7452161299878,-23.423747446036103],[-46.7452161299878,-23.42381260667774],[-46.74526224989166,-23.42381260667774],[-46.74530836979552,-23.423877767319375],[-46.74535448969937,-23.42394292796101],[-46.74540060960324,-23.42394292796101],[-46.745446729507094,-23.424008088602648],[-46.74549284941095,-23.424008088602648],[-46.74553896931481,-23.424008088602648],[-46.74553896931481,-23.424073249244284],[-46.745585089218665,-23.424073249244284],[-46.745585089218665,-23.42413840988592],[-46.74563120912252,-23.424203570527556],[-46.74567732902638,-23.424203570527556],[-46.745723448930235,-23.424203570527556],[-46.7457695688341,-23.42426873116919],[-46.745815688737956,-23.424333891810825],[-46.74586180864181,-23.424333891810825],[-46.74590792854567,-23.42439905245246],[-46.745954048449526,-23.424464213094097],[-46.74600016835338,-23.424529373735734],[-46.74604628825724,-23.424529373735734],[-46.74604628825724,-23.42459453437737],[-46.7460924081611,-23.42459453437737],[-46.74613852806496,-23.424659695019006],[-46.74613852806496,-23.424724855660642],[-46.74618464796882,-23.424724855660642],[-46.74618464796882,-23.42479001630228],[-46.746230767872675,-23.42479001630228],[-46.74627688777653,-23.42479001630228],[-46.74627688777653,-23.424724855660642],[-46.74632300768039,-23.424724855660642],[-46.746369127584245,-23.424724855660642],[-46.7464152474881,-23.424659695019006],[-46.74646136739196,-23.424659695019006],[-46.74646136739196,-23.424724855660642],[-46.74646136739196,-23.42479001630228],[-46.7464152474881,-23.42479001630228],[-46.7464152474881,-23.424855176943915],[-46.746369127584245,-23.424855176943915],[-46.74632300768039,-23.424855176943915],[-46.746369127584245,-23.424920337585547],[-46.7464152474881,-23.424920337585547],[-46.74646136739196,-23.424985498227183],[-46.74650748729582,-23.424985498227183],[-46.74655360719968,-23.424985498227183],[-46.74655360719968,-23.424920337585547],[-46.746599727103536,-23.424920337585547],[-46.74664584700739,-23.424920337585547],[-46.74673808681511,-23.424855176943915],[-46.746784206718964,-23.424855176943915],[-46.746876446526684,-23.424855176943915],[-46.74692256643054,-23.424855176943915],[-46.7469686863344,-23.424855176943915],[-46.747014806238255,-23.424855176943915],[-46.74706092614211,-23.424920337585547],[-46.74710704604597,-23.424920337585547],[-46.747153165949825,-23.424920337585547],[-46.74719928585368,-23.424920337585547],[-46.747245405757546,-23.424985498227183],[-46.7472915256614,-23.424985498227183],[-46.74733764556526,-23.424985498227183],[-46.74738376546912,-23.42505065886882],[-46.74742988537297,-23.42505065886882],[-46.74742988537297,-23.425115819510456],[-46.74747600527683,-23.425180980152092],[-46.74747600527683,-23.42524614079373],[-46.74752212518069,-23.42524614079373],[-46.74752212518069,-23.425311301435364],[-46.747568245084544,-23.425376462077],[-46.747568245084544,-23.425441622718637],[-46.747568245084544,-23.425506783360273],[-46.747568245084544,-23.42557194400191],[-46.74761436498841,-23.42557194400191],[-46.74761436498841,-23.425637104643542],[-46.74761436498841,-23.425702265285178],[-46.74761436498841,-23.425767425926814],[-46.74761436498841,-23.42583258656845],[-46.74761436498841,-23.425897747210087],[-46.747568245084544,-23.425962907851723],[-46.747568245084544,-23.42602806849336],[-46.74752212518069,-23.426093229134995],[-46.747568245084544,-23.426093229134995],[-46.747568245084544,-23.42615838977663],[-46.747568245084544,-23.426223550418268],[-46.74761436498841,-23.4262887110599],[-46.747660484892265,-23.426353871701536],[-46.74770660479612,-23.426353871701536],[-46.74770660479612,-23.426419032343173],[-46.74770660479612,-23.42648419298481],[-46.74770660479612,-23.426549353626445],[-46.74775272469998,-23.426549353626445],[-46.74775272469998,-23.42661451426808],[-46.74775272469998,-23.426679674909717],[-46.747798844603835,-23.426744835551354],[-46.747798844603835,-23.42680999619299],[-46.747798844603835,-23.426875156834626],[-46.74784496450769,-23.42694031747626],[-46.74784496450769,-23.427005478117895],[-46.74784496450769,-23.42707063875953],[-46.74789108441155,-23.427135799401167],[-46.74789108441155,-23.427200960042804],[-46.747937204315406,-23.427200960042804],[-46.747937204315406,-23.42726612068444],[-46.74798332421927,-23.427331281326076],[-46.74802944412313,-23.427331281326076],[-46.74802944412313,-23.427396441967712],[-46.74807556402698,-23.427396441967712],[-46.74807556402698,-23.42746160260935],[-46.74812168393084,-23.42746160260935],[-46.74812168393084,-23.427526763250984],[-46.74807556402698,-23.42759192389262],[-46.74802944412313,-23.42759192389262],[-46.74802944412313,-23.427657084534253],[-46.74798332421927,-23.427657084534253],[-46.747937204315406,-23.427657084534253],[-46.74789108441155,-23.427657084534253],[-46.74784496450769,-23.427657084534253],[-46.747798844603835,-23.42772224517589],[-46.747798844603835,-23.427787405817526],[-46.747798844603835,-23.427852566459162],[-46.74784496450769,-23.427917727100798],[-46.74784496450769,-23.427982887742434],[-46.74784496450769,-23.428113209025707],[-46.74784496450769,-23.428178369667343],[-46.74784496450769,-23.42824353030898],[-46.74784496450769,-23.42830869095061],[-46.747798844603835,-23.428373851592248],[-46.747798844603835,-23.428439012233884],[-46.747798844603835,-23.42850417287552],[-46.747798844603835,-23.428569333517157],[-46.747798844603835,-23.428634494158793],[-46.747798844603835,-23.42869965480043],[-46.74784496450769,-23.42869965480043],[-46.74784496450769,-23.428764815442065],[-46.74789108441155,-23.428764815442065],[-46.747937204315406,-23.428764815442065],[-46.74798332421927,-23.42869965480043],[-46.74798332421927,-23.428634494158793],[-46.74802944412313,-23.428634494158793],[-46.74807556402698,-23.42869965480043],[-46.74812168393084,-23.4288299760837],[-46.7481678038347,-23.428895136725338],[-46.748213923738554,-23.42896029736697],[-46.748213923738554,-23.429025458008606],[-46.74826004364241,-23.429090618650243],[-46.74830616354627,-23.42915577929188],[-46.74835228345013,-23.42915577929188],[-46.74839840335399,-23.42915577929188],[-46.748444523257845,-23.42915577929188],[-46.7484906431617,-23.42915577929188],[-46.7484906431617,-23.429220939933515],[-46.748444523257845,-23.429220939933515],[-46.74839840335399,-23.42928610057515],[-46.74835228345013,-23.42928610057515],[-46.74826004364241,-23.42928610057515],[-46.748213923738554,-23.42928610057515],[-46.7481678038347,-23.42928610057515],[-46.7481678038347,-23.429351261216787],[-46.74812168393084,-23.429351261216787],[-46.74807556402698,-23.429416421858424],[-46.74807556402698,-23.42948158250006],[-46.74812168393084,-23.429546743141696],[-46.7481678038347,-23.429611903783332],[-46.7481678038347,-23.429677064424965],[-46.74812168393084,-23.4297422250666],[-46.74807556402698,-23.4297422250666],[-46.74802944412313,-23.429807385708237],[-46.747937204315406,-23.429872546349873],[-46.74789108441155,-23.42993770699151],[-46.747798844603835,-23.430002867633146],[-46.74775272469998,-23.430002867633146],[-46.74770660479612,-23.430068028274782],[-46.747660484892265,-23.430133188916418],[-46.747660484892265,-23.430198349558054],[-46.74761436498841,-23.430198349558054],[-46.747568245084544,-23.430198349558054],[-46.747568245084544,-23.43026351019969],[-46.74761436498841,-23.43026351019969],[-46.747660484892265,-23.430328670841323],[-46.74775272469998,-23.43039383148296],[-46.747798844603835,-23.430458992124596],[-46.74784496450769,-23.430458992124596],[-46.74789108441155,-23.430458992124596],[-46.747937204315406,-23.430458992124596],[-46.74798332421927,-23.430458992124596],[-46.74798332421927,-23.430524152766232],[-46.74798332421927,-23.430589313407868],[-46.74802944412313,-23.430654474049504],[-46.74802944412313,-23.43071963469114],[-46.74807556402698,-23.430784795332777],[-46.74807556402698,-23.430849955974413],[-46.74807556402698,-23.43091511661605],[-46.74807556402698,-23.43098027725768],[-46.74807556402698,-23.431045437899318],[-46.74812168393084,-23.431045437899318],[-46.7481678038347,-23.431045437899318],[-46.748213923738554,-23.431045437899318],[-46.74826004364241,-23.431045437899318],[-46.74830616354627,-23.431045437899318],[-46.74835228345013,-23.431045437899318],[-46.74839840335399,-23.431045437899318],[-46.748444523257845,-23.431045437899318],[-46.74853676306556,-23.431045437899318],[-46.748582882969416,-23.431110598540954],[-46.74862900287327,-23.431110598540954],[-46.74872124268099,-23.431110598540954],[-46.74876736258485,-23.431110598540954],[-46.74881348248871,-23.431110598540954],[-46.748859602392564,-23.431110598540954],[-46.74890572229642,-23.431110598540954],[-46.74895184220028,-23.431110598540954],[-46.749090201911855,-23.431110598540954],[-46.74913632181571,-23.431110598540954],[-46.749228561623426,-23.431110598540954],[-46.74927468152728,-23.431110598540954],[-46.74932080143114,-23.431110598540954],[-46.749366921334996,-23.43117575918259],[-46.74941304123886,-23.43117575918259],[-46.74945916114272,-23.43117575918259],[-46.749505281046574,-23.43117575918259],[-46.74955140095043,-23.43117575918259],[-46.749643640758144,-23.43117575918259],[-46.74978200046972,-23.43117575918259],[-46.749874240277435,-23.43117575918259],[-46.74996648008515,-23.43117575918259],[-46.750012599989006,-23.43117575918259],[-46.75010483979672,-23.431240919824226],[-46.75015095970058,-23.431240919824226],[-46.75019707960444,-23.431240919824226],[-46.7502431995083,-23.431240919824226],[-46.750289319412154,-23.431240919824226],[-46.75033543931601,-23.431240919824226],[-46.75038155921987,-23.431240919824226],[-46.750427679123725,-23.431240919824226],[-46.75047379902758,-23.431240919824226],[-46.750519918931445,-23.431240919824226],[-46.7505660388353,-23.431240919824226],[-46.75061215873916,-23.431240919824226],[-46.750658278643016,-23.431240919824226],[-46.75070439854687,-23.431240919824226],[-46.75075051845073,-23.431240919824226],[-46.750796638354586,-23.431240919824226],[-46.75084275825844,-23.431240919824226],[-46.75088887816231,-23.431240919824226],[-46.750934998066164,-23.431240919824226],[-46.75098111797002,-23.431240919824226],[-46.75098111797002,-23.431306080465863],[-46.751073357777734,-23.431306080465863],[-46.75111947768159,-23.431306080465863],[-46.75116559758545,-23.431306080465863],[-46.751211717489305,-23.431306080465863],[-46.75125783739317,-23.431306080465863],[-46.751303957297026,-23.431306080465863],[-46.75139619710474,-23.431306080465863],[-46.751442317008596,-23.431306080465863],[-46.75148843691245,-23.431306080465863],[-46.75153455681631,-23.431306080465863],[-46.75158067672017,-23.431306080465863],[-46.75162679662403,-23.431306080465863],[-46.751719036431744,-23.431306080465863],[-46.7517651563356,-23.431306080465863],[-46.751857396143315,-23.431306080465863],[-46.75190351604717,-23.4313712411075],[-46.75194963595103,-23.4313712411075],[-46.75199575585489,-23.4313712411075],[-46.75204187575875,-23.4313712411075],[-46.752087995662606,-23.4313712411075],[-46.75213411556646,-23.4313712411075],[-46.75218023547032,-23.4313712411075],[-46.75222635537418,-23.4313712411075],[-46.75227247527803,-23.4313712411075],[-46.75231859518189,-23.4313712411075],[-46.752364715085754,-23.4313712411075],[-46.75241083498961,-23.4313712411075],[-46.75245695489347,-23.4313712411075],[-46.752503074797325,-23.431436401749135],[-46.75268755441275,-23.431436401749135],[-46.75277979422047,-23.431436401749135],[-46.75282591412433,-23.431436401749135],[-46.75291815393204,-23.431436401749135],[-46.75301039373976,-23.431436401749135],[-46.75310263354748,-23.431436401749135],[-46.75319487335519,-23.431436401749135],[-46.75337935297062,-23.431436401749135],[-46.75347159277834,-23.431436401749135],[-46.75360995248991,-23.43150156239077],[-46.753702192297624,-23.43150156239077],[-46.75379443210534,-23.43150156239077],[-46.75388667191306,-23.43150156239077],[-46.753932791816915,-23.43150156239077],[-46.75402503162463,-23.43150156239077],[-46.754071151528485,-23.43150156239077],[-46.754163391336206,-23.43150156239077],[-46.75425563114392,-23.43150156239077],[-46.75430175104778,-23.43150156239077],[-46.754347870951634,-23.43150156239077],[-46.75439399085549,-23.431566723032407],[-46.75444011075935,-23.431566723032407],[-46.754486230663204,-23.431566723032407],[-46.75453235056707,-23.431566723032407],[-46.754578470470925,-23.431566723032407],[-46.75462459037478,-23.431566723032407],[-46.75467071027864,-23.431566723032407],[-46.754716830182495,-23.431566723032407],[-46.75476295008635,-23.431566723032407],[-46.75480906999021,-23.431566723032407],[-46.754855189894066,-23.431566723032407],[-46.75490130979793,-23.431566723032407],[-46.75494742970179,-23.431566723032407],[-46.75499354960564,-23.431566723032407],[-46.7550396695095,-23.431566723032407],[-46.75508578941336,-23.431566723032407],[-46.755131909317214,-23.431566723032407],[-46.75517802922107,-23.43163188367404],[-46.75522414912493,-23.43163188367404],[-46.75527026902879,-23.43163188367404],[-46.75531638893265,-23.43163188367404],[-46.755362508836505,-23.43163188367404],[-46.75540862874036,-23.43163188367404],[-46.75545474864422,-23.43163188367404],[-46.75554698845193,-23.43163188367404],[-46.75559310835579,-23.43163188367404],[-46.75563922825965,-23.43163188367404],[-46.75568534816351,-23.43163188367404],[-46.755777587971224,-23.43163188367404],[-46.75582370787508,-23.43163188367404],[-46.75586982777894,-23.43163188367404],[-46.755915947682794,-23.43163188367404],[-46.75596206758665,-23.43163188367404],[-46.756008187490515,-23.43163188367404],[-46.75610042729823,-23.43163188367404],[-46.75619266710594,-23.43163188367404],[-46.7562387870098,-23.43163188367404],[-46.75637714672138,-23.43163188367404],[-46.75651550643295,-23.43163188367404],[-46.756561626336804,-23.43163188367404],[-46.75660774624066,-23.43163188367404],[-46.756699986048375,-23.43163188367404],[-46.75674610595224,-23.431697044315676],[-46.75688446566381,-23.431697044315676],[-46.75702282537538,-23.431697044315676],[-46.75706894527924,-23.431697044315676],[-46.75716118508696,-23.431697044315676],[-46.75725342489467,-23.431697044315676],[-46.757345664702385,-23.431697044315676],[-46.75739178460624,-23.431697044315676],[-46.75748402441396,-23.431697044315676],[-46.757576264221676,-23.431697044315676],[-46.75762238412553,-23.431697044315676],[-46.75766850402939,-23.431697044315676],[-46.757714623933246,-23.431697044315676],[-46.7577607438371,-23.431697044315676],[-46.75780686374096,-23.431697044315676],[-46.757852983644824,-23.431697044315676],[-46.75789910354868,-23.431697044315676],[-46.75803746326025,-23.431697044315676],[-46.758221942875686,-23.431697044315676],[-46.75840642249111,-23.431697044315676],[-46.75859090210655,-23.431697044315676],[-46.75872926181812,-23.431697044315676],[-46.758775381721975,-23.431697044315676],[-46.75882150162583,-23.431697044315676],[-46.75886762152969,-23.431697044315676],[-46.758913741433545,-23.431697044315676],[-46.75895986133741,-23.431697044315676],[-46.759005981241266,-23.431697044315676],[-46.75905210114512,-23.431697044315676],[-46.75909822104898,-23.431697044315676],[-46.75923658076055,-23.431762204957312],[-46.759282700664414,-23.431762204957312],[-46.75932882056827,-23.431762204957312],[-46.75937494047213,-23.431762204957312],[-46.759421060375985,-23.431762204957312],[-46.75946718027984,-23.431762204957312],[-46.7595133001837,-23.431762204957312],[-46.75960553999141,-23.431762204957312],[-46.759651659895276,-23.431762204957312],[-46.75969777979913,-23.431762204957312],[-46.75974389970299,-23.431762204957312],[-46.75979001960685,-23.431762204957312],[-46.7598361395107,-23.431762204957312],[-46.75988225941456,-23.431762204957312],[-46.75992837931842,-23.431762204957312],[-46.759974499222274,-23.431762204957312],[-46.76002061912614,-23.431762204957312],[-46.760066739029995,-23.431762204957312],[-46.760205098741565,-23.431762204957312],[-46.76025121864542,-23.431762204957312],[-46.760343458453136,-23.431762204957312],[-46.760389578357,-23.431762204957312],[-46.760435698260856,-23.43182736559895],[-46.760712417684,-23.43182736559895],[-46.76075853758786,-23.43182736559895],[-46.760850777395575,-23.43182736559895],[-46.76094301720329,-23.43182736559895],[-46.760989137107146,-23.43182736559895],[-46.76108137691486,-23.43182736559895],[-46.76121973662644,-23.43182736559895],[-46.76131197643415,-23.43182736559895],[-46.761496456049585,-23.43182736559895],[-46.76154257595344,-23.43182736559895],[-46.7615886958573,-23.43182736559895],[-46.76168093566501,-23.43182736559895],[-46.761773175472726,-23.431892526240585],[-46.76181929537658,-23.43195768688222],[-46.76181929537658,-23.432022847523857],[-46.76181929537658,-23.432088008165493],[-46.76186541528045,-23.43215316880713],[-46.7619115351843,-23.432218329448766],[-46.76195765508816,-23.432348650732035],[-46.76195765508816,-23.43241381137367],[-46.76195765508816,-23.432478972015307],[-46.7619115351843,-23.43260929329858],[-46.76186541528045,-23.432739614581852],[-46.76186541528045,-23.432804775223488],[-46.7619115351843,-23.432804775223488],[-46.7619115351843,-23.432869935865124],[-46.7619115351843,-23.43293509650676],[-46.7619115351843,-23.433000257148393],[-46.76195765508816,-23.433000257148393],[-46.76195765508816,-23.43306541779003],[-46.76200377499202,-23.4331957390733],[-46.762049894895874,-23.433260899714938],[-46.76209601479973,-23.433326060356574],[-46.76214213470359,-23.433326060356574],[-46.762188254607445,-23.43339122099821],[-46.76223437451131,-23.43339122099821],[-46.762280494415165,-23.43339122099821],[-46.76232661431902,-23.43339122099821],[-46.76232661431902,-23.433456381639846],[-46.76237273422288,-23.433521542281483],[-46.762418854126736,-23.433521542281483],[-46.762418854126736,-23.43358670292312],[-46.76246497403059,-23.43358670292312],[-46.76246497403059,-23.43365186356475],[-46.76251109393445,-23.43365186356475],[-46.762557213838306,-23.43365186356475],[-46.76260333374217,-23.43358670292312],[-46.76264945364603,-23.43358670292312],[-46.762695573549884,-23.43358670292312],[-46.76274169345374,-23.43358670292312],[-46.7627878133576,-23.43358670292312],[-46.762833933261454,-23.43358670292312],[-46.76288005316531,-23.43365186356475],[-46.76292617306917,-23.43365186356475],[-46.76297229297303,-23.433717024206388],[-46.76301841287689,-23.433717024206388],[-46.763064532780746,-23.433782184848024],[-46.7631106526846,-23.433782184848024],[-46.76315677258846,-23.43384734548966],[-46.763202892492316,-23.433912506131296],[-46.76324901239617,-23.433977666772932],[-46.76324901239617,-23.43404282741457],[-46.76329513230003,-23.434107988056205],[-46.763341252203894,-23.434107988056205],[-46.76343349201161,-23.434107988056205],[-46.76352573181932,-23.434107988056205],[-46.76352573181932,-23.43417314869784],[-46.76352573181932,-23.434238309339477],[-46.76357185172318,-23.434238309339477],[-46.76357185172318,-23.43430346998111],[-46.763617971627035,-23.43430346998111],[-46.763617971627035,-23.434368630622746],[-46.76366409153089,-23.434368630622746],[-46.763710211434756,-23.434433791264382],[-46.763710211434756,-23.43449895190602],[-46.76375633133861,-23.43449895190602],[-46.76375633133861,-23.434564112547655],[-46.76380245124247,-23.43462927318929],[-46.76380245124247,-23.434694433830927],[-46.76380245124247,-23.434759594472563],[-46.76375633133861,-23.434759594472563],[-46.76375633133861,-23.4348247551142],[-46.76375633133861,-23.434889915755836],[-46.76375633133861,-23.434955076397472],[-46.76375633133861,-23.435020237039105],[-46.76380245124247,-23.435020237039105],[-46.76380245124247,-23.43508539768074],[-46.76380245124247,-23.435150558322377],[-46.76380245124247,-23.435215718964013],[-46.763848571146326,-23.435215718964013],[-46.763848571146326,-23.43528087960565],[-46.76389469105018,-23.43528087960565],[-46.76394081095404,-23.435346040247286],[-46.7639869308579,-23.435346040247286],[-46.76407917066562,-23.43541120088892],[-46.76417141047333,-23.435476361530558],[-46.76421753037719,-23.435476361530558],[-46.764263650281045,-23.435541522172194],[-46.7643097701849,-23.435541522172194],[-46.76435589008876,-23.435541522172194],[-46.76440200999262,-23.43560668281383],[-46.76440200999262,-23.435671843455463],[-46.76444812989648,-23.435671843455463],[-46.764494249800336,-23.435802164738735],[-46.764494249800336,-23.43586732538037],[-46.76454036970419,-23.435932486022008],[-46.76454036970419,-23.435997646663644],[-46.76458648960805,-23.435997646663644],[-46.76458648960805,-23.43606280730528],[-46.76463260951191,-23.436127967946916],[-46.76463260951191,-23.436193128588553],[-46.76467872941576,-23.43625828923019],[-46.76472484931962,-23.43625828923019],[-46.764770969223484,-23.436388610513458],[-46.764770969223484,-23.436453771155094],[-46.76481708912734,-23.436453771155094],[-46.76481708912734,-23.43651893179673],[-46.7648632090312,-23.436584092438366],[-46.76481708912734,-23.436584092438366],[-46.764770969223484,-23.436649253080002],[-46.76472484931962,-23.43671441372164],[-46.76472484931962,-23.436779574363275],[-46.76467872941576,-23.43684473500491],[-46.76463260951191,-23.43684473500491],[-46.76458648960805,-23.436909895646547],[-46.764494249800336,-23.437040216929816],[-46.764494249800336,-23.437105377571452],[-46.76444812989648,-23.437105377571452],[-46.76444812989648,-23.43717053821309],[-46.764494249800336,-23.437235698854725],[-46.764494249800336,-23.43730085949636],[-46.764494249800336,-23.437366020137997],[-46.76454036970419,-23.437366020137997],[-46.764494249800336,-23.437431180779633],[-46.764494249800336,-23.43749634142127],[-46.764494249800336,-23.437561502062906],[-46.76454036970419,-23.437561502062906],[-46.76454036970419,-23.43762666270454],[-46.76458648960805,-23.437691823346174],[-46.76463260951191,-23.437691823346174],[-46.76467872941576,-23.437691823346174],[-46.76472484931962,-23.437691823346174],[-46.76472484931962,-23.43775698398781],[-46.764770969223484,-23.43775698398781],[-46.76481708912734,-23.43775698398781],[-46.76481708912734,-23.437822144629447],[-46.7648632090312,-23.437822144629447],[-46.76495544883891,-23.437887305271083],[-46.76495544883891,-23.43795246591272],[-46.76495544883891,-23.438017626554355],[-46.76500156874277,-23.438017626554355],[-46.765047688646625,-23.43808278719599],[-46.765047688646625,-23.438147947837628],[-46.765047688646625,-23.438213108479264],[-46.765047688646625,-23.4382782691209],[-46.765047688646625,-23.438343429762533],[-46.76500156874277,-23.43840859040417],[-46.76500156874277,-23.438473751045805],[-46.76495544883891,-23.43853891168744],[-46.76495544883891,-23.438604072329078],[-46.76495544883891,-23.438669232970714],[-46.765047688646625,-23.438799554253986],[-46.765047688646625,-23.43892987553726],[-46.765047688646625,-23.438995036178895],[-46.765047688646625,-23.439060196820527],[-46.765047688646625,-23.439125357462164],[-46.76509380855048,-23.4391905181038],[-46.765139928454346,-23.439255678745436],[-46.765139928454346,-23.439320839387072],[-46.7651860483582,-23.43938600002871],[-46.7651860483582,-23.439451160670345],[-46.7651860483582,-23.43951632131198],[-46.7651860483582,-23.439581481953617],[-46.76523216826206,-23.43984212452016],[-46.76523216826206,-23.439907285161794],[-46.765278288165916,-23.440102767086703],[-46.76523216826206,-23.440102767086703],[-46.765139928454346,-23.440558891578153],[-46.765139928454346,-23.44062405221979],[-46.76509380855048,-23.440884694786334],[-46.76500156874277,-23.441015016069606],[-46.76500156874277,-23.44108017671124],[-46.76495544883891,-23.441145337352875],[-46.76495544883891,-23.441275658636147],[-46.76495544883891,-23.441340819277784],[-46.76495544883891,-23.44140597991942],[-46.76495544883891,-23.441536301202692],[-46.764909328935055,-23.44160146184433],[-46.76495544883891,-23.441666622485965],[-46.76495544883891,-23.441796943769234],[-46.765047688646625,-23.441927265052506],[-46.765047688646625,-23.44205758633578],[-46.765047688646625,-23.44218790761905],[-46.76500156874277,-23.442253068260687],[-46.76500156874277,-23.442318228902323],[-46.76500156874277,-23.442448550185592],[-46.76500156874277,-23.442513710827228],[-46.76500156874277,-23.442578871468864],[-46.76500156874277,-23.4426440321105],[-46.765047688646625,-23.442709192752137],[-46.765047688646625,-23.442774353393773],[-46.765047688646625,-23.442904674677045],[-46.765047688646625,-23.44296983531868],[-46.765047688646625,-23.443034995960318],[-46.76500156874277,-23.44310015660195],[-46.76495544883891,-23.443165317243587],[-46.76500156874277,-23.443230477885223],[-46.76500156874277,-23.44329563852686],[-46.765047688646625,-23.443360799168495],[-46.7651860483582,-23.44342595981013],[-46.76523216826206,-23.443491120451768],[-46.765278288165916,-23.443556281093404],[-46.76532440806977,-23.443556281093404],[-46.76537052797363,-23.443556281093404],[-46.76541664787749,-23.443556281093404],[-46.765462767781344,-23.44362144173504],[-46.76550888768521,-23.443686602376676],[-46.765555007589064,-23.44375176301831],[-46.765555007589064,-23.443816923659945],[-46.76560112749292,-23.443947244943217],[-46.76564724739678,-23.443947244943217],[-46.765693367300635,-23.443947244943217],[-46.76573948720449,-23.444012405584854],[-46.76578560710835,-23.44407756622649],[-46.76578560710835,-23.444142726868126],[-46.76578560710835,-23.444207887509762],[-46.765831727012205,-23.4442730481514],[-46.765831727012205,-23.444338208793035],[-46.765831727012205,-23.444403369434667],[-46.76587784691607,-23.444403369434667],[-46.765923966819926,-23.444468530076303],[-46.76601620662764,-23.444468530076303],[-46.766108446435354,-23.444468530076303],[-46.76615456633921,-23.44453369071794],[-46.76620068624307,-23.44453369071794],[-46.76624680614693,-23.444598851359576],[-46.76629292605079,-23.444664012001212],[-46.76629292605079,-23.444729172642848],[-46.76629292605079,-23.444794333284484],[-46.766339045954645,-23.44485949392612],[-46.7663851658585,-23.444924654567757],[-46.7663851658585,-23.444989815209393],[-46.76643128576236,-23.44505497585103],[-46.76643128576236,-23.445120136492662],[-46.76643128576236,-23.445185297134298],[-46.766477405666215,-23.445250457775934],[-46.76652352557007,-23.44531561841757],[-46.76656964547393,-23.445380779059207],[-46.76656964547393,-23.445445939700843],[-46.76652352557007,-23.445445939700843],[-46.76652352557007,-23.44551110034248],[-46.76652352557007,-23.445576260984115],[-46.76652352557007,-23.44564142162575],[-46.766477405666215,-23.445706582267388],[-46.76643128576236,-23.44577174290902],[-46.7663851658585,-23.445902064192293],[-46.766339045954645,-23.44596722483393],[-46.76629292605079,-23.44596722483393],[-46.76624680614693,-23.446032385475565],[-46.76624680614693,-23.4460975461172],[-46.76620068624307,-23.446162706758837],[-46.76615456633921,-23.446162706758837],[-46.76615456633921,-23.446227867400474],[-46.766108446435354,-23.44629302804211],[-46.766108446435354,-23.446358188683746],[-46.766108446435354,-23.44642334932538],[-46.7660623265315,-23.44642334932538],[-46.7660623265315,-23.446488509967015],[-46.7660623265315,-23.44655367060865],[-46.7660623265315,-23.446618831250287],[-46.766108446435354,-23.446683991891923],[-46.766108446435354,-23.44674915253356],[-46.766108446435354,-23.446814313175196],[-46.76620068624307,-23.446879473816832],[-46.76620068624307,-23.446944634458468],[-46.76624680614693,-23.446944634458468],[-46.766339045954645,-23.447009795100104],[-46.76643128576236,-23.44707495574174],[-46.766477405666215,-23.447140116383373],[-46.76656964547393,-23.44720527702501],[-46.76666188528165,-23.44720527702501],[-46.76670800518551,-23.447270437666646],[-46.76680024499322,-23.447270437666646],[-46.76684636489708,-23.447270437666646],[-46.766892484800934,-23.447335598308282],[-46.766984724608655,-23.447335598308282],[-46.76703084451251,-23.447335598308282],[-46.76707696441637,-23.447335598308282],[-46.767123084320225,-23.447400758949918],[-46.76721532412794,-23.447400758949918],[-46.767261444031796,-23.447465919591554],[-46.76730756393565,-23.44753108023319],[-46.76735368383952,-23.44753108023319],[-46.76739980374337,-23.447596240874827],[-46.76739980374337,-23.447661401516463],[-46.76744592364723,-23.447661401516463],[-46.76749204355109,-23.4477265621581],[-46.76749204355109,-23.44779172279973],[-46.767538163454944,-23.44779172279973],[-46.767538163454944,-23.447856883441368],[-46.7675842833588,-23.447856883441368],[-46.7675842833588,-23.447922044083004],[-46.76763040326266,-23.447922044083004],[-46.767676523166514,-23.44798720472464],[-46.76772264307038,-23.44798720472464],[-46.767768762974235,-23.448052365366276],[-46.76781488287809,-23.448052365366276],[-46.76781488287809,-23.448117526007913],[-46.76786100278195,-23.448117526007913],[-46.767907122685806,-23.448117526007913],[-46.76799936249352,-23.448117526007913],[-46.76799936249352,-23.44818268664955],[-46.76809160230124,-23.44818268664955],[-46.768183842108954,-23.448247847291185],[-46.76822996201281,-23.448247847291185],[-46.76827608191667,-23.44831300793282],[-46.768322201820524,-23.44831300793282],[-46.76836832172438,-23.44831300793282],[-46.76841444162824,-23.448378168574457],[-46.7684605615321,-23.448378168574457],[-46.76850668143596,-23.448378168574457],[-46.768552801339816,-23.44844332921609],[-46.76859892124367,-23.44844332921609],[-46.76859892124367,-23.448508489857726],[-46.76864504114753,-23.448508489857726],[-46.768691161051386,-23.448508489857726],[-46.76873728095524,-23.448573650499362],[-46.768829520762964,-23.448638811141],[-46.768967880474534,-23.448638811141],[-46.769106240186105,-23.448703971782635],[-46.769198479993825,-23.448703971782635],[-46.76929071980154,-23.44876913242427],[-46.76938295960925,-23.44876913242427],[-46.76942907951311,-23.448899453707543],[-46.769475199416966,-23.448899453707543],[-46.76952131932083,-23.44896461434918],[-46.76952131932083,-23.449094935632452],[-46.76956743922469,-23.449160096274085],[-46.76956743922469,-23.44922525691572],[-46.769613559128544,-23.44922525691572],[-46.769613559128544,-23.449290417557357],[-46.769613559128544,-23.449355578198993],[-46.7696596790324,-23.449355578198993],[-46.7696596790324,-23.44942073884063],[-46.7696596790324,-23.449485899482266],[-46.7696596790324,-23.449551060123902],[-46.7696596790324,-23.449616220765538],[-46.7696596790324,-23.449681381407174],[-46.76970579893626,-23.449681381407174],[-46.76970579893626,-23.44974654204881],[-46.76970579893626,-23.449811702690443],[-46.76970579893626,-23.44987686333208],[-46.76970579893626,-23.449942023973716],[-46.769751918840115,-23.449942023973716],[-46.769751918840115,-23.45000718461535],[-46.76979803874397,-23.450072345256988],[-46.76984415864783,-23.450072345256988],[-46.76989027855169,-23.450137505898624],[-46.76993639845555,-23.450267827181897],[-46.769982518359406,-23.450332987823533],[-46.769982518359406,-23.45039814846517],[-46.769982518359406,-23.4504633091068],[-46.76993639845555,-23.450528469748438],[-46.76989027855169,-23.450593630390074],[-46.76989027855169,-23.45065879103171],[-46.76984415864783,-23.450789112314983],[-46.76979803874397,-23.45085427295662],[-46.76979803874397,-23.450919433598255],[-46.769751918840115,-23.450919433598255],[-46.769751918840115,-23.45098459423989],[-46.76970579893626,-23.451049754881527],[-46.76970579893626,-23.451114915523164],[-46.7696596790324,-23.451180076164796],[-46.76970579893626,-23.451245236806432],[-46.76970579893626,-23.45131039744807],[-46.76970579893626,-23.451375558089705],[-46.76970579893626,-23.45144071873134],[-46.76970579893626,-23.451505879372977],[-46.769751918840115,-23.451505879372977],[-46.769751918840115,-23.451571040014613],[-46.769751918840115,-23.45163620065625],[-46.76979803874397,-23.45163620065625],[-46.76979803874397,-23.451701361297886],[-46.76979803874397,-23.451766521939522],[-46.76984415864783,-23.451831682581155],[-46.76984415864783,-23.45189684322279],[-46.76984415864783,-23.451962003864427],[-46.76989027855169,-23.451962003864427],[-46.76989027855169,-23.452027164506063],[-46.76993639845555,-23.4520923251477],[-46.76993639845555,-23.452157485789336],[-46.769982518359406,-23.45222264643097],[-46.77002863826326,-23.452287807072608],[-46.77002863826326,-23.452352967714244],[-46.77007475816712,-23.45241812835588],[-46.77007475816712,-23.452483288997513],[-46.770120878070976,-23.452483288997513],[-46.770120878070976,-23.45254844963915],[-46.770120878070976,-23.452613610280785],[-46.77016699797483,-23.452613610280785],[-46.77016699797483,-23.45267877092242],[-46.77016699797483,-23.452743931564058],[-46.77021311787869,-23.452743931564058],[-46.77021311787869,-23.452809092205694],[-46.77021311787869,-23.45287425284733],[-46.77021311787869,-23.452939413488966],[-46.77021311787869,-23.453004574130603],[-46.770259237782554,-23.453004574130603],[-46.770259237782554,-23.45306973477224],[-46.770259237782554,-23.453134895413875],[-46.770259237782554,-23.453200056055508],[-46.77030535768641,-23.453200056055508],[-46.77030535768641,-23.453265216697144],[-46.77030535768641,-23.45333037733878],[-46.77035147759027,-23.45333037733878],[-46.770397597494124,-23.453395537980416],[-46.771735074706,-23.453004574130603],[-46.77542466701462,-23.453916823113502],[-46.77551690682233,-23.461801260751443],[-46.77551690682233,-23.461866421393076],[-46.77551690682233,-23.462061903317984],[-46.77551690682233,-23.462257385242893],[-46.77551690682233,-23.462387706526165],[-46.77551690682233,-23.462518027809438],[-46.77551690682233,-23.46258318845107],[-46.77551690682233,-23.462843831017615],[-46.77551690682233,-23.463299955509065],[-46.77551690682233,-23.4633651161507],[-46.775470786918476,-23.463495437433973],[-46.775470786918476,-23.46356059807561],[-46.775470786918476,-23.463625758717246],[-46.775470786918476,-23.463690919358882],[-46.775470786918476,-23.46375608000052],[-46.775470786918476,-23.463821240642154],[-46.775470786918476,-23.463886401283787],[-46.775470786918476,-23.463951561925423],[-46.775470786918476,-23.46401672256706],[-46.775470786918476,-23.464081883208696],[-46.775470786918476,-23.464147043850332],[-46.775470786918476,-23.464212204491968],[-46.775470786918476,-23.464277365133604],[-46.775470786918476,-23.46434252577524],[-46.775470786918476,-23.464472847058513],[-46.775470786918476,-23.46453800770015],[-46.775470786918476,-23.46460316834178],[-46.775470786918476,-23.46479865026669],[-46.775470786918476,-23.464863810908327],[-46.775470786918476,-23.464928971549963],[-46.775470786918476,-23.4649941321916],[-46.775470786918476,-23.465059292833235],[-46.775470786918476,-23.46512445347487],[-46.775470786918476,-23.465189614116507],[-46.775470786918476,-23.46525477475814],[-46.775470786918476,-23.465319935399776],[-46.775470786918476,-23.465385096041413],[-46.775470786918476,-23.46545025668305],[-46.775470786918476,-23.465515417324685],[-46.775470786918476,-23.46558057796632],[-46.775470786918476,-23.465645738607957],[-46.775470786918476,-23.465710899249594],[-46.775470786918476,-23.46577605989123],[-46.775470786918476,-23.465841220532866],[-46.775470786918476,-23.4659063811745],[-46.775470786918476,-23.465971541816135],[-46.77551690682233,-23.466101863099407],[-46.77556302672619,-23.466167023741043],[-46.77556302672619,-23.46623218438268],[-46.775609146630046,-23.466362505665952],[-46.7756552665339,-23.466492826949224],[-46.7756552665339,-23.466623148232493],[-46.77570138643776,-23.46668830887413],[-46.775747506341624,-23.466883790799038],[-46.775747506341624,-23.466948951440674],[-46.77583974614934,-23.467079272723947],[-46.775885866053194,-23.46720959400722],[-46.775885866053194,-23.467339915290488],[-46.77593198595705,-23.467405075932124],[-46.77593198595705,-23.467535397215396],[-46.77593198595705,-23.46766571849867],[-46.77593198595705,-23.467730879140305],[-46.77593198595705,-23.46779603978194],[-46.77593198595705,-23.46792636106521],[-46.77593198595705,-23.46812184299012],[-46.775885866053194,-23.468512806839936],[-46.77593198595705,-23.46870828876484],[-46.77593198595705,-23.468773449406477],[-46.77593198595705,-23.468838610048113],[-46.77593198595705,-23.46890377068975],[-46.775885866053194,-23.468968931331386],[-46.775885866053194,-23.469034091973022],[-46.77583974614934,-23.469099252614658],[-46.77579362624548,-23.469099252614658],[-46.77579362624548,-23.469164413256294],[-46.77579362624548,-23.46922957389793],[-46.77579362624548,-23.469294734539563],[-46.775747506341624,-23.4693598951812],[-46.775747506341624,-23.469425055822835],[-46.775747506341624,-23.46949021646447],[-46.7756552665339,-23.469555377106108],[-46.77556302672619,-23.469620537747744],[-46.77551690682233,-23.469620537747744],[-46.775470786918476,-23.46968569838938],[-46.77542466701462,-23.469750859031016],[-46.77542466701462,-23.469816019672653],[-46.77542466701462,-23.46988118031429],[-46.77537854711076,-23.46994634095592],[-46.77537854711076,-23.470011501597558],[-46.7753324272069,-23.470076662239194],[-46.77528630730304,-23.47014182288083],[-46.775240187399184,-23.470206983522466],[-46.77519406749533,-23.470272144164102],[-46.775101827687614,-23.47033730480574],[-46.77505570778376,-23.470402465447375],[-46.77505570778376,-23.47046762608901],[-46.7750095878799,-23.470597947372283],[-46.7750095878799,-23.470728268655552],[-46.7750095878799,-23.47079342929719],[-46.7750095878799,-23.470988911222097],[-46.774963467976036,-23.471054071863733],[-46.774963467976036,-23.47111923250537],[-46.774963467976036,-23.471184393147006],[-46.774963467976036,-23.471249553788642],[-46.774963467976036,-23.471314714430275],[-46.774963467976036,-23.47137987507191],[-46.77491734807218,-23.471445035713547],[-46.774963467976036,-23.47157535699682],[-46.774963467976036,-23.471640517638455],[-46.774963467976036,-23.47170567828009],[-46.7750095878799,-23.471770838921728],[-46.7750095878799,-23.471835999563364],[-46.7750095878799,-23.471901160205],[-46.77505570778376,-23.471966320846633],[-46.77505570778376,-23.47203148148827],[-46.77505570778376,-23.472096642129905],[-46.775101827687614,-23.472096642129905],[-46.775101827687614,-23.472226963413178],[-46.77514794759147,-23.472226963413178],[-46.77519406749533,-23.47235728469645],[-46.77519406749533,-23.472422445338086],[-46.775240187399184,-23.472487605979723],[-46.775240187399184,-23.47255276662136],[-46.77528630730304,-23.472617927262995],[-46.77528630730304,-23.472683087904628],[-46.7753324272069,-23.472748248546264]]]}}]}