{"type":"FeatureCollection","features":[{"type":"Feature","properties":{"DATA_ULT_A":"2009/10/09","DATA_CRIAC":"2009/10/09","id":"02","name":"Pirituba/Jaraguá","area":54.7,"pop_2010":437592,"pop_density_2010":8000,"budget_2015":44277543},"geometry":{"type":"Polygon","coordinates":[[[-46.7753324272069,-23.472748248546264],[-46.77528630730304,-23.472683087904628],[-46.77528630730304,-23.472617927262995],[-46.775240187399184,-23.47255276662136],[-46.775240187399184,-23.472487605979723],[-46.77519406749533,-23.472422445338086],[-46.77519406749533,-23.47235728469645],[-46.77514794759147,-23.472226963413178],[-46.775101827687614,-23.472226963413178],[-46.775101827687614,-23.472096642129905],[-46.77505570778376,-23.472096642129905],[-46.77505570778376,-23.47203148148827],[-46.77505570778376,-23.471966320846633],[-46.7750095878799,-23.471901160205],[-46.7750095878799,-23.471835999563364],[-46.7750095878799,-23.471770838921728],[-46.774963467976036,-23.47170567828009],[-46.774963467976036,-23.471640517638455],[-46.774963467976036,-23.47157535699682],[-46.77491734807218,-23.471445035713547],[-46.774963467976036,-23.47137987507191],[-46.774963467976036,-23.471314714430275],[-46.774963467976036,-23.471249553788642],[-46.774963467976036,-23.471184393147006],[-46.774963467976036,-23.47111923250537],[-46.774963467976036,-23.471054071863733],[-46.7750095878799,-23.470988911222097],[-46.7750095878799,-23.47079342929719],[-46.7750095878799,-23.470728268655552],[-46.7750095878799,-23.470597947372283],[-46.77505570778376,-23.47046762608901],[-46.77505570778376,-23.470402465447375],[-46.775101827687614,-23.47033730480574],[-46.77519406749533,-23.470272144164102],[-46.775240187399184,-23.470206983522466],[-46.77528630730304,-23.47014182288083],[-46.7753324272069,-23.470076662239194],[-46.77537854711076,-23.470011501597558],[-46.77537854711076,-23.46994634095592],[-46.77542466701462,-23.46988118031429],[-46.77542466701462,-23.469816019672653],[-46.77542466701462,-23.469750859031016],[-46.775470786918476,-23.46968569838938],[-46.77551690682233,-23.469620537747744],[-46.77556302672619,-23.469620537747744],[-46.7756552665339,-23.469555377106108],[-46.775747506341624,-23.46949021646447],[-46.775747506341624,-23.469425055822835],[-46.775747506341624,-23.4693598951812],[-46.77579362624548,-23.469294734539563],[-46.77579362624548,-23.46922957389793],[-46.77579362624548,-23.469164413256294],[-46.77579362624548,-23.469099252614658],[-46.77583974614934,-23.469099252614658],[-46.775885866053194,-23.469034091973022],[-46.775885866053194,-23.468968931331386],[-46.77593198595705,-23.46890377068975],[-46.77593198595705,-23.468838610048113],[-46.77593198595705,-23.468773449406477],[-46.77593198595705,-23.46870828876484],[-46.775885866053194,-23.468512806839936],[-46.77593198595705,-23.46812184299012],[-46.77593198595705,-23.46792636106521],[-46.77593198595705,-23.46779603978194],[-46.77593198595705,-23.467730879140305],[-46.77593198595705,-23.46766571849867],[-46.77593198595705,-23.467535397215396],[-46.77593198595705,-23.467405075932124],[-46.775885866053194,-23.467339915290488],[-46.775885866053194,-23.46720959400722],[-46.77583974614934,-23.467079272723947],[-46.775747506341624,-23.466948951440674],[-46.775747506341624,-23.466883790799038],[-46.77570138643776,-23.46668830887413],[-46.7756552665339,-23.466623148232493],[-46.7756552665339,-23.466492826949224],[-46.775609146630046,-23.466362505665952],[-46.77556302672619,-23.46623218438268],[-46.77556302672619,-23.466167023741043],[-46.77551690682233,-23.466101863099407],[-46.775470786918476,-23.465971541816135],[-46.775470786918476,-23.4659063811745],[-46.775470786918476,-23.465841220532866],[-46.775470786918476,-23.46577605989123],[-46.775470786918476,-23.465710899249594],[-46.775470786918476,-23.465645738607957],[-46.775470786918476,-23.46558057796632],[-46.775470786918476,-23.465515417324685],[-46.775470786918476,-23.46545025668305],[-46.775470786918476,-23.465385096041413],[-46.775470786918476,-23.465319935399776],[-46.775470786918476,-23.46525477475814],[-46.775470786918476,-23.465189614116507],[-46.775470786918476,-23.46512445347487],[-46.775470786918476,-23.465059292833235],[-46.775470786918476,-23.4649941321916],[-46.775470786918476,-23.464928971549963],[-46.775470786918476,-23.464863810908327],[-46.775470786918476,-23.46479865026669],[-46.775470786918476,-23.46460316834178],[-46.775470786918476,-23.46453800770015],[-46.775470786918476,-23.464472847058513],[-46.775470786918476,-23.46434252577524],[-46.775470786918476,-23.464277365133604],[-46.775470786918476,-23.464212204491968],[-46.775470786918476,-23.464147043850332],[-46.775470786918476,-23.464081883208696],[-46.775470786918476,-23.46401672256706],[-46.775470786918476,-23.463951561925423],[-46.775470786918476,-23.463886401283787],[-46.775470786918476,-23.463821240642154],[-46.775470786918476,-23.46375608000052],[-46.775470786918476,-23.463690919358882],[-46.775470786918476,-23.463625758717246],[-46.775470786918476,-23.46356059807561],[-46.775470786918476,-23.463495437433973],[-46.77551690682233,-23.4633651161507],[-46.77551690682233,-23.463299955509065],[-46.77551690682233,-23.462843831017615],[-46.77551690682233,-23.46258318845107],[-46.77551690682233,-23.462518027809438],[-46.77551690682233,-23.462387706526165],[-46.77551690682233,-23.462257385242893],[-46.77551690682233,-23.462061903317984],[-46.77551690682233,-23.461866421393076],[-46.77551690682233,-23.461801260751443],[-46.77542466701462,-23.453916823113502],[-46.771735074706,-23.453004574130603],[-46.770397597494124,-23.453395537980416],[-46.77035147759027,-23.45333037733878],[-46.77030535768641,-23.45333037733878],[-46.77030535768641,-23.453265216697144],[-46.77030535768641,-23.453200056055508],[-46.770259237782554,-23.453200056055508],[-46.770259237782554,-23.453134895413875],[-46.770259237782554,-23.45306973477224],[-46.770259237782554,-23.453004574130603],[-46.77021311787869,-23.453004574130603],[-46.77021311787869,-23.452939413488966],[-46.77021311787869,-23.45287425284733],[-46.77021311787869,-23.452809092205694],[-46.77021311787869,-23.452743931564058],[-46.77016699797483,-23.452743931564058],[-46.77016699797483,-23.45267877092242],[-46.77016699797483,-23.452613610280785],[-46.770120878070976,-23.452613610280785],[-46.770120878070976,-23.45254844963915],[-46.770120878070976,-23.452483288997513],[-46.77007475816712,-23.452483288997513],[-46.77007475816712,-23.45241812835588],[-46.77002863826326,-23.452352967714244],[-46.77002863826326,-23.452287807072608],[-46.769982518359406,-23.45222264643097],[-46.76993639845555,-23.452157485789336],[-46.76993639845555,-23.4520923251477],[-46.76989027855169,-23.452027164506063],[-46.76989027855169,-23.451962003864427],[-46.76984415864783,-23.451962003864427],[-46.76984415864783,-23.45189684322279],[-46.76984415864783,-23.451831682581155],[-46.76979803874397,-23.451766521939522],[-46.76979803874397,-23.451701361297886],[-46.76979803874397,-23.45163620065625],[-46.769751918840115,-23.45163620065625],[-46.769751918840115,-23.451571040014613],[-46.769751918840115,-23.451505879372977],[-46.76970579893626,-23.451505879372977],[-46.76970579893626,-23.45144071873134],[-46.76970579893626,-23.451375558089705],[-46.76970579893626,-23.45131039744807],[-46.76970579893626,-23.451245236806432],[-46.7696596790324,-23.451180076164796],[-46.76970579893626,-23.451114915523164],[-46.76970579893626,-23.451049754881527],[-46.769751918840115,-23.45098459423989],[-46.769751918840115,-23.450919433598255],[-46.76979803874397,-23.450919433598255],[-46.76979803874397,-23.45085427295662],[-46.76984415864783,-23.450789112314983],[-46.76989027855169,-23.45065879103171],[-46.76989027855169,-23.450593630390074],[-46.76993639845555,-23.450528469748438],[-46.769982518359406,-23.4504633091068],[-46.769982518359406,-23.45039814846517],[-46.769982518359406,-23.450332987823533],[-46.76993639845555,-23.450267827181897],[-46.76989027855169,-23.450137505898624],[-46.76984415864783,-23.450072345256988],[-46.76979803874397,-23.450072345256988],[-46.769751918840115,-23.45000718461535],[-46.769751918840115,-23.449942023973716],[-46.76970579893626,-23.449942023973716],[-46.76970579893626,-23.44987686333208],[-46.76970579893626,-23.449811702690443],[-46.76970579893626,-23.44974654204881],[-46.76970579893626,-23.449681381407174],[-46.7696596790324,-23.449681381407174],[-46.7696596790324,-23.449616220765538],[-46.7696596790324,-23.449551060123902],[-46.7696596790324,-23.449485899482266],[-46.7696596790324,-23.44942073884063],[-46.7696596790324,-23.449355578198993],[-46.769613559128544,-23.449355578198993],[-46.769613559128544,-23.449290417557357],[-46.769613559128544,-23.44922525691572],[-46.76956743922469,-23.44922525691572],[-46.76956743922469,-23.449160096274085],[-46.76952131932083,-23.449094935632452],[-46.76952131932083,-23.44896461434918],[-46.769475199416966,-23.448899453707543],[-46.76942907951311,-23.448899453707543],[-46.76938295960925,-23.44876913242427],[-46.76929071980154,-23.44876913242427],[-46.769198479993825,-23.448703971782635],[-46.769106240186105,-23.448703971782635],[-46.768967880474534,-23.448638811141],[-46.768829520762964,-23.448638811141],[-46.76873728095524,-23.448573650499362],[-46.768691161051386,-23.448508489857726],[-46.76864504114753,-23.448508489857726],[-46.76859892124367,-23.448508489857726],[-46.76859892124367,-23.44844332921609],[-46.768552801339816,-23.44844332921609],[-46.76850668143596,-23.448378168574457],[-46.7684605615321,-23.448378168574457],[-46.76841444162824,-23.448378168574457],[-46.76836832172438,-23.44831300793282],[-46.768322201820524,-23.44831300793282],[-46.76827608191667,-23.44831300793282],[-46.76822996201281,-23.448247847291185],[-46.768183842108954,-23.448247847291185],[-46.76809160230124,-23.44818268664955],[-46.76799936249352,-23.44818268664955],[-46.76799936249352,-23.448117526007913],[-46.767907122685806,-23.448117526007913],[-46.76786100278195,-23.448117526007913],[-46.76781488287809,-23.448117526007913],[-46.76781488287809,-23.448052365366276],[-46.767768762974235,-23.448052365366276],[-46.76772264307038,-23.44798720472464],[-46.767676523166514,-23.44798720472464],[-46.76763040326266,-23.447922044083004],[-46.7675842833588,-23.447922044083004],[-46.7675842833588,-23.447856883441368],[-46.767538163454944,-23.447856883441368],[-46.767538163454944,-23.44779172279973],[-46.76749204355109,-23.44779172279973],[-46.76749204355109,-23.4477265621581],[-46.76744592364723,-23.447661401516463],[-46.76739980374337,-23.447661401516463],[-46.76739980374337,-23.447596240874827],[-46.76735368383952,-23.44753108023319],[-46.76730756393565,-23.44753108023319],[-46.767261444031796,-23.447465919591554],[-46.76721532412794,-23.447400758949918],[-46.767123084320225,-23.447400758949918],[-46.76707696441637,-23.447335598308282],[-46.76703084451251,-23.447335598308282],[-46.766984724608655,-23.447335598308282],[-46.766892484800934,-23.447335598308282],[-46.76684636489708,-23.447270437666646],[-46.76680024499322,-23.447270437666646],[-46.76670800518551,-23.447270437666646],[-46.76666188528165,-23.44720527702501],[-46.76656964547393,-23.44720527702501],[-46.766477405666215,-23.447140116383373],[-46.76643128576236,-23.44707495574174],[-46.766339045954645,-23.447009795100104],[-46.76624680614693,-23.446944634458468],[-46.76620068624307,-23.446944634458468],[-46.76620068624307,-23.446879473816832],[-46.766108446435354,-23.446814313175196],[-46.766108446435354,-23.44674915253356],[-46.766108446435354,-23.446683991891923],[-46.7660623265315,-23.446618831250287],[-46.7660623265315,-23.44655367060865],[-46.7660623265315,-23.446488509967015],[-46.7660623265315,-23.44642334932538],[-46.766108446435354,-23.44642334932538],[-46.766108446435354,-23.446358188683746],[-46.766108446435354,-23.44629302804211],[-46.76615456633921,-23.446227867400474],[-46.76615456633921,-23.446162706758837],[-46.76620068624307,-23.446162706758837],[-46.76624680614693,-23.4460975461172],[-46.76624680614693,-23.446032385475565],[-46.76629292605079,-23.44596722483393],[-46.766339045954645,-23.44596722483393],[-46.7663851658585,-23.445902064192293],[-46.76643128576236,-23.44577174290902],[-46.766477405666215,-23.445706582267388],[-46.76652352557007,-23.44564142162575],[-46.76652352557007,-23.445576260984115],[-46.76652352557007,-23.44551110034248],[-46.76652352557007,-23.445445939700843],[-46.76656964547393,-23.445445939700843],[-46.76656964547393,-23.445380779059207],[-46.76652352557007,-23.44531561841757],[-46.766477405666215,-23.445250457775934],[-46.76643128576236,-23.445185297134298],[-46.76643128576236,-23.445120136492662],[-46.76643128576236,-23.44505497585103],[-46.7663851658585,-23.444989815209393],[-46.7663851658585,-23.444924654567757],[-46.766339045954645,-23.44485949392612],[-46.76629292605079,-23.444794333284484],[-46.76629292605079,-23.444729172642848],[-46.76629292605079,-23.444664012001212],[-46.76624680614693,-23.444598851359576],[-46.76620068624307,-23.44453369071794],[-46.76615456633921,-23.44453369071794],[-46.766108446435354,-23.444468530076303],[-46.76601620662764,-23.444468530076303],[-46.765923966819926,-23.444468530076303],[-46.76587784691607,-23.444403369434667],[-46.765831727012205,-23.444403369434667],[-46.765831727012205,-23.444338208793035],[-46.765831727012205,-23.4442730481514],[-46.76578560710835,-23.444207887509762],[-46.76578560710835,-23.444142726868126],[-46.76578560710835,-23.44407756622649],[-46.76573948720449,-23.444012405584854],[-46.765693367300635,-23.443947244943217],[-46.76564724739678,-23.443947244943217],[-46.76560112749292,-23.443947244943217],[-46.765555007589064,-23.443816923659945],[-46.765555007589064,-23.44375176301831],[-46.76550888768521,-23.443686602376676],[-46.765462767781344,-23.44362144173504],[-46.76541664787749,-23.443556281093404],[-46.76537052797363,-23.443556281093404],[-46.76532440806977,-23.443556281093404],[-46.765278288165916,-23.443556281093404],[-46.76523216826206,-23.443491120451768],[-46.7651860483582,-23.44342595981013],[-46.765047688646625,-23.443360799168495],[-46.76500156874277,-23.44329563852686],[-46.76500156874277,-23.443230477885223],[-46.76495544883891,-23.443165317243587],[-46.76500156874277,-23.44310015660195],[-46.765047688646625,-23.443034995960318],[-46.765047688646625,-23.44296983531868],[-46.765047688646625,-23.442904674677045],[-46.765047688646625,-23.442774353393773],[-46.765047688646625,-23.442709192752137],[-46.76500156874277,-23.4426440321105],[-46.76500156874277,-23.442578871468864],[-46.76500156874277,-23.442513710827228],[-46.76500156874277,-23.442448550185592],[-46.76500156874277,-23.442318228902323],[-46.76500156874277,-23.442253068260687],[-46.765047688646625,-23.44218790761905],[-46.765047688646625,-23.44205758633578],[-46.765047688646625,-23.441927265052506],[-46.76495544883891,-23.441796943769234],[-46.76495544883891,-23.441666622485965],[-46.764909328935055,-23.44160146184433],[-46.76495544883891,-23.441536301202692],[-46.76495544883891,-23.44140597991942],[-46.76495544883891,-23.441340819277784],[-46.76495544883891,-23.441275658636147],[-46.76495544883891,-23.441145337352875],[-46.76500156874277,-23.44108017671124],[-46.76500156874277,-23.441015016069606],[-46.76509380855048,-23.440884694786334],[-46.765139928454346,-23.44062405221979],[-46.765139928454346,-23.440558891578153],[-46.76523216826206,-23.440102767086703],[-46.765278288165916,-23.440102767086703],[-46.76523216826206,-23.439907285161794],[-46.76523216826206,-23.43984212452016],[-46.7651860483582,-23.439581481953617],[-46.7651860483582,-23.43951632131198],[-46.7651860483582,-23.439451160670345],[-46.7651860483582,-23.43938600002871],[-46.765139928454346,-23.439320839387072],[-46.765139928454346,-23.439255678745436],[-46.76509380855048,-23.4391905181038],[-46.765047688646625,-23.439125357462164],[-46.765047688646625,-23.439060196820527],[-46.765047688646625,-23.438995036178895],[-46.765047688646625,-23.43892987553726],[-46.765047688646625,-23.438799554253986],[-46.76495544883891,-23.438669232970714],[-46.76495544883891,-23.438604072329078],[-46.76495544883891,-23.43853891168744],[-46.76500156874277,-23.438473751045805],[-46.76500156874277,-23.43840859040417],[-46.765047688646625,-23.438343429762533],[-46.765047688646625,-23.4382782691209],[-46.765047688646625,-23.438213108479264],[-46.765047688646625,-23.438147947837628],[-46.765047688646625,-23.43808278719599],[-46.76500156874277,-23.438017626554355],[-46.76495544883891,-23.438017626554355],[-46.76495544883891,-23.43795246591272],[-46.76495544883891,-23.437887305271083],[-46.7648632090312,-23.437822144629447],[-46.76481708912734,-23.437822144629447],[-46.76481708912734,-23.43775698398781],[-46.764770969223484,-23.43775698398781],[-46.76472484931962,-23.43775698398781],[-46.76472484931962,-23.437691823346174],[-46.76467872941576,-23.437691823346174],[-46.76463260951191,-23.437691823346174],[-46.76458648960805,-23.437691823346174],[-46.76454036970419,-23.43762666270454],[-46.76454036970419,-23.437561502062906],[-46.764494249800336,-23.437561502062906],[-46.764494249800336,-23.43749634142127],[-46.764494249800336,-23.437431180779633],[-46.76454036970419,-23.437366020137997],[-46.764494249800336,-23.437366020137997],[-46.764494249800336,-23.43730085949636],[-46.764494249800336,-23.437235698854725],[-46.76444812989648,-23.43717053821309],[-46.76444812989648,-23.437105377571452],[-46.764494249800336,-23.437105377571452],[-46.764494249800336,-23.437040216929816],[-46.76458648960805,-23.436909895646547],[-46.76463260951191,-23.43684473500491],[-46.76467872941576,-23.43684473500491],[-46.76472484931962,-23.436779574363275],[-46.76472484931962,-23.43671441372164],[-46.764770969223484,-23.436649253080002],[-46.76481708912734,-23.436584092438366],[-46.7648632090312,-23.436584092438366],[-46.76481708912734,-23.43651893179673],[-46.76481708912734,-23.436453771155094],[-46.764770969223484,-23.436453771155094],[-46.764770969223484,-23.436388610513458],[-46.76472484931962,-23.43625828923019],[-46.76467872941576,-23.43625828923019],[-46.76463260951191,-23.436193128588553],[-46.76463260951191,-23.436127967946916],[-46.76458648960805,-23.43606280730528],[-46.76458648960805,-23.435997646663644],[-46.76454036970419,-23.435997646663644],[-46.76454036970419,-23.435932486022008],[-46.764494249800336,-23.43586732538037],[-46.764494249800336,-23.435802164738735],[-46.76444812989648,-23.435671843455463],[-46.76440200999262,-23.435671843455463],[-46.76440200999262,-23.43560668281383],[-46.76435589008876,-23.435541522172194],[-46.7643097701849,-23.435541522172194],[-46.764263650281045,-23.435541522172194],[-46.76421753037719,-23.435476361530558],[-46.76417141047333,-23.435476361530558],[-46.76407917066562,-23.43541120088892],[-46.7639869308579,-23.435346040247286],[-46.76394081095404,-23.435346040247286],[-46.76389469105018,-23.43528087960565],[-46.763848571146326,-23.43528087960565],[-46.763848571146326,-23.435215718964013],[-46.76380245124247,-23.435215718964013],[-46.76380245124247,-23.435150558322377],[-46.76380245124247,-23.43508539768074],[-46.76380245124247,-23.435020237039105],[-46.76375633133861,-23.435020237039105],[-46.76375633133861,-23.434955076397472],[-46.76375633133861,-23.434889915755836],[-46.76375633133861,-23.4348247551142],[-46.76375633133861,-23.434759594472563],[-46.76380245124247,-23.434759594472563],[-46.76380245124247,-23.434694433830927],[-46.76380245124247,-23.43462927318929],[-46.76375633133861,-23.434564112547655],[-46.76375633133861,-23.43449895190602],[-46.763710211434756,-23.43449895190602],[-46.763710211434756,-23.434433791264382],[-46.76366409153089,-23.434368630622746],[-46.763617971627035,-23.434368630622746],[-46.763617971627035,-23.43430346998111],[-46.76357185172318,-23.43430346998111],[-46.76357185172318,-23.434238309339477],[-46.76352573181932,-23.434238309339477],[-46.76352573181932,-23.43417314869784],[-46.76352573181932,-23.434107988056205],[-46.76343349201161,-23.434107988056205],[-46.763341252203894,-23.434107988056205],[-46.76329513230003,-23.434107988056205],[-46.76324901239617,-23.43404282741457],[-46.76324901239617,-23.433977666772932],[-46.763202892492316,-23.433912506131296],[-46.76315677258846,-23.43384734548966],[-46.7631106526846,-23.433782184848024],[-46.763064532780746,-23.433782184848024],[-46.76301841287689,-23.433717024206388],[-46.76297229297303,-23.433717024206388],[-46.76292617306917,-23.43365186356475],[-46.76288005316531,-23.43365186356475],[-46.762833933261454,-23.43358670292312],[-46.7627878133576,-23.43358670292312],[-46.76274169345374,-23.43358670292312],[-46.762695573549884,-23.43358670292312],[-46.76264945364603,-23.43358670292312],[-46.76260333374217,-23.43358670292312],[-46.762557213838306,-23.43365186356475],[-46.76251109393445,-23.43365186356475],[-46.76246497403059,-23.43365186356475],[-46.76246497403059,-23.43358670292312],[-46.762418854126736,-23.43358670292312],[-46.762418854126736,-23.433521542281483],[-46.76237273422288,-23.433521542281483],[-46.76232661431902,-23.433456381639846],[-46.76232661431902,-23.43339122099821],[-46.762280494415165,-23.43339122099821],[-46.76223437451131,-23.43339122099821],[-46.762188254607445,-23.43339122099821],[-46.76214213470359,-23.433326060356574],[-46.76209601479973,-23.433326060356574],[-46.762049894895874,-23.433260899714938],[-46.76200377499202,-23.4331957390733],[-46.76195765508816,-23.43306541779003],[-46.76195765508816,-23.433000257148393],[-46.7619115351843,-23.433000257148393],[-46.7619115351843,-23.43293509650676],[-46.7619115351843,-23.432869935865124],[-46.7619115351843,-23.432804775223488],[-46.76186541528045,-23.432804775223488],[-46.76186541528045,-23.432739614581852],[-46.7619115351843,-23.43260929329858],[-46.76195765508816,-23.432478972015307],[-46.76195765508816,-23.43241381137367],[-46.76195765508816,-23.432348650732035],[-46.7619115351843,-23.432218329448766],[-46.76186541528045,-23.43215316880713],[-46.76181929537658,-23.432088008165493],[-46.76181929537658,-23.432022847523857],[-46.76181929537658,-23.43195768688222],[-46.761773175472726,-23.431892526240585],[-46.76168093566501,-23.43182736559895],[-46.7615886958573,-23.43182736559895],[-46.76154257595344,-23.43182736559895],[-46.761496456049585,-23.43182736559895],[-46.76131197643415,-23.43182736559895],[-46.76121973662644,-23.43182736559895],[-46.76108137691486,-23.43182736559895],[-46.760989137107146,-23.43182736559895],[-46.76094301720329,-23.43182736559895],[-46.760850777395575,-23.43182736559895],[-46.76075853758786,-23.43182736559895],[-46.760712417684,-23.43182736559895],[-46.760435698260856,-23.43182736559895],[-46.760389578357,-23.431762204957312],[-46.760343458453136,-23.431762204957312],[-46.76025121864542,-23.431762204957312],[-46.760205098741565,-23.431762204957312],[-46.760066739029995,-23.431762204957312],[-46.76002061912614,-23.431762204957312],[-46.759974499222274,-23.431762204957312],[-46.75992837931842,-23.431762204957312],[-46.75988225941456,-23.431762204957312],[-46.7598361395107,-23.431762204957312],[-46.75979001960685,-23.431762204957312],[-46.75974389970299,-23.431762204957312],[-46.75969777979913,-23.431762204957312],[-46.759651659895276,-23.431762204957312],[-46.75960553999141,-23.431762204957312],[-46.7595133001837,-23.431762204957312],[-46.75946718027984,-23.431762204957312],[-46.759421060375985,-23.431762204957312],[-46.75937494047213,-23.431762204957312],[-46.75932882056827,-23.431762204957312],[-46.759282700664414,-23.431762204957312],[-46.75923658076055,-23.431762204957312],[-46.75909822104898,-23.431697044315676],[-46.75905210114512,-23.431697044315676],[-46.759005981241266,-23.431697044315676],[-46.75895986133741,-23.431697044315676],[-46.758913741433545,-23.431697044315676],[-46.75886762152969,-23.431697044315676],[-46.75882150162583,-23.431697044315676],[-46.758775381721975,-23.431697044315676],[-46.75872926181812,-23.431697044315676],[-46.75859090210655,-23.431697044315676],[-46.75840642249111,-23.431697044315676],[-46.758221942875686,-23.431697044315676],[-46.75803746326025,-23.431697044315676],[-46.75789910354868,-23.431697044315676],[-46.757852983644824,-23.431697044315676],[-46.75780686374096,-23.431697044315676],[-46.7577607438371,-23.431697044315676],[-46.757714623933246,-23.431697044315676],[-46.75766850402939,-23.431697044315676],[-46.75762238412553,-23.431697044315676],[-46.757576264221676,-23.431697044315676],[-46.75748402441396,-23.431697044315676],[-46.75739178460624,-23.431697044315676],[-46.757345664702385,-23.431697044315676],[-46.75725342489467,-23.431697044315676],[-46.75716118508696,-23.431697044315676],[-46.75706894527924,-23.431697044315676],[-46.75702282537538,-23.431697044315676],[-46.75688446566381,-23.431697044315676],[-46.75674610595224,-23.431697044315676],[-46.756699986048375,-23.43163188367404],[-46.75660774624066,-23.43163188367404],[-46.756561626336804,-23.43163188367404],[-46.75651550643295,-23.43163188367404],[-46.75637714672138,-23.43163188367404],[-46.7562387870098,-23.43163188367404],[-46.75619266710594,-23.43163188367404],[-46.75610042729823,-23.43163188367404],[-46.756008187490515,-23.43163188367404],[-46.75596206758665,-23.43163188367404],[-46.755915947682794,-23.43163188367404],[-46.75586982777894,-23.43163188367404],[-46.75582370787508,-23.43163188367404],[-46.755777587971224,-23.43163188367404],[-46.75568534816351,-23.43163188367404],[-46.75563922825965,-23.43163188367404],[-46.75559310835579,-23.43163188367404],[-46.75554698845193,-23.43163188367404],[-46.75545474864422,-23.43163188367404],[-46.75540862874036,-23.43163188367404],[-46.755362508836505,-23.43163188367404],[-46.75531638893265,-23.43163188367404],[-46.75527026902879,-23.43163188367404],[-46.75522414912493,-23.43163188367404],[-46.75517802922107,-23.43163188367404],[-46.755131909317214,-23.431566723032407],[-46.75508578941336,-23.431566723032407],[-46.7550396695095,-23.431566723032407],[-46.75499354960564,-23.431566723032407],[-46.75494742970179,-23.431566723032407],[-46.75490130979793,-23.431566723032407],[-46.754855189894066,-23.431566723032407],[-46.75480906999021,-23.431566723032407],[-46.75476295008635,-23.431566723032407],[-46.754716830182495,-23.431566723032407],[-46.75467071027864,-23.431566723032407],[-46.75462459037478,-23.431566723032407],[-46.754578470470925,-23.431566723032407],[-46.75453235056707,-23.431566723032407],[-46.754486230663204,-23.431566723032407],[-46.75444011075935,-23.431566723032407],[-46.75439399085549,-23.431566723032407],[-46.754347870951634,-23.43150156239077],[-46.75430175104778,-23.43150156239077],[-46.75425563114392,-23.43150156239077],[-46.754163391336206,-23.43150156239077],[-46.754071151528485,-23.43150156239077],[-46.75402503162463,-23.43150156239077],[-46.753932791816915,-23.43150156239077],[-46.75388667191306,-23.43150156239077],[-46.75379443210534,-23.43150156239077],[-46.753702192297624,-23.43150156239077],[-46.75360995248991,-23.43150156239077],[-46.75347159277834,-23.431436401749135],[-46.75337935297062,-23.431436401749135],[-46.75319487335519,-23.431436401749135],[-46.75310263354748,-23.431436401749135],[-46.75301039373976,-23.431436401749135],[-46.75291815393204,-23.431436401749135],[-46.75282591412433,-23.431436401749135],[-46.75277979422047,-23.431436401749135],[-46.75268755441275,-23.431436401749135],[-46.752503074797325,-23.431436401749135],[-46.75245695489347,-23.4313712411075],[-46.75241083498961,-23.4313712411075],[-46.752364715085754,-23.4313712411075],[-46.75231859518189,-23.4313712411075],[-46.75227247527803,-23.4313712411075],[-46.75222635537418,-23.4313712411075],[-46.75218023547032,-23.4313712411075],[-46.75213411556646,-23.4313712411075],[-46.752087995662606,-23.4313712411075],[-46.75204187575875,-23.4313712411075],[-46.75199575585489,-23.4313712411075],[-46.75194963595103,-23.4313712411075],[-46.75190351604717,-23.4313712411075],[-46.751857396143315,-23.431306080465863],[-46.7517651563356,-23.431306080465863],[-46.751719036431744,-23.431306080465863],[-46.75162679662403,-23.431306080465863],[-46.75158067672017,-23.431306080465863],[-46.75153455681631,-23.431306080465863],[-46.75148843691245,-23.431306080465863],[-46.751442317008596,-23.431306080465863],[-46.75139619710474,-23.431306080465863],[-46.751303957297026,-23.431306080465863],[-46.75125783739317,-23.431306080465863],[-46.751211717489305,-23.431306080465863],[-46.75116559758545,-23.431306080465863],[-46.75111947768159,-23.431306080465863],[-46.751073357777734,-23.431306080465863],[-46.75098111797002,-23.431306080465863],[-46.75098111797002,-23.431240919824226],[-46.750934998066164,-23.431240919824226],[-46.75088887816231,-23.431240919824226],[-46.75084275825844,-23.431240919824226],[-46.750796638354586,-23.431240919824226],[-46.75075051845073,-23.431240919824226],[-46.75070439854687,-23.431240919824226],[-46.750658278643016,-23.431240919824226],[-46.75061215873916,-23.431240919824226],[-46.7505660388353,-23.431240919824226],[-46.750519918931445,-23.431240919824226],[-46.75047379902758,-23.431240919824226],[-46.750427679123725,-23.431240919824226],[-46.75038155921987,-23.431240919824226],[-46.75033543931601,-23.431240919824226],[-46.750289319412154,-23.431240919824226],[-46.7502431995083,-23.431240919824226],[-46.75019707960444,-23.431240919824226],[-46.75015095970058,-23.431240919824226],[-46.75010483979672,-23.431240919824226],[-46.750012599989006,-23.43117575918259],[-46.74996648008515,-23.43117575918259],[-46.749874240277435,-23.43117575918259],[-46.74978200046972,-23.43117575918259],[-46.749643640758144,-23.43117575918259],[-46.74955140095043,-23.43117575918259],[-46.749505281046574,-23.43117575918259],[-46.74945916114272,-23.43117575918259],[-46.74941304123886,-23.43117575918259],[-46.749366921334996,-23.43117575918259],[-46.74932080143114,-23.431110598540954],[-46.74927468152728,-23.431110598540954],[-46.749228561623426,-23.431110598540954],[-46.74913632181571,-23.431110598540954],[-46.749090201911855,-23.431110598540954],[-46.74895184220028,-23.431110598540954],[-46.74890572229642,-23.431110598540954],[-46.748859602392564,-23.431110598540954],[-46.74881348248871,-23.431110598540954],[-46.74876736258485,-23.431110598540954],[-46.74872124268099,-23.431110598540954],[-46.74862900287327,-23.431110598540954],[-46.748582882969416,-23.431110598540954],[-46.74853676306556,-23.431045437899318],[-46.748444523257845,-23.431045437899318],[-46.74839840335399,-23.431045437899318],[-46.74835228345013,-23.431045437899318],[-46.74830616354627,-23.431045437899318],[-46.74826004364241,-23.431045437899318],[-46.748213923738554,-23.431045437899318],[-46.7481678038347,-23.431045437899318],[-46.74812168393084,-23.431045437899318],[-46.74807556402698,-23.431045437899318],[-46.74807556402698,-23.43098027725768],[-46.74807556402698,-23.43091511661605],[-46.74807556402698,-23.430849955974413],[-46.74807556402698,-23.430784795332777],[-46.74802944412313,-23.43071963469114],[-46.74802944412313,-23.430654474049504],[-46.74798332421927,-23.430589313407868],[-46.74798332421927,-23.430524152766232],[-46.74798332421927,-23.430458992124596],[-46.747937204315406,-23.430458992124596],[-46.74789108441155,-23.430458992124596],[-46.74784496450769,-23.430458992124596],[-46.747798844603835,-23.430458992124596],[-46.74775272469998,-23.43039383148296],[-46.747660484892265,-23.430328670841323],[-46.74761436498841,-23.43026351019969],[-46.747568245084544,-23.43026351019969],[-46.747568245084544,-23.430198349558054],[-46.74761436498841,-23.430198349558054],[-46.747660484892265,-23.430198349558054],[-46.747660484892265,-23.430133188916418],[-46.74770660479612,-23.430068028274782],[-46.74775272469998,-23.430002867633146],[-46.747798844603835,-23.430002867633146],[-46.74789108441155,-23.42993770699151],[-46.747937204315406,-23.429872546349873],[-46.74802944412313,-23.429807385708237],[-46.74807556402698,-23.4297422250666],[-46.74812168393084,-23.4297422250666],[-46.7481678038347,-23.429677064424965],[-46.7481678038347,-23.429611903783332],[-46.74812168393084,-23.429546743141696],[-46.74807556402698,-23.42948158250006],[-46.74807556402698,-23.429416421858424],[-46.74812168393084,-23.429351261216787],[-46.7481678038347,-23.429351261216787],[-46.7481678038347,-23.42928610057515],[-46.748213923738554,-23.42928610057515],[-46.74826004364241,-23.42928610057515],[-46.74835228345013,-23.42928610057515],[-46.74839840335399,-23.42928610057515],[-46.748444523257845,-23.429220939933515],[-46.7484906431617,-23.429220939933515],[-46.7484906431617,-23.42915577929188],[-46.748444523257845,-23.42915577929188],[-46.74839840335399,-23.42915577929188],[-46.74835228345013,-23.42915577929188],[-46.74830616354627,-23.42915577929188],[-46.74826004364241,-23.429090618650243],[-46.748213923738554,-23.429025458008606],[-46.748213923738554,-23.42896029736697],[-46.7481678038347,-23.428895136725338],[-46.74812168393084,-23.4288299760837],[-46.74807556402698,-23.42869965480043],[-46.74802944412313,-23.428634494158793],[-46.74798332421927,-23.428634494158793],[-46.74798332421927,-23.42869965480043],[-46.747937204315406,-23.428764815442065],[-46.74789108441155,-23.428764815442065],[-46.74784496450769,-23.428764815442065],[-46.74784496450769,-23.42869965480043],[-46.747798844603835,-23.42869965480043],[-46.747798844603835,-23.428634494158793],[-46.747798844603835,-23.428569333517157],[-46.747798844603835,-23.42850417287552],[-46.747798844603835,-23.428439012233884],[-46.747798844603835,-23.428373851592248],[-46.74784496450769,-23.42830869095061],[-46.74784496450769,-23.42824353030898],[-46.74784496450769,-23.428178369667343],[-46.74784496450769,-23.428113209025707],[-46.74784496450769,-23.427982887742434],[-46.74784496450769,-23.427917727100798],[-46.747798844603835,-23.427852566459162],[-46.747798844603835,-23.427787405817526],[-46.747798844603835,-23.42772224517589],[-46.74784496450769,-23.427657084534253],[-46.74789108441155,-23.427657084534253],[-46.747937204315406,-23.427657084534253],[-46.74798332421927,-23.427657084534253],[-46.74802944412313,-23.427657084534253],[-46.74802944412313,-23.42759192389262],[-46.74807556402698,-23.42759192389262],[-46.74812168393084,-23.427526763250984],[-46.74812168393084,-23.42746160260935],[-46.74807556402698,-23.42746160260935],[-46.74807556402698,-23.427396441967712],[-46.74802944412313,-23.427396441967712],[-46.74802944412313,-23.427331281326076],[-46.74798332421927,-23.427331281326076],[-46.747937204315406,-23.42726612068444],[-46.747937204315406,-23.427200960042804],[-46.74789108441155,-23.427200960042804],[-46.74789108441155,-23.427135799401167],[-46.74784496450769,-23.42707063875953],[-46.74784496450769,-23.427005478117895],[-46.74784496450769,-23.42694031747626],[-46.747798844603835,-23.426875156834626],[-46.747798844603835,-23.42680999619299],[-46.747798844603835,-23.426744835551354],[-46.74775272469998,-23.426679674909717],[-46.74775272469998,-23.42661451426808],[-46.74775272469998,-23.426549353626445],[-46.74770660479612,-23.426549353626445],[-46.74770660479612,-23.42648419298481],[-46.74770660479612,-23.426419032343173],[-46.74770660479612,-23.426353871701536],[-46.747660484892265,-23.426353871701536],[-46.74761436498841,-23.4262887110599],[-46.747568245084544,-23.426223550418268],[-46.747568245084544,-23.42615838977663],[-46.747568245084544,-23.426093229134995],[-46.74752212518069,-23.426093229134995],[-46.747568245084544,-23.42602806849336],[-46.747568245084544,-23.425962907851723],[-46.74761436498841,-23.425897747210087],[-46.74761436498841,-23.42583258656845],[-46.74761436498841,-23.425767425926814],[-46.74761436498841,-23.425702265285178],[-46.74761436498841,-23.425637104643542],[-46.74761436498841,-23.42557194400191],[-46.747568245084544,-23.42557194400191],[-46.747568245084544,-23.425506783360273],[-46.747568245084544,-23.425441622718637],[-46.747568245084544,-23.425376462077],[-46.74752212518069,-23.425311301435364],[-46.74752212518069,-23.42524614079373],[-46.74747600527683,-23.42524614079373],[-46.74747600527683,-23.425180980152092],[-46.74742988537297,-23.425115819510456],[-46.74742988537297,-23.42505065886882],[-46.74738376546912,-23.42505065886882],[-46.74733764556526,-23.424985498227183],[-46.7472915256614,-23.424985498227183],[-46.747245405757546,-23.424985498227183],[-46.74719928585368,-23.424920337585547],[-46.747153165949825,-23.424920337585547],[-46.74710704604597,-23.424920337585547],[-46.74706092614211,-23.424920337585547],[-46.747014806238255,-23.424855176943915],[-46.7469686863344,-23.424855176943915],[-46.74692256643054,-23.424855176943915],[-46.746876446526684,-23.424855176943915],[-46.746784206718964,-23.424855176943915],[-46.74673808681511,-23.424855176943915],[-46.74664584700739,-23.424920337585547],[-46.746599727103536,-23.424920337585547],[-46.74655360719968,-23.424920337585547],[-46.74655360719968,-23.424985498227183],[-46.74650748729582,-23.424985498227183],[-46.74646136739196,-23.424985498227183],[-46.7464152474881,-23.424920337585547],[-46.746369127584245,-23.424920337585547],[-46.74632300768039,-23.424855176943915],[-46.746369127584245,-23.424855176943915],[-46.7464152474881,-23.424855176943915],[-46.7464152474881,-23.42479001630228],[-46.74646136739196,-23.42479001630228],[-46.74646136739196,-23.424724855660642],[-46.74646136739196,-23.424659695019006],[-46.7464152474881,-23.424659695019006],[-46.746369127584245,-23.424724855660642],[-46.74632300768039,-23.424724855660642],[-46.74627688777653,-23.424724855660642],[-46.74627688777653,-23.42479001630228],[-46.746230767872675,-23.42479001630228],[-46.74618464796882,-23.42479001630228],[-46.74618464796882,-23.424724855660642],[-46.74613852806496,-23.424724855660642],[-46.74613852806496,-23.424659695019006],[-46.7460924081611,-23.42459453437737],[-46.74604628825724,-23.42459453437737],[-46.74604628825724,-23.424529373735734],[-46.74600016835338,-23.424529373735734],[-46.745954048449526,-23.424464213094097],[-46.74590792854567,-23.42439905245246],[-46.74586180864181,-23.424333891810825],[-46.745815688737956,-23.424333891810825],[-46.7457695688341,-23.42426873116919],[-46.745723448930235,-23.424203570527556],[-46.74567732902638,-23.424203570527556],[-46.74563120912252,-23.424203570527556],[-46.745585089218665,-23.42413840988592],[-46.745585089218665,-23.424073249244284],[-46.74553896931481,-23.424073249244284],[-46.74553896931481,-23.424008088602648],[-46.74549284941095,-23.424008088602648],[-46.745446729507094,-23.424008088602648],[-46.74540060960324,-23.42394292796101],[-46.74535448969937,-23.42394292796101],[-46.74530836979552,-23.423877767319375],[-46.74526224989166,-23.42381260667774],[-46.7452161299878,-23.42381260667774],[-46.7452161299878,-23.423747446036103],[-46.74526224989166,-23.423747446036103],[-46.74526224989166,-23.423682285394467],[-46.74526224989166,-23.42361712475283],[-46.74530836979552,-23.42361712475283],[-46.74526224989166,-23.423551964111198],[-46.74526224989166,-23.42348680346956],[-46.7452161299878,-23.423421642827925],[-46.7452161299878,-23.42335648218629],[-46.745170010083946,-23.423291321544653],[-46.74512389018009,-23.42316100026138],[-46.74507777027623,-23.42316100026138],[-46.745031650372376,-23.423095839619744],[-46.74498553046851,-23.423095839619744],[-46.744939410564655,-23.423030678978108],[-46.7448932906608,-23.423030678978108],[-46.7448932906608,-23.422965518336472],[-46.74484717075694,-23.422965518336472],[-46.744801050853084,-23.422965518336472],[-46.74475493094923,-23.422965518336472],[-46.74475493094923,-23.422900357694836],[-46.74470881104537,-23.422900357694836],[-46.74470881104537,-23.422835197053203],[-46.744662691141514,-23.42270487576993],[-46.74461657123765,-23.422639715128295],[-46.74457045133379,-23.422639715128295],[-46.744524331429936,-23.422639715128295],[-46.74447821152608,-23.422639715128295],[-46.74443209162222,-23.422639715128295],[-46.74443209162222,-23.42257455448666],[-46.744385971718366,-23.42257455448666],[-46.74429373191065,-23.422509393845022],[-46.74420149210293,-23.422444233203386],[-46.744155372199074,-23.42237907256175],[-46.74410925229522,-23.422313911920114],[-46.74406313239136,-23.422313911920114],[-46.744017012487504,-23.422313911920114],[-46.74383253287207,-23.422313911920114],[-46.74383253287207,-23.422248751278477],[-46.74378641296821,-23.422248751278477],[-46.743740293064356,-23.422248751278477],[-46.7436941731605,-23.422248751278477],[-46.7436941731605,-23.422183590636845],[-46.74364805325664,-23.422183590636845],[-46.743601933352785,-23.422183590636845],[-46.74355581344893,-23.422183590636845],[-46.743509693545064,-23.422183590636845],[-46.74346357364121,-23.422183590636845],[-46.74346357364121,-23.42211842999521],[-46.74341745373735,-23.42211842999521],[-46.743371333833494,-23.422053269353572],[-46.743371333833494,-23.421988108711936],[-46.743371333833494,-23.4219229480703],[-46.743371333833494,-23.421792626787028],[-46.743371333833494,-23.42172746614539],[-46.743371333833494,-23.421662305503755],[-46.74341745373735,-23.42146682357885],[-46.743371333833494,-23.42146682357885],[-46.74327909402578,-23.421531984220486],[-46.743094614410346,-23.421662305503755],[-46.742956254698775,-23.42172746614539],[-46.7428178949872,-23.42172746614539],[-46.74277177508334,-23.42172746614539],[-46.742725655179484,-23.42172746614539],[-46.742587295467914,-23.42172746614539],[-46.7424950556602,-23.42172746614539],[-46.74240281585248,-23.42172746614539],[-46.742310576044765,-23.42172746614539],[-46.74226445614091,-23.42172746614539],[-46.742079976525474,-23.42172746614539],[-46.74184937700619,-23.421662305503755],[-46.741757137198476,-23.421662305503755],[-46.741664897390756,-23.42159714486212],[-46.7416187774869,-23.421531984220486],[-46.74148041777533,-23.42146682357885],[-46.741388177967615,-23.421401662937214],[-46.74111145854447,-23.421206181012305],[-46.74092697892903,-23.421206181012305],[-46.74083473912132,-23.421206181012305],[-46.74069637940975,-23.421206181012305],[-46.74060413960203,-23.421206181012305],[-46.74055801969817,-23.42114102037067],[-46.74046577989046,-23.421206181012305],[-46.7404196599866,-23.421206181012305],[-46.7404196599866,-23.42127134165394],[-46.74037354008274,-23.42127134165394],[-46.74037354008274,-23.421336502295578],[-46.740327420178886,-23.421336502295578],[-46.74028130027503,-23.421336502295578],[-46.740235180371165,-23.421336502295578],[-46.74018906046731,-23.421336502295578],[-46.74014294056345,-23.421336502295578],[-46.74005070075574,-23.42127134165394],[-46.74000458085188,-23.42127134165394],[-46.7398662211403,-23.42114102037067],[-46.73972786142873,-23.421010699087397],[-46.739681741524876,-23.42094553844576],[-46.73963562162102,-23.42094553844576],[-46.73958950171716,-23.42094553844576],[-46.739543381813306,-23.42094553844576],[-46.73949726190944,-23.42094553844576],[-46.739451142005585,-23.420880377804124],[-46.73940502210173,-23.420880377804124],[-46.73935890219787,-23.420880377804124],[-46.73926666239016,-23.42081521716249],[-46.7392205424863,-23.42081521716249],[-46.739174422582444,-23.420750056520856],[-46.73912830267858,-23.420750056520856],[-46.73908218277472,-23.42068489587922],[-46.739036062870866,-23.42068489587922],[-46.73898994296701,-23.420619735237583],[-46.73894382306315,-23.420619735237583],[-46.73885158325544,-23.420554574595947],[-46.73871322354386,-23.420554574595947],[-46.738528743928434,-23.42048941395431],[-46.73848262402458,-23.42048941395431],[-46.73843650412072,-23.420424253312675],[-46.738390384216856,-23.420424253312675],[-46.738344264313,-23.420424253312675],[-46.738344264313,-23.42048941395431],[-46.73829814440914,-23.42048941395431],[-46.738252024505286,-23.42048941395431],[-46.73820590460143,-23.420554574595947],[-46.73815978469757,-23.420554574595947],[-46.73806754488985,-23.420554574595947],[-46.738021424985995,-23.420619735237583],[-46.73797530508214,-23.420619735237583],[-46.737883065274424,-23.42068489587922],[-46.73783694537057,-23.42068489587922],[-46.73779082546671,-23.42068489587922],[-46.737744705562854,-23.42068489587922],[-46.737744705562854,-23.420619735237583],[-46.73769858565899,-23.420619735237583],[-46.73765246575513,-23.420619735237583],[-46.737606345851276,-23.420619735237583],[-46.73756022594742,-23.420619735237583],[-46.73751410604356,-23.420619735237583],[-46.737467986139706,-23.420619735237583],[-46.73742186623585,-23.420619735237583],[-46.73737574633199,-23.420619735237583],[-46.73732962642813,-23.420619735237583],[-46.737237386620414,-23.420619735237583],[-46.73719126671656,-23.420619735237583],[-46.737099026908844,-23.420619735237583],[-46.73705290700499,-23.420619735237583],[-46.73700678710113,-23.420619735237583],[-46.736960667197266,-23.420619735237583],[-46.73691454729341,-23.420619735237583],[-46.73686842738955,-23.420619735237583],[-46.73686842738955,-23.42068489587922],[-46.736822307485696,-23.420619735237583],[-46.736822307485696,-23.42068489587922],[-46.73677618758184,-23.42068489587922],[-46.73673006767798,-23.42068489587922],[-46.736683947774125,-23.42068489587922],[-46.736591707966404,-23.420750056520856],[-46.73654558806255,-23.420750056520856],[-46.73649946815869,-23.420750056520856],[-46.736453348254834,-23.420750056520856],[-46.73640722835098,-23.420750056520856],[-46.73636110844712,-23.420750056520856],[-46.73631498854326,-23.420750056520856],[-46.73626886863941,-23.42068489587922],[-46.73622274873554,-23.420619735237583],[-46.73613050892783,-23.42048941395431],[-46.73608438902397,-23.42048941395431],[-46.73608438902397,-23.420424253312675],[-46.736038269120115,-23.420424253312675],[-46.7359460293124,-23.42035909267104],[-46.735807669600824,-23.420293932029402],[-46.73576154969697,-23.420293932029402],[-46.73566930988925,-23.420293932029402],[-46.73534647056225,-23.42048941395431],[-46.73497751133139,-23.420619735237583],[-46.734470192388955,-23.42068489587922],[-46.733686154023374,-23.420880377804124],[-46.73285599575393,-23.42127134165394],[-46.7326715161385,-23.421401662937214],[-46.732625396234646,-23.421401662937214],[-46.732533156426925,-23.42146682357885],[-46.73248703652307,-23.42146682357885],[-46.73244091661921,-23.42146682357885],[-46.731979717580636,-23.421857787428664],[-46.73165687825363,-23.42211842999521],[-46.73142627873434,-23.422248751278477],[-46.73138015883048,-23.422248751278477],[-46.73124179911891,-23.422313911920114],[-46.7311495593112,-23.42237907256175],[-46.7311495593112,-23.422444233203386],[-46.731103439407335,-23.422444233203386],[-46.73105731950348,-23.422444233203386],[-46.73105731950348,-23.422509393845022],[-46.73101119959962,-23.422509393845022],[-46.730965079695764,-23.422509393845022],[-46.73091895979191,-23.42257455448666],[-46.73087283988805,-23.42257455448666],[-46.730826719984194,-23.42257455448666],[-46.730826719984194,-23.422639715128295],[-46.73078060008034,-23.422639715128295],[-46.73078060008034,-23.42270487576993],[-46.73073448017647,-23.42270487576993],[-46.73073448017647,-23.422770036411567],[-46.730688360272616,-23.422770036411567],[-46.7305961204649,-23.422770036411567],[-46.7305961204649,-23.422835197053203],[-46.730550000561045,-23.422835197053203],[-46.730550000561045,-23.422900357694836],[-46.73050388065719,-23.422900357694836],[-46.73045776075333,-23.422965518336472],[-46.730411640849475,-23.422965518336472],[-46.73036552094561,-23.422965518336472],[-46.730319401041754,-23.423030678978108],[-46.7302732811379,-23.423030678978108],[-46.73022716123404,-23.423030678978108],[-46.73022716123404,-23.423095839619744],[-46.73022716123404,-23.42316100026138],[-46.73022716123404,-23.423226160903017],[-46.730181041330184,-23.423291321544653],[-46.73013492142633,-23.42335648218629],[-46.73008880152247,-23.423421642827925],[-46.72999656171475,-23.42348680346956],[-46.729904321907036,-23.423551964111198],[-46.72985820200318,-23.423551964111198],[-46.729765962195465,-23.423682285394467],[-46.72967372238775,-23.42381260667774],[-46.72967372238775,-23.423877767319375],[-46.72962760248389,-23.42394292796101],[-46.72962760248389,-23.424008088602648],[-46.72958148258003,-23.424073249244284],[-46.729535362676174,-23.424073249244284],[-46.729535362676174,-23.424203570527556],[-46.72948924277232,-23.42426873116919],[-46.72944312286846,-23.424333891810825],[-46.72944312286846,-23.42439905245246],[-46.7293970029646,-23.42439905245246],[-46.72935088306075,-23.424529373735734],[-46.72930476315689,-23.42459453437737],[-46.729258643253026,-23.424659695019006],[-46.72921252334917,-23.424659695019006],[-46.72921252334917,-23.424724855660642],[-46.72916640344531,-23.424724855660642],[-46.72916640344531,-23.424659695019006],[-46.729120283541455,-23.424659695019006],[-46.7290741636376,-23.42459453437737],[-46.7290741636376,-23.424529373735734],[-46.72902804373374,-23.424529373735734],[-46.72902804373374,-23.424464213094097],[-46.72902804373374,-23.42439905245246],[-46.72902804373374,-23.424333891810825],[-46.72902804373374,-23.42426873116919],[-46.72902804373374,-23.424203570527556],[-46.7290741636376,-23.424203570527556],[-46.7290741636376,-23.42413840988592],[-46.7290741636376,-23.424073249244284],[-46.729120283541455,-23.424073249244284],[-46.729120283541455,-23.424008088602648],[-46.72916640344531,-23.42394292796101],[-46.72916640344531,-23.423877767319375],[-46.72916640344531,-23.423747446036103],[-46.72921252334917,-23.423747446036103],[-46.72921252334917,-23.423682285394467],[-46.72921252334917,-23.42361712475283],[-46.72921252334917,-23.423551964111198],[-46.729258643253026,-23.423551964111198],[-46.729258643253026,-23.42348680346956],[-46.729258643253026,-23.423421642827925],[-46.72930476315689,-23.42335648218629],[-46.72930476315689,-23.423226160903017],[-46.72935088306075,-23.42316100026138],[-46.72935088306075,-23.423095839619744],[-46.7293970029646,-23.423030678978108],[-46.7293970029646,-23.422965518336472],[-46.72944312286846,-23.422900357694836],[-46.72944312286846,-23.422835197053203],[-46.72948924277232,-23.422835197053203],[-46.72948924277232,-23.422770036411567],[-46.72948924277232,-23.42270487576993],[-46.72948924277232,-23.422639715128295],[-46.72948924277232,-23.42257455448666],[-46.72944312286846,-23.42257455448666],[-46.7293970029646,-23.422509393845022],[-46.7293970029646,-23.422444233203386],[-46.72935088306075,-23.422444233203386],[-46.72930476315689,-23.42237907256175],[-46.72921252334917,-23.422313911920114],[-46.72902804373374,-23.422248751278477],[-46.728889684022164,-23.422183590636845],[-46.72884356411831,-23.422183590636845],[-46.72879744421445,-23.422183590636845],[-46.72875132431059,-23.422183590636845],[-46.72870520440674,-23.422183590636845],[-46.72865908450288,-23.422313911920114],[-46.72861296459902,-23.422313911920114],[-46.728566844695166,-23.42237907256175],[-46.728566844695166,-23.422444233203386],[-46.7285207247913,-23.422444233203386],[-46.728474604887445,-23.422509393845022],[-46.72842848498359,-23.42257455448666],[-46.72842848498359,-23.422639715128295],[-46.728336245175875,-23.42270487576993],[-46.72829012527202,-23.422835197053203],[-46.72824400536816,-23.422900357694836],[-46.728197885464304,-23.422900357694836],[-46.728197885464304,-23.422965518336472],[-46.72815176556044,-23.423030678978108],[-46.72810564565658,-23.423030678978108],[-46.72805952575273,-23.423095839619744],[-46.72801340584887,-23.423095839619744],[-46.72796728594501,-23.42316100026138],[-46.727921166041156,-23.423226160903017],[-46.7278750461373,-23.423226160903017],[-46.727828926233435,-23.423291321544653],[-46.72778280632958,-23.423291321544653],[-46.727690566521865,-23.42335648218629],[-46.72764444661801,-23.42335648218629],[-46.727552206810294,-23.423421642827925],[-46.727459967002574,-23.423421642827925],[-46.72736772719486,-23.42348680346956],[-46.727275487387146,-23.42348680346956],[-46.72722936748329,-23.42348680346956],[-46.72718324757943,-23.42348680346956],[-46.727137127675576,-23.42348680346956],[-46.727044887867855,-23.42348680346956],[-46.72695264806014,-23.42348680346956],[-46.72681428834857,-23.42348680346956],[-46.72672204854085,-23.42348680346956],[-46.726629808733136,-23.423421642827925],[-46.72653756892542,-23.423421642827925],[-46.72644532911771,-23.42335648218629],[-46.72635308930999,-23.42335648218629],[-46.72630696940613,-23.423291321544653],[-46.726260849502275,-23.423291321544653],[-46.72621472959842,-23.423291321544653],[-46.72616860969456,-23.423226160903017],[-46.72603024998299,-23.42316100026138],[-46.72598413007913,-23.42316100026138],[-46.72589189027141,-23.423095839619744],[-46.725845770367556,-23.423030678978108],[-46.7257996504637,-23.422965518336472],[-46.725707410655986,-23.422965518336472],[-46.72566129075213,-23.422900357694836],[-46.72556905094441,-23.422900357694836],[-46.72556905094441,-23.422835197053203],[-46.725476811136694,-23.422835197053203],[-46.72543069123284,-23.422770036411567],[-46.725338451425124,-23.422770036411567],[-46.72529233152127,-23.422770036411567],[-46.7252462116174,-23.42270487576993],[-46.725200091713546,-23.42270487576993],[-46.72515397180969,-23.42270487576993],[-46.72510785190583,-23.42270487576993],[-46.725061732001976,-23.42270487576993],[-46.72501561209812,-23.422770036411567],[-46.72496949219426,-23.422770036411567],[-46.72496949219426,-23.422835197053203],[-46.724923372290405,-23.422835197053203],[-46.724923372290405,-23.422900357694836],[-46.72487725238654,-23.422900357694836],[-46.724831132482684,-23.422900357694836],[-46.72478501257883,-23.422900357694836],[-46.72473889267497,-23.422900357694836],[-46.724692772771114,-23.422900357694836],[-46.724692772771114,-23.422835197053203],[-46.72464665286726,-23.422835197053203],[-46.7246005329634,-23.422835197053203],[-46.72455441305954,-23.422835197053203],[-46.72446217325182,-23.422900357694836],[-46.72436993344411,-23.422900357694836],[-46.72423157373254,-23.422900357694836],[-46.724047094117104,-23.422965518336472],[-46.72390873440553,-23.422965518336472],[-46.72386261450168,-23.423030678978108],[-46.72381649459782,-23.423030678978108],[-46.72353977517467,-23.423226160903017],[-46.72335529555924,-23.42335648218629],[-46.72321693584767,-23.423421642827925],[-46.723263055751524,-23.423421642827925],[-46.72330917565538,-23.423421642827925],[-46.72335529555924,-23.42348680346956],[-46.72344753536696,-23.42348680346956],[-46.723493655270815,-23.42348680346956],[-46.72367813488624,-23.42348680346956],[-46.7237242547901,-23.42348680346956],[-46.723770374693956,-23.42348680346956],[-46.723770374693956,-23.423551964111198],[-46.72381649459782,-23.42348680346956],[-46.72386261450168,-23.42348680346956],[-46.72390873440553,-23.42348680346956],[-46.72390873440553,-23.423551964111198],[-46.72395485430939,-23.423551964111198],[-46.72395485430939,-23.42361712475283],[-46.72395485430939,-23.423682285394467],[-46.72395485430939,-23.423747446036103],[-46.72395485430939,-23.42381260667774],[-46.72395485430939,-23.423877767319375],[-46.72400097421325,-23.423877767319375],[-46.724047094117104,-23.423877767319375],[-46.72409321402096,-23.423877767319375],[-46.72413933392482,-23.42394292796101],[-46.72418545382868,-23.42394292796101],[-46.72423157373254,-23.42394292796101],[-46.72432381354025,-23.42394292796101],[-46.72436993344411,-23.42394292796101],[-46.724416053347966,-23.42394292796101],[-46.72446217325182,-23.424008088602648],[-46.72450829315568,-23.424008088602648],[-46.72455441305954,-23.424008088602648],[-46.7246005329634,-23.424008088602648],[-46.7246005329634,-23.42413840988592],[-46.7246005329634,-23.424203570527556],[-46.7246005329634,-23.42426873116919],[-46.7246005329634,-23.424333891810825],[-46.72455441305954,-23.424333891810825],[-46.72455441305954,-23.42439905245246],[-46.72455441305954,-23.424464213094097],[-46.72455441305954,-23.424529373735734],[-46.72455441305954,-23.42459453437737],[-46.72455441305954,-23.424724855660642],[-46.72455441305954,-23.42479001630228],[-46.72450829315568,-23.424855176943915],[-46.72446217325182,-23.424855176943915],[-46.724416053347966,-23.424855176943915],[-46.72436993344411,-23.424855176943915],[-46.72432381354025,-23.424855176943915],[-46.724277693636395,-23.424855176943915],[-46.724277693636395,-23.424920337585547],[-46.724277693636395,-23.424985498227183],[-46.72432381354025,-23.424985498227183],[-46.72436993344411,-23.424985498227183],[-46.72436993344411,-23.42505065886882],[-46.724416053347966,-23.42505065886882],[-46.724416053347966,-23.425115819510456],[-46.72446217325182,-23.425115819510456],[-46.72446217325182,-23.425180980152092],[-46.72446217325182,-23.42524614079373],[-46.72446217325182,-23.425311301435364],[-46.72446217325182,-23.425376462077],[-46.724416053347966,-23.425376462077],[-46.72436993344411,-23.425441622718637],[-46.72432381354025,-23.425441622718637],[-46.724277693636395,-23.425441622718637],[-46.72423157373254,-23.425441622718637],[-46.72413933392482,-23.425441622718637],[-46.72409321402096,-23.425506783360273],[-46.724047094117104,-23.42557194400191],[-46.724047094117104,-23.425637104643542],[-46.724047094117104,-23.425702265285178],[-46.72400097421325,-23.425767425926814],[-46.72395485430939,-23.42583258656845],[-46.72390873440553,-23.425897747210087],[-46.72386261450168,-23.425962907851723],[-46.723770374693956,-23.426093229134995],[-46.723770374693956,-23.42615838977663],[-46.7237242547901,-23.426223550418268],[-46.723632014982385,-23.426223550418268],[-46.72358589507853,-23.426223550418268],[-46.72353977517467,-23.4262887110599],[-46.723493655270815,-23.4262887110599],[-46.723493655270815,-23.426353871701536],[-46.72344753536696,-23.426419032343173],[-46.723401415463094,-23.42648419298481],[-46.723401415463094,-23.426549353626445],[-46.723401415463094,-23.42661451426808],[-46.723401415463094,-23.426679674909717],[-46.72335529555924,-23.426744835551354],[-46.72335529555924,-23.42680999619299],[-46.72335529555924,-23.426875156834626],[-46.72330917565538,-23.426875156834626],[-46.723263055751524,-23.42694031747626],[-46.723263055751524,-23.427005478117895],[-46.72330917565538,-23.427005478117895],[-46.72335529555924,-23.42707063875953],[-46.723401415463094,-23.427135799401167],[-46.723401415463094,-23.427200960042804],[-46.723401415463094,-23.42726612068444],[-46.72335529555924,-23.427331281326076],[-46.72321693584767,-23.427526763250984],[-46.72312469603995,-23.427526763250984],[-46.72303245623223,-23.427526763250984],[-46.722986336328376,-23.42759192389262],[-46.72294021642452,-23.42759192389262],[-46.72289409652066,-23.42759192389262],[-46.722847976616805,-23.42759192389262],[-46.72280185671295,-23.42759192389262],[-46.72275573680909,-23.42759192389262],[-46.72275573680909,-23.427526763250984],[-46.722709616905234,-23.427526763250984],[-46.72266349700137,-23.427526763250984],[-46.722617377097514,-23.427526763250984],[-46.72257125719366,-23.427526763250984],[-46.7225251372898,-23.427526763250984],[-46.72247901738594,-23.427526763250984],[-46.722432897482086,-23.427526763250984],[-46.72238677757823,-23.427526763250984],[-46.722340657674366,-23.427526763250984],[-46.722340657674366,-23.42746160260935],[-46.72229453777051,-23.42746160260935],[-46.72224841786665,-23.42746160260935],[-46.722202297962795,-23.42746160260935],[-46.72215617805894,-23.42746160260935],[-46.72211005815508,-23.42746160260935],[-46.722063938251225,-23.42746160260935],[-46.72201781834737,-23.427396441967712],[-46.721971698443504,-23.427396441967712],[-46.72192557853965,-23.427396441967712],[-46.72187945863579,-23.427396441967712],[-46.72183333873193,-23.427331281326076],[-46.72178721882808,-23.427331281326076],[-46.72174109892422,-23.427331281326076],[-46.72169497902036,-23.427331281326076],[-46.721648859116506,-23.42726612068444],[-46.72160273921264,-23.42726612068444],[-46.721556619308785,-23.42726612068444],[-46.72151049940493,-23.427200960042804],[-46.72146437950107,-23.427200960042804],[-46.721418259597215,-23.427200960042804],[-46.72137213969336,-23.427200960042804],[-46.72137213969336,-23.427135799401167],[-46.7213260197895,-23.427135799401167],[-46.721279899885644,-23.427135799401167],[-46.72123377998178,-23.42707063875953],[-46.72118766007792,-23.42707063875953],[-46.72114154017407,-23.42707063875953],[-46.72109542027021,-23.42707063875953],[-46.72109542027021,-23.427005478117895],[-46.72104930036635,-23.427005478117895],[-46.721003180462496,-23.427005478117895],[-46.721003180462496,-23.42694031747626],[-46.72095706055864,-23.42694031747626],[-46.72091094065478,-23.42694031747626],[-46.72086482075092,-23.42694031747626],[-46.72086482075092,-23.426875156834626],[-46.72081870084706,-23.426875156834626],[-46.720772580943205,-23.426875156834626],[-46.72072646103935,-23.426875156834626],[-46.72068034113549,-23.42680999619299],[-46.720634221231634,-23.42680999619299],[-46.72058810132778,-23.42680999619299],[-46.72054198142392,-23.42680999619299],[-46.72049586152006,-23.426744835551354],[-46.7204497416162,-23.426744835551354],[-46.72040362171234,-23.426744835551354],[-46.720357501808486,-23.426744835551354],[-46.72031138190463,-23.426744835551354],[-46.72026526200077,-23.426744835551354],[-46.720219142096916,-23.426744835551354],[-46.72017302219306,-23.426679674909717],[-46.720126902289195,-23.426679674909717],[-46.72008078238534,-23.426679674909717],[-46.72003466248148,-23.426679674909717],[-46.719988542577624,-23.426679674909717],[-46.71994242267377,-23.426679674909717],[-46.71989630276991,-23.426679674909717],[-46.719850182866054,-23.426679674909717],[-46.7198040629622,-23.426679674909717],[-46.71975794305833,-23.426679674909717],[-46.719711823154476,-23.426679674909717],[-46.71966570325062,-23.426679674909717],[-46.71961958334676,-23.426679674909717],[-46.71948122363519,-23.426679674909717],[-46.71938898382747,-23.426679674909717],[-46.719342863923615,-23.426679674909717],[-46.71929674401976,-23.42661451426808],[-46.719204504212044,-23.426549353626445],[-46.719066144500474,-23.42648419298481],[-46.71897390469275,-23.426419032343173],[-46.71883554498118,-23.426419032343173],[-46.71860494546189,-23.426353871701536],[-46.71846658575032,-23.426353871701536],[-46.71832822603875,-23.4262887110599],[-46.718282106134886,-23.4262887110599],[-46.71823598623103,-23.426223550418268],[-46.71818986632717,-23.42615838977663],[-46.718143746423316,-23.425962907851723],[-46.718143746423316,-23.425767425926814],[-46.718143746423316,-23.425702265285178],[-46.71809762651946,-23.425702265285178],[-46.71809762651946,-23.425637104643542],[-46.7180515066156,-23.425637104643542],[-46.718005386711745,-23.42557194400191],[-46.718005386711745,-23.425506783360273],[-46.71795926680789,-23.425441622718637],[-46.71795926680789,-23.425376462077],[-46.717913146904024,-23.425376462077],[-46.71786702700017,-23.42524614079373],[-46.71786702700017,-23.425180980152092],[-46.717774787192454,-23.425180980152092],[-46.71768254738474,-23.425115819510456],[-46.71763642748088,-23.425115819510456],[-46.71754418767316,-23.425115819510456],[-46.71745194786545,-23.42505065886882],[-46.71740582796159,-23.42505065886882],[-46.717359708057735,-23.424985498227183],[-46.71731358815388,-23.424985498227183],[-46.71731358815388,-23.424920337585547],[-46.71722134834616,-23.424855176943915],[-46.71722134834616,-23.42479001630228],[-46.7171752284423,-23.42479001630228],[-46.7171752284423,-23.424724855660642],[-46.717129108538444,-23.424724855660642],[-46.717129108538444,-23.424659695019006],[-46.71708298863459,-23.424659695019006],[-46.71708298863459,-23.42459453437737],[-46.71703686873073,-23.42459453437737],[-46.71703686873073,-23.424529373735734],[-46.71699074882687,-23.424529373735734],[-46.71699074882687,-23.424464213094097],[-46.71694462892302,-23.42439905245246],[-46.71694462892302,-23.424333891810825],[-46.71694462892302,-23.42426873116919],[-46.71694462892302,-23.424203570527556],[-46.71694462892302,-23.42413840988592],[-46.71694462892302,-23.424073249244284],[-46.71699074882687,-23.424073249244284],[-46.71699074882687,-23.424008088602648],[-46.71699074882687,-23.42394292796101],[-46.71699074882687,-23.423877767319375],[-46.71703686873073,-23.423877767319375],[-46.71703686873073,-23.42381260667774],[-46.71703686873073,-23.423747446036103],[-46.71708298863459,-23.423747446036103],[-46.71708298863459,-23.423682285394467],[-46.71708298863459,-23.42361712475283],[-46.71708298863459,-23.423551964111198],[-46.71708298863459,-23.42348680346956],[-46.71708298863459,-23.423421642827925],[-46.71703686873073,-23.42335648218629],[-46.71699074882687,-23.423095839619744],[-46.71689850901916,-23.422965518336472],[-46.71689850901916,-23.422900357694836],[-46.71689850901916,-23.422835197053203],[-46.71689850901916,-23.422639715128295],[-46.716852389115296,-23.42257455448666],[-46.716852389115296,-23.422444233203386],[-46.71680626921144,-23.42237907256175],[-46.71676014930758,-23.422313911920114],[-46.71662178959601,-23.422248751278477],[-46.71643730998058,-23.422183590636845],[-46.71639119007672,-23.422183590636845],[-46.71639119007672,-23.42211842999521],[-46.71620671046129,-23.42211842999521],[-46.71611447065357,-23.422053269353572],[-46.716068350749715,-23.422053269353572],[-46.71602223084586,-23.422053269353572],[-46.71602223084586,-23.421988108711936],[-46.715976110942,-23.421988108711936],[-46.71588387113429,-23.4219229480703],[-46.715791631326574,-23.4219229480703],[-46.71556103180728,-23.421857787428664],[-46.715514911903426,-23.421857787428664],[-46.71542267209571,-23.421792626787028],[-46.71533043228799,-23.421792626787028],[-46.715145952672565,-23.421792626787028],[-46.71509983276871,-23.421792626787028],[-46.71482311334556,-23.421792626787028],[-46.7147769934417,-23.421792626787028],[-46.714638633730125,-23.421792626787028],[-46.714500274018555,-23.42172746614539],[-46.7144541541147,-23.42172746614539],[-46.71422355459541,-23.42172746614539],[-46.71399295507612,-23.42172746614539],[-46.71376235555683,-23.42172746614539],[-46.713577875941404,-23.42172746614539],[-46.71339339632597,-23.42172746614539],[-46.7132550366144,-23.42172746614539],[-46.71316279680668,-23.42172746614539],[-46.71297831719125,-23.42172746614539],[-46.71283995747968,-23.42172746614539],[-46.71274771767196,-23.42172746614539],[-46.7127015977681,-23.421662305503755],[-46.71260935796039,-23.421662305503755],[-46.71256323805653,-23.421662305503755],[-46.712424878344954,-23.421662305503755],[-46.71233263853724,-23.421662305503755],[-46.71219427882567,-23.42159714486212],[-46.71210203901795,-23.42159714486212],[-46.712009799210236,-23.42159714486212],[-46.712009799210236,-23.421531984220486],[-46.71191755940252,-23.42146682357885],[-46.71182531959481,-23.421336502295578],[-46.71173307978709,-23.421336502295578],[-46.711502480267804,-23.42127134165394],[-46.71141024046009,-23.42127134165394],[-46.711364120556226,-23.42127134165394],[-46.71127188074851,-23.421336502295578],[-46.7111796409408,-23.421401662937214],[-46.711087401133085,-23.42146682357885],[-46.71104128122923,-23.42146682357885],[-46.710995161325364,-23.42146682357885],[-46.71090292151765,-23.421531984220486],[-46.71076456180608,-23.421531984220486],[-46.710672321998366,-23.421531984220486],[-46.71053396228679,-23.421531984220486],[-46.71039560257522,-23.421531984220486],[-46.71025724286364,-23.421531984220486],[-46.71016500305593,-23.421531984220486],[-46.71002664334436,-23.421531984220486],[-46.70988828363278,-23.421531984220486],[-46.709796043825065,-23.421531984220486],[-46.70956544430578,-23.421531984220486],[-46.70951932440192,-23.421531984220486],[-46.7094270845942,-23.42146682357885],[-46.70933484478649,-23.42146682357885],[-46.709242604978776,-23.42146682357885],[-46.709150365171055,-23.421401662937214],[-46.7091042452672,-23.421401662937214],[-46.70905812536334,-23.421336502295578],[-46.70896588555563,-23.42127134165394],[-46.70896588555563,-23.421206181012305],[-46.70891976565177,-23.421206181012305],[-46.70891976565177,-23.421075859729033],[-46.708873645747914,-23.42094553844576],[-46.70882752584406,-23.42081521716249],[-46.70882752584406,-23.420750056520856],[-46.70882752584406,-23.420554574595947],[-46.70882752584406,-23.42048941395431],[-46.70882752584406,-23.420424253312675],[-46.708781405940194,-23.42035909267104],[-46.708781405940194,-23.420098450104497],[-46.70873528603634,-23.42003328946286],[-46.70873528603634,-23.419772646896316],[-46.70873528603634,-23.41970748625468],[-46.70868916613248,-23.419642325613044],[-46.70864304622862,-23.419316522404866],[-46.70864304622862,-23.41925136176323],[-46.70864304622862,-23.419186201121594],[-46.70864304622862,-23.41905587983832],[-46.708596926324766,-23.418860397913413],[-46.708596926324766,-23.41879523727178],[-46.708596926324766,-23.418664915988508],[-46.708596926324766,-23.4184694340636],[-46.708596926324766,-23.418208791497054],[-46.708596926324766,-23.417948148930513],[-46.70855080642091,-23.41781782764724],[-46.70855080642091,-23.41768750636397],[-46.70855080642091,-23.417557185080696],[-46.70855080642091,-23.417492024439063],[-46.70850468651705,-23.417296542514155],[-46.70850468651705,-23.41723138187252],[-46.708458566613196,-23.417101060589246],[-46.708458566613196,-23.41703589994761],[-46.708458566613196,-23.416970739305974],[-46.70841244670933,-23.41677525738107],[-46.70841244670933,-23.416710096739433],[-46.70832020690162,-23.416644936097796],[-46.70832020690162,-23.41657977545616],[-46.70813572728619,-23.41657977545616],[-46.70799736757461,-23.416514614814524],[-46.7079051277669,-23.416514614814524],[-46.707812887959186,-23.416449454172888],[-46.70776676805533,-23.416449454172888],[-46.70772064815147,-23.416449454172888],[-46.707582288439895,-23.416449454172888],[-46.70753616853604,-23.416449454172888],[-46.70735168892061,-23.416449454172888],[-46.70725944911289,-23.416449454172888],[-46.707167209305176,-23.416449454172888],[-46.707028849593605,-23.416449454172888],[-46.70698272968974,-23.416449454172888],[-46.70689048988203,-23.416514614814524],[-46.70675213017046,-23.41657977545616],[-46.7067060102666,-23.416644936097796],[-46.706659890362744,-23.416710096739433],[-46.70661377045888,-23.41677525738107],[-46.70656765055502,-23.416905578664338],[-46.706521530651166,-23.416905578664338],[-46.706521530651166,-23.416970739305974],[-46.706521530651166,-23.41703589994761],[-46.706383170939596,-23.417101060589246],[-46.706383170939596,-23.417166221230882],[-46.70619869132416,-23.417166221230882],[-46.705875851997156,-23.417166221230882],[-46.705506892766294,-23.417101060589246],[-46.70541465295858,-23.41703589994761],[-46.705368533054724,-23.41703589994761],[-46.70532241315087,-23.41703589994761],[-46.705091813631576,-23.416970739305974],[-46.70504569372772,-23.416970739305974],[-46.70499957382386,-23.416970739305974],[-46.704815094208435,-23.416905578664338],[-46.70449225488143,-23.416905578664338],[-46.70426165536214,-23.416905578664338],[-46.70421553545828,-23.416970739305974],[-46.703523736900415,-23.41723138187252],[-46.703385377188845,-23.41723138187252],[-46.70320089757341,-23.417296542514155],[-46.70306253786184,-23.41736170315579],[-46.702878058246405,-23.41736170315579],[-46.702739698534835,-23.41736170315579],[-46.70264745872712,-23.41736170315579],[-46.70246297911169,-23.41736170315579],[-46.702324619400116,-23.417426863797427],[-46.70218625968854,-23.417426863797427],[-46.70200178007311,-23.417557185080696],[-46.701955660169254,-23.417557185080696],[-46.70177118055382,-23.417752667005605],[-46.70172506064996,-23.417882988288877],[-46.701678940746106,-23.417948148930513],[-46.70158670093839,-23.418078470213786],[-46.701540581034536,-23.418208791497054],[-46.701540581034536,-23.41827395213869],[-46.70149446113067,-23.4184694340636],[-46.70149446113067,-23.41859975534687],[-46.70149446113067,-23.418730076630144],[-46.701448341226815,-23.41892555855505],[-46.701448341226815,-23.418990719196685],[-46.701448341226815,-23.41905587983832],[-46.701448341226815,-23.419121040479958],[-46.701448341226815,-23.419186201121594],[-46.701448341226815,-23.41925136176323],[-46.701448341226815,-23.419316522404866],[-46.701448341226815,-23.41944684368814],[-46.701448341226815,-23.419577164971408],[-46.701448341226815,-23.419642325613044],[-46.701448341226815,-23.41970748625468],[-46.701448341226815,-23.419772646896316],[-46.701448341226815,-23.419837807537952],[-46.701448341226815,-23.41990296817959],[-46.70140222132296,-23.41990296817959],[-46.7013561014191,-23.420098450104497],[-46.7013561014191,-23.420163610746133],[-46.7013561014191,-23.420228771387766],[-46.70126386161139,-23.42035909267104],[-46.70126386161139,-23.420424253312675],[-46.70121774170753,-23.42048941395431],[-46.701171621803674,-23.420554574595947],[-46.70112550189981,-23.420619735237583],[-46.70107938199595,-23.42068489587922],[-46.701033262092096,-23.42081521716249],[-46.701033262092096,-23.42094553844576],[-46.70098714218824,-23.421075859729033],[-46.70098714218824,-23.421206181012305],[-46.70094102228438,-23.421336502295578],[-46.70094102228438,-23.421401662937214],[-46.70094102228438,-23.421531984220486],[-46.700894902380526,-23.421662305503755],[-46.700894902380526,-23.421792626787028],[-46.700894902380526,-23.421857787428664],[-46.700894902380526,-23.422053269353572],[-46.700894902380526,-23.422183590636845],[-46.70084878247667,-23.422248751278477],[-46.701033262092096,-23.422248751278477],[-46.70121774170753,-23.422248751278477],[-46.7013561014191,-23.422248751278477],[-46.70140222132296,-23.422248751278477],[-46.70149446113067,-23.422248751278477],[-46.701678940746106,-23.422248751278477],[-46.7019095402654,-23.422248751278477],[-46.702324619400116,-23.422313911920114],[-46.70237073930397,-23.422313911920114],[-46.702739698534835,-23.42237907256175],[-46.70278581843869,-23.42237907256175],[-46.70324701747727,-23.422444233203386],[-46.703385377188845,-23.422509393845022],[-46.70356985680427,-23.42257455448666],[-46.70370821651585,-23.42270487576993],[-46.703754336419706,-23.422835197053203],[-46.70380045632356,-23.423226160903017],[-46.70380045632356,-23.423291321544653],[-46.70380045632356,-23.423421642827925],[-46.70380045632356,-23.423551964111198],[-46.70380045632356,-23.423682285394467],[-46.70380045632356,-23.42394292796101],[-46.70380045632356,-23.424008088602648],[-46.70380045632356,-23.424203570527556],[-46.703754336419706,-23.42439905245246],[-46.703754336419706,-23.42459453437737],[-46.703754336419706,-23.424659695019006],[-46.70370821651585,-23.424985498227183],[-46.70370821651585,-23.42505065886882],[-46.70370821651585,-23.425441622718637],[-46.70370821651585,-23.425702265285178],[-46.70370821651585,-23.426093229134995],[-46.703754336419706,-23.426419032343173],[-46.703754336419706,-23.42648419298481],[-46.70370821651585,-23.42661451426808],[-46.703662096611986,-23.426875156834626],[-46.703662096611986,-23.427005478117895],[-46.703523736900415,-23.427200960042804],[-46.703523736900415,-23.42726612068444],[-46.703523736900415,-23.427396441967712],[-46.703523736900415,-23.427526763250984],[-46.703523736900415,-23.427657084534253],[-46.703523736900415,-23.42772224517589],[-46.703523736900415,-23.427852566459162],[-46.70347761699656,-23.42804804838407],[-46.70347761699656,-23.428178369667343],[-46.70347761699656,-23.428569333517157],[-46.703385377188845,-23.42896029736697],[-46.70333925728499,-23.429220939933515],[-46.70324701747727,-23.42948158250006],[-46.70320089757341,-23.4297422250666],[-46.70320089757341,-23.430002867633146],[-46.70324701747727,-23.430133188916418],[-46.703108657765696,-23.430654474049504],[-46.70306253786184,-23.43098027725768],[-46.70306253786184,-23.431240919824226],[-46.70306253786184,-23.431306080465863],[-46.70306253786184,-23.4313712411075],[-46.70306253786184,-23.431436401749135],[-46.70301641795798,-23.43150156239077],[-46.70306253786184,-23.431566723032407],[-46.70306253786184,-23.43163188367404],[-46.70306253786184,-23.431762204957312],[-46.70306253786184,-23.43182736559895],[-46.70306253786184,-23.431892526240585],[-46.703108657765696,-23.43195768688222],[-46.70315477766955,-23.432544132656943],[-46.70320089757341,-23.432804775223488],[-46.70320089757341,-23.43293509650676],[-46.70324701747727,-23.433260899714938],[-46.703293137381124,-23.433456381639846],[-46.70333925728499,-23.43384734548966],[-46.70333925728499,-23.434107988056205],[-46.703385377188845,-23.43449895190602],[-46.70347761699656,-23.43508539768074],[-46.70347761699656,-23.43528087960565],[-46.703523736900415,-23.435802164738735],[-46.703523736900415,-23.43606280730528],[-46.703523736900415,-23.43632344987182],[-46.703523736900415,-23.43651893179673],[-46.70356985680427,-23.436779574363275],[-46.70356985680427,-23.436909895646547],[-46.70356985680427,-23.436975056288183],[-46.703523736900415,-23.437235698854725],[-46.70347761699656,-23.437561502062906],[-46.70347761699656,-23.43775698398781],[-46.7034314970927,-23.438017626554355],[-46.7034314970927,-23.43808278719599],[-46.703385377188845,-23.438213108479264],[-46.703385377188845,-23.4382782691209],[-46.70333925728499,-23.438343429762533],[-46.703385377188845,-23.43840859040417],[-46.7034314970927,-23.43840859040417],[-46.703523736900415,-23.43840859040417],[-46.70356985680427,-23.43840859040417],[-46.70361597670813,-23.43840859040417],[-46.70361597670813,-23.438473751045805],[-46.703662096611986,-23.43840859040417],[-46.70370821651585,-23.43840859040417],[-46.703754336419706,-23.43840859040417],[-46.70380045632356,-23.43840859040417],[-46.70384657622742,-23.43840859040417],[-46.70389269613128,-23.43840859040417],[-46.703938816035134,-23.43840859040417],[-46.70398493593899,-23.43840859040417],[-46.70403105584285,-23.43840859040417],[-46.70407717574671,-23.43840859040417],[-46.70412329565057,-23.438343429762533],[-46.704169415554425,-23.438343429762533],[-46.70421553545828,-23.438343429762533],[-46.70426165536214,-23.438343429762533],[-46.704307775265995,-23.4382782691209],[-46.70435389516985,-23.4382782691209],[-46.70440001507371,-23.438213108479264],[-46.70444613497757,-23.438213108479264],[-46.70453837478529,-23.438213108479264],[-46.70458449468914,-23.438213108479264],[-46.704630614593,-23.438213108479264],[-46.70467673449686,-23.438147947837628],[-46.704722854400714,-23.438147947837628],[-46.70476897430457,-23.438147947837628],[-46.704815094208435,-23.43808278719599],[-46.70486121411229,-23.43808278719599],[-46.70486121411229,-23.438017626554355],[-46.70490733401615,-23.438017626554355],[-46.704953453920005,-23.438017626554355],[-46.704953453920005,-23.43795246591272],[-46.70499957382386,-23.437887305271083],[-46.70504569372772,-23.437887305271083],[-46.705091813631576,-23.437822144629447],[-46.70513793353543,-23.437822144629447],[-46.70513793353543,-23.43775698398781],[-46.7051840534393,-23.43775698398781],[-46.70523017334315,-23.43775698398781],[-46.70523017334315,-23.437691823346174],[-46.70527629324701,-23.437691823346174],[-46.70532241315087,-23.43762666270454],[-46.70541465295858,-23.43762666270454],[-46.70555301267016,-23.437561502062906],[-46.70564525247787,-23.437561502062906],[-46.70569137238173,-23.43749634142127],[-46.705737492285586,-23.43749634142127],[-46.70578361218944,-23.43749634142127],[-46.7058297320933,-23.43749634142127],[-46.705875851997156,-23.43749634142127],[-46.70592197190102,-23.43749634142127],[-46.70596809180488,-23.437431180779633],[-46.706014211708734,-23.437431180779633],[-46.70606033161259,-23.437431180779633],[-46.70610645151645,-23.437431180779633],[-46.706152571420304,-23.437431180779633],[-46.70619869132416,-23.437431180779633],[-46.70624481122802,-23.437431180779633],[-46.70629093113188,-23.437366020137997],[-46.70633705103574,-23.437366020137997],[-46.70642929084345,-23.43730085949636],[-46.70647541074731,-23.43730085949636],[-46.70656765055502,-23.43730085949636],[-46.706659890362744,-23.437366020137997],[-46.70675213017046,-23.437366020137997],[-46.70689048988203,-23.437431180779633],[-46.707028849593605,-23.43749634142127],[-46.70712108940132,-23.43749634142127],[-46.70721332920903,-23.43749634142127],[-46.70735168892061,-23.437561502062906],[-46.707443928728324,-23.437561502062906],[-46.70749004863218,-23.43762666270454],[-46.70753616853604,-23.43762666270454],[-46.707582288439895,-23.43762666270454],[-46.707582288439895,-23.437561502062906],[-46.70762840834375,-23.437561502062906],[-46.70762840834375,-23.43749634142127],[-46.70762840834375,-23.437431180779633],[-46.70762840834375,-23.437366020137997],[-46.70767452824761,-23.43730085949636],[-46.70767452824761,-23.437235698854725],[-46.70772064815147,-23.437235698854725],[-46.70776676805533,-23.43717053821309],[-46.707812887959186,-23.43717053821309],[-46.70785900786304,-23.43717053821309],[-46.707951247670756,-23.437235698854725],[-46.70804348747847,-23.43730085949636],[-46.70813572728619,-23.437366020137997],[-46.70827408699776,-23.437431180779633],[-46.70827408699776,-23.43749634142127],[-46.70832020690162,-23.43749634142127],[-46.70832020690162,-23.437561502062906],[-46.70832020690162,-23.43762666270454],[-46.70832020690162,-23.43775698398781],[-46.708366326805475,-23.437887305271083],[-46.70841244670933,-23.438017626554355],[-46.70841244670933,-23.43808278719599],[-46.708458566613196,-23.438213108479264],[-46.708458566613196,-23.4382782691209],[-46.70850468651705,-23.43840859040417],[-46.70850468651705,-23.43853891168744],[-46.70855080642091,-23.43853891168744],[-46.70855080642091,-23.438604072329078],[-46.70868916613248,-23.438604072329078],[-46.70868916613248,-23.438669232970714],[-46.70873528603634,-23.438669232970714],[-46.708781405940194,-23.43873439361235],[-46.70882752584406,-23.43873439361235],[-46.70882752584406,-23.438799554253986],[-46.708873645747914,-23.438799554253986],[-46.70891976565177,-23.438864714895622],[-46.70891976565177,-23.43892987553726],[-46.70896588555563,-23.438995036178895],[-46.709012005459485,-23.438995036178895],[-46.70905812536334,-23.438995036178895],[-46.7091042452672,-23.438995036178895],[-46.7091042452672,-23.439060196820527],[-46.709150365171055,-23.439060196820527],[-46.70919648507492,-23.439060196820527],[-46.709242604978776,-23.439125357462164],[-46.70928872488263,-23.439125357462164],[-46.70933484478649,-23.439125357462164],[-46.70933484478649,-23.439060196820527],[-46.70938096469035,-23.439125357462164],[-46.7094270845942,-23.439125357462164],[-46.70947320449806,-23.4391905181038],[-46.70951932440192,-23.4391905181038],[-46.70956544430578,-23.4391905181038],[-46.70961156420964,-23.4391905181038],[-46.709657684113495,-23.4391905181038],[-46.70970380401735,-23.4391905181038],[-46.70974992392121,-23.4391905181038],[-46.709796043825065,-23.4391905181038],[-46.70984216372892,-23.4391905181038],[-46.70988828363278,-23.4391905181038],[-46.70993440353664,-23.4391905181038],[-46.7099805234405,-23.439255678745436],[-46.71002664334436,-23.439255678745436],[-46.71007276324821,-23.439255678745436],[-46.71011888315207,-23.439255678745436],[-46.71016500305593,-23.439255678745436],[-46.710211122959784,-23.439255678745436],[-46.71025724286364,-23.439255678745436],[-46.710303362767505,-23.439320839387072],[-46.71034948267136,-23.439320839387072],[-46.71039560257522,-23.439320839387072],[-46.710441722479075,-23.439320839387072],[-46.710441722479075,-23.43938600002871],[-46.71048784238293,-23.43938600002871],[-46.71053396228679,-23.43938600002871],[-46.710580082190646,-23.43938600002871],[-46.7106262020945,-23.43938600002871],[-46.710672321998366,-23.43938600002871],[-46.71071844190222,-23.43938600002871],[-46.71071844190222,-23.439451160670345],[-46.71076456180608,-23.439451160670345],[-46.71081068170994,-23.439451160670345],[-46.710856801613794,-23.439451160670345],[-46.710856801613794,-23.43951632131198],[-46.71090292151765,-23.43951632131198],[-46.71094904142151,-23.43951632131198],[-46.71094904142151,-23.439581481953617],[-46.710995161325364,-23.439581481953617],[-46.71104128122923,-23.439581481953617],[-46.71104128122923,-23.439646642595253],[-46.711087401133085,-23.439646642595253],[-46.71113352103694,-23.439711803236886],[-46.7111796409408,-23.439776963878522],[-46.711225760844655,-23.43984212452016],[-46.71127188074851,-23.43984212452016],[-46.71131800065237,-23.43984212452016],[-46.711364120556226,-23.439907285161794],[-46.71141024046009,-23.439907285161794],[-46.71145636036395,-23.439907285161794],[-46.71145636036395,-23.43997244580343],[-46.711502480267804,-23.440037606445067],[-46.71154860017166,-23.440102767086703],[-46.71159472007552,-23.44016792772834],[-46.711640839979374,-23.440233088369975],[-46.71168695988323,-23.440233088369975],[-46.71173307978709,-23.440233088369975],[-46.71177919969095,-23.44029824901161],[-46.71182531959481,-23.440363409653244],[-46.711871439498665,-23.44042857029488],[-46.71191755940252,-23.440493730936517],[-46.71191755940252,-23.440558891578153],[-46.71196367930638,-23.44062405221979],[-46.71196367930638,-23.440689212861425],[-46.71196367930638,-23.44075437350306],[-46.71196367930638,-23.440819534144698],[-46.71196367930638,-23.440884694786334],[-46.71196367930638,-23.44094985542797],[-46.712009799210236,-23.44094985542797],[-46.712009799210236,-23.441015016069606],[-46.71196367930638,-23.441015016069606],[-46.71191755940252,-23.441015016069606],[-46.71196367930638,-23.44108017671124],[-46.71196367930638,-23.441145337352875],[-46.71191755940252,-23.441275658636147],[-46.711871439498665,-23.44140597991942],[-46.71177919969095,-23.441666622485965],[-46.71173307978709,-23.44186210441087],[-46.71168695988323,-23.441992425694142],[-46.71168695988323,-23.44205758633578],[-46.711640839979374,-23.442122746977414],[-46.711640839979374,-23.44218790761905],[-46.71159472007552,-23.442253068260687],[-46.71159472007552,-23.442318228902323],[-46.71154860017166,-23.442383389543956],[-46.71154860017166,-23.442448550185592],[-46.711502480267804,-23.442513710827228],[-46.71145636036395,-23.442578871468864],[-46.71141024046009,-23.4426440321105],[-46.71131800065237,-23.4426440321105],[-46.71131800065237,-23.442709192752137],[-46.71127188074851,-23.442709192752137],[-46.711225760844655,-23.442774353393773],[-46.71113352103694,-23.44283951403541],[-46.711087401133085,-23.442904674677045],[-46.710995161325364,-23.44296983531868],[-46.71090292151765,-23.44310015660195],[-46.710856801613794,-23.443165317243587],[-46.71081068170994,-23.443165317243587],[-46.71081068170994,-23.443230477885223],[-46.71081068170994,-23.44329563852686],[-46.71076456180608,-23.44329563852686],[-46.71071844190222,-23.443360799168495],[-46.710672321998366,-23.44342595981013],[-46.7106262020945,-23.44342595981013],[-46.710580082190646,-23.443491120451768],[-46.71053396228679,-23.443491120451768],[-46.71048784238293,-23.443491120451768],[-46.710441722479075,-23.443491120451768],[-46.71039560257522,-23.443556281093404],[-46.71034948267136,-23.443556281093404],[-46.710303362767505,-23.44362144173504],[-46.71025724286364,-23.443686602376676],[-46.710211122959784,-23.443686602376676],[-46.71016500305593,-23.44375176301831],[-46.71011888315207,-23.443816923659945],[-46.71007276324821,-23.443816923659945],[-46.71007276324821,-23.44388208430158],[-46.71002664334436,-23.44388208430158],[-46.7099805234405,-23.44388208430158],[-46.70993440353664,-23.443947244943217],[-46.70988828363278,-23.443947244943217],[-46.70984216372892,-23.443947244943217],[-46.70984216372892,-23.444012405584854],[-46.709796043825065,-23.444012405584854],[-46.70974992392121,-23.44407756622649],[-46.70970380401735,-23.44407756622649],[-46.709657684113495,-23.44407756622649],[-46.70961156420964,-23.444142726868126],[-46.70956544430578,-23.444142726868126],[-46.70951932440192,-23.444142726868126],[-46.70947320449806,-23.444142726868126],[-46.7094270845942,-23.444142726868126],[-46.70938096469035,-23.444142726868126],[-46.70933484478649,-23.444207887509762],[-46.70928872488263,-23.444207887509762],[-46.709242604978776,-23.4442730481514],[-46.70919648507492,-23.4442730481514],[-46.709150365171055,-23.4442730481514],[-46.709150365171055,-23.444338208793035],[-46.7091042452672,-23.444338208793035],[-46.70905812536334,-23.444338208793035],[-46.709012005459485,-23.444403369434667],[-46.70896588555563,-23.444403369434667],[-46.70891976565177,-23.444403369434667],[-46.708873645747914,-23.444403369434667],[-46.70882752584406,-23.444403369434667],[-46.708781405940194,-23.444468530076303],[-46.70868916613248,-23.444468530076303],[-46.70864304622862,-23.444468530076303],[-46.70855080642091,-23.444468530076303],[-46.708458566613196,-23.444468530076303],[-46.70841244670933,-23.444468530076303],[-46.708366326805475,-23.444468530076303],[-46.70832020690162,-23.444468530076303],[-46.70827408699776,-23.444468530076303],[-46.708227967093904,-23.44453369071794],[-46.70818184719005,-23.44453369071794],[-46.70818184719005,-23.444598851359576],[-46.70813572728619,-23.444664012001212],[-46.70813572728619,-23.444729172642848],[-46.70813572728619,-23.444794333284484],[-46.708089607382334,-23.444794333284484],[-46.70804348747847,-23.444794333284484],[-46.70799736757461,-23.44485949392612],[-46.707951247670756,-23.44485949392612],[-46.7079051277669,-23.44485949392612],[-46.70785900786304,-23.444924654567757],[-46.707812887959186,-23.444924654567757],[-46.70776676805533,-23.444924654567757],[-46.70772064815147,-23.444924654567757],[-46.70767452824761,-23.444924654567757],[-46.70762840834375,-23.444924654567757],[-46.707582288439895,-23.444924654567757],[-46.70749004863218,-23.444989815209393],[-46.707443928728324,-23.444989815209393],[-46.70739780882447,-23.44505497585103],[-46.70735168892061,-23.44505497585103],[-46.70730556901675,-23.445120136492662],[-46.70725944911289,-23.445185297134298],[-46.70721332920903,-23.445250457775934],[-46.707167209305176,-23.445250457775934],[-46.70712108940132,-23.44531561841757],[-46.70707496949746,-23.44531561841757],[-46.70707496949746,-23.445380779059207],[-46.707028849593605,-23.445380779059207],[-46.70698272968974,-23.445445939700843],[-46.706936609785885,-23.44551110034248],[-46.70689048988203,-23.44551110034248],[-46.70684436997817,-23.445576260984115],[-46.70684436997817,-23.44564142162575],[-46.706798250074314,-23.44564142162575],[-46.70675213017046,-23.445706582267388],[-46.7067060102666,-23.44577174290902],[-46.70661377045888,-23.445836903550656],[-46.70656765055502,-23.445902064192293],[-46.706521530651166,-23.44596722483393],[-46.70647541074731,-23.446032385475565],[-46.70647541074731,-23.4460975461172],[-46.70647541074731,-23.446162706758837],[-46.70642929084345,-23.446227867400474],[-46.70647541074731,-23.44629302804211],[-46.70642929084345,-23.44629302804211],[-46.70647541074731,-23.446358188683746],[-46.70647541074731,-23.44642334932538],[-46.70647541074731,-23.446488509967015],[-46.706521530651166,-23.44655367060865],[-46.70656765055502,-23.44655367060865],[-46.70656765055502,-23.446618831250287],[-46.70661377045888,-23.446618831250287],[-46.70661377045888,-23.446683991891923],[-46.706659890362744,-23.446683991891923],[-46.7067060102666,-23.44674915253356],[-46.7067060102666,-23.446814313175196],[-46.706659890362744,-23.446814313175196],[-46.706659890362744,-23.446879473816832],[-46.706659890362744,-23.446944634458468],[-46.70661377045888,-23.446944634458468],[-46.70656765055502,-23.447009795100104],[-46.70656765055502,-23.44707495574174],[-46.70656765055502,-23.447140116383373],[-46.70661377045888,-23.447140116383373],[-46.706659890362744,-23.44720527702501],[-46.7067060102666,-23.44720527702501],[-46.7067060102666,-23.447270437666646],[-46.706659890362744,-23.447335598308282],[-46.706659890362744,-23.447400758949918],[-46.70661377045888,-23.447400758949918],[-46.70656765055502,-23.447465919591554],[-46.70656765055502,-23.44753108023319],[-46.70656765055502,-23.447596240874827],[-46.70656765055502,-23.447661401516463],[-46.706521530651166,-23.447661401516463],[-46.706521530651166,-23.4477265621581],[-46.706521530651166,-23.44779172279973],[-46.70656765055502,-23.447856883441368],[-46.70656765055502,-23.44798720472464],[-46.70661377045888,-23.448052365366276],[-46.70661377045888,-23.44818268664955],[-46.706659890362744,-23.44831300793282],[-46.706659890362744,-23.448378168574457],[-46.706659890362744,-23.44844332921609],[-46.706659890362744,-23.448573650499362],[-46.706659890362744,-23.448638811141],[-46.7067060102666,-23.44876913242427],[-46.7067060102666,-23.448834293065907],[-46.7067060102666,-23.449029774990816],[-46.7067060102666,-23.449094935632452],[-46.7067060102666,-23.449160096274085],[-46.7067060102666,-23.449290417557357],[-46.7067060102666,-23.44942073884063],[-46.7067060102666,-23.449485899482266],[-46.70675213017046,-23.449551060123902],[-46.70675213017046,-23.449616220765538],[-46.70675213017046,-23.449681381407174],[-46.70675213017046,-23.44974654204881],[-46.70675213017046,-23.449811702690443],[-46.706798250074314,-23.449942023973716],[-46.706798250074314,-23.45000718461535],[-46.70684436997817,-23.450137505898624],[-46.707028849593605,-23.45020266654026],[-46.707167209305176,-23.450332987823533],[-46.70721332920903,-23.450332987823533],[-46.70730556901675,-23.4504633091068],[-46.70735168892061,-23.4504633091068],[-46.70739780882447,-23.450528469748438],[-46.70739780882447,-23.450593630390074],[-46.70735168892061,-23.450723951673346],[-46.70735168892061,-23.450789112314983],[-46.70739780882447,-23.45085427295662],[-46.707443928728324,-23.450919433598255],[-46.70749004863218,-23.45098459423989],[-46.70749004863218,-23.451049754881527],[-46.70753616853604,-23.451049754881527],[-46.70753616853604,-23.451114915523164],[-46.70749004863218,-23.451180076164796],[-46.70749004863218,-23.451245236806432],[-46.707443928728324,-23.45131039744807],[-46.70739780882447,-23.451375558089705],[-46.70735168892061,-23.451375558089705],[-46.70739780882447,-23.45144071873134],[-46.70753616853604,-23.451505879372977],[-46.707582288439895,-23.451505879372977],[-46.70762840834375,-23.451505879372977],[-46.70767452824761,-23.451571040014613],[-46.70772064815147,-23.451571040014613],[-46.70776676805533,-23.451571040014613],[-46.707812887959186,-23.45163620065625],[-46.70785900786304,-23.45163620065625],[-46.707951247670756,-23.451701361297886],[-46.70799736757461,-23.451766521939522],[-46.70799736757461,-23.451831682581155],[-46.708089607382334,-23.451962003864427],[-46.70818184719005,-23.452027164506063],[-46.708227967093904,-23.452027164506063],[-46.70827408699776,-23.452027164506063],[-46.70832020690162,-23.452027164506063],[-46.70841244670933,-23.4520923251477],[-46.708458566613196,-23.4520923251477],[-46.70850468651705,-23.4520923251477],[-46.70855080642091,-23.4520923251477],[-46.70855080642091,-23.452157485789336],[-46.708596926324766,-23.452157485789336],[-46.708596926324766,-23.45222264643097],[-46.70864304622862,-23.452287807072608],[-46.70868916613248,-23.452352967714244],[-46.70868916613248,-23.45241812835588],[-46.70873528603634,-23.45241812835588],[-46.708781405940194,-23.45241812835588],[-46.708873645747914,-23.452483288997513],[-46.70891976565177,-23.452483288997513],[-46.70896588555563,-23.452483288997513],[-46.709012005459485,-23.452483288997513],[-46.70905812536334,-23.452483288997513],[-46.7091042452672,-23.452483288997513],[-46.709150365171055,-23.45254844963915],[-46.70919648507492,-23.45254844963915],[-46.709242604978776,-23.45254844963915],[-46.70933484478649,-23.452613610280785],[-46.70938096469035,-23.452613610280785],[-46.7094270845942,-23.45267877092242],[-46.70947320449806,-23.45267877092242],[-46.70951932440192,-23.452743931564058],[-46.70961156420964,-23.452743931564058],[-46.709657684113495,-23.452743931564058],[-46.70970380401735,-23.452743931564058],[-46.70974992392121,-23.452743931564058],[-46.709796043825065,-23.452743931564058],[-46.70984216372892,-23.452743931564058],[-46.70988828363278,-23.452743931564058],[-46.7099805234405,-23.452743931564058],[-46.71002664334436,-23.452743931564058],[-46.71025724286364,-23.452743931564058],[-46.710303362767505,-23.452743931564058],[-46.71034948267136,-23.452743931564058],[-46.71039560257522,-23.452743931564058],[-46.710441722479075,-23.452809092205694],[-46.71053396228679,-23.45287425284733],[-46.710580082190646,-23.45287425284733],[-46.7106262020945,-23.452939413488966],[-46.710672321998366,-23.452939413488966],[-46.71071844190222,-23.453004574130603],[-46.71076456180608,-23.45306973477224],[-46.71081068170994,-23.45306973477224],[-46.71081068170994,-23.453134895413875],[-46.710856801613794,-23.453134895413875],[-46.71090292151765,-23.453134895413875],[-46.71090292151765,-23.453200056055508],[-46.71094904142151,-23.453200056055508],[-46.710995161325364,-23.453265216697144],[-46.710995161325364,-23.45333037733878],[-46.71104128122923,-23.45333037733878],[-46.711087401133085,-23.453395537980416],[-46.71113352103694,-23.453460698622052],[-46.71113352103694,-23.45352585926369],[-46.7111796409408,-23.453591019905325],[-46.711225760844655,-23.45365618054696],[-46.711225760844655,-23.453721341188597],[-46.71127188074851,-23.453721341188597],[-46.71127188074851,-23.453786501830233],[-46.71131800065237,-23.453786501830233],[-46.71131800065237,-23.453851662471866],[-46.711364120556226,-23.453851662471866],[-46.71141024046009,-23.453851662471866],[-46.71141024046009,-23.453916823113502],[-46.71145636036395,-23.45398198375514],[-46.711502480267804,-23.454047144396775],[-46.71154860017166,-23.45411230503841],[-46.71159472007552,-23.45411230503841],[-46.71159472007552,-23.454177465680047],[-46.71168695988323,-23.454242626321683],[-46.71173307978709,-23.45430778696332],[-46.71177919969095,-23.45430778696332],[-46.71182531959481,-23.454372947604956],[-46.711871439498665,-23.454372947604956],[-46.71191755940252,-23.454438108246592],[-46.71196367930638,-23.454503268888224],[-46.712009799210236,-23.454503268888224],[-46.71205591911409,-23.454503268888224],[-46.71214815892181,-23.45456842952986],[-46.71219427882567,-23.45456842952986],[-46.71224039872953,-23.45456842952986],[-46.712286518633384,-23.45456842952986],[-46.71233263853724,-23.454633590171497],[-46.7123787584411,-23.454698750813133],[-46.712424878344954,-23.45476391145477],[-46.71247099824882,-23.45476391145477],[-46.71247099824882,-23.454829072096405],[-46.712517118152675,-23.45489423273804],[-46.71256323805653,-23.454959393379678],[-46.71256323805653,-23.455024554021314],[-46.71260935796039,-23.455024554021314],[-46.712655477864246,-23.45508971466295],[-46.7127015977681,-23.455154875304586],[-46.71274771767196,-23.45522003594622],[-46.71283995747968,-23.45535035722949],[-46.712932197287394,-23.455415517871128],[-46.713070556998964,-23.4555458391544],[-46.71316279680668,-23.455610999796036],[-46.7132550366144,-23.455676160437672],[-46.71334727642211,-23.45574132107931],[-46.713439516229826,-23.455806481720945],[-46.71353175603754,-23.455871642362577],[-46.71362399584526,-23.455936803004214],[-46.71367011574912,-23.45600196364585],[-46.713716235652974,-23.456067124287486],[-46.71376235555683,-23.456067124287486],[-46.71380847546069,-23.456132284929122],[-46.713854595364545,-23.45619744557076],[-46.7139007152684,-23.456262606212395],[-46.713946835172266,-23.45632776685403],[-46.71403907497998,-23.456458088137303],[-46.714085194883836,-23.456588409420572],[-46.71413131478769,-23.45665357006221],[-46.71417743469155,-23.45678389134548],[-46.71422355459541,-23.456849051987117],[-46.71422355459541,-23.456914212628753],[-46.71426967449926,-23.456914212628753],[-46.71431579440313,-23.45697937327039],[-46.71431579440313,-23.457044533912025],[-46.714361914306984,-23.45710969455366],[-46.71440803421084,-23.45710969455366],[-46.71440803421084,-23.457174855195298],[-46.7144541541147,-23.45724001583693],[-46.714500274018555,-23.457305176478567],[-46.71454639392241,-23.457370337120203],[-46.71454639392241,-23.45743549776184],[-46.71459251382627,-23.457500658403475],[-46.714638633730125,-23.457500658403475],[-46.71468475363399,-23.45756581904511],[-46.71468475363399,-23.457630979686748],[-46.714730873537846,-23.457630979686748],[-46.7147769934417,-23.457696140328384],[-46.71482311334556,-23.45776130097002],[-46.714869233249416,-23.45776130097002],[-46.71491535315327,-23.457826461611656],[-46.71496147305713,-23.45789162225329],[-46.71500759296099,-23.457956782894925],[-46.71505371286485,-23.45802194353656],[-46.71509983276871,-23.458087104178198],[-46.71509983276871,-23.458152264819834],[-46.715145952672565,-23.45821742546147],[-46.715145952672565,-23.458282586103106],[-46.71519207257642,-23.458347746744742],[-46.71519207257642,-23.45841290738638],[-46.71523819248028,-23.458478068028015],[-46.71523819248028,-23.458543228669647],[-46.71523819248028,-23.458608389311284],[-46.71523819248028,-23.458738710594556],[-46.71523819248028,-23.458803871236192],[-46.71523819248028,-23.45886903187783],[-46.71523819248028,-23.458934192519465],[-46.71523819248028,-23.4589993531611],[-46.71523819248028,-23.459064513802737],[-46.715284312384135,-23.459129674444373],[-46.71533043228799,-23.45919483508601],[-46.71537655219185,-23.459259995727642],[-46.71542267209571,-23.459325156369278],[-46.71546879199957,-23.459390317010914],[-46.715514911903426,-23.45945547765255],[-46.715514911903426,-23.459520638294187],[-46.71556103180728,-23.459520638294187],[-46.71556103180728,-23.459585798935823],[-46.71560715171114,-23.459585798935823],[-46.71560715171114,-23.45965095957746],[-46.71560715171114,-23.459716120219095],[-46.715653271615,-23.45978128086073],[-46.715653271615,-23.459846441502368],[-46.715653271615,-23.459911602144],[-46.715653271615,-23.459976762785637],[-46.71560715171114,-23.460041923427273],[-46.71560715171114,-23.46010708406891],[-46.71560715171114,-23.460172244710545],[-46.71560715171114,-23.46023740535218],[-46.71560715171114,-23.460302565993818],[-46.71560715171114,-23.460367726635454],[-46.71560715171114,-23.460498047918726],[-46.71556103180728,-23.46056320856036],[-46.71556103180728,-23.460628369201995],[-46.71556103180728,-23.46069352984363],[-46.715514911903426,-23.46069352984363],[-46.715514911903426,-23.460758690485267],[-46.715514911903426,-23.460823851126904],[-46.71546879199957,-23.460823851126904],[-46.71546879199957,-23.46088901176854],[-46.71542267209571,-23.461019333051812],[-46.71537655219185,-23.46108449369345],[-46.71533043228799,-23.461149654335085],[-46.71533043228799,-23.461214814976717],[-46.715284312384135,-23.461279975618353],[-46.71523819248028,-23.461279975618353],[-46.71523819248028,-23.46134513625999],[-46.71519207257642,-23.461410296901626],[-46.71519207257642,-23.461475457543262],[-46.715145952672565,-23.461475457543262],[-46.71509983276871,-23.461540618184898],[-46.71505371286485,-23.461605778826534],[-46.71500759296099,-23.46167093946817],[-46.71496147305713,-23.461736100109807],[-46.71491535315327,-23.461736100109807],[-46.714869233249416,-23.461801260751443],[-46.714869233249416,-23.461866421393076],[-46.71482311334556,-23.461866421393076],[-46.7147769934417,-23.461931582034712],[-46.714730873537846,-23.461996742676348],[-46.71468475363399,-23.462061903317984],[-46.714638633730125,-23.46212706395962],[-46.71459251382627,-23.46212706395962],[-46.71459251382627,-23.462192224601257],[-46.71454639392241,-23.462192224601257],[-46.71454639392241,-23.462257385242893],[-46.714500274018555,-23.46232254588453],[-46.714500274018555,-23.462387706526165],[-46.7144541541147,-23.4624528671678],[-46.7144541541147,-23.462518027809438],[-46.71440803421084,-23.462648349092706],[-46.714361914306984,-23.46277867037598],[-46.71431579440313,-23.462843831017615],[-46.71431579440313,-23.462974152300887],[-46.71426967449926,-23.462974152300887],[-46.71426967449926,-23.463039312942524],[-46.71426967449926,-23.46310447358416],[-46.71422355459541,-23.463169634225796],[-46.71422355459541,-23.46323479486743],[-46.71417743469155,-23.4633651161507],[-46.71413131478769,-23.463430276792337],[-46.714085194883836,-23.463495437433973],[-46.714085194883836,-23.46356059807561],[-46.71403907497998,-23.463625758717246],[-46.71399295507612,-23.46375608000052],[-46.71399295507612,-23.463821240642154],[-46.71399295507612,-23.463886401283787],[-46.713946835172266,-23.463886401283787],[-46.713946835172266,-23.463951561925423],[-46.7139007152684,-23.463951561925423],[-46.7139007152684,-23.46401672256706],[-46.713854595364545,-23.464081883208696],[-46.713854595364545,-23.464147043850332],[-46.71380847546069,-23.464147043850332],[-46.71380847546069,-23.464212204491968],[-46.71376235555683,-23.464277365133604],[-46.71367011574912,-23.46434252577524],[-46.71367011574912,-23.464407686416877],[-46.71362399584526,-23.464472847058513],[-46.713577875941404,-23.46453800770015],[-46.71353175603754,-23.46453800770015],[-46.71353175603754,-23.46460316834178],[-46.71348563613368,-23.46460316834178],[-46.71348563613368,-23.464668328983418],[-46.713439516229826,-23.464668328983418],[-46.713439516229826,-23.464733489625054],[-46.71339339632597,-23.464733489625054],[-46.71334727642211,-23.46479865026669],[-46.713301156518256,-23.464863810908327],[-46.712932197287394,-23.465385096041413],[-46.71283995747968,-23.465515417324685],[-46.71274771767196,-23.46558057796632],[-46.71274771767196,-23.465645738607957],[-46.712655477864246,-23.465710899249594],[-46.712655477864246,-23.46577605989123],[-46.71260935796039,-23.46577605989123],[-46.71260935796039,-23.465841220532866],[-46.71256323805653,-23.465841220532866],[-46.71256323805653,-23.4659063811745],[-46.712517118152675,-23.4659063811745],[-46.712517118152675,-23.465971541816135],[-46.71247099824882,-23.465971541816135],[-46.71247099824882,-23.46603670245777],[-46.712424878344954,-23.46603670245777],[-46.7123787584411,-23.466101863099407],[-46.71233263853724,-23.466167023741043],[-46.712286518633384,-23.46623218438268],[-46.71219427882567,-23.466362505665952],[-46.71214815892181,-23.466427666307588],[-46.71210203901795,-23.466492826949224],[-46.71205591911409,-23.466492826949224],[-46.712009799210236,-23.46655798759086],[-46.71196367930638,-23.46668830887413],[-46.71191755940252,-23.466753469515766],[-46.711871439498665,-23.466753469515766],[-46.711871439498665,-23.4668186301574],[-46.71182531959481,-23.4668186301574],[-46.71182531959481,-23.466883790799038],[-46.71177919969095,-23.466883790799038],[-46.71177919969095,-23.466948951440674],[-46.71173307978709,-23.466948951440674],[-46.71173307978709,-23.46701411208231],[-46.71168695988323,-23.46701411208231],[-46.71168695988323,-23.467079272723947],[-46.711640839979374,-23.467079272723947],[-46.711640839979374,-23.467144433365583],[-46.71159472007552,-23.467144433365583],[-46.711640839979374,-23.46720959400722],[-46.71159472007552,-23.46727475464885],[-46.71159472007552,-23.467339915290488],[-46.71154860017166,-23.46747023657376],[-46.71154860017166,-23.467535397215396],[-46.71154860017166,-23.46766571849867],[-46.71154860017166,-23.467730879140305],[-46.71154860017166,-23.46779603978194],[-46.71154860017166,-23.467861200423577],[-46.71154860017166,-23.468056682348482],[-46.71159472007552,-23.46812184299012],[-46.711640839979374,-23.468187003631755],[-46.71168695988323,-23.46825216427339],[-46.71173307978709,-23.468317324915027],[-46.71177919969095,-23.468382485556663],[-46.71182531959481,-23.468382485556663],[-46.711871439498665,-23.468512806839936],[-46.711871439498665,-23.468577967481572],[-46.711871439498665,-23.468643128123205],[-46.71191755940252,-23.468773449406477],[-46.71196367930638,-23.46890377068975],[-46.712009799210236,-23.468968931331386],[-46.712009799210236,-23.469034091973022],[-46.712009799210236,-23.469099252614658],[-46.71196367930638,-23.469099252614658],[-46.71196367930638,-23.469164413256294],[-46.71191755940252,-23.469294734539563],[-46.711871439498665,-23.4693598951812],[-46.711871439498665,-23.469425055822835],[-46.711871439498665,-23.46949021646447],[-46.711871439498665,-23.469555377106108],[-46.71182531959481,-23.469620537747744],[-46.71182531959481,-23.46968569838938],[-46.71177919969095,-23.46968569838938],[-46.71173307978709,-23.46968569838938],[-46.71168695988323,-23.46968569838938],[-46.711640839979374,-23.469750859031016],[-46.71159472007552,-23.469750859031016],[-46.71154860017166,-23.469750859031016],[-46.71154860017166,-23.469816019672653],[-46.711502480267804,-23.469816019672653],[-46.71145636036395,-23.469816019672653],[-46.71141024046009,-23.46988118031429],[-46.711364120556226,-23.46988118031429],[-46.71131800065237,-23.46988118031429],[-46.71127188074851,-23.46988118031429],[-46.711225760844655,-23.46988118031429],[-46.711225760844655,-23.46994634095592],[-46.7111796409408,-23.46994634095592],[-46.71113352103694,-23.46994634095592],[-46.711087401133085,-23.46994634095592],[-46.71104128122923,-23.46994634095592],[-46.710995161325364,-23.46994634095592],[-46.71094904142151,-23.470011501597558],[-46.71090292151765,-23.470011501597558],[-46.710856801613794,-23.470011501597558],[-46.710856801613794,-23.470076662239194],[-46.710856801613794,-23.47014182288083],[-46.71090292151765,-23.47014182288083],[-46.71090292151765,-23.470206983522466],[-46.71090292151765,-23.470272144164102],[-46.71094904142151,-23.47033730480574],[-46.71094904142151,-23.470402465447375],[-46.71094904142151,-23.47046762608901],[-46.71094904142151,-23.470532786730647],[-46.710995161325364,-23.470532786730647],[-46.710995161325364,-23.470597947372283],[-46.710995161325364,-23.470663108013916],[-46.71104128122923,-23.470728268655552],[-46.71104128122923,-23.47079342929719],[-46.711087401133085,-23.470858589938825],[-46.711087401133085,-23.47092375058046],[-46.711087401133085,-23.470988911222097],[-46.711087401133085,-23.471054071863733],[-46.71113352103694,-23.47111923250537],[-46.71113352103694,-23.471184393147006],[-46.71113352103694,-23.471249553788642],[-46.71113352103694,-23.471314714430275],[-46.71113352103694,-23.47137987507191],[-46.7111796409408,-23.47137987507191],[-46.7111796409408,-23.471445035713547],[-46.7111796409408,-23.471510196355183],[-46.7111796409408,-23.47157535699682],[-46.7111796409408,-23.471640517638455],[-46.71113352103694,-23.47170567828009],[-46.71113352103694,-23.471770838921728],[-46.711087401133085,-23.471770838921728],[-46.711087401133085,-23.471835999563364],[-46.71104128122923,-23.471901160205],[-46.710995161325364,-23.471966320846633],[-46.71094904142151,-23.47203148148827],[-46.71090292151765,-23.472096642129905],[-46.710856801613794,-23.47216180277154],[-46.71081068170994,-23.472226963413178],[-46.71076456180608,-23.472292124054814],[-46.71071844190222,-23.472292124054814],[-46.710672321998366,-23.472292124054814],[-46.7106262020945,-23.472292124054814],[-46.7106262020945,-23.47235728469645],[-46.710580082190646,-23.47235728469645],[-46.71053396228679,-23.47235728469645],[-46.71053396228679,-23.472422445338086],[-46.71048784238293,-23.472487605979723],[-46.710441722479075,-23.47255276662136],[-46.710441722479075,-23.472617927262995],[-46.710441722479075,-23.472683087904628],[-46.71039560257522,-23.472748248546264],[-46.71039560257522,-23.4728134091879],[-46.71034948267136,-23.4728134091879],[-46.71034948267136,-23.472878569829536],[-46.710303362767505,-23.472943730471172],[-46.710303362767505,-23.47300889111281],[-46.710303362767505,-23.473074051754445],[-46.710303362767505,-23.47313921239608],[-46.71025724286364,-23.47313921239608],[-46.71025724286364,-23.473204373037717],[-46.710211122959784,-23.473204373037717],[-46.710211122959784,-23.473269533679353],[-46.710211122959784,-23.473334694320986],[-46.710211122959784,-23.473399854962622],[-46.710211122959784,-23.47346501560426],[-46.71025724286364,-23.47346501560426],[-46.710303362767505,-23.473530176245895],[-46.710303362767505,-23.47359533688753],[-46.71034948267136,-23.473660497529167],[-46.71034948267136,-23.473725658170803],[-46.71039560257522,-23.473725658170803],[-46.71048784238293,-23.47379081881244],[-46.71053396228679,-23.47379081881244],[-46.71053396228679,-23.473855979454076],[-46.710580082190646,-23.473855979454076],[-46.710580082190646,-23.47392114009571],[-46.710580082190646,-23.473986300737344],[-46.7106262020945,-23.473986300737344],[-46.7106262020945,-23.47405146137898],[-46.710672321998366,-23.474116622020617],[-46.710672321998366,-23.474181782662253],[-46.71071844190222,-23.474181782662253],[-46.71071844190222,-23.47424694330389],[-46.71076456180608,-23.47424694330389],[-46.71076456180608,-23.474312103945525],[-46.71081068170994,-23.47437726458716],[-46.71081068170994,-23.474442425228798],[-46.71081068170994,-23.474507585870434],[-46.710856801613794,-23.47457274651207],[-46.71081068170994,-23.47457274651207],[-46.710856801613794,-23.474637907153706],[-46.710856801613794,-23.47470306779534],[-46.71081068170994,-23.47470306779534],[-46.710856801613794,-23.474768228436975],[-46.710856801613794,-23.47483338907861],[-46.71081068170994,-23.47483338907861],[-46.71081068170994,-23.474898549720248],[-46.71076456180608,-23.474963710361884],[-46.71076456180608,-23.47502887100352],[-46.71076456180608,-23.475094031645156],[-46.71071844190222,-23.475159192286792],[-46.71071844190222,-23.47522435292843],[-46.71071844190222,-23.475289513570065],[-46.71076456180608,-23.475289513570065],[-46.71076456180608,-23.475354674211697],[-46.71071844190222,-23.475354674211697],[-46.71071844190222,-23.47548499549497],[-46.710672321998366,-23.47548499549497],[-46.710672321998366,-23.475550156136606],[-46.710672321998366,-23.475615316778242],[-46.710672321998366,-23.47568047741988],[-46.710672321998366,-23.475745638061515],[-46.7106262020945,-23.47581079870315],[-46.7106262020945,-23.475875959344787],[-46.710580082190646,-23.475941119986423],[-46.71053396228679,-23.476006280628056],[-46.71053396228679,-23.476071441269692],[-46.71048784238293,-23.476071441269692],[-46.710441722479075,-23.47613660191133],[-46.71039560257522,-23.47613660191133],[-46.71034948267136,-23.476201762552964],[-46.710303362767505,-23.476201762552964],[-46.71025724286364,-23.4762669231946],[-46.710211122959784,-23.4762669231946],[-46.71011888315207,-23.476332083836237],[-46.71007276324821,-23.476397244477873],[-46.7099805234405,-23.476397244477873],[-46.70988828363278,-23.47646240511951],[-46.70984216372892,-23.476527565761145],[-46.709796043825065,-23.476527565761145],[-46.70974992392121,-23.47659272640278],[-46.70970380401735,-23.476657887044418],[-46.70970380401735,-23.47672304768605],[-46.709657684113495,-23.476788208327687],[-46.70956544430578,-23.476788208327687],[-46.70938096469035,-23.47691852961096],[-46.70919648507492,-23.476983690252595],[-46.709012005459485,-23.477179172177504],[-46.70891976565177,-23.47724433281914],[-46.708781405940194,-23.47737465410241],[-46.70864304622862,-23.477439814744045],[-46.708596926324766,-23.477439814744045],[-46.708596926324766,-23.47750497538568],[-46.70855080642091,-23.477570136027317],[-46.70850468651705,-23.477635296668954],[-46.708458566613196,-23.47770045731059],[-46.708366326805475,-23.47770045731059],[-46.70827408699776,-23.477830778593862],[-46.70818184719005,-23.4778959392355],[-46.70813572728619,-23.4778959392355],[-46.70813572728619,-23.477961099877135],[-46.70804348747847,-23.477961099877135],[-46.707951247670756,-23.478026260518767],[-46.70785900786304,-23.478091421160403],[-46.70776676805533,-23.478091421160403],[-46.70762840834375,-23.47815658180204],[-46.707582288439895,-23.478221742443676],[-46.70753616853604,-23.478221742443676],[-46.70753616853604,-23.478286903085312],[-46.70753616853604,-23.47835206372695],[-46.707582288439895,-23.47835206372695],[-46.707582288439895,-23.478417224368584],[-46.70762840834375,-23.47848238501022],[-46.70772064815147,-23.478612706293493],[-46.70776676805533,-23.47867786693513],[-46.707812887959186,-23.478808188218398],[-46.70785900786304,-23.47893850950167],[-46.70785900786304,-23.479068830784943],[-46.7079051277669,-23.479199152068215],[-46.707951247670756,-23.479329473351488],[-46.70799736757461,-23.479459794634757],[-46.70804348747847,-23.479655276559665],[-46.70804348747847,-23.4797204372013],[-46.70813572728619,-23.479981079767846],[-46.708227967093904,-23.480241722334387],[-46.70832020690162,-23.480502364900932],[-46.708366326805475,-23.480763007467473],[-46.70841244670933,-23.480958489392382],[-46.708458566613196,-23.481023650034018],[-46.708458566613196,-23.481088810675654],[-46.70850468651705,-23.481219131958927],[-46.70850468651705,-23.481284292600563],[-46.70855080642091,-23.4813494532422],[-46.70855080642091,-23.481414613883832],[-46.70855080642091,-23.481544935167104],[-46.70855080642091,-23.48161009580874],[-46.70855080642091,-23.481740417092013],[-46.70855080642091,-23.48180557773365],[-46.70855080642091,-23.48193589901692],[-46.70850468651705,-23.482001059658558],[-46.70850468651705,-23.48206622030019],[-46.70850468651705,-23.482131380941826],[-46.70850468651705,-23.482196541583463],[-46.708458566613196,-23.4822617022251],[-46.708458566613196,-23.48239202350837],[-46.708458566613196,-23.482457184150007],[-46.708458566613196,-23.482522344791644],[-46.708458566613196,-23.48258750543328],[-46.708458566613196,-23.482652666074916],[-46.708458566613196,-23.482717826716552],[-46.708458566613196,-23.482782987358185],[-46.70850468651705,-23.482782987358185],[-46.70850468651705,-23.48284814799982],[-46.70855080642091,-23.482913308641457],[-46.70855080642091,-23.482978469283093],[-46.708596926324766,-23.48304362992473],[-46.70864304622862,-23.483108790566366],[-46.70864304622862,-23.483173951208002],[-46.70873528603634,-23.483304272491274],[-46.70882752584406,-23.483434593774543],[-46.708873645747914,-23.48349975441618],[-46.70891976565177,-23.483564915057816],[-46.709012005459485,-23.483630075699452],[-46.709012005459485,-23.483695236341088],[-46.70905812536334,-23.483695236341088],[-46.70905812536334,-23.483760396982724],[-46.7091042452672,-23.48382555762436],[-46.70919648507492,-23.483955878907633],[-46.70928872488263,-23.4840862001909],[-46.70933484478649,-23.484151360832538],[-46.70938096469035,-23.484216521474174],[-46.7094270845942,-23.48428168211581],[-46.70951932440192,-23.484412003399083],[-46.70961156420964,-23.484542324682355],[-46.709657684113495,-23.48460748532399],[-46.70974992392121,-23.484737806607264],[-46.709796043825065,-23.484802967248896],[-46.70984216372892,-23.484868127890532],[-46.70984216372892,-23.48493328853217],[-46.70993440353664,-23.484998449173805],[-46.7099805234405,-23.48506360981544],[-46.71002664334436,-23.485128770457077],[-46.71007276324821,-23.485128770457077],[-46.71007276324821,-23.485193931098713],[-46.71011888315207,-23.485193931098713],[-46.71016500305593,-23.48525909174035],[-46.71016500305593,-23.485324252381986],[-46.71025724286364,-23.485389413023622],[-46.71034948267136,-23.485454573665255],[-46.710441722479075,-23.485584894948527],[-46.710580082190646,-23.4857152162318],[-46.7106262020945,-23.485780376873436],[-46.710672321998366,-23.485780376873436],[-46.71071844190222,-23.485845537515072],[-46.71081068170994,-23.485910698156708],[-46.710856801613794,-23.48604101943998],[-46.71090292151765,-23.486106180081613],[-46.71090292151765,-23.48617134072325],[-46.71094904142151,-23.48617134072325],[-46.710995161325364,-23.48630166200652],[-46.710995161325364,-23.486366822648158],[-46.71104128122923,-23.486431983289794],[-46.71104128122923,-23.48649714393143],[-46.71104128122923,-23.486562304573066],[-46.711087401133085,-23.486627465214703],[-46.711087401133085,-23.48669262585634],[-46.711087401133085,-23.486757786497975],[-46.711087401133085,-23.486822947139608],[-46.711087401133085,-23.486888107781244],[-46.711087401133085,-23.48695326842288],[-46.711087401133085,-23.487018429064516],[-46.71104128122923,-23.48714875034779],[-46.710995161325364,-23.487409392914333],[-46.710995161325364,-23.487474553555966],[-46.710995161325364,-23.48760487483924],[-46.71094904142151,-23.48773519612251],[-46.71094904142151,-23.487865517405783],[-46.71090292151765,-23.48793067804742],[-46.71090292151765,-23.487995838689056],[-46.71090292151765,-23.488126159972325],[-46.710856801613794,-23.488321641897233],[-46.710856801613794,-23.488451963180506],[-46.710856801613794,-23.48851712382214],[-46.710856801613794,-23.488582284463778],[-46.71081068170994,-23.488647445105414],[-46.71081068170994,-23.48871260574705],[-46.71081068170994,-23.48884292703032],[-46.71076456180608,-23.488908087671955],[-46.71076456180608,-23.48897324831359],[-46.71076456180608,-23.489038408955228],[-46.71071844190222,-23.489233890880136],[-46.71071844190222,-23.489299051521773],[-46.71071844190222,-23.489494533446678],[-46.710672321998366,-23.489690015371586],[-46.710672321998366,-23.489755176013222],[-46.7106262020945,-23.48982033665486],[-46.7106262020945,-23.489885497296495],[-46.7106262020945,-23.48995065793813],[-46.710580082190646,-23.490080979221403],[-46.710580082190646,-23.490146139863036],[-46.710580082190646,-23.490211300504672],[-46.710580082190646,-23.49027646114631],[-46.71053396228679,-23.49040678242958],[-46.71053396228679,-23.49060226435449],[-46.71048784238293,-23.490667424996126],[-46.71048784238293,-23.490732585637762],[-46.71048784238293,-23.490797746279394],[-46.710441722479075,-23.490993228204303],[-46.710441722479075,-23.49105838884594],[-46.710441722479075,-23.491123549487575],[-46.71039560257522,-23.491253870770848],[-46.71039560257522,-23.49138419205412],[-46.71039560257522,-23.491449352695753],[-46.71039560257522,-23.49151451333739],[-46.71039560257522,-23.491579673979025],[-46.71034948267136,-23.491579673979025],[-46.71034948267136,-23.49164483462066],[-46.710303362767505,-23.49184031654557],[-46.710303362767505,-23.491905477187206],[-46.710303362767505,-23.491970637828842],[-46.710303362767505,-23.49203579847048],[-46.710303362767505,-23.492100959112115],[-46.71025724286364,-23.492166119753747],[-46.71025724286364,-23.49229644103702],[-46.71025724286364,-23.492426762320292],[-46.710211122959784,-23.49249192296193],[-46.710211122959784,-23.492557083603565],[-46.71016500305593,-23.492817726170106],[-46.71011888315207,-23.493013208095014],[-46.71007276324821,-23.493143529378287],[-46.71007276324821,-23.493208690019923],[-46.71002664334436,-23.493208690019923],[-46.71002664334436,-23.49327385066156],[-46.7099805234405,-23.493339011303195],[-46.70993440353664,-23.493469332586464],[-46.70988828363278,-23.4935344932281],[-46.70984216372892,-23.493664814511373],[-46.70974992392121,-23.493795135794645],[-46.70974992392121,-23.49386029643628],[-46.70970380401735,-23.493925457077918],[-46.70961156420964,-23.49405577836119],[-46.70956544430578,-23.494120939002826],[-46.70951932440192,-23.49418609964446],[-46.70947320449806,-23.494251260286095],[-46.70938096469035,-23.494446742211004],[-46.70928872488263,-23.494577063494276],[-46.709242604978776,-23.494577063494276],[-46.709242604978776,-23.494642224135912],[-46.709150365171055,-23.494772545419185],[-46.70905812536334,-23.494837706060817],[-46.709012005459485,-23.494902866702454],[-46.709012005459485,-23.49496802734409],[-46.70896588555563,-23.49496802734409],[-46.70896588555563,-23.495033187985726],[-46.70891976565177,-23.495033187985726],[-46.70882752584406,-23.495163509269],[-46.708781405940194,-23.49529383055227],[-46.70873528603634,-23.495358991193907],[-46.70868916613248,-23.495358991193907],[-46.70864304622862,-23.495489312477176],[-46.70855080642091,-23.495619633760448],[-46.70850468651705,-23.495684794402084],[-46.70841244670933,-23.495815115685357],[-46.70832020690162,-23.49594543696863],[-46.70827408699776,-23.496010597610265],[-46.708227967093904,-23.4960757582519],[-46.70818184719005,-23.496140918893538],[-46.70813572728619,-23.49620607953517],[-46.708089607382334,-23.496271240176807],[-46.708089607382334,-23.496336400818443],[-46.7079051277669,-23.49653188274335],[-46.70785900786304,-23.496662204026624],[-46.70772064815147,-23.49685768595153],[-46.70767452824761,-23.496922846593165],[-46.70762840834375,-23.497053167876437],[-46.70753616853604,-23.497248649801346],[-46.70749004863218,-23.49737897108462],[-46.707443928728324,-23.497444131726255],[-46.707443928728324,-23.497509292367887],[-46.70739780882447,-23.497574453009523],[-46.70739780882447,-23.49763961365116],[-46.70735168892061,-23.497769934934432],[-46.70735168892061,-23.497835095576068],[-46.70730556901675,-23.49816089878425],[-46.70725944911289,-23.49842154135079],[-46.70725944911289,-23.498486701992427],[-46.70721332920903,-23.498812505200608],[-46.707167209305176,-23.49887766584224],[-46.707167209305176,-23.49907314776715],[-46.707167209305176,-23.499138308408785],[-46.70712108940132,-23.49939895097533],[-46.707028849593605,-23.499920236108416],[-46.707028849593605,-23.499985396750052],[-46.707028849593605,-23.50018087867496],[-46.70698272968974,-23.50031119995823],[-46.70698272968974,-23.500376360599866],[-46.70698272968974,-23.500441521241502],[-46.70698272968974,-23.500506681883138],[-46.706936609785885,-23.500702163808047],[-46.706936609785885,-23.50083248509132],[-46.70689048988203,-23.50109312765786],[-46.70689048988203,-23.501158288299496],[-46.70684436997817,-23.50128860958277],[-46.70684436997817,-23.501353770224405],[-46.70684436997817,-23.50141893086604],[-46.70684436997817,-23.501484091507677],[-46.706798250074314,-23.501809894715855],[-46.70675213017046,-23.501940215999127],[-46.70675213017046,-23.502005376640764],[-46.70675213017046,-23.502135697924036],[-46.70675213017046,-23.502200858565672],[-46.7067060102666,-23.502461501132213],[-46.706659890362744,-23.502787304340394],[-46.706659890362744,-23.50285246498203],[-46.706659890362744,-23.5029827862653],[-46.706659890362744,-23.503178268190208],[-46.70661377045888,-23.50356923204002],[-46.70661377045888,-23.50376471396493],[-46.70656765055502,-23.504025356531475],[-46.70656765055502,-23.504220838456384],[-46.70656765055502,-23.504611802306197],[-46.706521530651166,-23.50474212358947],[-46.706521530651166,-23.504872444872742],[-46.706521530651166,-23.50500276615601],[-46.706521530651166,-23.505133087439283],[-46.70647541074731,-23.505328569364192],[-46.70647541074731,-23.505719533214005],[-46.70642929084345,-23.505915015138914],[-46.70642929084345,-23.50598017578055],[-46.706383170939596,-23.506110497063823],[-46.706383170939596,-23.50617565770546],[-46.70633705103574,-23.50617565770546],[-46.70629093113188,-23.506436300272],[-46.70624481122802,-23.506501460913636],[-46.70619869132416,-23.50663178219691],[-46.706152571420304,-23.50676210348018],[-46.70610645151645,-23.506892424763453],[-46.70610645151645,-23.506957585405086],[-46.70610645151645,-23.507022746046722],[-46.70610645151645,-23.507153067329995],[-46.70606033161259,-23.50721822797163],[-46.70606033161259,-23.507348549254903],[-46.70606033161259,-23.507478870538176],[-46.70606033161259,-23.507544031179812],[-46.70606033161259,-23.507609191821444],[-46.706014211708734,-23.507609191821444],[-46.706014211708734,-23.50767435246308],[-46.706014211708734,-23.507739513104717],[-46.706014211708734,-23.50786983438799],[-46.706014211708734,-23.507934995029625],[-46.706014211708734,-23.50800015567126],[-46.706014211708734,-23.508065316312898],[-46.70596809180488,-23.508065316312898],[-46.70596809180488,-23.508130476954534],[-46.70596809180488,-23.50819563759617],[-46.70596809180488,-23.508260798237806],[-46.70596809180488,-23.50832595887944],[-46.70596809180488,-23.508391119521075],[-46.70596809180488,-23.50845628016271],[-46.70592197190102,-23.50865176208762],[-46.70592197190102,-23.508782083370892],[-46.70642929084345,-23.50884724401253],[-46.707167209305176,-23.50884724401253],[-46.70776676805533,-23.50884724401253],[-46.70841244670933,-23.508782083370892],[-46.70891976565177,-23.508716922729256],[-46.70974992392121,-23.50865176208762],[-46.710303362767505,-23.508586601445984],[-46.711087401133085,-23.508521440804348],[-46.712009799210236,-23.508521440804348],[-46.712286518633384,-23.50845628016271],[-46.71274771767196,-23.508391119521075],[-46.713301156518256,-23.508391119521075],[-46.713716235652974,-23.50832595887944],[-46.713946835172266,-23.50832595887944],[-46.71413131478769,-23.50832595887944],[-46.71422355459541,-23.50832595887944],[-46.71426967449926,-23.50832595887944],[-46.71431579440313,-23.50832595887944],[-46.714361914306984,-23.50832595887944],[-46.71440803421084,-23.50832595887944],[-46.7144541541147,-23.50832595887944],[-46.71468475363399,-23.50832595887944],[-46.71583775123043,-23.50819563759617],[-46.71639119007672,-23.50819563759617],[-46.71703686873073,-23.508130476954534],[-46.71759030757703,-23.508130476954534],[-46.71809762651946,-23.50819563759617],[-46.71851270565418,-23.508260798237806],[-46.71902002459661,-23.508391119521075],[-46.719342863923615,-23.508521440804348],[-46.719850182866054,-23.508782083370892],[-46.71994242267377,-23.508912404654165],[-46.720126902289195,-23.509042725937434],[-46.72017302219306,-23.509042725937434],[-46.72017302219306,-23.50910788657907],[-46.720219142096916,-23.50910788657907],[-46.72054198142392,-23.509368529145615],[-46.72058810132778,-23.50943368978725],[-46.72095706055864,-23.50975949299543],[-46.72123377998178,-23.510020135561973],[-46.72192557853965,-23.510932384544876],[-46.72224841786665,-23.511583990961235],[-46.722709616905234,-23.512170436735957],[-46.72275573680909,-23.512235597377593],[-46.72280185671295,-23.51230075801923],[-46.723263055751524,-23.51275688251068],[-46.7237242547901,-23.513147846360493],[-46.724277693636395,-23.513473649568674],[-46.72455441305954,-23.513603970851946],[-46.72473889267497,-23.513734292135215],[-46.72529233152127,-23.514060095343396],[-46.726122489790704,-23.514516219834846],[-46.726491449021566,-23.514711701759754],[-46.72653756892542,-23.514711701759754],[-46.72658368882928,-23.514516219834846],[-46.72658368882928,-23.51445105919321],[-46.72658368882928,-23.514385898551573],[-46.726629808733136,-23.514385898551573],[-46.726629808733136,-23.51432073790994],[-46.726629808733136,-23.514255577268305],[-46.72667592863699,-23.51419041662667],[-46.72667592863699,-23.514125255985032],[-46.72672204854085,-23.51399493470176],[-46.72672204854085,-23.513929774060124],[-46.726768168444714,-23.513929774060124],[-46.726768168444714,-23.513864613418487],[-46.726768168444714,-23.51379945277685],[-46.72681428834857,-23.513734292135215],[-46.72681428834857,-23.51366913149358],[-46.72686040825243,-23.51353881021031],[-46.72686040825243,-23.513473649568674],[-46.726906528156285,-23.513473649568674],[-46.726906528156285,-23.513408488927038],[-46.726906528156285,-23.5133433282854],[-46.726906528156285,-23.513278167643765],[-46.72695264806014,-23.513278167643765],[-46.72695264806014,-23.51321300700213],[-46.726998767964,-23.51301752507722],[-46.727044887867855,-23.512952364435588],[-46.72736772719486,-23.512040115452685],[-46.727459967002574,-23.511844633527776],[-46.72750608690644,-23.51177947288614],[-46.727552206810294,-23.511649151602867],[-46.727690566521865,-23.5115188303196],[-46.727690566521865,-23.511453669677962],[-46.72773668642572,-23.511453669677962],[-46.72778280632958,-23.511388509036326],[-46.727828926233435,-23.51132334839469],[-46.7278750461373,-23.511258187753054],[-46.727921166041156,-23.511193027111418],[-46.72801340584887,-23.511062705828145],[-46.72810564565658,-23.51099754518651],[-46.72815176556044,-23.510932384544876],[-46.72824400536816,-23.51086722390324],[-46.72824400536816,-23.510802063261604],[-46.72829012527202,-23.510802063261604],[-46.72829012527202,-23.510736902619968],[-46.72838236507973,-23.51067174197833],[-46.72842848498359,-23.510606581336695],[-46.7285207247913,-23.51054142069506],[-46.72861296459902,-23.510476260053423],[-46.72870520440674,-23.510411099411787],[-46.72875132431059,-23.51034593877015],[-46.72879744421445,-23.510280778128518],[-46.72884356411831,-23.510280778128518],[-46.728981923829885,-23.510150456845246],[-46.7290741636376,-23.51008529620361],[-46.72921252334917,-23.510020135561973],[-46.72930476315689,-23.509954974920337],[-46.72944312286846,-23.5098898142787],[-46.72948924277232,-23.509824653637065],[-46.729535362676174,-23.509824653637065],[-46.72962760248389,-23.50975949299543],[-46.72971984229161,-23.509694332353792],[-46.729765962195465,-23.509694332353792],[-46.72981208209932,-23.509694332353792],[-46.72995044181089,-23.509564011070523],[-46.72999656171475,-23.509564011070523],[-46.73013492142633,-23.509498850428887],[-46.730319401041754,-23.50943368978725],[-46.730411640849475,-23.509368529145615],[-46.730550000561045,-23.50930336850398],[-46.730688360272616,-23.509238207862342],[-46.730826719984194,-23.509173047220706],[-46.73101119959962,-23.50910788657907],[-46.7311495593112,-23.50910788657907],[-46.73124179911891,-23.509042725937434],[-46.73142627873434,-23.508977565295798],[-46.73151851854206,-23.508977565295798],[-46.73156463844592,-23.508912404654165],[-46.731749118061344,-23.508912404654165],[-46.73184135786906,-23.50884724401253],[-46.73188747777292,-23.50884724401253],[-46.73202583748449,-23.508782083370892],[-46.73207195738835,-23.508782083370892],[-46.7323486768115,-23.508716922729256],[-46.73248703652307,-23.508716922729256],[-46.732533156426925,-23.508716922729256],[-46.7326715161385,-23.50865176208762],[-46.73285599575393,-23.50865176208762],[-46.73308659527322,-23.508586601445984],[-46.73336331469637,-23.508586601445984],[-46.7335477943118,-23.508521440804348],[-46.73377839383109,-23.508521440804348],[-46.73400899335037,-23.508521440804348],[-46.734193472965806,-23.50845628016271],[-46.73433183267738,-23.50845628016271],[-46.7344240724851,-23.50845628016271],[-46.73451631229281,-23.50845628016271],[-46.73465467200438,-23.50845628016271],[-46.734746911812096,-23.50845628016271],[-46.73488527152367,-23.50845628016271],[-46.73497751133139,-23.50845628016271],[-46.7350697511391,-23.50845628016271],[-46.73511587104296,-23.50845628016271],[-46.73516199094682,-23.50845628016271],[-46.73543871036996,-23.508391119521075],[-46.73566930988925,-23.508391119521075],[-46.73585378950468,-23.508391119521075],[-46.735899909408545,-23.50832595887944],[-46.73613050892783,-23.50832595887944],[-46.736176628831686,-23.50832595887944],[-46.73636110844712,-23.50832595887944],[-46.73649946815869,-23.50832595887944],[-46.736591707966404,-23.50832595887944],[-46.736960667197266,-23.508260798237806],[-46.73705290700499,-23.508260798237806],[-46.7371451468127,-23.508260798237806],[-46.73719126671656,-23.508260798237806],[-46.73728350652427,-23.508260798237806],[-46.73751410604356,-23.50819563759617],[-46.737606345851276,-23.50819563759617],[-46.73769858565899,-23.50819563759617],[-46.737883065274424,-23.50819563759617],[-46.73806754488985,-23.50819563759617],[-46.738113664793715,-23.50819563759617],[-46.73829814440914,-23.508130476954534],[-46.738390384216856,-23.508130476954534],[-46.73848262402458,-23.508130476954534],[-46.73862098373615,-23.508130476954534],[-46.73871322354386,-23.508130476954534],[-46.738897703159296,-23.508130476954534],[-46.73894382306315,-23.508130476954534],[-46.739036062870866,-23.508130476954534],[-46.7392205424863,-23.508065316312898],[-46.73935890219787,-23.508065316312898],[-46.73949726190944,-23.508065316312898],[-46.739681741524876,-23.508065316312898],[-46.73972786142873,-23.508065316312898],[-46.73982010123645,-23.50800015567126],[-46.739958460948024,-23.50800015567126],[-46.74005070075574,-23.50800015567126],[-46.74014294056345,-23.50800015567126],[-46.74018906046731,-23.50800015567126],[-46.740235180371165,-23.50800015567126],[-46.74028130027503,-23.507934995029625],[-46.74037354008274,-23.507934995029625],[-46.74046577989046,-23.507934995029625],[-46.74055801969817,-23.50800015567126],[-46.74065025950589,-23.507934995029625],[-46.740742499313605,-23.507934995029625],[-46.740880859025175,-23.507934995029625],[-46.74092697892903,-23.507934995029625],[-46.74097309883289,-23.507934995029625],[-46.74101921873675,-23.507934995029625],[-46.74115757844832,-23.507934995029625],[-46.74120369835218,-23.507934995029625],[-46.74134205806375,-23.507934995029625],[-46.74148041777533,-23.50786983438799],[-46.74171101729461,-23.50786983438799],[-46.74189549691005,-23.50786983438799],[-46.741941616813904,-23.50786983438799],[-46.74212609642934,-23.50786983438799],[-46.74221833623705,-23.507804673746353],[-46.74240281585248,-23.507804673746353],[-46.742587295467914,-23.507804673746353],[-46.74267953527563,-23.507804673746353],[-46.74277177508334,-23.507804673746353],[-46.74286401489106,-23.507804673746353],[-46.742956254698775,-23.507804673746353],[-46.743094614410346,-23.507739513104717],[-46.74327909402578,-23.507739513104717],[-46.74341745373735,-23.507739513104717],[-46.74355581344893,-23.507739513104717],[-46.7436941731605,-23.50767435246308],[-46.74383253287207,-23.50767435246308],[-46.743878652775926,-23.50767435246308],[-46.74397089258365,-23.50767435246308],[-46.74406313239136,-23.50767435246308],[-46.74410925229522,-23.50767435246308],[-46.74420149210293,-23.50767435246308],[-46.74429373191065,-23.50767435246308],[-46.74433985181451,-23.50767435246308],[-46.74443209162222,-23.50767435246308],[-46.744524331429936,-23.50767435246308],[-46.744662691141514,-23.507609191821444],[-46.744801050853084,-23.507609191821444],[-46.7448932906608,-23.507609191821444],[-46.744939410564655,-23.507609191821444],[-46.74507777027623,-23.507609191821444],[-46.7452161299878,-23.507609191821444],[-46.74540060960324,-23.507544031179812],[-46.74549284941095,-23.507544031179812],[-46.745585089218665,-23.507544031179812],[-46.74567732902638,-23.507544031179812],[-46.745723448930235,-23.507544031179812],[-46.7457695688341,-23.507544031179812],[-46.74590792854567,-23.507544031179812],[-46.74600016835338,-23.507544031179812],[-46.74604628825724,-23.507544031179812],[-46.746230767872675,-23.507478870538176],[-46.74632300768039,-23.507478870538176],[-46.746369127584245,-23.507478870538176],[-46.74655360719968,-23.507478870538176],[-46.746599727103536,-23.507478870538176],[-46.74669196691125,-23.507478870538176],[-46.74673808681511,-23.507478870538176],[-46.746784206718964,-23.507478870538176],[-46.74683032662282,-23.507478870538176],[-46.746876446526684,-23.507478870538176],[-46.74692256643054,-23.507478870538176],[-46.74706092614211,-23.50741370989654],[-46.74710704604597,-23.50741370989654],[-46.747245405757546,-23.50741370989654],[-46.74742988537297,-23.50741370989654],[-46.747568245084544,-23.50741370989654],[-46.74770660479612,-23.50741370989654],[-46.74775272469998,-23.50741370989654],[-46.74775272469998,-23.507348549254903],[-46.747798844603835,-23.507348549254903],[-46.74784496450769,-23.507348549254903],[-46.74789108441155,-23.507348549254903],[-46.74798332421927,-23.507348549254903],[-46.74812168393084,-23.507348549254903],[-46.748213923738554,-23.507348549254903],[-46.748444523257845,-23.507348549254903],[-46.748675122777136,-23.507283388613267],[-46.74881348248871,-23.507283388613267],[-46.748859602392564,-23.507283388613267],[-46.748997962104134,-23.507283388613267],[-46.749044082008,-23.507283388613267],[-46.749090201911855,-23.507283388613267],[-46.74918244171957,-23.50721822797163],[-46.74932080143114,-23.50721822797163],[-46.74941304123886,-23.50721822797163],[-46.74955140095043,-23.507153067329995],[-46.749643640758144,-23.507153067329995],[-46.74973588056586,-23.507153067329995],[-46.74982812037358,-23.50708790668836],[-46.749874240277435,-23.50708790668836],[-46.74996648008515,-23.50708790668836],[-46.75005871989286,-23.507022746046722],[-46.75015095970058,-23.507022746046722],[-46.75019707960444,-23.506957585405086],[-46.750289319412154,-23.506957585405086],[-46.75033543931601,-23.506892424763453],[-46.750427679123725,-23.506892424763453],[-46.75047379902758,-23.506827264121817],[-46.7505660388353,-23.506827264121817],[-46.75061215873916,-23.506827264121817],[-46.750658278643016,-23.50676210348018],[-46.75070439854687,-23.50676210348018],[-46.75075051845073,-23.506696942838545],[-46.750796638354586,-23.506696942838545],[-46.75088887816231,-23.50663178219691],[-46.750934998066164,-23.50663178219691],[-46.75098111797002,-23.506566621555272],[-46.751073357777734,-23.506501460913636],[-46.75111947768159,-23.506501460913636],[-46.75116559758545,-23.506436300272],[-46.751211717489305,-23.506436300272],[-46.75125783739317,-23.506371139630364],[-46.751303957297026,-23.506305978988728],[-46.75139619710474,-23.506305978988728],[-46.75139619710474,-23.506240818347095],[-46.751442317008596,-23.506240818347095],[-46.75148843691245,-23.50617565770546],[-46.75153455681631,-23.506110497063823],[-46.75158067672017,-23.506110497063823],[-46.75162679662403,-23.506045336422186],[-46.75167291652789,-23.506045336422186],[-46.75167291652789,-23.50598017578055],[-46.751719036431744,-23.50598017578055],[-46.7517651563356,-23.505915015138914],[-46.75181127623946,-23.505849854497278],[-46.75181127623946,-23.50578469385564],[-46.751857396143315,-23.50578469385564],[-46.751857396143315,-23.505719533214005],[-46.75190351604717,-23.50565437257237],[-46.75194963595103,-23.50565437257237],[-46.75199575585489,-23.505589211930733],[-46.75213411556646,-23.505393730005828],[-46.75222635537418,-23.505263408722556],[-46.75241083498961,-23.505067926797647],[-46.752503074797325,-23.504937605514375],[-46.752641434508895,-23.504807284231106],[-46.752733674316616,-23.50474212358947],[-46.75277979422047,-23.504676962947833],[-46.75282591412433,-23.504676962947833],[-46.7529642738359,-23.50441632038129],[-46.753056513643614,-23.504351159739652],[-46.753148753451335,-23.504220838456384],[-46.753287113162905,-23.50409051717311],[-46.753425472874476,-23.503829874606566],[-46.75356383258605,-23.503699553323294],[-46.75365607239377,-23.50356923204002],[-46.75374831220148,-23.50350407139839],[-46.75388667191306,-23.503243428831844],[-46.753932791816915,-23.503178268190208],[-46.75397891172077,-23.50311310754857],[-46.754071151528485,-23.5029827862653],[-46.754163391336206,-23.502787304340394],[-46.75420951124006,-23.502656983057122],[-46.75425563114392,-23.502591822415486],[-46.75430175104778,-23.502461501132213],[-46.754347870951634,-23.50233117984894],[-46.75439399085549,-23.502200858565672],[-46.75444011075935,-23.502005376640764],[-46.754486230663204,-23.50187505535749],[-46.75453235056707,-23.50174473407422],[-46.754578470470925,-23.50154925214931],[-46.754578470470925,-23.501484091507677],[-46.754578470470925,-23.50141893086604],[-46.75462459037478,-23.50128860958277],[-46.75462459037478,-23.501158288299496],[-46.75462459037478,-23.501027967016224],[-46.75462459037478,-23.50089764573295],[-46.75462459037478,-23.50083248509132],[-46.75462459037478,-23.500767324449683],[-46.75462459037478,-23.500702163808047],[-46.75462459037478,-23.50063700316641],[-46.75462459037478,-23.500506681883138],[-46.75462459037478,-23.500441521241502],[-46.754578470470925,-23.50018087867496],[-46.75462459037478,-23.499985396750052],[-46.75462459037478,-23.499789914825143],[-46.75462459037478,-23.49965959354187],[-46.75462459037478,-23.4995292722586],[-46.75462459037478,-23.499464111616966],[-46.75467071027864,-23.499333790333694],[-46.75467071027864,-23.499138308408785],[-46.75467071027864,-23.499007987125513],[-46.75467071027864,-23.498942826483876],[-46.75467071027864,-23.498812505200608],[-46.75467071027864,-23.4986170232757],[-46.75467071027864,-23.498486701992427],[-46.75467071027864,-23.498356380709154],[-46.75467071027864,-23.498226059425882],[-46.75467071027864,-23.498030577500977],[-46.75467071027864,-23.497835095576068],[-46.75467071027864,-23.497769934934432],[-46.75467071027864,-23.497704774292796],[-46.754716830182495,-23.497704774292796],[-46.754716830182495,-23.49763961365116],[-46.754716830182495,-23.497509292367887],[-46.754716830182495,-23.497313810442982],[-46.75476295008635,-23.49718348915971],[-46.75476295008635,-23.497053167876437],[-46.75476295008635,-23.496922846593165],[-46.75480906999021,-23.496792525309896],[-46.75480906999021,-23.496662204026624],[-46.754855189894066,-23.496466722101715],[-46.75490130979793,-23.496336400818443],[-46.75499354960564,-23.496140918893538],[-46.755131909317214,-23.495880276326993],[-46.75517802922107,-23.49574995504372],[-46.75527026902879,-23.495619633760448],[-46.75531638893265,-23.495554473118812],[-46.75540862874036,-23.495489312477176],[-46.755500868548076,-23.495358991193907],[-46.75554698845193,-23.49529383055227],[-46.755777587971224,-23.495033187985726],[-46.75586982777894,-23.495033187985726],[-46.75586982777894,-23.49496802734409],[-46.755915947682794,-23.49496802734409],[-46.756008187490515,-23.495033187985726],[-46.756008187490515,-23.495098348627362],[-46.75605430739437,-23.495098348627362],[-46.75605430739437,-23.495163509269],[-46.75610042729823,-23.495163509269],[-46.756146547202086,-23.495163509269],[-46.756146547202086,-23.495228669910635],[-46.756146547202086,-23.495163509269],[-46.75619266710594,-23.495098348627362],[-46.75619266710594,-23.495033187985726],[-46.7562387870098,-23.495033187985726],[-46.756284906913656,-23.495033187985726],[-46.75633102681751,-23.495033187985726],[-46.75637714672138,-23.49496802734409],[-46.756423266625234,-23.494902866702454],[-46.75646938652909,-23.494902866702454],[-46.75651550643295,-23.494902866702454],[-46.75651550643295,-23.494837706060817],[-46.756561626336804,-23.494837706060817],[-46.75660774624066,-23.494837706060817],[-46.75665386614452,-23.494837706060817],[-46.756699986048375,-23.494772545419185],[-46.75674610595224,-23.494772545419185],[-46.756792225856096,-23.494772545419185],[-46.75683834575995,-23.494772545419185],[-46.75688446566381,-23.49470738477755],[-46.756930585567666,-23.49470738477755],[-46.75697670547152,-23.49470738477755],[-46.75702282537538,-23.49470738477755],[-46.75706894527924,-23.49470738477755],[-46.75706894527924,-23.494642224135912],[-46.7571150651831,-23.494642224135912],[-46.75716118508696,-23.494642224135912],[-46.757207304990814,-23.494642224135912],[-46.75725342489467,-23.494642224135912],[-46.75729954479853,-23.494577063494276],[-46.757345664702385,-23.494577063494276],[-46.75739178460624,-23.494577063494276],[-46.7574379045101,-23.494577063494276],[-46.75748402441396,-23.494577063494276],[-46.75748402441396,-23.49451190285264],[-46.75753014431782,-23.49451190285264],[-46.757576264221676,-23.49451190285264],[-46.75762238412553,-23.49451190285264],[-46.757714623933246,-23.49451190285264],[-46.7577607438371,-23.49451190285264],[-46.75780686374096,-23.49451190285264],[-46.757852983644824,-23.49451190285264],[-46.75789910354868,-23.494446742211004],[-46.75794522345254,-23.494446742211004],[-46.757991343356395,-23.49451190285264],[-46.75803746326025,-23.49451190285264],[-46.75808358316411,-23.49451190285264],[-46.75817582297182,-23.494446742211004],[-46.758221942875686,-23.494446742211004],[-46.7583141826834,-23.49451190285264],[-46.75840642249111,-23.49451190285264],[-46.75849866229883,-23.49451190285264],[-46.758544782202684,-23.49451190285264],[-46.75859090210655,-23.49451190285264],[-46.758637022010404,-23.49451190285264],[-46.75868314191426,-23.49451190285264],[-46.75872926181812,-23.494446742211004],[-46.758775381721975,-23.494446742211004],[-46.75882150162583,-23.494446742211004],[-46.758913741433545,-23.494446742211004],[-46.759005981241266,-23.494446742211004],[-46.75923658076055,-23.494446742211004],[-46.759559420087555,-23.494446742211004],[-46.75960553999141,-23.494446742211004],[-46.75969777979913,-23.494446742211004],[-46.7598361395107,-23.494446742211004],[-46.75988225941456,-23.494446742211004],[-46.76015897883771,-23.494381581569368],[-46.76025121864542,-23.494381581569368],[-46.760435698260856,-23.494381581569368],[-46.76052793806857,-23.494381581569368],[-46.760620177876284,-23.494381581569368],[-46.760712417684,-23.494446742211004],[-46.76089689729943,-23.494446742211004],[-46.76094301720329,-23.494446742211004],[-46.760989137107146,-23.494446742211004],[-46.76108137691486,-23.494446742211004],[-46.76117361672258,-23.494446742211004],[-46.76121973662644,-23.494446742211004],[-46.76131197643415,-23.494446742211004],[-46.761404216241864,-23.49451190285264],[-46.761634815761155,-23.49451190285264],[-46.76186541528045,-23.49451190285264],[-46.76195765508816,-23.49451190285264],[-46.762049894895874,-23.49451190285264],[-46.762188254607445,-23.49451190285264],[-46.76232661431902,-23.494446742211004],[-46.76237273422288,-23.494446742211004],[-46.762418854126736,-23.494446742211004],[-46.762557213838306,-23.494446742211004],[-46.7627878133576,-23.494446742211004],[-46.76301841287689,-23.494381581569368],[-46.7631106526846,-23.494381581569368],[-46.76338737210775,-23.49431642092773],[-46.763617971627035,-23.494251260286095],[-46.763710211434756,-23.49418609964446],[-46.76375633133861,-23.49418609964446],[-46.76407917066562,-23.49405577836119],[-46.7643097701849,-23.493925457077918],[-46.76440200999262,-23.49386029643628],[-46.76458648960805,-23.493795135794645],[-46.76481708912734,-23.493664814511373],[-46.7648632090312,-23.493599653869737],[-46.76495544883891,-23.493599653869737],[-46.76495544883891,-23.4935344932281],[-46.765047688646625,-23.4935344932281],[-46.765139928454346,-23.49340417194483],[-46.7651860483582,-23.49340417194483],[-46.76523216826206,-23.493339011303195],[-46.76532440806977,-23.49327385066156],[-46.76537052797363,-23.49327385066156],[-46.76537052797363,-23.493208690019923],[-46.765462767781344,-23.493208690019923],[-46.765555007589064,-23.493143529378287],[-46.76560112749292,-23.49307836873665],[-46.765693367300635,-23.49294804745338],[-46.76578560710835,-23.492882886811742],[-46.76587784691607,-23.492752565528473],[-46.765923966819926,-23.492752565528473],[-46.76597008672378,-23.492687404886837],[-46.76597008672378,-23.4926222442452],[-46.76601620662764,-23.4926222442452],[-46.7660623265315,-23.492557083603565],[-46.766108446435354,-23.49249192296193],[-46.76615456633921,-23.492426762320292],[-46.76620068624307,-23.492361601678656],[-46.766339045954645,-23.492166119753747],[-46.7663851658585,-23.492166119753747],[-46.76643128576236,-23.49203579847048],[-46.766477405666215,-23.491970637828842],[-46.76652352557007,-23.49184031654557],[-46.76656964547393,-23.491775155903934],[-46.76661576537779,-23.491709995262298],[-46.76666188528165,-23.49164483462066],[-46.76675412508936,-23.49138419205412],[-46.76684636489708,-23.49118871012921],[-46.76684636489708,-23.491123549487575],[-46.76684636489708,-23.49105838884594],[-46.766892484800934,-23.490928067562667],[-46.76693860470479,-23.490797746279394],[-46.76703084451251,-23.49060226435449],[-46.76707696441637,-23.49040678242958],[-46.767123084320225,-23.490341621787945],[-46.767123084320225,-23.49027646114631],[-46.76716920422408,-23.490146139863036],[-46.76721532412794,-23.490080979221403],[-46.76721532412794,-23.490015818579767],[-46.76721532412794,-23.48995065793813],[-46.76730756393565,-23.48982033665486],[-46.76735368383952,-23.48962485472995],[-46.76739980374337,-23.489429372805045],[-46.76744592364723,-23.489299051521773],[-46.76749204355109,-23.4891687302385],[-46.767538163454944,-23.489103569596864],[-46.7675842833588,-23.48897324831359],[-46.767676523166514,-23.488582284463778],[-46.767768762974235,-23.488321641897233],[-46.76786100278195,-23.488060999330692],[-46.767907122685806,-23.487995838689056],[-46.767907122685806,-23.487865517405783],[-46.76799936249352,-23.487670035480875],[-46.768045482397376,-23.487670035480875],[-46.76822996201281,-23.487213910989425],[-46.76836832172438,-23.48695326842288],[-46.7684605615321,-23.486822947139608],[-46.76859892124367,-23.486562304573066],[-46.76859892124367,-23.48649714393143],[-46.76864504114753,-23.486431983289794],[-46.76873728095524,-23.48630166200652],[-46.7687834008591,-23.486236501364885],[-46.768829520762964,-23.48617134072325],[-46.76892176057068,-23.48604101943998],[-46.769106240186105,-23.485780376873436],[-46.76915236008996,-23.4857152162318],[-46.769336839705396,-23.48551973430689],[-46.7696596790324,-23.485128770457077],[-46.7696596790324,-23.48506360981544],[-46.76970579893626,-23.48506360981544],[-46.76979803874397,-23.48493328853217],[-46.76989027855169,-23.484802967248896],[-46.76993639845555,-23.484802967248896],[-46.76993639845555,-23.484737806607264],[-46.770120878070976,-23.484542324682355],[-46.770120878070976,-23.48447716404072],[-46.77016699797483,-23.48447716404072],[-46.77021311787869,-23.484412003399083],[-46.770259237782554,-23.484346842757446],[-46.77030535768641,-23.48428168211581],[-46.77035147759027,-23.48428168211581],[-46.77035147759027,-23.484216521474174],[-46.770397597494124,-23.484151360832538],[-46.77048983730184,-23.48402103954927],[-46.770535957205695,-23.48402103954927],[-46.770628197013416,-23.48382555762436],[-46.77067431691727,-23.48382555762436],[-46.77072043682113,-23.483760396982724],[-46.77072043682113,-23.483695236341088],[-46.7708587965327,-23.48349975441618],[-46.77095103634041,-23.483304272491274],[-46.77099715624428,-23.483173951208002],[-46.771043276148134,-23.483108790566366],[-46.77108939605199,-23.48304362992473],[-46.77108939605199,-23.482978469283093],[-46.77113551595585,-23.482913308641457],[-46.771181635859705,-23.48284814799982],[-46.771181635859705,-23.482782987358185],[-46.77122775576356,-23.482652666074916],[-46.77127387566742,-23.48258750543328],[-46.77127387566742,-23.482522344791644],[-46.77127387566742,-23.482457184150007],[-46.77127387566742,-23.48239202350837],[-46.771319995571275,-23.482131380941826],[-46.771319995571275,-23.48206622030019],[-46.771319995571275,-23.48193589901692],[-46.771319995571275,-23.48180557773365],[-46.771319995571275,-23.481675256450377],[-46.771319995571275,-23.48161009580874],[-46.771319995571275,-23.481544935167104],[-46.771319995571275,-23.481479774525468],[-46.771319995571275,-23.481414613883832],[-46.771319995571275,-23.4813494532422],[-46.771319995571275,-23.481284292600563],[-46.771319995571275,-23.481219131958927],[-46.771319995571275,-23.48115397131729],[-46.771319995571275,-23.481088810675654],[-46.77127387566742,-23.481023650034018],[-46.77122775576356,-23.480763007467473],[-46.77122775576356,-23.48056752554257],[-46.771181635859705,-23.480437204259296],[-46.77108939605199,-23.48017656169275],[-46.771043276148134,-23.480111401051115],[-46.771043276148134,-23.479981079767846],[-46.77099715624428,-23.47991591912621],[-46.77095103634041,-23.4797204372013],[-46.77090491643656,-23.47959011591803],[-46.7708587965327,-23.479459794634757],[-46.77081267662884,-23.479329473351488],[-46.77081267662884,-23.47926431270985],[-46.770766556724986,-23.47913399142658],[-46.770628197013416,-23.478808188218398],[-46.770628197013416,-23.478743027576762],[-46.770535957205695,-23.47848238501022],[-46.770535957205695,-23.478417224368584],[-46.77044371739798,-23.47815658180204],[-46.77044371739798,-23.478026260518767],[-46.770397597494124,-23.478026260518767],[-46.770397597494124,-23.4778959392355],[-46.77035147759027,-23.477830778593862],[-46.77035147759027,-23.477765617952226],[-46.77035147759027,-23.47770045731059],[-46.77030535768641,-23.47750497538568],[-46.77030535768641,-23.477309493460776],[-46.77030535768641,-23.476983690252595],[-46.77030535768641,-23.47691852961096],[-46.77030535768641,-23.47672304768605],[-46.77035147759027,-23.476527565761145],[-46.77035147759027,-23.47646240511951],[-46.770397597494124,-23.4762669231946],[-46.77044371739798,-23.476071441269692],[-46.77044371739798,-23.476006280628056],[-46.77058207710955,-23.47568047741988],[-46.77067431691727,-23.47548499549497],[-46.77081267662884,-23.475289513570065],[-46.7708587965327,-23.47522435292843],[-46.77090491643656,-23.475159192286792],[-46.77095103634041,-23.475094031645156],[-46.77099715624428,-23.47502887100352],[-46.77108939605199,-23.474898549720248],[-46.77113551595585,-23.474898549720248],[-46.77113551595585,-23.47483338907861],[-46.771181635859705,-23.47483338907861],[-46.77136611547514,-23.474637907153706],[-46.77136611547514,-23.47457274651207],[-46.771412235378996,-23.47457274651207],[-46.77150447518671,-23.474507585870434],[-46.77164283489828,-23.47437726458716],[-46.77168895480214,-23.474312103945525],[-46.771735074706,-23.474312103945525],[-46.77178119460986,-23.47424694330389],[-46.77191955432143,-23.474181782662253],[-46.77201179412914,-23.474116622020617],[-46.772057914033,-23.474116622020617],[-46.77215015384072,-23.47405146137898],[-46.77224239364843,-23.473986300737344],[-46.77242687326386,-23.473855979454076],[-46.772749712590866,-23.473725658170803],[-46.77298031211016,-23.473660497529167],[-46.773026432014014,-23.473660497529167],[-46.77321091162945,-23.473530176245895],[-46.773257031533305,-23.473530176245895],[-46.77385659028345,-23.473334694320986],[-46.77399494999503,-23.473269533679353],[-46.7741333097066,-23.473204373037717],[-46.774179429610456,-23.473204373037717],[-46.77422554951431,-23.473204373037717],[-46.77427166941817,-23.47313921239608],[-46.77441002912975,-23.473074051754445],[-46.774594508745174,-23.47300889111281],[-46.77473286845675,-23.47300889111281],[-46.77473286845675,-23.472943730471172],[-46.77487122816832,-23.472943730471172],[-46.774963467976036,-23.472878569829536],[-46.77528630730304,-23.472748248546264],[-46.7753324272069,-23.472748248546264]]]}}]}