{"type":"FeatureCollection","features":[{"type":"Feature","properties":{"DATA_ULT_A":"2009/10/09","DATA_CRIAC":"2009/10/09","id":"05","name":"Santana/Tucuruvi","area":34.7,"pop_2010":324815,"pop_density_2010":9361,"budget_2015":40031931},"geometry":{"type":"Polygon","coordinates":[[[-46.625534979476996,-23.519403267957536],[-46.62558109938085,-23.519403267957536],[-46.630146969862764,-23.51914262539099],[-46.63019308976663,-23.51914262539099],[-46.630239209670485,-23.519077464749355],[-46.63028532957434,-23.519077464749355],[-46.6303314494782,-23.519077464749355],[-46.630377569382055,-23.519077464749355],[-46.630792648516774,-23.519077464749355],[-46.63176116649779,-23.519012304107722],[-46.63189952620936,-23.519012304107722],[-46.634943439863974,-23.518816822182814],[-46.636004197652696,-23.51868650089954],[-46.63863303217259,-23.51855617961627],[-46.64061618803847,-23.518491018974633],[-46.641215746788625,-23.51855617961627],[-46.646427295924546,-23.517839412558274],[-46.65020912804088,-23.517383288066824],[-46.6503013678486,-23.517318127425188],[-46.65067032707946,-23.517318127425188],[-46.65071644698332,-23.517252966783552],[-46.65163884506047,-23.517187806141916],[-46.651777204772046,-23.51712264550028],[-46.653114681983915,-23.516927163575374],[-46.65403708006107,-23.51686200293374],[-46.65394484025335,-23.515949753950835],[-46.65339140140706,-23.51601491459247],[-46.65320692179163,-23.51601491459247],[-46.65306856208006,-23.51601491459247],[-46.65293020236849,-23.51601491459247],[-46.65288408246463,-23.51601491459247],[-46.65274572275305,-23.515949753950835],[-46.65237676352219,-23.5158845933092],[-46.652330643618335,-23.5158845933092],[-46.65223840381062,-23.515819432667563],[-46.652192283906764,-23.515819432667563],[-46.651684964964325,-23.51568911138429],[-46.651131526118036,-23.515623950742658],[-46.64997852852159,-23.515623950742658],[-46.650347487752455,-23.512952364435588],[-46.65039360765631,-23.512952364435588],[-46.650624207175596,-23.51099754518651],[-46.650762566887174,-23.510020135561973],[-46.650624207175596,-23.5098898142787],[-46.649701809098445,-23.50975949299543],[-46.649701809098445,-23.509824653637065],[-46.649701809098445,-23.50975949299543],[-46.64960956929073,-23.50975949299543],[-46.64993240861773,-23.509368529145615],[-46.65016300813702,-23.509042725937434],[-46.6503013678486,-23.508912404654165],[-46.64914837025215,-23.508391119521075],[-46.64965568919459,-23.508260798237806],[-46.64993240861773,-23.50786983438799],[-46.646427295924546,-23.507153067329995],[-46.64347562207765,-23.506566621555272],[-46.64282994342364,-23.50617565770546],[-46.64227650457735,-23.50578469385564],[-46.641999785154205,-23.505458890647464],[-46.64195366525035,-23.505458890647464],[-46.64186142544263,-23.505328569364192],[-46.64181530553877,-23.505328569364192],[-46.641769185634914,-23.505263408722556],[-46.64172306573106,-23.50519824808092],[-46.64163082592334,-23.505133087439283],[-46.641492466211766,-23.505067926797647],[-46.64140022640405,-23.50500276615601],[-46.64126186669248,-23.504937605514375],[-46.641492466211766,-23.504611802306197],[-46.64153858611563,-23.50454664166456],[-46.641584706019486,-23.50441632038129],[-46.6416769458272,-23.504351159739652],[-46.641769185634914,-23.504155677814747],[-46.64246098419278,-23.503178268190208],[-46.64306054294293,-23.502200858565672],[-46.64329114246222,-23.50187505535749],[-46.643337262366074,-23.501809894715855],[-46.643337262366074,-23.50174473407422],[-46.643429502173795,-23.501614412790946],[-46.64347562207765,-23.50154925214931],[-46.64352174198151,-23.501484091507677],[-46.643567861885366,-23.50141893086604],[-46.643567861885366,-23.501353770224405],[-46.64361398178922,-23.50128860958277],[-46.643706221596936,-23.50109312765786],[-46.64379846140466,-23.500767324449683],[-46.643844581308514,-23.50063700316641],[-46.64389070121237,-23.500571842524774],[-46.64402906092394,-23.50018087867496],[-46.64402906092394,-23.50005055739169],[-46.64416742063552,-23.499724754183507],[-46.64453637986638,-23.498551862634063],[-46.64536653813582,-23.4960757582519],[-46.64887165082901,-23.49405577836119],[-46.64887165082901,-23.493990617719554],[-46.64845657169428,-23.493208690019923],[-46.648502691598146,-23.49307836873665],[-46.648548811502,-23.49307836873665],[-46.648825530925144,-23.492882886811742],[-46.64887165082901,-23.492817726170106],[-46.648917770732865,-23.492752565528473],[-46.64896389063672,-23.492687404886837],[-46.649056130444436,-23.4926222442452],[-46.649056130444436,-23.492557083603565],[-46.64914837025215,-23.49249192296193],[-46.649194490156006,-23.492361601678656],[-46.64928672996373,-23.49229644103702],[-46.649332849867584,-23.492231280395384],[-46.64937896977144,-23.492166119753747],[-46.6494250896753,-23.492100959112115],[-46.64951732948301,-23.491970637828842],[-46.64960956929073,-23.491905477187206],[-46.64965568919459,-23.49184031654557],[-46.6497479290023,-23.491709995262298],[-46.649840168810016,-23.49164483462066],[-46.64988628871387,-23.49151451333739],[-46.64993240861773,-23.49151451333739],[-46.64997852852159,-23.491449352695753],[-46.65007076832931,-23.491319031412484],[-46.650116888233164,-23.491253870770848],[-46.65020912804088,-23.49118871012921],[-46.650255247944735,-23.49105838884594],[-46.650347487752455,-23.490993228204303],[-46.65043972756017,-23.49086290692103],[-46.650485847464026,-23.490797746279394],[-46.65053196736788,-23.490797746279394],[-46.65057808727174,-23.490732585637762],[-46.650624207175596,-23.49060226435449],[-46.65067032707946,-23.49060226435449],[-46.65067032707946,-23.490537103712853],[-46.650762566887174,-23.490471943071217],[-46.65080868679103,-23.49040678242958],[-46.65085480669489,-23.49040678242958],[-46.650900926598744,-23.49027646114631],[-46.650900926598744,-23.490211300504672],[-46.6509470465026,-23.490146139863036],[-46.65099316640646,-23.490015818579767],[-46.65103928631032,-23.490015818579767],[-46.65136212563732,-23.488908087671955],[-46.65136212563732,-23.48884292703032],[-46.651408245541184,-23.48884292703032],[-46.651408245541184,-23.488777766388687],[-46.65145436544504,-23.488777766388687],[-46.651546605252754,-23.488647445105414],[-46.65159272515661,-23.488647445105414],[-46.65163884506047,-23.488582284463778],[-46.651684964964325,-23.488582284463778],[-46.65173108486818,-23.48851712382214],[-46.6518233246759,-23.48838680253887],[-46.651915564483616,-23.488321641897233],[-46.65196168438747,-23.488321641897233],[-46.65196168438747,-23.488256481255597],[-46.65200780429133,-23.488256481255597],[-46.65205392419519,-23.48819132061396],[-46.65214616400291,-23.488126159972325],[-46.65223840381062,-23.488060999330692],[-46.65228452371448,-23.487995838689056],[-46.652330643618335,-23.48793067804742],[-46.65242288342605,-23.487800356764147],[-46.65251512323377,-23.487670035480875],[-46.652561243137626,-23.48760487483924],[-46.65260736304148,-23.487539714197602],[-46.65265348294534,-23.487474553555966],[-46.65265348294534,-23.487409392914333],[-46.6526996028492,-23.487409392914333],[-46.6526996028492,-23.487344232272697],[-46.65274572275305,-23.48714875034779],[-46.65279184265691,-23.48714875034779],[-46.65288408246463,-23.486822947139608],[-46.65293020236849,-23.48669262585634],[-46.65293020236849,-23.486627465214703],[-46.652976322272345,-23.486562304573066],[-46.652976322272345,-23.48649714393143],[-46.652976322272345,-23.486431983289794],[-46.652976322272345,-23.486366822648158],[-46.652976322272345,-23.48630166200652],[-46.652976322272345,-23.486236501364885],[-46.652976322272345,-23.48617134072325],[-46.652976322272345,-23.486106180081613],[-46.652976322272345,-23.48604101943998],[-46.652976322272345,-23.485975858798344],[-46.652976322272345,-23.485910698156708],[-46.652976322272345,-23.485845537515072],[-46.652976322272345,-23.485780376873436],[-46.652976322272345,-23.4857152162318],[-46.6530224421762,-23.485650055590163],[-46.6530224421762,-23.485584894948527],[-46.65306856208006,-23.485454573665255],[-46.653114681983915,-23.485389413023622],[-46.65316080188777,-23.48525909174035],[-46.65320692179163,-23.485193931098713],[-46.65320692179163,-23.485128770457077],[-46.65325304169549,-23.48506360981544],[-46.65329916159935,-23.48493328853217],[-46.65329916159935,-23.484868127890532],[-46.65329916159935,-23.484802967248896],[-46.65329916159935,-23.484737806607264],[-46.65329916159935,-23.484672645965627],[-46.653345281503206,-23.484542324682355],[-46.65339140140706,-23.484412003399083],[-46.65343752131092,-23.484346842757446],[-46.65343752131092,-23.48428168211581],[-46.65348364121478,-23.48428168211581],[-46.65357588102249,-23.484151360832538],[-46.653622000926354,-23.48402103954927],[-46.65366812083021,-23.48402103954927],[-46.653760360637925,-23.48382555762436],[-46.65385260044564,-23.483760396982724],[-46.653898720349495,-23.483630075699452],[-46.653990960157216,-23.483564915057816],[-46.65403708006107,-23.48349975441618],[-46.65412931986879,-23.48336943313291],[-46.6542215596765,-23.483239111849638],[-46.654313799484214,-23.483108790566366],[-46.654313799484214,-23.48304362992473],[-46.65435991938808,-23.48304362992473],[-46.65435991938808,-23.482978469283093],[-46.65445215919579,-23.48284814799982],[-46.65449827909965,-23.482782987358185],[-46.654544399003505,-23.482717826716552],[-46.65459051890736,-23.482652666074916],[-46.654682758715076,-23.482522344791644],[-46.65486723833051,-23.482326862866735],[-46.65491335823437,-23.4822617022251],[-46.65491335823437,-23.482196541583463],[-46.654959478138224,-23.482196541583463],[-46.65500559804208,-23.482131380941826],[-46.6550978378498,-23.48206622030019],[-46.65514395775366,-23.48193589901692],[-46.655190077657515,-23.48193589901692],[-46.65523619756137,-23.48193589901692],[-46.65528231746523,-23.481870738375285],[-46.655328437369086,-23.48180557773365],[-46.65537455727294,-23.48180557773365],[-46.65542067717681,-23.48180557773365],[-46.65546679708066,-23.481740417092013],[-46.65542067717681,-23.481675256450377],[-46.65537455727294,-23.481675256450377],[-46.655328437369086,-23.48161009580874],[-46.65528231746523,-23.48161009580874],[-46.65505171794594,-23.481414613883832],[-46.65491335823437,-23.4813494532422],[-46.65486723833051,-23.481284292600563],[-46.6547749985228,-23.481219131958927],[-46.654682758715076,-23.48115397131729],[-46.65463663881122,-23.48115397131729],[-46.65449827909965,-23.481023650034018],[-46.65435991938808,-23.480958489392382],[-46.654313799484214,-23.480958489392382],[-46.654313799484214,-23.480893328750746],[-46.65426767958036,-23.480893328750746],[-46.654313799484214,-23.480893328750746],[-46.654313799484214,-23.48082816810911],[-46.654313799484214,-23.480763007467473],[-46.65435991938808,-23.48069784682584],[-46.65435991938808,-23.480632686184205],[-46.65435991938808,-23.48056752554257],[-46.654406039291935,-23.48056752554257],[-46.65435991938808,-23.48056752554257],[-46.65435991938808,-23.480502364900932],[-46.65435991938808,-23.480437204259296],[-46.654313799484214,-23.48037204361766],[-46.654313799484214,-23.480306882976024],[-46.65426767958036,-23.480306882976024],[-46.6542215596765,-23.480306882976024],[-46.65408319996493,-23.480241722334387],[-46.653990960157216,-23.480241722334387],[-46.65385260044564,-23.48017656169275],[-46.65380648054178,-23.480111401051115],[-46.65371424073407,-23.480111401051115],[-46.65357588102249,-23.48004624040948],[-46.653529761118634,-23.48004624040948],[-46.65343752131092,-23.479981079767846],[-46.65339140140706,-23.479981079767846],[-46.653345281503206,-23.479981079767846],[-46.65329916159935,-23.479981079767846],[-46.65329916159935,-23.47991591912621],[-46.65320692179163,-23.47991591912621],[-46.65306856208006,-23.479850758484574],[-46.652976322272345,-23.479850758484574],[-46.65288408246463,-23.479785597842938],[-46.65283796256077,-23.479785597842938],[-46.65279184265691,-23.4797204372013],[-46.65265348294534,-23.4797204372013],[-46.65260736304148,-23.479655276559665],[-46.65251512323377,-23.479655276559665],[-46.652469003329905,-23.47959011591803],[-46.65242288342605,-23.47959011591803],[-46.65237676352219,-23.47959011591803],[-46.65228452371448,-23.479524955276393],[-46.65223840381062,-23.479524955276393],[-46.652192283906764,-23.479524955276393],[-46.65214616400291,-23.479459794634757],[-46.65210004409904,-23.479459794634757],[-46.65205392419519,-23.479459794634757],[-46.65200780429133,-23.47939463399312],[-46.65196168438747,-23.47939463399312],[-46.65186944457976,-23.47939463399312],[-46.6518233246759,-23.479329473351488],[-46.65173108486818,-23.479329473351488],[-46.651684964964325,-23.479329473351488],[-46.65163884506047,-23.47926431270985],[-46.65159272515661,-23.47926431270985],[-46.651546605252754,-23.47926431270985],[-46.6515004853489,-23.47926431270985],[-46.6515004853489,-23.479199152068215],[-46.65145436544504,-23.479199152068215],[-46.651408245541184,-23.479199152068215],[-46.65136212563732,-23.479199152068215],[-46.65131600573346,-23.47913399142658],[-46.651269885829606,-23.47913399142658],[-46.65122376592575,-23.479068830784943],[-46.651131526118036,-23.479003670143307],[-46.65108540621418,-23.479003670143307],[-46.65103928631032,-23.47893850950167],[-46.65103928631032,-23.478808188218398],[-46.65103928631032,-23.478743027576762],[-46.65099316640646,-23.478612706293493],[-46.65099316640646,-23.47848238501022],[-46.6509470465026,-23.478286903085312],[-46.650900926598744,-23.478221742443676],[-46.65085480669489,-23.478026260518767],[-46.65085480669489,-23.477961099877135],[-46.65080868679103,-23.4778959392355],[-46.65080868679103,-23.477830778593862],[-46.650762566887174,-23.477765617952226],[-46.65071644698332,-23.47770045731059],[-46.65067032707946,-23.477570136027317],[-46.650624207175596,-23.47750497538568],[-46.65057808727174,-23.477439814744045],[-46.65057808727174,-23.47737465410241],[-46.65057808727174,-23.477309493460776],[-46.65053196736788,-23.47724433281914],[-46.65053196736788,-23.477179172177504],[-46.65057808727174,-23.477114011535868],[-46.65057808727174,-23.47704885089423],[-46.65057808727174,-23.47691852961096],[-46.650624207175596,-23.476853368969323],[-46.650624207175596,-23.476788208327687],[-46.650624207175596,-23.47672304768605],[-46.65067032707946,-23.47646240511951],[-46.65067032707946,-23.476397244477873],[-46.65067032707946,-23.4762669231946],[-46.65067032707946,-23.476201762552964],[-46.65067032707946,-23.476071441269692],[-46.65067032707946,-23.476006280628056],[-46.650624207175596,-23.475941119986423],[-46.650624207175596,-23.475875959344787],[-46.650624207175596,-23.47581079870315],[-46.65057808727174,-23.47581079870315],[-46.65057808727174,-23.47568047741988],[-46.65053196736788,-23.475615316778242],[-46.65053196736788,-23.475550156136606],[-46.650485847464026,-23.475550156136606],[-46.65043972756017,-23.475419834853334],[-46.65039360765631,-23.475354674211697],[-46.650255247944735,-23.47522435292843],[-46.65020912804088,-23.475094031645156],[-46.65016300813702,-23.47502887100352],[-46.650116888233164,-23.474963710361884],[-46.65007076832931,-23.474898549720248],[-46.65007076832931,-23.47483338907861],[-46.65002464842545,-23.474768228436975],[-46.65002464842545,-23.47470306779534],[-46.65002464842545,-23.474637907153706],[-46.65002464842545,-23.47457274651207],[-46.64997852852159,-23.474507585870434],[-46.64997852852159,-23.474442425228798],[-46.64997852852159,-23.47437726458716],[-46.64997852852159,-23.474312103945525],[-46.64997852852159,-23.47424694330389],[-46.64997852852159,-23.474181782662253],[-46.64997852852159,-23.474116622020617],[-46.64997852852159,-23.47405146137898],[-46.64997852852159,-23.473986300737344],[-46.64997852852159,-23.47392114009571],[-46.64997852852159,-23.473855979454076],[-46.64997852852159,-23.47379081881244],[-46.65002464842545,-23.473725658170803],[-46.65002464842545,-23.473660497529167],[-46.65007076832931,-23.47359533688753],[-46.650116888233164,-23.473530176245895],[-46.650116888233164,-23.47346501560426],[-46.650116888233164,-23.473399854962622],[-46.65016300813702,-23.473334694320986],[-46.65020912804088,-23.473269533679353],[-46.65020912804088,-23.473204373037717],[-46.6503013678486,-23.47300889111281],[-46.650347487752455,-23.472878569829536],[-46.650347487752455,-23.4728134091879],[-46.65039360765631,-23.4728134091879],[-46.65039360765631,-23.472748248546264],[-46.65043972756017,-23.472748248546264],[-46.65043972756017,-23.472683087904628],[-46.650485847464026,-23.472683087904628],[-46.650485847464026,-23.472617927262995],[-46.65053196736788,-23.47255276662136],[-46.65057808727174,-23.47255276662136],[-46.650624207175596,-23.472487605979723],[-46.65067032707946,-23.472422445338086],[-46.65071644698332,-23.472422445338086],[-46.650762566887174,-23.47235728469645],[-46.650900926598744,-23.472226963413178],[-46.65099316640646,-23.472226963413178],[-46.65103928631032,-23.47216180277154],[-46.65108540621418,-23.47216180277154],[-46.651131526118036,-23.472096642129905],[-46.65117764602189,-23.472096642129905],[-46.65122376592575,-23.47203148148827],[-46.651269885829606,-23.47203148148827],[-46.65131600573346,-23.471966320846633],[-46.65136212563732,-23.471901160205],[-46.651408245541184,-23.471901160205],[-46.651408245541184,-23.471835999563364],[-46.65145436544504,-23.471835999563364],[-46.6515004853489,-23.471770838921728],[-46.6515004853489,-23.47170567828009],[-46.65159272515661,-23.471640517638455],[-46.65159272515661,-23.47157535699682],[-46.65163884506047,-23.471510196355183],[-46.65163884506047,-23.471445035713547],[-46.651684964964325,-23.47137987507191],[-46.65163884506047,-23.471314714430275],[-46.65159272515661,-23.471249553788642],[-46.651546605252754,-23.471249553788642],[-46.65145436544504,-23.471249553788642],[-46.651408245541184,-23.471184393147006],[-46.651269885829606,-23.471184393147006],[-46.65103928631032,-23.47111923250537],[-46.650762566887174,-23.471054071863733],[-46.65071644698332,-23.471054071863733],[-46.650624207175596,-23.470988911222097],[-46.650485847464026,-23.47092375058046],[-46.65043972756017,-23.47092375058046],[-46.65039360765631,-23.47092375058046],[-46.650347487752455,-23.470858589938825],[-46.650255247944735,-23.470858589938825],[-46.65007076832931,-23.470728268655552],[-46.64997852852159,-23.470728268655552],[-46.64965568919459,-23.470532786730647],[-46.64956344938687,-23.470532786730647],[-46.64937896977144,-23.470402465447375],[-46.649332849867584,-23.47033730480574],[-46.64928672996373,-23.47033730480574],[-46.64924061005987,-23.47033730480574],[-46.64924061005987,-23.470272144164102],[-46.648917770732865,-23.470076662239194],[-46.648825530925144,-23.470011501597558],[-46.64877941102129,-23.470011501597558],[-46.64873329111743,-23.46994634095592],[-46.648687171213574,-23.46994634095592],[-46.64859493140586,-23.46994634095592],[-46.648548811502,-23.46988118031429],[-46.648502691598146,-23.46988118031429],[-46.648410451790426,-23.46988118031429],[-46.648272092078855,-23.46988118031429],[-46.648041492559564,-23.469816019672653],[-46.64794925275185,-23.469816019672653],[-46.64776477313642,-23.469750859031016],[-46.647626413424845,-23.46968569838938],[-46.647488053713275,-23.46968569838938],[-46.64744193380942,-23.46968569838938],[-46.64725745419398,-23.469620537747744],[-46.64721133429013,-23.469620537747744],[-46.64716521438627,-23.469620537747744],[-46.6470268546747,-23.469555377106108],[-46.64688849496312,-23.469555377106108],[-46.64679625515541,-23.469555377106108],[-46.646704015347694,-23.46949021646447],[-46.64665789544384,-23.46949021646447],[-46.64651953573226,-23.46949021646447],[-46.646427295924546,-23.46949021646447],[-46.64638117602069,-23.46949021646447],[-46.64624281630911,-23.46949021646447],[-46.646196696405255,-23.46949021646447],[-46.6461505765014,-23.46949021646447],[-46.646058336693685,-23.46949021646447],[-46.64601221678983,-23.46949021646447],[-46.646058336693685,-23.469425055822835],[-46.646058336693685,-23.4693598951812],[-46.64610445659754,-23.469294734539563],[-46.64610445659754,-23.46922957389793],[-46.64633505611683,-23.468838610048113],[-46.646427295924546,-23.46870828876484],[-46.646427295924546,-23.468643128123205],[-46.6464734158284,-23.468643128123205],[-46.64651953573226,-23.468512806839936],[-46.64656565563612,-23.468512806839936],[-46.64656565563612,-23.4684476461983],[-46.646611775539974,-23.4684476461983],[-46.646611775539974,-23.468382485556663],[-46.64675013525155,-23.468187003631755],[-46.64679625515541,-23.468187003631755],[-46.64679625515541,-23.46812184299012],[-46.646842375059265,-23.46812184299012],[-46.64688849496312,-23.46812184299012],[-46.64688849496312,-23.468056682348482],[-46.64693461486698,-23.467991521706846],[-46.646980734770835,-23.46792636106521],[-46.646980734770835,-23.467861200423577],[-46.6470268546747,-23.467861200423577],[-46.64711909448241,-23.467730879140305],[-46.647072974578556,-23.467730879140305],[-46.6470268546747,-23.467730879140305],[-46.647072974578556,-23.46766571849867],[-46.64711909448241,-23.467600557857033],[-46.64721133429013,-23.46747023657376],[-46.64725745419398,-23.467339915290488],[-46.64730357409784,-23.46727475464885],[-46.6473496940017,-23.46720959400722],[-46.6473496940017,-23.467144433365583],[-46.64739581390556,-23.467079272723947],[-46.64744193380942,-23.46701411208231],[-46.647488053713275,-23.466948951440674],[-46.647488053713275,-23.466883790799038],[-46.64753417361713,-23.466883790799038],[-46.64753417361713,-23.4668186301574],[-46.64758029352099,-23.466753469515766],[-46.64758029352099,-23.46668830887413],[-46.647626413424845,-23.46668830887413],[-46.647626413424845,-23.466623148232493],[-46.6476725333287,-23.466623148232493],[-46.6476725333287,-23.46655798759086],[-46.64771865323256,-23.466492826949224],[-46.64776477313642,-23.466492826949224],[-46.64781089304028,-23.466427666307588],[-46.64781089304028,-23.466362505665952],[-46.64785701294414,-23.466362505665952],[-46.64790313284799,-23.46623218438268],[-46.64794925275185,-23.466167023741043],[-46.64794925275185,-23.466101863099407],[-46.64799537265571,-23.466101863099407],[-46.64799537265571,-23.46603670245777],[-46.648041492559564,-23.465971541816135],[-46.64799537265571,-23.465971541816135],[-46.64794925275185,-23.465971541816135],[-46.64794925275185,-23.4659063811745],[-46.64799537265571,-23.4659063811745],[-46.64799537265571,-23.465841220532866],[-46.648041492559564,-23.46577605989123],[-46.648041492559564,-23.465710899249594],[-46.64808761246342,-23.465710899249594],[-46.64808761246342,-23.465645738607957],[-46.648133732367285,-23.465645738607957],[-46.648133732367285,-23.46558057796632],[-46.64817985227114,-23.465515417324685],[-46.64817985227114,-23.46545025668305],[-46.648225972175,-23.46545025668305],[-46.648225972175,-23.465385096041413],[-46.648272092078855,-23.465319935399776],[-46.648272092078855,-23.46525477475814],[-46.64831821198271,-23.46525477475814],[-46.64831821198271,-23.465189614116507],[-46.648410451790426,-23.465059292833235],[-46.648410451790426,-23.4649941321916],[-46.64845657169428,-23.464928971549963],[-46.64845657169428,-23.464863810908327],[-46.648502691598146,-23.464863810908327],[-46.648502691598146,-23.46479865026669],[-46.648548811502,-23.464733489625054],[-46.648548811502,-23.464668328983418],[-46.64859493140586,-23.464668328983418],[-46.64859493140586,-23.46460316834178],[-46.64864105130972,-23.46460316834178],[-46.648687171213574,-23.46460316834178],[-46.64896389063672,-23.464668328983418],[-46.64901001054058,-23.46460316834178],[-46.648917770732865,-23.464277365133604],[-46.648917770732865,-23.464212204491968],[-46.648917770732865,-23.464147043850332],[-46.64887165082901,-23.464081883208696],[-46.648825530925144,-23.463951561925423],[-46.64873329111743,-23.463886401283787],[-46.64864105130972,-23.46375608000052],[-46.64859493140586,-23.46375608000052],[-46.64859493140586,-23.463690919358882],[-46.648548811502,-23.463690919358882],[-46.648502691598146,-23.463625758717246],[-46.64845657169428,-23.463625758717246],[-46.64845657169428,-23.46356059807561],[-46.64845657169428,-23.463495437433973],[-46.648410451790426,-23.463495437433973],[-46.648410451790426,-23.463430276792337],[-46.64836433188657,-23.4633651161507],[-46.64836433188657,-23.463299955509065],[-46.64831821198271,-23.46323479486743],[-46.648272092078855,-23.463169634225796],[-46.648272092078855,-23.46310447358416],[-46.648225972175,-23.46310447358416],[-46.648225972175,-23.463039312942524],[-46.64817985227114,-23.46290899165925],[-46.648225972175,-23.46290899165925],[-46.648225972175,-23.462843831017615],[-46.64817985227114,-23.462843831017615],[-46.648133732367285,-23.46277867037598],[-46.64808761246342,-23.462713509734343],[-46.64808761246342,-23.462648349092706],[-46.648041492559564,-23.46258318845107],[-46.648041492559564,-23.462518027809438],[-46.64799537265571,-23.4624528671678],[-46.64794925275185,-23.4624528671678],[-46.64794925275185,-23.462387706526165],[-46.64790313284799,-23.462387706526165],[-46.64785701294414,-23.462387706526165],[-46.64785701294414,-23.46232254588453],[-46.64781089304028,-23.46232254588453],[-46.64781089304028,-23.462257385242893],[-46.64781089304028,-23.462192224601257],[-46.64781089304028,-23.46212706395962],[-46.64776477313642,-23.46212706395962],[-46.64776477313642,-23.462061903317984],[-46.64776477313642,-23.461996742676348],[-46.64771865323256,-23.462061903317984],[-46.64771865323256,-23.461996742676348],[-46.6476725333287,-23.461931582034712],[-46.6476725333287,-23.461866421393076],[-46.6476725333287,-23.461801260751443],[-46.64771865323256,-23.461736100109807],[-46.6476725333287,-23.46167093946817],[-46.6476725333287,-23.461605778826534],[-46.647626413424845,-23.461540618184898],[-46.64758029352099,-23.461540618184898],[-46.64758029352099,-23.461475457543262],[-46.64753417361713,-23.461410296901626],[-46.64753417361713,-23.46134513625999],[-46.647488053713275,-23.46134513625999],[-46.647488053713275,-23.461279975618353],[-46.647488053713275,-23.461214814976717],[-46.647488053713275,-23.461149654335085],[-46.647488053713275,-23.46108449369345],[-46.647488053713275,-23.461019333051812],[-46.647488053713275,-23.460954172410176],[-46.647488053713275,-23.46088901176854],[-46.647488053713275,-23.460823851126904],[-46.64753417361713,-23.460758690485267],[-46.64753417361713,-23.46069352984363],[-46.64758029352099,-23.46069352984363],[-46.64758029352099,-23.460628369201995],[-46.64758029352099,-23.46056320856036],[-46.64758029352099,-23.460498047918726],[-46.64758029352099,-23.46043288727709],[-46.647626413424845,-23.460367726635454],[-46.647626413424845,-23.460302565993818],[-46.6476725333287,-23.46023740535218],[-46.6476725333287,-23.460172244710545],[-46.64771865323256,-23.460172244710545],[-46.64771865323256,-23.46010708406891],[-46.64771865323256,-23.460041923427273],[-46.64776477313642,-23.460041923427273],[-46.64776477313642,-23.459976762785637],[-46.64781089304028,-23.459911602144],[-46.64781089304028,-23.459846441502368],[-46.64785701294414,-23.45978128086073],[-46.64790313284799,-23.45965095957746],[-46.64794925275185,-23.459585798935823],[-46.64799537265571,-23.459520638294187],[-46.648041492559564,-23.45945547765255],[-46.64808761246342,-23.459390317010914],[-46.64817985227114,-23.459325156369278],[-46.64817985227114,-23.459259995727642],[-46.648225972175,-23.459259995727642],[-46.648225972175,-23.45919483508601],[-46.648272092078855,-23.45919483508601],[-46.648272092078855,-23.459129674444373],[-46.64831821198271,-23.459129674444373],[-46.64836433188657,-23.459064513802737],[-46.648410451790426,-23.4589993531611],[-46.64845657169428,-23.4589993531611],[-46.648502691598146,-23.458934192519465],[-46.648548811502,-23.458934192519465],[-46.648548811502,-23.45886903187783],[-46.64864105130972,-23.45886903187783],[-46.64864105130972,-23.458803871236192],[-46.648687171213574,-23.458608389311284],[-46.648687171213574,-23.458543228669647],[-46.648687171213574,-23.458478068028015],[-46.64873329111743,-23.45841290738638],[-46.648825530925144,-23.45821742546147],[-46.648825530925144,-23.458152264819834],[-46.64887165082901,-23.458087104178198],[-46.648917770732865,-23.45802194353656],[-46.648917770732865,-23.45789162225329],[-46.64896389063672,-23.457696140328384],[-46.64896389063672,-23.457630979686748],[-46.64896389063672,-23.45756581904511],[-46.64896389063672,-23.457305176478567],[-46.64896389063672,-23.45710969455366],[-46.64901001054058,-23.45697937327039],[-46.64901001054058,-23.456914212628753],[-46.649056130444436,-23.456914212628753],[-46.64901001054058,-23.456914212628753],[-46.649056130444436,-23.456849051987117],[-46.64910225034829,-23.456849051987117],[-46.64914837025215,-23.45678389134548],[-46.64924061005987,-23.456718730703844],[-46.64928672996373,-23.456718730703844],[-46.649332849867584,-23.45665357006221],[-46.64937896977144,-23.45665357006221],[-46.64937896977144,-23.456588409420572],[-46.6494250896753,-23.456588409420572],[-46.6494250896753,-23.456523248778936],[-46.649471209579154,-23.456523248778936],[-46.649471209579154,-23.456458088137303],[-46.64951732948301,-23.456392927495667],[-46.64956344938687,-23.45632776685403],[-46.64960956929073,-23.456262606212395],[-46.64965568919459,-23.456132284929122],[-46.649701809098445,-23.456067124287486],[-46.6497479290023,-23.45600196364585],[-46.64979404890616,-23.455936803004214],[-46.649840168810016,-23.455871642362577],[-46.64988628871387,-23.455806481720945],[-46.64993240861773,-23.45574132107931],[-46.64997852852159,-23.455676160437672],[-46.65002464842545,-23.455676160437672],[-46.65007076832931,-23.455676160437672],[-46.650116888233164,-23.455610999796036],[-46.65016300813702,-23.455610999796036],[-46.65020912804088,-23.4555458391544],[-46.6503013678486,-23.455480678512764],[-46.650347487752455,-23.455480678512764],[-46.65043972756017,-23.455415517871128],[-46.650485847464026,-23.45535035722949],[-46.65053196736788,-23.45535035722949],[-46.65057808727174,-23.455285196587855],[-46.650624207175596,-23.45522003594622],[-46.65071644698332,-23.45522003594622],[-46.650762566887174,-23.455154875304586],[-46.65085480669489,-23.45508971466295],[-46.650900926598744,-23.455024554021314],[-46.65099316640646,-23.454959393379678],[-46.65108540621418,-23.45489423273804],[-46.65117764602189,-23.454829072096405],[-46.65122376592575,-23.454829072096405],[-46.65131600573346,-23.45476391145477],[-46.651408245541184,-23.454698750813133],[-46.65145436544504,-23.454698750813133],[-46.6515004853489,-23.454633590171497],[-46.65159272515661,-23.454633590171497],[-46.65163884506047,-23.45456842952986],[-46.651684964964325,-23.45456842952986],[-46.65173108486818,-23.45456842952986],[-46.651777204772046,-23.45456842952986],[-46.6518233246759,-23.454503268888224],[-46.65196168438747,-23.454438108246592],[-46.65210004409904,-23.454372947604956],[-46.652192283906764,-23.454372947604956],[-46.652192283906764,-23.45430778696332],[-46.65228452371448,-23.454242626321683],[-46.65237676352219,-23.454242626321683],[-46.65242288342605,-23.454177465680047],[-46.65242288342605,-23.45411230503841],[-46.65237676352219,-23.454047144396775],[-46.65237676352219,-23.45398198375514],[-46.65237676352219,-23.453916823113502],[-46.65237676352219,-23.453851662471866],[-46.65237676352219,-23.453721341188597],[-46.65242288342605,-23.453721341188597],[-46.65242288342605,-23.45365618054696],[-46.65237676352219,-23.453591019905325],[-46.652330643618335,-23.453591019905325],[-46.65228452371448,-23.453395537980416],[-46.65228452371448,-23.453265216697144],[-46.65223840381062,-23.453200056055508],[-46.65223840381062,-23.45306973477224],[-46.652192283906764,-23.452939413488966],[-46.652192283906764,-23.452809092205694],[-46.652192283906764,-23.452743931564058],[-46.65214616400291,-23.452613610280785],[-46.65214616400291,-23.452483288997513],[-46.65210004409904,-23.452352967714244],[-46.65210004409904,-23.45222264643097],[-46.65210004409904,-23.452157485789336],[-46.65205392419519,-23.452027164506063],[-46.65205392419519,-23.45189684322279],[-46.65200780429133,-23.45189684322279],[-46.65200780429133,-23.451831682581155],[-46.65200780429133,-23.451701361297886],[-46.65196168438747,-23.45163620065625],[-46.65196168438747,-23.451571040014613],[-46.65196168438747,-23.45144071873134],[-46.651915564483616,-23.45131039744807],[-46.651915564483616,-23.451180076164796],[-46.651915564483616,-23.451114915523164],[-46.651915564483616,-23.451049754881527],[-46.651915564483616,-23.45098459423989],[-46.65196168438747,-23.450919433598255],[-46.65196168438747,-23.45085427295662],[-46.65200780429133,-23.45085427295662],[-46.65200780429133,-23.450789112314983],[-46.65205392419519,-23.450789112314983],[-46.65210004409904,-23.450723951673346],[-46.65214616400291,-23.45065879103171],[-46.652192283906764,-23.45065879103171],[-46.65223840381062,-23.450593630390074],[-46.65223840381062,-23.450528469748438],[-46.65228452371448,-23.450528469748438],[-46.65228452371448,-23.4504633091068],[-46.652330643618335,-23.4504633091068],[-46.652330643618335,-23.45039814846517],[-46.65237676352219,-23.45039814846517],[-46.65237676352219,-23.450332987823533],[-46.65242288342605,-23.450332987823533],[-46.65242288342605,-23.450267827181897],[-46.652469003329905,-23.45020266654026],[-46.65251512323377,-23.450137505898624],[-46.65251512323377,-23.450072345256988],[-46.652561243137626,-23.450072345256988],[-46.652561243137626,-23.45000718461535],[-46.65260736304148,-23.45000718461535],[-46.65260736304148,-23.449942023973716],[-46.65265348294534,-23.44987686333208],[-46.65265348294534,-23.449811702690443],[-46.6526996028492,-23.44974654204881],[-46.65274572275305,-23.44974654204881],[-46.65274572275305,-23.449681381407174],[-46.65279184265691,-23.449616220765538],[-46.65283796256077,-23.449551060123902],[-46.65283796256077,-23.449485899482266],[-46.65288408246463,-23.44942073884063],[-46.65293020236849,-23.44942073884063],[-46.65293020236849,-23.449355578198993],[-46.652976322272345,-23.449290417557357],[-46.652976322272345,-23.44922525691572],[-46.6530224421762,-23.44922525691572],[-46.6530224421762,-23.449160096274085],[-46.65306856208006,-23.449094935632452],[-46.65306856208006,-23.449029774990816],[-46.6530224421762,-23.449029774990816],[-46.6530224421762,-23.44896461434918],[-46.6530224421762,-23.448899453707543],[-46.652976322272345,-23.448899453707543],[-46.652976322272345,-23.448834293065907],[-46.65288408246463,-23.448834293065907],[-46.65283796256077,-23.448834293065907],[-46.65279184265691,-23.44876913242427],[-46.65274572275305,-23.44876913242427],[-46.65265348294534,-23.448703971782635],[-46.65265348294534,-23.448638811141],[-46.65260736304148,-23.448638811141],[-46.652561243137626,-23.448573650499362],[-46.65251512323377,-23.448573650499362],[-46.652469003329905,-23.448508489857726],[-46.65242288342605,-23.44844332921609],[-46.65237676352219,-23.44844332921609],[-46.652330643618335,-23.448378168574457],[-46.652330643618335,-23.44831300793282],[-46.65228452371448,-23.44818268664955],[-46.65228452371448,-23.448117526007913],[-46.65228452371448,-23.448052365366276],[-46.65228452371448,-23.447922044083004],[-46.652330643618335,-23.447856883441368],[-46.65237676352219,-23.44779172279973],[-46.65242288342605,-23.4477265621581],[-46.652469003329905,-23.447661401516463],[-46.652469003329905,-23.447596240874827],[-46.65251512323377,-23.44753108023319],[-46.65251512323377,-23.447465919591554],[-46.65251512323377,-23.447335598308282],[-46.65251512323377,-23.447270437666646],[-46.652469003329905,-23.447140116383373],[-46.652469003329905,-23.447009795100104],[-46.65242288342605,-23.446944634458468],[-46.65242288342605,-23.446879473816832],[-46.65242288342605,-23.44674915253356],[-46.65242288342605,-23.446683991891923],[-46.652469003329905,-23.446618831250287],[-46.65251512323377,-23.446488509967015],[-46.65260736304148,-23.44642334932538],[-46.65265348294534,-23.446358188683746],[-46.6526996028492,-23.44629302804211],[-46.65279184265691,-23.44629302804211],[-46.65293020236849,-23.44629302804211],[-46.65306856208006,-23.446227867400474],[-46.65329916159935,-23.446227867400474],[-46.653345281503206,-23.446227867400474],[-46.65348364121478,-23.446227867400474],[-46.65371424073407,-23.446227867400474],[-46.65380648054178,-23.446227867400474],[-46.653898720349495,-23.446162706758837],[-46.653990960157216,-23.4460975461172],[-46.65403708006107,-23.44596722483393],[-46.65408319996493,-23.445836903550656],[-46.65412931986879,-23.445706582267388],[-46.6542215596765,-23.44551110034248],[-46.6542215596765,-23.445445939700843],[-46.65426767958036,-23.445250457775934],[-46.654313799484214,-23.445120136492662],[-46.65435991938808,-23.444989815209393],[-46.654406039291935,-23.44485949392612],[-46.654406039291935,-23.444794333284484],[-46.65435991938808,-23.444664012001212],[-46.65435991938808,-23.444598851359576],[-46.654313799484214,-23.444468530076303],[-46.65426767958036,-23.444338208793035],[-46.6542215596765,-23.4442730481514],[-46.654175439772644,-23.444207887509762],[-46.65403708006107,-23.444012405584854],[-46.653898720349495,-23.44388208430158],[-46.65385260044564,-23.44388208430158],[-46.65380648054178,-23.443816923659945],[-46.65371424073407,-23.443686602376676],[-46.65366812083021,-23.44362144173504],[-46.653622000926354,-23.443491120451768],[-46.65357588102249,-23.443491120451768],[-46.653529761118634,-23.443360799168495],[-46.653529761118634,-23.44329563852686],[-46.653529761118634,-23.443230477885223],[-46.65357588102249,-23.443165317243587],[-46.653622000926354,-23.44310015660195],[-46.65366812083021,-23.443034995960318],[-46.65371424073407,-23.442904674677045],[-46.65385260044564,-23.442709192752137],[-46.653990960157216,-23.442513710827228],[-46.65408319996493,-23.442383389543956],[-46.65412931986879,-23.442383389543956],[-46.6542215596765,-23.442253068260687],[-46.65426767958036,-23.44218790761905],[-46.654313799484214,-23.44205758633578],[-46.65435991938808,-23.441927265052506],[-46.65435991938808,-23.441796943769234],[-46.654406039291935,-23.441471140561056],[-46.654406039291935,-23.44140597991942],[-46.654406039291935,-23.441275658636147],[-46.65445215919579,-23.44108017671124],[-46.65449827909965,-23.44094985542797],[-46.65459051890736,-23.440819534144698],[-46.65463663881122,-23.44075437350306],[-46.65472887861894,-23.44062405221979],[-46.65482111842665,-23.440493730936517],[-46.65491335823437,-23.44029824901161],[-46.654959478138224,-23.440233088369975],[-46.65505171794594,-23.440102767086703],[-46.65505171794594,-23.440037606445067],[-46.65505171794594,-23.43997244580343],[-46.6550978378498,-23.43997244580343],[-46.6550978378498,-23.43984212452016],[-46.6550978378498,-23.439711803236886],[-46.65500559804208,-23.439451160670345],[-46.65491335823437,-23.4391905181038],[-46.65472887861894,-23.438799554253986],[-46.654682758715076,-23.43873439361235],[-46.65463663881122,-23.438604072329078],[-46.654544399003505,-23.43840859040417],[-46.654406039291935,-23.4382782691209],[-46.654313799484214,-23.438213108479264],[-46.6542215596765,-23.43808278719599],[-46.65408319996493,-23.438017626554355],[-46.65385260044564,-23.437887305271083],[-46.65366812083021,-23.437887305271083],[-46.653529761118634,-23.437822144629447],[-46.653345281503206,-23.43775698398781],[-46.653114681983915,-23.437691823346174],[-46.652976322272345,-23.43762666270454],[-46.65283796256077,-23.437561502062906],[-46.6526996028492,-23.43749634142127],[-46.65260736304148,-23.437366020137997],[-46.65251512323377,-23.437235698854725],[-46.65242288342605,-23.43717053821309],[-46.65228452371448,-23.436975056288183],[-46.65223840381062,-23.43684473500491],[-46.652192283906764,-23.436779574363275],[-46.65214616400291,-23.436649253080002],[-46.65210004409904,-23.436584092438366],[-46.65210004409904,-23.436453771155094],[-46.65205392419519,-23.43632344987182],[-46.65205392419519,-23.436193128588553],[-46.65200780429133,-23.43606280730528],[-46.65196168438747,-23.435932486022008],[-46.651915564483616,-23.435802164738735],[-46.65186944457976,-23.435802164738735],[-46.6518233246759,-23.435671843455463],[-46.65173108486818,-23.43560668281383],[-46.651546605252754,-23.435476361530558],[-46.651408245541184,-23.435346040247286],[-46.65131600573346,-23.43528087960565],[-46.651269885829606,-23.435150558322377],[-46.65122376592575,-23.435020237039105],[-46.65122376592575,-23.434889915755836],[-46.65122376592575,-23.434759594472563],[-46.65122376592575,-23.434564112547655],[-46.65122376592575,-23.434368630622746],[-46.65122376592575,-23.433977666772932],[-46.65122376592575,-23.433782184848024],[-46.65122376592575,-23.43358670292312],[-46.65122376592575,-23.433456381639846],[-46.65122376592575,-23.433326060356574],[-46.65122376592575,-23.433130578431665],[-46.65122376592575,-23.43306541779003],[-46.65122376592575,-23.433000257148393],[-46.65122376592575,-23.432869935865124],[-46.65122376592575,-23.432804775223488],[-46.651269885829606,-23.432674453940216],[-46.65131600573346,-23.43260929329858],[-46.65131600573346,-23.432478972015307],[-46.65136212563732,-23.432348650732035],[-46.6515004853489,-23.43215316880713],[-46.651546605252754,-23.432088008165493],[-46.65163884506047,-23.43195768688222],[-46.65173108486818,-23.43182736559895],[-46.65186944457976,-23.431697044315676],[-46.651915564483616,-23.431697044315676],[-46.65200780429133,-23.431566723032407],[-46.65205392419519,-23.43150156239077],[-46.652192283906764,-23.431436401749135],[-46.65228452371448,-23.4313712411075],[-46.65228452371448,-23.431306080465863],[-46.65237676352219,-23.431240919824226],[-46.65251512323377,-23.43117575918259],[-46.65265348294534,-23.431110598540954],[-46.65274572275305,-23.431045437899318],[-46.65279184265691,-23.43098027725768],[-46.65283796256077,-23.43098027725768],[-46.65288408246463,-23.43091511661605],[-46.65293020236849,-23.430849955974413],[-46.652976322272345,-23.430784795332777],[-46.6530224421762,-23.43071963469114],[-46.65306856208006,-23.430654474049504],[-46.653114681983915,-23.430654474049504],[-46.65316080188777,-23.430654474049504],[-46.65325304169549,-23.430654474049504],[-46.65329916159935,-23.430654474049504],[-46.65339140140706,-23.430654474049504],[-46.65348364121478,-23.43071963469114],[-46.653622000926354,-23.43071963469114],[-46.65371424073407,-23.430784795332777],[-46.653898720349495,-23.430849955974413],[-46.653990960157216,-23.430849955974413],[-46.65408319996493,-23.43091511661605],[-46.654175439772644,-23.43091511661605],[-46.6542215596765,-23.43091511661605],[-46.654313799484214,-23.43091511661605],[-46.65445215919579,-23.430849955974413],[-46.654544399003505,-23.430849955974413],[-46.65463663881122,-23.430849955974413],[-46.65472887861894,-23.430784795332777],[-46.6547749985228,-23.43071963469114],[-46.65482111842665,-23.430654474049504],[-46.6547749985228,-23.430654474049504],[-46.65472887861894,-23.430589313407868],[-46.654682758715076,-23.430524152766232],[-46.65463663881122,-23.430524152766232],[-46.65449827909965,-23.430328670841323],[-46.65435991938808,-23.43026351019969],[-46.65426767958036,-23.430198349558054],[-46.654175439772644,-23.430133188916418],[-46.654175439772644,-23.430068028274782],[-46.65385260044564,-23.42993770699151],[-46.653622000926354,-23.429872546349873],[-46.65357588102249,-23.429872546349873],[-46.65320692179163,-23.429677064424965],[-46.65293020236849,-23.429611903783332],[-46.65288408246463,-23.429611903783332],[-46.65265348294534,-23.429546743141696],[-46.65242288342605,-23.42948158250006],[-46.65237676352219,-23.42948158250006],[-46.652192283906764,-23.42948158250006],[-46.65200780429133,-23.429351261216787],[-46.651777204772046,-23.42915577929188],[-46.65173108486818,-23.42915577929188],[-46.651684964964325,-23.429090618650243],[-46.6515004853489,-23.42896029736697],[-46.651269885829606,-23.42869965480043],[-46.65108540621418,-23.428634494158793],[-46.6509470465026,-23.428569333517157],[-46.650762566887174,-23.428634494158793],[-46.65053196736788,-23.428634494158793],[-46.650347487752455,-23.42869965480043],[-46.65020912804088,-23.428764815442065],[-46.65016300813702,-23.428764815442065],[-46.65007076832931,-23.4288299760837],[-46.64993240861773,-23.428895136725338],[-46.64988628871387,-23.428895136725338],[-46.64956344938687,-23.429025458008606],[-46.649471209579154,-23.42915577929188],[-46.649332849867584,-23.42915577929188],[-46.64924061005987,-23.42915577929188],[-46.64910225034829,-23.42915577929188],[-46.64901001054058,-23.42915577929188],[-46.648825530925144,-23.42915577929188],[-46.64864105130972,-23.429220939933515],[-46.64859493140586,-23.429220939933515],[-46.64845657169428,-23.429220939933515],[-46.648272092078855,-23.429220939933515],[-46.64817985227114,-23.429220939933515],[-46.64781089304028,-23.429220939933515],[-46.64730357409784,-23.42915577929188],[-46.647072974578556,-23.42915577929188],[-46.64679625515541,-23.429090618650243],[-46.64665789544384,-23.42896029736697],[-46.646427295924546,-23.428764815442065],[-46.64610445659754,-23.428634494158793],[-46.64555101775125,-23.428439012233884],[-46.64522817842425,-23.42830869095061],[-46.644859219193386,-23.42824353030898],[-46.64458249977024,-23.42824353030898],[-46.64444414005866,-23.42830869095061],[-46.644213540539376,-23.42830869095061],[-46.643982941020084,-23.42830869095061],[-46.643844581308514,-23.42824353030898],[-46.6437523415008,-23.428178369667343],[-46.643706221596936,-23.428178369667343],[-46.643337262366074,-23.42804804838407],[-46.64301442303908,-23.427917727100798],[-46.6428760633275,-23.427787405817526],[-46.64269158371207,-23.42772224517589],[-46.64250710409664,-23.42772224517589],[-46.64223038467349,-23.42772224517589],[-46.64186142544263,-23.42772224517589],[-46.641492466211766,-23.42772224517589],[-46.64116962688477,-23.42772224517589],[-46.64093902736548,-23.42772224517589],[-46.64066230794233,-23.42772224517589],[-46.64038558851918,-23.427657084534253],[-46.64024722880761,-23.42759192389262],[-46.64020110890375,-23.42759192389262],[-46.639924389480605,-23.427526763250984],[-46.63964767005746,-23.427396441967712],[-46.639278710826595,-23.427331281326076],[-46.63918647101888,-23.42726612068444],[-46.638863631691876,-23.42726612068444],[-46.63854079236487,-23.42726612068444],[-46.63826407294173,-23.427331281326076],[-46.637941233614725,-23.42746160260935],[-46.63789511371087,-23.42746160260935],[-46.63766451419158,-23.42759192389262],[-46.63752615448001,-23.42772224517589],[-46.63752615448001,-23.427787405817526],[-46.637433914672286,-23.427852566459162],[-46.63724943505686,-23.427982887742434],[-46.637064955441424,-23.42804804838407],[-46.63678823601828,-23.42804804838407],[-46.63646539669128,-23.427982887742434],[-46.63641927678742,-23.427917727100798],[-46.63614255736427,-23.427852566459162],[-46.636004197652696,-23.427787405817526],[-46.63591195784498,-23.427787405817526],[-46.63577359813341,-23.427787405817526],[-46.63558911851798,-23.427852566459162],[-46.63549687871026,-23.427917727100798],[-46.63535851899869,-23.427982887742434],[-46.635220159287115,-23.42824353030898],[-46.635220159287115,-23.42830869095061],[-46.6351279194794,-23.428569333517157],[-46.63503567967169,-23.42869965480043],[-46.63498955976783,-23.4288299760837],[-46.63489731996011,-23.4288299760837],[-46.634851200056254,-23.4288299760837],[-46.63471284034468,-23.4288299760837],[-46.634574480633106,-23.428764815442065],[-46.63448224082539,-23.42869965480043],[-46.63434388111382,-23.428569333517157],[-46.63415940149839,-23.428439012233884],[-46.6339288019791,-23.42830869095061],[-46.63397492188296,-23.42850417287552],[-46.63397492188296,-23.428634494158793],[-46.634021041786816,-23.42869965480043],[-46.634021041786816,-23.428764815442065],[-46.63406716169067,-23.42896029736697],[-46.63406716169067,-23.429090618650243],[-46.63406716169067,-23.429220939933515],[-46.63406716169067,-23.429416421858424],[-46.63406716169067,-23.429611903783332],[-46.63406716169067,-23.429807385708237],[-46.634021041786816,-23.42993770699151],[-46.634021041786816,-23.430068028274782],[-46.63397492188296,-23.430133188916418],[-46.63397492188296,-23.430198349558054],[-46.63397492188296,-23.43026351019969],[-46.634021041786816,-23.43039383148296],[-46.63411328159453,-23.430589313407868],[-46.63415940149839,-23.430654474049504],[-46.63425164130611,-23.430784795332777],[-46.63434388111382,-23.43091511661605],[-46.63434388111382,-23.43098027725768],[-46.63439000101768,-23.431045437899318],[-46.63439000101768,-23.431110598540954],[-46.63434388111382,-23.43117575918259],[-46.634297761209965,-23.431240919824226],[-46.63425164130611,-23.431240919824226],[-46.63415940149839,-23.4313712411075],[-46.63406716169067,-23.431436401749135],[-46.63406716169067,-23.43150156239077],[-46.634021041786816,-23.431566723032407],[-46.63397492188296,-23.43163188367404],[-46.63397492188296,-23.431697044315676],[-46.63397492188296,-23.431762204957312],[-46.634021041786816,-23.431892526240585],[-46.634021041786816,-23.432022847523857],[-46.63406716169067,-23.432022847523857],[-46.63411328159453,-23.432218329448766],[-46.63415940149839,-23.432348650732035],[-46.63415940149839,-23.43241381137367],[-46.634205521402244,-23.432544132656943],[-46.63425164130611,-23.432674453940216],[-46.634297761209965,-23.432869935865124],[-46.634297761209965,-23.43293509650676],[-46.634297761209965,-23.433000257148393],[-46.634297761209965,-23.4331957390733],[-46.63425164130611,-23.433326060356574],[-46.63415940149839,-23.433521542281483],[-46.63411328159453,-23.43365186356475],[-46.634021041786816,-23.43384734548966],[-46.63397492188296,-23.433912506131296],[-46.63383656217138,-23.43417314869784],[-46.633790442267525,-23.43430346998111],[-46.63369820245981,-23.434433791264382],[-46.633652082555955,-23.434433791264382],[-46.6336059626521,-23.434564112547655],[-46.63346760294052,-23.434694433830927],[-46.63328312332509,-23.4348247551142],[-46.63314476361352,-23.435020237039105],[-46.633006403901945,-23.435150558322377],[-46.63291416409423,-23.435346040247286],[-46.632868044190374,-23.435476361530558],[-46.63282192428652,-23.43560668281383],[-46.63282192428652,-23.435671843455463],[-46.63282192428652,-23.435802164738735],[-46.63291416409423,-23.435932486022008],[-46.63291416409423,-23.435997646663644],[-46.63296028399809,-23.43606280730528],[-46.633006403901945,-23.436193128588553],[-46.633006403901945,-23.43625828923019],[-46.63296028399809,-23.43651893179673],[-46.63296028399809,-23.436649253080002],[-46.63296028399809,-23.43671441372164],[-46.633006403901945,-23.436909895646547],[-46.6330525238058,-23.437040216929816],[-46.63309864370966,-23.437105377571452],[-46.63309864370966,-23.43717053821309],[-46.63309864370966,-23.437235698854725],[-46.63309864370966,-23.437366020137997],[-46.633006403901945,-23.437431180779633],[-46.63296028399809,-23.43749634142127],[-46.63282192428652,-23.43749634142127],[-46.63268356457494,-23.437561502062906],[-46.63263744467108,-23.437561502062906],[-46.632452965055656,-23.43762666270454],[-46.632360725247935,-23.437691823346174],[-46.63231460534408,-23.437691823346174],[-46.63213012572865,-23.437822144629447],[-46.63203788592094,-23.437887305271083],[-46.63199176601707,-23.437887305271083],[-46.631945646113216,-23.438017626554355],[-46.63189952620936,-23.43808278719599],[-46.631807286401646,-23.438343429762533],[-46.63176116649779,-23.438473751045805],[-46.63176116649779,-23.438669232970714],[-46.63171504659393,-23.438864714895622],[-46.631668926690075,-23.439125357462164],[-46.63171504659393,-23.439451160670345],[-46.63176116649779,-23.439581481953617],[-46.631807286401646,-23.439646642595253],[-46.63189952620936,-23.439776963878522],[-46.63199176601707,-23.439907285161794],[-46.63203788592094,-23.43997244580343],[-46.63213012572865,-23.440102767086703],[-46.63217624563251,-23.44016792772834],[-46.632222365536364,-23.440233088369975],[-46.63231460534408,-23.44042857029488],[-46.6324068451518,-23.440493730936517],[-46.632452965055656,-23.440558891578153],[-46.63254520486337,-23.44062405221979],[-46.632591324767226,-23.440689212861425],[-46.63268356457494,-23.44075437350306],[-46.6327296844788,-23.440884694786334],[-46.63277580438266,-23.44094985542797],[-46.632868044190374,-23.44108017671124],[-46.632868044190374,-23.44121049799451],[-46.63296028399809,-23.441340819277784],[-46.633006403901945,-23.44140597991942],[-46.63314476361352,-23.44160146184433],[-46.633237003421236,-23.44186210441087],[-46.63328312332509,-23.441927265052506],[-46.63342148303666,-23.442122746977414],[-46.6336059626521,-23.442383389543956],[-46.63374432236367,-23.442513710827228],[-46.633790442267525,-23.442513710827228],[-46.63397492188296,-23.4426440321105],[-46.63425164130611,-23.44283951403541],[-46.63452836072925,-23.44296983531868],[-46.63471284034468,-23.44310015660195],[-46.6348050801524,-23.44310015660195],[-46.63489731996011,-23.443165317243587],[-46.6351279194794,-23.443360799168495],[-46.63526627919097,-23.443491120451768],[-46.63535851899869,-23.443556281093404],[-46.63540463890255,-23.44362144173504],[-46.63554299861412,-23.443686602376676],[-46.635727478229555,-23.443816923659945],[-46.63581971803727,-23.444012405584854],[-46.635865837941125,-23.444012405584854],[-46.636004197652696,-23.444338208793035],[-46.63618867726813,-23.444598851359576],[-46.63641927678742,-23.44485949392612],[-46.63655763649899,-23.444989815209393],[-46.63655763649899,-23.44505497585103],[-46.63674211611442,-23.445120136492662],[-46.63674211611442,-23.44531561841757],[-46.63674211611442,-23.44551110034248],[-46.63683435592214,-23.445706582267388],[-46.63701883553757,-23.445902064192293],[-46.63711107534528,-23.4460975461172],[-46.637157195249145,-23.4460975461172],[-46.637295554960716,-23.446227867400474],[-46.63752615448001,-23.44642334932538],[-46.637710634095434,-23.44655367060865],[-46.63775675399929,-23.446618831250287],[-46.637848993807005,-23.44674915253356],[-46.637848993807005,-23.446879473816832],[-46.63789511371087,-23.446944634458468],[-46.637941233614725,-23.447009795100104],[-46.637941233614725,-23.44707495574174],[-46.637941233614725,-23.447140116383373],[-46.63798735351858,-23.447140116383373],[-46.63798735351858,-23.447270437666646],[-46.63798735351858,-23.447400758949918],[-46.63798735351858,-23.447465919591554],[-46.63798735351858,-23.447596240874827],[-46.63798735351858,-23.447661401516463],[-46.63803347342244,-23.44779172279973],[-46.63803347342244,-23.447922044083004],[-46.63798735351858,-23.448052365366276],[-46.637941233614725,-23.44818268664955],[-46.63789511371087,-23.448247847291185],[-46.63780287390315,-23.448378168574457],[-46.637710634095434,-23.44844332921609],[-46.63766451419158,-23.448508489857726],[-46.63761839428772,-23.448508489857726],[-46.637572274383864,-23.448508489857726],[-46.63752615448001,-23.448508489857726],[-46.63752615448001,-23.44844332921609],[-46.63748003457614,-23.44844332921609],[-46.63738779476843,-23.448378168574457],[-46.63734167486457,-23.448378168574457],[-46.637295554960716,-23.448378168574457],[-46.637203315153,-23.448378168574457],[-46.63697271563371,-23.44831300793282],[-46.63683435592214,-23.44831300793282],[-46.63674211611442,-23.44831300793282],[-46.63669599621056,-23.448378168574457],[-46.636649876306706,-23.44844332921609],[-46.63660375640285,-23.448508489857726],[-46.63646539669128,-23.448638811141],[-46.63641927678742,-23.448638811141],[-46.63637315688356,-23.448703971782635],[-46.6363270369797,-23.44876913242427],[-46.636280917075844,-23.448834293065907],[-46.63623479717199,-23.448899453707543],[-46.63614255736427,-23.44896461434918],[-46.63609643746042,-23.449029774990816],[-46.63609643746042,-23.449094935632452],[-46.63609643746042,-23.449290417557357],[-46.63618867726813,-23.44942073884063],[-46.63618867726813,-23.449485899482266],[-46.63623479717199,-23.449551060123902],[-46.636280917075844,-23.449551060123902],[-46.6363270369797,-23.449616220765538],[-46.63637315688356,-23.449616220765538],[-46.63637315688356,-23.449681381407174],[-46.63646539669128,-23.44974654204881],[-46.636511516595135,-23.449811702690443],[-46.63655763649899,-23.449811702690443],[-46.63669599621056,-23.449942023973716],[-46.63674211611442,-23.45000718461535],[-46.63678823601828,-23.45000718461535],[-46.63678823601828,-23.450072345256988],[-46.63683435592214,-23.450072345256988],[-46.63683435592214,-23.450137505898624],[-46.63683435592214,-23.45020266654026],[-46.63683435592214,-23.450267827181897],[-46.63683435592214,-23.450332987823533],[-46.63683435592214,-23.45039814846517],[-46.63678823601828,-23.450528469748438],[-46.63678823601828,-23.450593630390074],[-46.63674211611442,-23.450593630390074],[-46.63674211611442,-23.45065879103171],[-46.63674211611442,-23.450723951673346],[-46.63669599621056,-23.450723951673346],[-46.63669599621056,-23.450789112314983],[-46.63669599621056,-23.45085427295662],[-46.63669599621056,-23.450919433598255],[-46.636649876306706,-23.45098459423989],[-46.636649876306706,-23.451049754881527],[-46.636649876306706,-23.451114915523164],[-46.63660375640285,-23.45131039744807],[-46.63660375640285,-23.451375558089705],[-46.63660375640285,-23.451505879372977],[-46.63660375640285,-23.45163620065625],[-46.636649876306706,-23.451766521939522],[-46.63669599621056,-23.451962003864427],[-46.63674211611442,-23.451962003864427],[-46.63678823601828,-23.4520923251477],[-46.636880475826,-23.45222264643097],[-46.636880475826,-23.452287807072608],[-46.63697271563371,-23.45254844963915],[-46.636926595729854,-23.452613610280785],[-46.636926595729854,-23.452743931564058],[-46.636880475826,-23.452809092205694],[-46.63683435592214,-23.452939413488966],[-46.63674211611442,-23.453134895413875],[-46.636649876306706,-23.45333037733878],[-46.63660375640285,-23.453460698622052],[-46.63655763649899,-23.45352585926369],[-46.63655763649899,-23.453591019905325],[-46.636511516595135,-23.453591019905325],[-46.636511516595135,-23.45365618054696],[-46.63646539669128,-23.453721341188597],[-46.63646539669128,-23.453786501830233],[-46.63641927678742,-23.453851662471866],[-46.63641927678742,-23.453916823113502],[-46.63637315688356,-23.453916823113502],[-46.63637315688356,-23.45398198375514],[-46.6363270369797,-23.454047144396775],[-46.6363270369797,-23.45411230503841],[-46.636280917075844,-23.45411230503841],[-46.636280917075844,-23.454177465680047],[-46.636280917075844,-23.454242626321683],[-46.63623479717199,-23.454242626321683],[-46.63623479717199,-23.45430778696332],[-46.63618867726813,-23.454372947604956],[-46.63618867726813,-23.454438108246592],[-46.63614255736427,-23.454438108246592],[-46.63614255736427,-23.454503268888224],[-46.63609643746042,-23.45456842952986],[-46.63609643746042,-23.454633590171497],[-46.63605031755656,-23.454633590171497],[-46.63605031755656,-23.454698750813133],[-46.636004197652696,-23.454698750813133],[-46.636004197652696,-23.45476391145477],[-46.63595807774884,-23.45476391145477],[-46.63591195784498,-23.454829072096405],[-46.635865837941125,-23.454959393379678],[-46.63577359813341,-23.455024554021314],[-46.635727478229555,-23.45508971466295],[-46.6356813583257,-23.455154875304586],[-46.635635238421834,-23.45522003594622],[-46.63558911851798,-23.455285196587855],[-46.63554299861412,-23.45535035722949],[-46.63549687871026,-23.455415517871128],[-46.63540463890255,-23.455480678512764],[-46.63535851899869,-23.4555458391544],[-46.635312399094836,-23.455676160437672],[-46.63526627919097,-23.45574132107931],[-46.635220159287115,-23.455806481720945],[-46.63517403938326,-23.455871642362577],[-46.63503567967169,-23.45600196364585],[-46.63489731996011,-23.45619744557076],[-46.6348050801524,-23.456262606212395],[-46.63475896024854,-23.45632776685403],[-46.634666720440826,-23.456458088137303],[-46.63462060053697,-23.456523248778936],[-46.634574480633106,-23.456588409420572],[-46.63452836072925,-23.45665357006221],[-46.63448224082539,-23.45665357006221],[-46.63448224082539,-23.456718730703844],[-46.634436120921535,-23.45678389134548],[-46.63439000101768,-23.456849051987117],[-46.63434388111382,-23.457044533912025],[-46.63425164130611,-23.45710969455366],[-46.634205521402244,-23.45724001583693],[-46.634205521402244,-23.457305176478567],[-46.63415940149839,-23.457370337120203],[-46.63415940149839,-23.45743549776184],[-46.63411328159453,-23.457500658403475],[-46.63411328159453,-23.457630979686748],[-46.63411328159453,-23.457696140328384],[-46.63406716169067,-23.45776130097002],[-46.63406716169067,-23.457826461611656],[-46.63406716169067,-23.457956782894925],[-46.634021041786816,-23.45802194353656],[-46.634021041786816,-23.458152264819834],[-46.63397492188296,-23.458282586103106],[-46.63397492188296,-23.45841290738638],[-46.63397492188296,-23.458543228669647],[-46.63397492188296,-23.45867354995292],[-46.6339288019791,-23.45867354995292],[-46.6339288019791,-23.458738710594556],[-46.6339288019791,-23.458803871236192],[-46.633882682075246,-23.458803871236192],[-46.633882682075246,-23.45886903187783],[-46.63383656217138,-23.45886903187783],[-46.63383656217138,-23.458934192519465],[-46.633790442267525,-23.458934192519465],[-46.63374432236367,-23.4589993531611],[-46.63369820245981,-23.4589993531611],[-46.6336059626521,-23.459064513802737],[-46.6336059626521,-23.459129674444373],[-46.633652082555955,-23.459129674444373],[-46.633652082555955,-23.45919483508601],[-46.633652082555955,-23.459259995727642],[-46.633652082555955,-23.459325156369278],[-46.63355984274824,-23.459325156369278],[-46.633513722844384,-23.459325156369278],[-46.63346760294052,-23.459325156369278],[-46.63342148303666,-23.459325156369278],[-46.63337536313281,-23.459390317010914],[-46.63332924322895,-23.459390317010914],[-46.63319088351738,-23.459390317010914],[-46.633006403901945,-23.45945547765255],[-46.63291416409423,-23.45945547765255],[-46.63277580438266,-23.45945547765255],[-46.6327296844788,-23.459520638294187],[-46.632591324767226,-23.459520638294187],[-46.632452965055656,-23.459520638294187],[-46.63231460534408,-23.459585798935823],[-46.63217624563251,-23.459585798935823],[-46.63203788592094,-23.459585798935823],[-46.6318534063055,-23.459585798935823],[-46.63171504659393,-23.459585798935823],[-46.63162280678621,-23.459585798935823],[-46.631576686882354,-23.459585798935823],[-46.6315305669785,-23.459585798935823],[-46.63148444707464,-23.45965095957746],[-46.63139220726693,-23.45965095957746],[-46.63129996745921,-23.45965095957746],[-46.63125384755535,-23.459716120219095],[-46.63120772765149,-23.459716120219095],[-46.63111548784378,-23.45978128086073],[-46.63106936793992,-23.45978128086073],[-46.631023248036065,-23.459846441502368],[-46.63097712813221,-23.459846441502368],[-46.63093100822835,-23.459846441502368],[-46.63088488832449,-23.459911602144],[-46.63083876842063,-23.459976762785637],[-46.630792648516774,-23.459976762785637],[-46.630792648516774,-23.460041923427273],[-46.63070040870906,-23.46010708406891],[-46.63060816890135,-23.460172244710545],[-46.630515929093626,-23.460302565993818],[-46.63046980918977,-23.460367726635454],[-46.63042368928591,-23.460367726635454],[-46.63042368928591,-23.46043288727709],[-46.630377569382055,-23.46043288727709],[-46.630377569382055,-23.460498047918726],[-46.630377569382055,-23.46056320856036],[-46.630377569382055,-23.460628369201995],[-46.630377569382055,-23.46069352984363],[-46.630377569382055,-23.460758690485267],[-46.630377569382055,-23.460954172410176],[-46.630377569382055,-23.461019333051812],[-46.630377569382055,-23.46108449369345],[-46.630377569382055,-23.461214814976717],[-46.630377569382055,-23.461410296901626],[-46.6303314494782,-23.461540618184898],[-46.6303314494782,-23.461605778826534],[-46.6303314494782,-23.46167093946817],[-46.6303314494782,-23.461736100109807],[-46.63028532957434,-23.461736100109807],[-46.63028532957434,-23.461801260751443],[-46.630239209670485,-23.461866421393076],[-46.63019308976663,-23.461866421393076],[-46.63019308976663,-23.461931582034712],[-46.630146969862764,-23.461931582034712],[-46.63010084995891,-23.461996742676348],[-46.63005473005505,-23.461996742676348],[-46.62991637034348,-23.462061903317984],[-46.62987025043962,-23.462061903317984],[-46.62987025043962,-23.46212706395962],[-46.629824130535766,-23.46212706395962],[-46.6297780106319,-23.46212706395962],[-46.62968577082419,-23.462192224601257],[-46.62963965092033,-23.462192224601257],[-46.629593531016475,-23.462192224601257],[-46.62954741111262,-23.462192224601257],[-46.62950129120876,-23.462257385242893],[-46.6294551713049,-23.462257385242893],[-46.62940905140104,-23.46232254588453],[-46.629362931497184,-23.46232254588453],[-46.62927069168947,-23.462387706526165],[-46.62922457178561,-23.462387706526165],[-46.62917845188176,-23.4624528671678],[-46.6291323319779,-23.4624528671678],[-46.629086212074036,-23.462518027809438],[-46.62904009217018,-23.462518027809438],[-46.628947852362465,-23.46258318845107],[-46.62890173245861,-23.46258318845107],[-46.62890173245861,-23.462648349092706],[-46.62885561255475,-23.462648349092706],[-46.628809492650895,-23.462648349092706],[-46.62876337274704,-23.462648349092706],[-46.628717252843174,-23.462713509734343],[-46.62867113293932,-23.462713509734343],[-46.62862501303546,-23.46277867037598],[-46.6285788931316,-23.462843831017615],[-46.62853277322775,-23.46290899165925],[-46.62848665332389,-23.462974152300887],[-46.62844053342003,-23.463039312942524],[-46.628394413516176,-23.46310447358416],[-46.62834829361231,-23.463169634225796],[-46.628302173708455,-23.463169634225796],[-46.628302173708455,-23.46323479486743],[-46.6282560538046,-23.463299955509065],[-46.62820993390074,-23.463299955509065],[-46.628163813996885,-23.4633651161507],[-46.628163813996885,-23.463430276792337],[-46.62811769409303,-23.463430276792337],[-46.62807157418917,-23.463495437433973],[-46.62807157418917,-23.46356059807561],[-46.628025454285314,-23.46356059807561],[-46.62797933438145,-23.463625758717246],[-46.62793321447759,-23.463690919358882],[-46.62788709457374,-23.46375608000052],[-46.62784097466988,-23.463821240642154],[-46.62779485476602,-23.463821240642154],[-46.62779485476602,-23.463886401283787],[-46.627748734862166,-23.463886401283787],[-46.62765649505445,-23.463886401283787],[-46.62761037515059,-23.463886401283787],[-46.62756425524673,-23.463886401283787],[-46.627518135342875,-23.463886401283787],[-46.62742589553516,-23.463821240642154],[-46.62733365572745,-23.46375608000052],[-46.62728753582359,-23.46375608000052],[-46.62701081640044,-23.463625758717246],[-46.626964696496586,-23.463625758717246],[-46.62691857659273,-23.463625758717246],[-46.626872456688865,-23.46356059807561],[-46.62682633678501,-23.46356059807561],[-46.62678021688115,-23.463495437433973],[-46.626734096977295,-23.463430276792337],[-46.62668797707344,-23.4633651161507],[-46.62664185716958,-23.4633651161507],[-46.626595737265724,-23.463299955509065],[-46.62654961736187,-23.463299955509065],[-46.626503497458,-23.46323479486743],[-46.626457377554146,-23.46323479486743],[-46.62641125765029,-23.46323479486743],[-46.62636513774643,-23.46323479486743],[-46.626319017842576,-23.463169634225796],[-46.626180658131005,-23.463169634225796],[-46.626088418323285,-23.463169634225796],[-46.625950058611714,-23.46310447358416],[-46.625811698900144,-23.46310447358416],[-46.62571945909242,-23.463039312942524],[-46.625673339188566,-23.463039312942524],[-46.62558109938085,-23.463039312942524],[-46.625534979476996,-23.463039312942524],[-46.62548885957314,-23.463039312942524],[-46.62544273966928,-23.463039312942524],[-46.62535049986156,-23.462974152300887],[-46.62525826005385,-23.462974152300887],[-46.62521214014999,-23.462974152300887],[-46.625166020246134,-23.46290899165925],[-46.62507378043842,-23.46290899165925],[-46.6249815406307,-23.462843831017615],[-46.624889300822986,-23.462843831017615],[-46.624889300822986,-23.46277867037598],[-46.62484318091913,-23.46277867037598],[-46.62479706101527,-23.46277867037598],[-46.62479706101527,-23.462843831017615],[-46.62470482120756,-23.462843831017615],[-46.624658701303694,-23.46290899165925],[-46.62456646149598,-23.46290899165925],[-46.62442810178441,-23.462974152300887],[-46.6243358619767,-23.463039312942524],[-46.62428974207283,-23.463039312942524],[-46.624243622168976,-23.46310447358416],[-46.62415138236126,-23.46310447358416],[-46.62405914255355,-23.463169634225796],[-46.62401302264969,-23.46323479486743],[-46.62392078284197,-23.46323479486743],[-46.623874662938114,-23.46323479486743],[-46.62382854303426,-23.463299955509065],[-46.62373630322654,-23.463299955509065],[-46.62369018332269,-23.4633651161507],[-46.62364406341883,-23.4633651161507],[-46.623597943514966,-23.4633651161507],[-46.62355182361111,-23.4633651161507],[-46.62350570370725,-23.463430276792337],[-46.623459583803395,-23.463430276792337],[-46.62341346389954,-23.463430276792337],[-46.62336734399568,-23.463430276792337],[-46.62327510418797,-23.463495437433973],[-46.623228984284104,-23.463495437433973],[-46.62318286438025,-23.463495437433973],[-46.62299838476482,-23.46356059807561],[-46.622813905149386,-23.463625758717246],[-46.62272166534167,-23.463690919358882],[-46.622675545437815,-23.463690919358882],[-46.62262942553396,-23.463690919358882],[-46.6225833056301,-23.463690919358882],[-46.622537185726245,-23.463690919358882],[-46.62249106582238,-23.463625758717246],[-46.622444945918524,-23.463625758717246],[-46.62239882601467,-23.463625758717246],[-46.62235270611081,-23.463625758717246],[-46.622260466303096,-23.463625758717246],[-46.62221434639924,-23.463625758717246],[-46.62216822649538,-23.463625758717246],[-46.62212210659152,-23.463625758717246],[-46.62207598668766,-23.463625758717246],[-46.622029866783805,-23.463625758717246],[-46.62198374687995,-23.463690919358882],[-46.621891507072235,-23.463690919358882],[-46.62179926726452,-23.463690919358882],[-46.62175314736066,-23.463690919358882],[-46.62166090755294,-23.463690919358882],[-46.62161478764909,-23.463690919358882],[-46.62156866774523,-23.463690919358882],[-46.62152254784137,-23.463690919358882],[-46.621476427937516,-23.463690919358882],[-46.62143030803366,-23.463690919358882],[-46.621384188129795,-23.463690919358882],[-46.62129194832208,-23.463690919358882],[-46.621245828418225,-23.463625758717246],[-46.62119970851437,-23.463625758717246],[-46.62115358861051,-23.463625758717246],[-46.6210613488028,-23.46356059807561],[-46.62101522889893,-23.46356059807561],[-46.62087686918736,-23.463495437433973],[-46.62078462937965,-23.463495437433973],[-46.62055402986036,-23.463430276792337],[-46.6205079099565,-23.463430276792337],[-46.620461790052644,-23.463430276792337],[-46.62041567014879,-23.463430276792337],[-46.62036955024493,-23.463430276792337],[-46.620323430341074,-23.463430276792337],[-46.620185070629496,-23.463430276792337],[-46.61995447111021,-23.463495437433973],[-46.61986223130249,-23.463495437433973],[-46.619816111398634,-23.463495437433973],[-46.61972387159092,-23.463495437433973],[-46.61963163178321,-23.463495437433973],[-46.61958551187935,-23.463495437433973],[-46.619539391975486,-23.463495437433973],[-46.61944715216777,-23.46356059807561],[-46.619401032263916,-23.46356059807561],[-46.61935491236006,-23.46356059807561],[-46.619262672552345,-23.463625758717246],[-46.619170432744625,-23.463625758717246],[-46.61912431284077,-23.463625758717246],[-46.61907819293691,-23.463690919358882],[-46.619032073033054,-23.463690919358882],[-46.6189859531292,-23.463690919358882],[-46.61893983322534,-23.463690919358882],[-46.618893713321484,-23.46375608000052],[-46.61884759341762,-23.46375608000052],[-46.618755353609906,-23.46375608000052],[-46.61870923370605,-23.463821240642154],[-46.61866311380219,-23.463821240642154],[-46.61857087399448,-23.463821240642154],[-46.61857087399448,-23.463886401283787],[-46.61847863418676,-23.463886401283787],[-46.618386394379044,-23.463886401283787],[-46.61834027447519,-23.463951561925423],[-46.61829415457133,-23.463951561925423],[-46.618248034667474,-23.463951561925423],[-46.61815579485976,-23.46401672256706],[-46.618109674955896,-23.46401672256706],[-46.61801743514818,-23.464081883208696],[-46.61792519534047,-23.464081883208696],[-46.617832955532755,-23.464147043850332],[-46.61764847591732,-23.464212204491968],[-46.61755623610961,-23.464277365133604],[-46.61741787639804,-23.46434252577524],[-46.617325636590316,-23.464407686416877],[-46.61714115697489,-23.464472847058513],[-46.617048917167175,-23.46453800770015],[-46.61686443755174,-23.46460316834178],[-46.61681831764788,-23.46460316834178],[-46.61681831764788,-23.464668328983418],[-46.61681831764788,-23.46460316834178],[-46.61681831764788,-23.46453800770015],[-46.61681831764788,-23.464472847058513],[-46.61681831764788,-23.464407686416877],[-46.61681831764788,-23.46434252577524],[-46.61686443755174,-23.464147043850332],[-46.61686443755174,-23.464081883208696],[-46.61686443755174,-23.46401672256706],[-46.61686443755174,-23.463951561925423],[-46.61686443755174,-23.463886401283787],[-46.61681831764788,-23.463886401283787],[-46.61681831764788,-23.463821240642154],[-46.61681831764788,-23.46375608000052],[-46.61677219774403,-23.463495437433973],[-46.61672607784017,-23.463430276792337],[-46.61667995793631,-23.463299955509065],[-46.61667995793631,-23.463169634225796],[-46.61663383803245,-23.463039312942524],[-46.61663383803245,-23.462974152300887],[-46.61658771812859,-23.46290899165925],[-46.616541598224735,-23.462843831017615],[-46.61649547832088,-23.462713509734343],[-46.61644935841702,-23.46258318845107],[-46.616403238513165,-23.462518027809438],[-46.61635711860931,-23.4624528671678],[-46.61631099870545,-23.4624528671678],[-46.61626487880159,-23.4624528671678],[-46.61621875889773,-23.4624528671678],[-46.61617263899387,-23.462518027809438],[-46.61612651909002,-23.462518027809438],[-46.61608039918616,-23.462518027809438],[-46.6160342792823,-23.462518027809438],[-46.615895919570725,-23.46258318845107],[-46.61580367976301,-23.46258318845107],[-46.615757559859155,-23.46258318845107],[-46.61566532005144,-23.462648349092706],[-46.615619200147584,-23.462648349092706],[-46.61557308024373,-23.462648349092706],[-46.61548084043601,-23.462713509734343],[-46.61543472053215,-23.462713509734343],[-46.61538860062829,-23.462713509734343],[-46.61529636082058,-23.462713509734343],[-46.61525024091672,-23.46277867037598],[-46.615204121012866,-23.46277867037598],[-46.615158001109,-23.46277867037598],[-46.615111881205145,-23.462713509734343],[-46.615111881205145,-23.462648349092706],[-46.61506576130129,-23.46258318845107],[-46.61501964139743,-23.46258318845107],[-46.61501964139743,-23.462518027809438],[-46.614973521493575,-23.4624528671678],[-46.61492740158972,-23.462518027809438],[-46.61488128168586,-23.462387706526165],[-46.614835161782004,-23.462387706526165],[-46.61478904187814,-23.462387706526165],[-46.61478904187814,-23.46232254588453],[-46.61474292197428,-23.46232254588453],[-46.61474292197428,-23.462257385242893],[-46.614696802070426,-23.462257385242893],[-46.61465068216657,-23.462257385242893],[-46.61460456226271,-23.462257385242893],[-46.61460456226271,-23.462192224601257],[-46.61465068216657,-23.462192224601257],[-46.614558442358856,-23.46212706395962],[-46.614512322455,-23.46212706395962],[-46.61446620255114,-23.461996742676348],[-46.61442008264728,-23.461996742676348],[-46.61442008264728,-23.461931582034712],[-46.61437396274342,-23.461931582034712],[-46.61437396274342,-23.461996742676348],[-46.61428172293571,-23.461996742676348],[-46.61423560303185,-23.461996742676348],[-46.61414336322414,-23.461996742676348],[-46.61409724332028,-23.462061903317984],[-46.61400500351256,-23.462061903317984],[-46.6139588836087,-23.462061903317984],[-46.613912763704846,-23.462061903317984],[-46.613682164185555,-23.46212706395962],[-46.613682164185555,-23.462192224601257],[-46.6136360442817,-23.462192224601257],[-46.61358992437784,-23.46212706395962],[-46.61349768457013,-23.46212706395962],[-46.61349768457013,-23.462061903317984],[-46.61345156466627,-23.461996742676348],[-46.613405444762414,-23.461931582034712],[-46.61331320495469,-23.461801260751443],[-46.613267085050836,-23.461801260751443],[-46.61322096514698,-23.461866421393076],[-46.61317484524312,-23.461866421393076],[-46.613128725339266,-23.461866421393076],[-46.61303648553155,-23.461931582034712],[-46.61299036562769,-23.461931582034712],[-46.61294424572383,-23.461931582034712],[-46.61294424572383,-23.461996742676348],[-46.61280588601226,-23.461996742676348],[-46.612759766108404,-23.462061903317984],[-46.61266752630069,-23.462061903317984],[-46.612483046685256,-23.46212706395962],[-46.61239080687754,-23.462192224601257],[-46.61229856706983,-23.462192224601257],[-46.612252447165964,-23.462257385242893],[-46.61220632726211,-23.46232254588453],[-46.61220632726211,-23.462387706526165],[-46.61216020735825,-23.462387706526165],[-46.61216020735825,-23.4624528671678],[-46.612114087454394,-23.4624528671678],[-46.612114087454394,-23.462518027809438],[-46.61206796755054,-23.462518027809438],[-46.61206796755054,-23.46258318845107],[-46.61202184764668,-23.46258318845107],[-46.61202184764668,-23.462648349092706],[-46.61197572774282,-23.462648349092706],[-46.61197572774282,-23.462713509734343],[-46.61192960783897,-23.462713509734343],[-46.61192960783897,-23.46277867037598],[-46.6118834879351,-23.462843831017615],[-46.611837368031246,-23.462843831017615],[-46.611837368031246,-23.46290899165925],[-46.61179124812739,-23.462974152300887],[-46.61174512822353,-23.463039312942524],[-46.611699008319675,-23.46310447358416],[-46.611699008319675,-23.463169634225796],[-46.61165288841582,-23.463169634225796],[-46.61165288841582,-23.46323479486743],[-46.61160676851196,-23.46323479486743],[-46.61160676851196,-23.463299955509065],[-46.611560648608105,-23.4633651161507],[-46.61151452870424,-23.4633651161507],[-46.61151452870424,-23.463430276792337],[-46.611468408800384,-23.463495437433973],[-46.61142228889653,-23.46356059807561],[-46.61137616899267,-23.463690919358882],[-46.611330049088814,-23.463690919358882],[-46.611330049088814,-23.46375608000052],[-46.61128392918496,-23.46375608000052],[-46.6112378092811,-23.463821240642154],[-46.61114556947338,-23.463886401283787],[-46.61109944956952,-23.463951561925423],[-46.61109944956952,-23.46401672256706],[-46.611053329665666,-23.46401672256706],[-46.61100720976181,-23.464081883208696],[-46.61096108985795,-23.464081883208696],[-46.61086885005024,-23.464147043850332],[-46.61086885005024,-23.464212204491968],[-46.61082273014638,-23.464212204491968],[-46.61077661024252,-23.464147043850332],[-46.61073049033866,-23.464147043850332],[-46.610684370434804,-23.464081883208696],[-46.61063825053095,-23.46401672256706],[-46.61059213062709,-23.46401672256706],[-46.61054601072323,-23.463951561925423],[-46.610499890819376,-23.463951561925423],[-46.61045377091552,-23.463951561925423],[-46.6103615311078,-23.463951561925423],[-46.6103615311078,-23.463886401283787],[-46.610269291300085,-23.463886401283787],[-46.61017705149237,-23.463821240642154],[-46.61008481168466,-23.463821240642154],[-46.60999257187694,-23.46375608000052],[-46.60994645197308,-23.46375608000052],[-46.60990033206922,-23.46375608000052],[-46.60980809226151,-23.46375608000052],[-46.609715852453796,-23.463690919358882],[-46.60966973254993,-23.463690919358882],[-46.609623612646075,-23.463690919358882],[-46.60953137283836,-23.463690919358882],[-46.609485252934505,-23.463690919358882],[-46.60943913303065,-23.463690919358882],[-46.60939301312679,-23.463690919358882],[-46.60925465341521,-23.463625758717246],[-46.60920853351136,-23.463625758717246],[-46.6091624136075,-23.463625758717246],[-46.60911629370364,-23.463625758717246],[-46.60902405389593,-23.463625758717246],[-46.60897793399207,-23.463625758717246],[-46.60893181408821,-23.463625758717246],[-46.60888569418435,-23.46356059807561],[-46.60879345437664,-23.46356059807561],[-46.60874733447278,-23.46356059807561],[-46.608701214568924,-23.46356059807561],[-46.60865509466507,-23.46356059807561],[-46.60860897476121,-23.46356059807561],[-46.60851673495349,-23.46356059807561],[-46.60847061504963,-23.463495437433973],[-46.608424495145776,-23.463495437433973],[-46.60833225533806,-23.463495437433973],[-46.608286135434206,-23.463495437433973],[-46.60824001553034,-23.463495437433973],[-46.60814777572263,-23.463495437433973],[-46.608055535914914,-23.463495437433973],[-46.60800941601106,-23.463430276792337],[-46.607917176203344,-23.463430276792337],[-46.60787105629948,-23.463430276792337],[-46.60782493639562,-23.463430276792337],[-46.607778816491766,-23.463430276792337],[-46.60773269658791,-23.463430276792337],[-46.60768657668405,-23.463430276792337],[-46.60759433687634,-23.463430276792337],[-46.60754821697248,-23.4633651161507],[-46.60750209706862,-23.4633651161507],[-46.607409857260905,-23.4633651161507],[-46.607271497549334,-23.4633651161507],[-46.60713313783776,-23.463299955509065],[-46.60694865822233,-23.463299955509065],[-46.606856418414615,-23.463299955509065],[-46.60681029851076,-23.463299955509065],[-46.60671805870304,-23.463299955509065],[-46.60657969899147,-23.46323479486743],[-46.6064413392799,-23.46323479486743],[-46.60639521937603,-23.46323479486743],[-46.60630297956832,-23.46323479486743],[-46.60602626014517,-23.463169634225796],[-46.60574954072203,-23.46310447358416],[-46.605565061106596,-23.46310447358416],[-46.60538058149117,-23.46310447358416],[-46.60524222177959,-23.463039312942524],[-46.60514998197188,-23.463039312942524],[-46.60505774216416,-23.462974152300887],[-46.60496550235645,-23.462974152300887],[-46.60487326254873,-23.46290899165925],[-46.604781022741015,-23.462843831017615],[-46.60473490283716,-23.462843831017615],[-46.60473490283716,-23.46277867037598],[-46.6046887829333,-23.462713509734343],[-46.604642663029445,-23.462713509734343],[-46.604642663029445,-23.462648349092706],[-46.604642663029445,-23.46258318845107],[-46.60459654312559,-23.46258318845107],[-46.60450430331787,-23.462648349092706],[-46.60441206351015,-23.462713509734343],[-46.60427370379858,-23.46277867037598],[-46.60408922418315,-23.462843831017615],[-46.60395086447158,-23.46290899165925],[-46.603858624663864,-23.462974152300887],[-46.60372026495229,-23.463039312942524],[-46.603581905240716,-23.463169634225796],[-46.60353578533686,-23.463169634225796],[-46.60353578533686,-23.46310447358416],[-46.603489665433,-23.46310447358416],[-46.603489665433,-23.463039312942524],[-46.60344354552914,-23.46290899165925],[-46.60339742562528,-23.462974152300887],[-46.60330518581757,-23.46310447358416],[-46.60325906591371,-23.463169634225796],[-46.603212946009855,-23.46323479486743],[-46.603166826106,-23.463299955509065],[-46.603166826106,-23.4633651161507],[-46.603120706202134,-23.463430276792337],[-46.60307458629828,-23.463430276792337],[-46.60302846639442,-23.463495437433973],[-46.60298234649056,-23.46356059807561],[-46.602936226586706,-23.463625758717246],[-46.60284398677899,-23.463625758717246],[-46.60275174697127,-23.46375608000052],[-46.602705627067415,-23.46375608000052],[-46.6026133872597,-23.46375608000052],[-46.60252114745199,-23.463821240642154],[-46.60247502754813,-23.463821240642154],[-46.60238278774041,-23.463886401283787],[-46.6022905479327,-23.463886401283787],[-46.602152188221126,-23.463886401283787],[-46.60201382850955,-23.463886401283787],[-46.601921588701835,-23.463886401283787],[-46.60182934889412,-23.463886401283787],[-46.60169098918255,-23.463821240642154],[-46.60159874937483,-23.463821240642154],[-46.60155262947097,-23.463821240642154],[-46.601506509567116,-23.463821240642154],[-46.6014142697594,-23.463821240642154],[-46.601368149855546,-23.463821240642154],[-46.60132202995169,-23.463821240642154],[-46.601275910047825,-23.463821240642154],[-46.60118367024011,-23.463821240642154],[-46.6010914304324,-23.463821240642154],[-46.600999190624684,-23.463821240642154],[-46.60090695081696,-23.463886401283787],[-46.600860830913106,-23.463886401283787],[-46.60081471100925,-23.463886401283787],[-46.60076859110539,-23.463951561925423],[-46.60067635129768,-23.463951561925423],[-46.60063023139382,-23.46401672256706],[-46.600584111489965,-23.46401672256706],[-46.6005379915861,-23.464081883208696],[-46.600491871682244,-23.464147043850332],[-46.60044575177839,-23.464212204491968],[-46.60039963187453,-23.464277365133604],[-46.600353511970674,-23.46434252577524],[-46.60030739206682,-23.46434252577524],[-46.60026127216296,-23.464472847058513],[-46.6002151522591,-23.46453800770015],[-46.60016903235524,-23.46460316834178],[-46.60012291245138,-23.464733489625054],[-46.600076792547526,-23.46479865026669],[-46.600076792547526,-23.464863810908327],[-46.60003067264367,-23.464863810908327],[-46.59998455273981,-23.464928971549963],[-46.599938432835955,-23.464928971549963],[-46.59984619302824,-23.4649941321916],[-46.59984619302824,-23.465059292833235],[-46.59975395322052,-23.46512445347487],[-46.59961559350895,-23.465189614116507],[-46.59952335370124,-23.465189614116507],[-46.59952335370124,-23.46525477475814],[-46.599431113893516,-23.46525477475814],[-46.59938499398966,-23.46525477475814],[-46.5993388740858,-23.46525477475814],[-46.59924663427809,-23.46525477475814],[-46.59920051437423,-23.46525477475814],[-46.599062154662654,-23.46525477475814],[-46.59860095562408,-23.465319935399776],[-46.59855483572022,-23.465319935399776],[-46.598508715816365,-23.465319935399776],[-46.59846259591251,-23.465385096041413],[-46.59841647600865,-23.465385096041413],[-46.598370356104795,-23.465385096041413],[-46.59832423620093,-23.465385096041413],[-46.59818587648936,-23.46545025668305],[-46.5981397565855,-23.465515417324685],[-46.59804751677779,-23.46558057796632],[-46.598001396873926,-23.46558057796632],[-46.59795527697007,-23.46558057796632],[-46.597863037162355,-23.465645738607957],[-46.5978169172585,-23.465645738607957],[-46.597724677450785,-23.465710899249594],[-46.59767855754693,-23.465710899249594],[-46.59758631773921,-23.46577605989123],[-46.59754019783535,-23.465841220532866],[-46.59749407793149,-23.465841220532866],[-46.59740183812378,-23.4659063811745],[-46.59735571821992,-23.4659063811745],[-46.597309598316066,-23.465971541816135],[-46.5972634784122,-23.465971541816135],[-46.597217358508345,-23.465971541816135],[-46.59717123860449,-23.46603670245777],[-46.597078998796775,-23.466101863099407],[-46.59698675898906,-23.466101863099407],[-46.596940639085204,-23.466167023741043],[-46.596848399277484,-23.466167023741043],[-46.596663919662056,-23.466297345024316],[-46.5966177997582,-23.466297345024316],[-46.596433320142765,-23.466427666307588],[-46.59624884052734,-23.46655798759086],[-46.59615660071962,-23.46655798759086],[-46.596018241008046,-23.46668830887413],[-46.595879881296476,-23.466753469515766],[-46.595787641488755,-23.4668186301574],[-46.5957415215849,-23.4668186301574],[-46.59569540168104,-23.4668186301574],[-46.59555704196947,-23.466883790799038],[-46.595510922065614,-23.466948951440674],[-46.59532644245018,-23.46701411208231],[-46.59528032254632,-23.467079272723947],[-46.595234202642466,-23.467079272723947],[-46.59518808273861,-23.467144433365583],[-46.59514196283475,-23.467144433365583],[-46.595095842930895,-23.467144433365583],[-46.59504972302703,-23.46720959400722],[-46.59491136331546,-23.467339915290488],[-46.59481912350775,-23.467405075932124],[-46.594726883700034,-23.46747023657376],[-46.59468076379617,-23.46747023657376],[-46.59463464389231,-23.467535397215396],[-46.594588523988456,-23.467600557857033],[-46.59449628418074,-23.46766571849867],[-46.59440404437303,-23.467730879140305],[-46.59435792446917,-23.46779603978194],[-46.59431180456531,-23.46779603978194],[-46.59426568466145,-23.467861200423577],[-46.59417344485374,-23.46792636106521],[-46.59412732494988,-23.46792636106521],[-46.594081205046024,-23.467991521706846],[-46.59398896523831,-23.468056682348482],[-46.593942845334446,-23.468056682348482],[-46.593942845334446,-23.46812184299012],[-46.59389672543059,-23.46812184299012],[-46.593804485622876,-23.46812184299012],[-46.59375836571902,-23.46812184299012],[-46.593666125911305,-23.468187003631755],[-46.59352776619973,-23.46825216427339],[-46.59348164629587,-23.46825216427339],[-46.593435526392014,-23.468317324915027],[-46.59338940648816,-23.468317324915027],[-46.5933432865843,-23.468317324915027],[-46.59329716668044,-23.468382485556663],[-46.59311268706501,-23.4684476461983],[-46.59297432735344,-23.468512806839936],[-46.59292820744958,-23.468512806839936],[-46.59288208754572,-23.468512806839936],[-46.59283596764186,-23.468577967481572],[-46.59274372783415,-23.468577967481572],[-46.59265148802643,-23.468643128123205],[-46.592513128314856,-23.468643128123205],[-46.59232864869943,-23.46870828876484],[-46.59219028898786,-23.46870828876484],[-46.592144169083994,-23.468773449406477],[-46.59209804918014,-23.468773449406477],[-46.59205192927628,-23.468773449406477],[-46.592005809372424,-23.468773449406477],[-46.59195968946857,-23.468773449406477],[-46.59191356956471,-23.468773449406477],[-46.59186744966085,-23.468773449406477],[-46.591821329756996,-23.468773449406477],[-46.59177520985313,-23.468773449406477],[-46.591729089949276,-23.46870828876484],[-46.59168297004542,-23.46870828876484],[-46.59163685014156,-23.46870828876484],[-46.591590730237705,-23.46870828876484],[-46.59154461033385,-23.46870828876484],[-46.59149849042999,-23.468643128123205],[-46.591452370526135,-23.468643128123205],[-46.59140625062227,-23.468643128123205],[-46.591360130718414,-23.468643128123205],[-46.59131401081456,-23.468577967481572],[-46.5912678909107,-23.468577967481572],[-46.59122177100684,-23.468577967481572],[-46.591175651102986,-23.468577967481572],[-46.591175651102986,-23.468512806839936],[-46.59108341129527,-23.468512806839936],[-46.59103729139141,-23.4684476461983],[-46.590945051583695,-23.4684476461983],[-46.590806691872125,-23.468382485556663],[-46.59062221225669,-23.46825216427339],[-46.59048385254512,-23.468187003631755],[-46.59043773264126,-23.468187003631755],[-46.59043773264126,-23.46825216427339],[-46.590391612737406,-23.468317324915027],[-46.590391612737406,-23.468382485556663],[-46.59034549283355,-23.468512806839936],[-46.590299372929685,-23.468643128123205],[-46.590299372929685,-23.46870828876484],[-46.590299372929685,-23.468773449406477],[-46.59025325302583,-23.468773449406477],[-46.59025325302583,-23.468838610048113],[-46.59020713312197,-23.46890377068975],[-46.59020713312197,-23.468968931331386],[-46.59020713312197,-23.469034091973022],[-46.590161013218115,-23.469099252614658],[-46.590161013218115,-23.469164413256294],[-46.59011489331426,-23.46922957389793],[-46.59011489331426,-23.469294734539563],[-46.5900687734104,-23.469425055822835],[-46.590022653506544,-23.46949021646447],[-46.590022653506544,-23.469555377106108],[-46.58997653360269,-23.469555377106108],[-46.58997653360269,-23.469620537747744],[-46.58993041369882,-23.469750859031016],[-46.58988429379497,-23.46988118031429],[-46.58988429379497,-23.470011501597558],[-46.58983817389111,-23.470076662239194],[-46.58969981417954,-23.470076662239194],[-46.58956145446796,-23.470011501597558],[-46.58942309475639,-23.470011501597558],[-46.589376974852534,-23.46994634095592],[-46.58933085494868,-23.46994634095592],[-46.58928473504482,-23.470011501597558],[-46.589238615140964,-23.470076662239194],[-46.58914637533324,-23.47014182288083],[-46.589100255429386,-23.47014182288083],[-46.58905413552553,-23.470206983522466],[-46.58900801562167,-23.470272144164102],[-46.58891577581396,-23.47033730480574],[-46.5888696559101,-23.470402465447375],[-46.58877741610238,-23.47046762608901],[-46.588731296198524,-23.470532786730647],[-46.588592936486954,-23.470663108013916],[-46.5885468165831,-23.470728268655552],[-46.58850069667924,-23.470728268655552],[-46.58850069667924,-23.47079342929719],[-46.588454576775376,-23.47079342929719],[-46.58840845687152,-23.470858589938825],[-46.588316217063806,-23.47092375058046],[-46.58827009715995,-23.470988911222097],[-46.58822397725609,-23.471054071863733],[-46.58813173744838,-23.47111923250537],[-46.588085617544515,-23.471184393147006],[-46.5879933777368,-23.471249553788642],[-46.587947257832944,-23.471314714430275],[-46.58776277821751,-23.471445035713547],[-46.58776277821751,-23.471510196355183],[-46.58748605879437,-23.47170567828009],[-46.58748605879437,-23.471770838921728],[-46.58743993889051,-23.471835999563364],[-46.58739381898665,-23.471835999563364],[-46.58734769908279,-23.471901160205],[-46.58725545927508,-23.471966320846633],[-46.587163219467364,-23.47203148148827],[-46.58707097965965,-23.47216180277154],[-46.58697873985193,-23.472226963413178],[-46.586886500044216,-23.47235728469645],[-46.5867942602365,-23.472422445338086],[-46.58670202042879,-23.472487605979723],[-46.586655900524924,-23.47255276662136],[-46.58656366071721,-23.472617927262995],[-46.5864714209095,-23.472748248546264],[-46.58642530100564,-23.472748248546264],[-46.58633306119793,-23.472878569829536],[-46.586240821390206,-23.472943730471172],[-46.586240821390206,-23.47300889111281],[-46.58619470148635,-23.47300889111281],[-46.58614858158249,-23.473074051754445],[-46.58601022187092,-23.473204373037717],[-46.585871862159344,-23.473334694320986],[-46.58568738254392,-23.473530176245895],[-46.58554902283234,-23.473660497529167],[-46.58550290292848,-23.473660497529167],[-46.58550290292848,-23.473725658170803],[-46.585456783024625,-23.473725658170803],[-46.58541066312077,-23.47379081881244],[-46.58536454321691,-23.473855979454076],[-46.5852723034092,-23.47392114009571],[-46.5852723034092,-23.473986300737344],[-46.58522618350534,-23.473986300737344],[-46.58522618350534,-23.47405146137898],[-46.58518006360148,-23.474116622020617],[-46.585087823793764,-23.47424694330389],[-46.58504170388991,-23.47437726458716],[-46.58494946408219,-23.474507585870434],[-46.584903344178336,-23.474637907153706],[-46.58485722427448,-23.47470306779534],[-46.584811104370615,-23.474963710361884],[-46.58476498446676,-23.475159192286792],[-46.5847188645629,-23.47522435292843],[-46.5847188645629,-23.475289513570065],[-46.5847188645629,-23.475354674211697],[-46.5847188645629,-23.47548499549497],[-46.5847188645629,-23.475615316778242],[-46.5847188645629,-23.475745638061515],[-46.584672744659045,-23.47581079870315],[-46.5847188645629,-23.475875959344787],[-46.5847188645629,-23.475941119986423],[-46.5847188645629,-23.476006280628056],[-46.58476498446676,-23.476201762552964],[-46.584811104370615,-23.47646240511951],[-46.584903344178336,-23.47672304768605],[-46.58494946408219,-23.476983690252595],[-46.58494946408219,-23.47704885089423],[-46.58476498446676,-23.47724433281914],[-46.584534384947474,-23.477439814744045],[-46.58448826504362,-23.477439814744045],[-46.5843960252359,-23.47750497538568],[-46.584119305812756,-23.477765617952226],[-46.583888706293465,-23.4778959392355],[-46.58365810677417,-23.47815658180204],[-46.58370422667803,-23.47815658180204],[-46.58384258638961,-23.478221742443676],[-46.58398094610118,-23.47835206372695],[-46.58416542571661,-23.478417224368584],[-46.58421154562047,-23.47848238501022],[-46.58434990533204,-23.478547545651857],[-46.58462662475519,-23.47867786693513],[-46.584672744659045,-23.478743027576762],[-46.584811104370615,-23.478873348860034],[-46.58494946408219,-23.47893850950167],[-46.585087823793764,-23.479068830784943],[-46.58522618350534,-23.47913399142658],[-46.58536454321691,-23.479199152068215],[-46.58541066312077,-23.47926431270985],[-46.58550290292848,-23.47926431270985],[-46.5855951427362,-23.479329473351488],[-46.58614858158249,-23.479655276559665],[-46.58628694129406,-23.479785597842938],[-46.58637918110178,-23.479785597842938],[-46.58670202042879,-23.48004624040948],[-46.58697873985193,-23.48017656169275],[-46.58739381898665,-23.480437204259296],[-46.58748605879437,-23.480437204259296],[-46.58757829860208,-23.480502364900932],[-46.58757829860208,-23.48056752554257],[-46.58762441850594,-23.48056752554257],[-46.58771665831365,-23.480632686184205],[-46.587808898121374,-23.48069784682584],[-46.587947257832944,-23.480763007467473],[-46.58827009715995,-23.481023650034018],[-46.58840845687152,-23.481088810675654],[-46.5885468165831,-23.48115397131729],[-46.588592936486954,-23.481219131958927],[-46.58882353600624,-23.4813494532422],[-46.5888696559101,-23.4813494532422],[-46.58905413552553,-23.481479774525468],[-46.58914637533324,-23.481479774525468],[-46.5891924952371,-23.481544935167104],[-46.58928473504482,-23.48161009580874],[-46.58942309475639,-23.48161009580874],[-46.58956145446796,-23.481675256450377],[-46.58965369427568,-23.481740417092013],[-46.589745934083396,-23.481740417092013],[-46.58983817389111,-23.481740417092013],[-46.58997653360269,-23.48180557773365],[-46.590161013218115,-23.48180557773365],[-46.59020713312197,-23.48180557773365],[-46.59025325302583,-23.48180557773365],[-46.59025325302583,-23.481870738375285],[-46.590299372929685,-23.481870738375285],[-46.59034549283355,-23.48193589901692],[-46.59043773264126,-23.48206622030019],[-46.59048385254512,-23.48206622030019],[-46.59048385254512,-23.482131380941826],[-46.59048385254512,-23.482196541583463],[-46.59057609235283,-23.482196541583463],[-46.59062221225669,-23.482196541583463],[-46.59066833216055,-23.4822617022251],[-46.59076057196827,-23.48239202350837],[-46.590945051583695,-23.482522344791644],[-46.59108341129527,-23.48258750543328],[-46.59140625062227,-23.482782987358185],[-46.59163685014156,-23.482913308641457],[-46.59168297004542,-23.482978469283093],[-46.59177520985313,-23.483108790566366],[-46.59177520985313,-23.483304272491274],[-46.59186744966085,-23.483434593774543],[-46.59191356956471,-23.48349975441618],[-46.592005809372424,-23.483630075699452],[-46.592236408891715,-23.48402103954927],[-46.59232864869943,-23.484151360832538],[-46.59242088850714,-23.48428168211581],[-46.592513128314856,-23.484346842757446],[-46.59260536812258,-23.484542324682355],[-46.59265148802643,-23.48460748532399],[-46.59274372783415,-23.484802967248896],[-46.59283596764186,-23.484868127890532],[-46.59288208754572,-23.484998449173805],[-46.59306656716115,-23.48525909174035],[-46.59320492687272,-23.485454573665255],[-46.5933432865843,-23.485650055590163],[-46.593435526392014,-23.485845537515072],[-46.59352776619973,-23.48604101943998],[-46.593573886103584,-23.486106180081613],[-46.593573886103584,-23.486236501364885],[-46.593666125911305,-23.486562304573066],[-46.59371224581516,-23.486627465214703],[-46.59375836571902,-23.486757786497975],[-46.59385060552673,-23.487018429064516],[-46.59389672543059,-23.48714875034779],[-46.59398896523831,-23.48727907163106],[-46.59403508514217,-23.487409392914333],[-46.594081205046024,-23.487474553555966],[-46.59412732494988,-23.487670035480875],[-46.59417344485374,-23.48773519612251],[-46.59426568466145,-23.487865517405783],[-46.59435792446917,-23.488126159972325],[-46.59440404437303,-23.48819132061396],[-46.594450164276886,-23.488321641897233],[-46.59449628418074,-23.48838680253887],[-46.594588523988456,-23.488451963180506],[-46.594588523988456,-23.48851712382214],[-46.59468076379617,-23.488647445105414],[-46.59477300360389,-23.488777766388687],[-46.594865243411604,-23.48897324831359],[-46.59491136331546,-23.48897324831359],[-46.59495748321932,-23.489038408955228],[-46.59495748321932,-23.489103569596864],[-46.595003603123175,-23.489233890880136],[-46.59504972302703,-23.48936421216341],[-46.595095842930895,-23.48936421216341],[-46.59514196283475,-23.489429372805045],[-46.59518808273861,-23.489494533446678],[-46.59532644245018,-23.489559694088314],[-46.595510922065614,-23.489690015371586],[-46.59555704196947,-23.489755176013222],[-46.59569540168104,-23.489885497296495],[-46.595787641488755,-23.48995065793813],[-46.595879881296476,-23.490015818579767],[-46.596018241008046,-23.490080979221403],[-46.59615660071962,-23.490080979221403],[-46.59624884052734,-23.490211300504672],[-46.59647944004662,-23.49027646114631],[-46.59652555995048,-23.49027646114631],[-46.59671003956591,-23.490341621787945],[-46.59680227937363,-23.49040678242958],[-46.596940639085204,-23.490471943071217],[-46.59717123860449,-23.49060226435449],[-46.597309598316066,-23.490667424996126],[-46.59744795802764,-23.490732585637762],[-46.597632437643064,-23.490797746279394],[-46.597724677450785,-23.49086290692103],[-46.59777079735464,-23.490928067562667],[-46.597863037162355,-23.490993228204303],[-46.59795527697007,-23.49105838884594],[-46.59818587648936,-23.491123549487575],[-46.598278116297074,-23.491123549487575],[-46.598370356104795,-23.491253870770848],[-46.59869319543179,-23.491709995262298],[-46.59920051437423,-23.491775155903934],[-46.5993388740858,-23.491709995262298],[-46.599569473605094,-23.491775155903934],[-46.599707833316664,-23.491775155903934],[-46.600076792547526,-23.49184031654557],[-46.6002151522591,-23.49184031654557],[-46.6002151522591,-23.491905477187206],[-46.60081471100925,-23.491970637828842],[-46.60132202995169,-23.49203579847048],[-46.60210606831727,-23.492231280395384],[-46.60233666783655,-23.49229644103702],[-46.60233666783655,-23.492361601678656],[-46.60238278774041,-23.492361601678656],[-46.60265950716356,-23.492426762320292],[-46.603489665433,-23.4926222442452],[-46.60418146399086,-23.492752565528473],[-46.604550423221724,-23.492817726170106],[-46.60496550235645,-23.49294804745338],[-46.60547282129888,-23.493013208095014],[-46.605841780529744,-23.49307836873665],[-46.60625685966446,-23.493143529378287],[-46.6064413392799,-23.493208690019923],[-46.60653357908761,-23.493208690019923],[-46.60667193879918,-23.493208690019923],[-46.606856418414615,-23.493208690019923],[-46.60690253831847,-23.493208690019923],[-46.6070870179339,-23.493143529378287],[-46.60717925774162,-23.493143529378287],[-46.607271497549334,-23.493143529378287],[-46.607778816491766,-23.49307836873665],[-46.60824001553034,-23.49294804745338],[-46.60837837524192,-23.49294804745338],[-46.60911629370364,-23.492817726170106],[-46.60939301312679,-23.492752565528473],[-46.61063825053095,-23.492557083603565],[-46.61077661024252,-23.49249192296193],[-46.6112378092811,-23.492557083603565],[-46.61142228889653,-23.492557083603565],[-46.611468408800384,-23.4926222442452],[-46.61165288841582,-23.4926222442452],[-46.61174512822353,-23.492882886811742],[-46.611837368031246,-23.49327385066156],[-46.61197572774282,-23.49386029643628],[-46.61206796755054,-23.494446742211004],[-46.61220632726211,-23.495880276326993],[-46.61229856706983,-23.49620607953517],[-46.61229856706983,-23.496336400818443],[-46.61239080687754,-23.496597043384988],[-46.61239080687754,-23.49672736466826],[-46.6124369267814,-23.496792525309896],[-46.612483046685256,-23.49685768595153],[-46.612483046685256,-23.496922846593165],[-46.61252916658911,-23.497053167876437],[-46.61257528649297,-23.497053167876437],[-46.612621406396826,-23.49718348915971],[-46.612621406396826,-23.497248649801346],[-46.61266752630069,-23.497313810442982],[-46.61271364620455,-23.49737897108462],[-46.61285200591612,-23.497574453009523],[-46.61294424572383,-23.497769934934432],[-46.61317484524312,-23.498095738142613],[-46.613267085050836,-23.49816089878425],[-46.61345156466627,-23.498291220067518],[-46.61345156466627,-23.498356380709154],[-46.61349768457013,-23.49842154135079],[-46.613543804473984,-23.498486701992427],[-46.613543804473984,-23.498551862634063],[-46.6136360442817,-23.4986170232757],[-46.613682164185555,-23.49874734455897],[-46.61382052389713,-23.49887766584224],[-46.61405112341642,-23.49920346905042],[-46.61437396274342,-23.49965959354187],[-46.614512322455,-23.49985507546678],[-46.61488128168586,-23.50031119995823],[-46.61492740158972,-23.500376360599866],[-46.61501964139743,-23.500506681883138],[-46.615158001109,-23.500702163808047],[-46.615204121012866,-23.500767324449683],[-46.61525024091672,-23.500767324449683],[-46.61525024091672,-23.50083248509132],[-46.61538860062829,-23.500962806374588],[-46.61543472053215,-23.501027967016224],[-46.61548084043601,-23.50109312765786],[-46.615526960339864,-23.50109312765786],[-46.615526960339864,-23.501158288299496],[-46.61557308024373,-23.501223448941133],[-46.615619200147584,-23.501223448941133],[-46.615619200147584,-23.50128860958277],[-46.61557308024373,-23.501484091507677],[-46.61566532005144,-23.50154925214931],[-46.61566532005144,-23.501614412790946],[-46.61557308024373,-23.501484091507677],[-46.61557308024373,-23.50154925214931],[-46.615526960339864,-23.501679573432583],[-46.615526960339864,-23.50174473407422],[-46.615526960339864,-23.50187505535749],[-46.61548084043601,-23.502200858565672],[-46.61548084043601,-23.502266019207305],[-46.61538860062829,-23.502722143698758],[-46.615342480724436,-23.503178268190208],[-46.61529636082058,-23.503373750115117],[-46.61525024091672,-23.503634392681658],[-46.61525024091672,-23.50376471396493],[-46.615204121012866,-23.50376471396493],[-46.615204121012866,-23.503829874606566],[-46.615204121012866,-23.503895035248203],[-46.615204121012866,-23.50396019588984],[-46.615158001109,-23.504155677814747],[-46.615158001109,-23.504351159739652],[-46.615111881205145,-23.50441632038129],[-46.615111881205145,-23.504481481022925],[-46.615111881205145,-23.50454664166456],[-46.615158001109,-23.504611802306197],[-46.615158001109,-23.504807284231106],[-46.615158001109,-23.504872444872742],[-46.615158001109,-23.504937605514375],[-46.615204121012866,-23.505067926797647],[-46.615204121012866,-23.505263408722556],[-46.615204121012866,-23.505458890647464],[-46.61525024091672,-23.505719533214005],[-46.61525024091672,-23.505849854497278],[-46.61529636082058,-23.505915015138914],[-46.61529636082058,-23.506110497063823],[-46.615342480724436,-23.506436300272],[-46.615342480724436,-23.506696942838545],[-46.61538860062829,-23.506957585405086],[-46.61538860062829,-23.507022746046722],[-46.61538860062829,-23.50708790668836],[-46.61538860062829,-23.507153067329995],[-46.61538860062829,-23.50721822797163],[-46.61543472053215,-23.50721822797163],[-46.61543472053215,-23.507348549254903],[-46.61543472053215,-23.50741370989654],[-46.61543472053215,-23.507478870538176],[-46.61543472053215,-23.507544031179812],[-46.61543472053215,-23.507609191821444],[-46.61543472053215,-23.50767435246308],[-46.61548084043601,-23.50786983438799],[-46.615526960339864,-23.508260798237806],[-46.61557308024373,-23.508391119521075],[-46.61566532005144,-23.508521440804348],[-46.615757559859155,-23.508586601445984],[-46.61580367976301,-23.508716922729256],[-46.615895919570725,-23.508782083370892],[-46.61594203947459,-23.50884724401253],[-46.615988159378446,-23.508912404654165],[-46.6160342792823,-23.508912404654165],[-46.61617263899387,-23.509042725937434],[-46.61621875889773,-23.50910788657907],[-46.61649547832088,-23.509238207862342],[-46.61677219774403,-23.50930336850398],[-46.61677219774403,-23.509368529145615],[-46.61709503707103,-23.509498850428887],[-46.617325636590316,-23.509629171712156],[-46.61751011620575,-23.509694332353792],[-46.61764847591732,-23.50975949299543],[-46.6177868356289,-23.509824653637065],[-46.61792519534047,-23.5098898142787],[-46.618109674955896,-23.509954974920337],[-46.618248034667474,-23.510020135561973],[-46.61834027447519,-23.51008529620361],[-46.61847863418676,-23.510150456845246],[-46.61866311380219,-23.51021561748688],[-46.61880147351376,-23.510280778128518],[-46.61893983322534,-23.51034593877015],[-46.6189859531292,-23.510411099411787],[-46.619032073033054,-23.510411099411787],[-46.61921655264849,-23.510476260053423],[-46.61921655264849,-23.51054142069506],[-46.619262672552345,-23.51054142069506],[-46.6193087924562,-23.51054142069506],[-46.61944715216777,-23.510606581336695],[-46.61963163178321,-23.51067174197833],[-46.61976999149478,-23.510736902619968],[-46.61986223130249,-23.510802063261604],[-46.620046710917926,-23.510932384544876],[-46.620185070629496,-23.510932384544876],[-46.62036955024493,-23.511062705828145],[-46.620600149764215,-23.511193027111418],[-46.620830749283506,-23.511258187753054],[-46.62101522889893,-23.511388509036326],[-46.621107468706654,-23.511388509036326],[-46.62115358861051,-23.511388509036326],[-46.62119970851437,-23.5115188303196],[-46.621245828418225,-23.5115188303196],[-46.62129194832208,-23.511583990961235],[-46.621245828418225,-23.511583990961235],[-46.621245828418225,-23.511649151602867],[-46.621245828418225,-23.51177947288614],[-46.621245828418225,-23.511909794169412],[-46.621245828418225,-23.512040115452685],[-46.621245828418225,-23.51210527609432],[-46.621245828418225,-23.512235597377593],[-46.621245828418225,-23.512365918660862],[-46.621245828418225,-23.512496239944134],[-46.621245828418225,-23.51256140058577],[-46.621245828418225,-23.512691721869043],[-46.621245828418225,-23.51288720379395],[-46.621245828418225,-23.51301752507722],[-46.621245828418225,-23.513082685718857],[-46.621245828418225,-23.513147846360493],[-46.621245828418225,-23.51321300700213],[-46.621245828418225,-23.5133433282854],[-46.621245828418225,-23.513473649568674],[-46.621245828418225,-23.513603970851946],[-46.621245828418225,-23.513734292135215],[-46.621245828418225,-23.51379945277685],[-46.621245828418225,-23.513864613418487],[-46.621245828418225,-23.513929774060124],[-46.62129194832208,-23.51399493470176],[-46.621245828418225,-23.51399493470176],[-46.621245828418225,-23.514060095343396],[-46.621245828418225,-23.514125255985032],[-46.621245828418225,-23.51419041662667],[-46.621245828418225,-23.514255577268305],[-46.62119970851437,-23.51432073790994],[-46.62119970851437,-23.514385898551573],[-46.62119970851437,-23.51445105919321],[-46.62115358861051,-23.514516219834846],[-46.621107468706654,-23.514581380476482],[-46.621107468706654,-23.51464654111812],[-46.6210613488028,-23.514711701759754],[-46.62101522889893,-23.51477686240139],[-46.62096910899508,-23.514842023043027],[-46.62092298909122,-23.514907183684663],[-46.62087686918736,-23.5149723443263],[-46.620830749283506,-23.515037504967932],[-46.62073850947579,-23.515102665609568],[-46.62073850947579,-23.515167826251204],[-46.620692389571936,-23.51523298689284],[-46.620600149764215,-23.515298147534477],[-46.62055402986036,-23.515363308176113],[-46.62055402986036,-23.51542846881775],[-46.620461790052644,-23.515493629459385],[-46.62036955024493,-23.515623950742658],[-46.62027731043721,-23.515754272025926],[-46.620185070629496,-23.515819432667563],[-46.62013895072564,-23.515949753950835],[-46.620046710917926,-23.51601491459247],[-46.62000059101407,-23.516080075234107],[-46.61990835120635,-23.516145235875744],[-46.61986223130249,-23.516275557159016],[-46.61972387159092,-23.516405878442285],[-46.61963163178321,-23.516536199725557],[-46.61949327207163,-23.516731681650466],[-46.619401032263916,-23.516796842292102],[-46.6193087924562,-23.516927163575374],[-46.619262672552345,-23.51699232421701],[-46.61921655264849,-23.517057484858643],[-46.61912431284077,-23.51712264550028],[-46.61912431284077,-23.517187806141916],[-46.61907819293691,-23.517252966783552],[-46.619032073033054,-23.517318127425188],[-46.619032073033054,-23.517383288066824],[-46.6189859531292,-23.51744844870846],[-46.6189859531292,-23.517513609350097],[-46.61893983322534,-23.51764393063337],[-46.61893983322534,-23.517774251916638],[-46.618893713321484,-23.517839412558274],[-46.618893713321484,-23.51790457319991],[-46.618893713321484,-23.517969733841547],[-46.618893713321484,-23.518034894483183],[-46.61893983322534,-23.518034894483183],[-46.6189859531292,-23.518034894483183],[-46.6189859531292,-23.51810005512482],[-46.6189859531292,-23.518165215766455],[-46.6189859531292,-23.51823037640809],[-46.6189859531292,-23.518295537049728],[-46.619032073033054,-23.518295537049728],[-46.619032073033054,-23.51836069769136],[-46.619032073033054,-23.518425858332996],[-46.619032073033054,-23.518491018974633],[-46.619032073033054,-23.51855617961627],[-46.619032073033054,-23.518621340257905],[-46.61907819293691,-23.51888198282445],[-46.61912431284077,-23.51888198282445],[-46.61972387159092,-23.518816822182814],[-46.61986223130249,-23.518816822182814],[-46.62036955024493,-23.51888198282445],[-46.62216822649538,-23.519272946674263],[-46.62276778524553,-23.5193381073159],[-46.623321224091825,-23.519468428599172],[-46.62341346389954,-23.519468428599172],[-46.62442810178441,-23.519468428599172],[-46.62521214014999,-23.519403267957536],[-46.625304379957704,-23.519403267957536],[-46.62535049986156,-23.519403267957536],[-46.62539661976542,-23.519403267957536],[-46.62544273966928,-23.519403267957536],[-46.62548885957314,-23.519403267957536],[-46.625534979476996,-23.519403267957536]]]}}]}