{"type":"FeatureCollection","features":[{"type":"Feature","properties":{"DATA_ULT_A":"2009/10/09","DATA_CRIAC":"2009/10/09","id":30,"name":"São Mateus","area":45.8,"pop_2010":426794,"pop_density_2010":9319,"budget_2015":60592041},"geometry":{"type":"Polygon","coordinates":[[[-46.4182260116365,-23.592774150439507],[-46.41817989173264,-23.592774150439507],[-46.418133771828785,-23.592839311081143],[-46.418041532021064,-23.59290447172278],[-46.41799541211721,-23.593034793006048],[-46.41799541211721,-23.593099953647684],[-46.41794929221335,-23.59316511428932],[-46.41781093250178,-23.59336059621423],[-46.417257493655484,-23.594012202630587],[-46.41716525384777,-23.59414252391386],[-46.4170268941362,-23.594272845197132],[-46.41688853442462,-23.594468327122037],[-46.41675017471305,-23.594663809046946],[-46.416704054809195,-23.594663809046946],[-46.41665793490534,-23.594859290971854],[-46.41651957519376,-23.594989612255127],[-46.4164734552899,-23.59505477289676],[-46.41638121548219,-23.59518509418003],[-46.41633509557833,-23.595250254821668],[-46.416288975674476,-23.59538057610494],[-46.41624285577061,-23.595510897388213],[-46.416196735866755,-23.59557605802985],[-46.41610449605904,-23.595771539954754],[-46.416058376155185,-23.59583670059639],[-46.41601225625133,-23.595901861238026],[-46.41601225625133,-23.595967021879662],[-46.41601225625133,-23.596097343162935],[-46.41601225625133,-23.59616250380457],[-46.41610449605904,-23.596227664446207],[-46.4161506159629,-23.596292825087843],[-46.41624285577061,-23.596423146371112],[-46.416288975674476,-23.59648830701275],[-46.41638121548219,-23.59648830701275],[-46.41642733538605,-23.596553467654385],[-46.41642733538605,-23.59661862829602],[-46.41642733538605,-23.596683788937657],[-46.41642733538605,-23.596748949579293],[-46.41638121548219,-23.596748949579293],[-46.41624285577061,-23.596748949579293],[-46.416196735866755,-23.596683788937657],[-46.416058376155185,-23.596683788937657],[-46.41596613634747,-23.596683788937657],[-46.41582777663589,-23.596683788937657],[-46.41573553682818,-23.596748949579293],[-46.41568941692432,-23.596748949579293],[-46.415643297020466,-23.59681411022093],[-46.41559717711661,-23.596879270862566],[-46.41550493730889,-23.597009592145838],[-46.41545881740503,-23.597139913429107],[-46.41545881740503,-23.597205074070743],[-46.415412697501175,-23.597205074070743],[-46.41532045769346,-23.597335395354015],[-46.415274337789604,-23.597335395354015],[-46.415274337789604,-23.59740055599565],[-46.41522821788575,-23.597465716637288],[-46.41522821788575,-23.597530877278924],[-46.41518209798189,-23.597661198562196],[-46.41518209798189,-23.5978566804871],[-46.41508985817417,-23.598117323053646],[-46.41508985817417,-23.59824764433692],[-46.41504373827031,-23.598377965620188],[-46.41504373827031,-23.59850828690346],[-46.41508985817417,-23.598573447545096],[-46.41508985817417,-23.598638608186732],[-46.41504373827031,-23.59870376882837],[-46.414997618366456,-23.59870376882837],[-46.4149514984626,-23.598768929470005],[-46.41490537855874,-23.598768929470005],[-46.414859258654886,-23.598899250753277],[-46.41481313875103,-23.59902957203655],[-46.414767018847165,-23.599094732678182],[-46.414628659135595,-23.599225053961455],[-46.41458253923174,-23.599225053961455],[-46.41458253923174,-23.59929021460309],[-46.41453641932788,-23.59929021460309],[-46.414490299424024,-23.599355375244727],[-46.414490299424024,-23.599420535886363],[-46.4143980596163,-23.599485696528],[-46.414351939712446,-23.599550857169636],[-46.41425969990473,-23.59961601781127],[-46.414213580000876,-23.59961601781127],[-46.414213580000876,-23.59974633909454],[-46.41416746009702,-23.59974633909454],[-46.41416746009702,-23.599811499736177],[-46.41412134019316,-23.599876660377813],[-46.41416746009702,-23.599876660377813],[-46.41412134019316,-23.600006981661085],[-46.41412134019316,-23.60007214230272],[-46.414075220289305,-23.600137302944358],[-46.414075220289305,-23.600202463585994],[-46.414075220289305,-23.60026762422763],[-46.414075220289305,-23.600332784869266],[-46.41402910038544,-23.60052826679417],[-46.413982980481585,-23.600593427435808],[-46.413982980481585,-23.600658588077444],[-46.413982980481585,-23.600788909360716],[-46.41393686057773,-23.600854070002352],[-46.41389074067387,-23.60091923064399],[-46.41379850086616,-23.60104955192726],[-46.413706261058444,-23.60117987321053],[-46.41361402125072,-23.601245033852166],[-46.41352178144301,-23.601310194493802],[-46.41347566153915,-23.60137535513544],[-46.41338342173144,-23.60137535513544],[-46.41333730182758,-23.601440515777075],[-46.41329118192372,-23.60150567641871],[-46.41324506201986,-23.601570837060347],[-46.41315282221215,-23.60170115834362],[-46.41315282221215,-23.601766318985252],[-46.41310670230829,-23.601831479626888],[-46.41310670230829,-23.601896640268524],[-46.41310670230829,-23.60196180091016],[-46.413060582404434,-23.602026961551797],[-46.413060582404434,-23.602092122193433],[-46.41296834259672,-23.602092122193433],[-46.412922222692856,-23.602092122193433],[-46.412922222692856,-23.60215728283507],[-46.412876102789,-23.60215728283507],[-46.41282998288514,-23.60215728283507],[-46.41273774307743,-23.60215728283507],[-46.41269162317357,-23.602222443476705],[-46.41269162317357,-23.60228760411834],[-46.41269162317357,-23.602352764759978],[-46.412645503269715,-23.60241792540161],[-46.412645503269715,-23.602483086043247],[-46.41259938336586,-23.602483086043247],[-46.41259938336586,-23.602548246684883],[-46.412553263461994,-23.602548246684883],[-46.41250714355814,-23.602548246684883],[-46.41246102365428,-23.602548246684883],[-46.412414903750424,-23.602548246684883],[-46.41236878384657,-23.602548246684883],[-46.41232266394271,-23.602548246684883],[-46.41232266394271,-23.602483086043247],[-46.41227654403885,-23.602483086043247],[-46.41227654403885,-23.60241792540161],[-46.412230424135,-23.60241792540161],[-46.41218430423113,-23.60241792540161],[-46.412138184327276,-23.60241792540161],[-46.41209206442342,-23.602483086043247],[-46.41204594451956,-23.602548246684883],[-46.411999824615705,-23.602548246684883],[-46.41190758480799,-23.602548246684883],[-46.411861464904135,-23.60261340732652],[-46.41181534500027,-23.60261340732652],[-46.411769225096414,-23.60261340732652],[-46.41172310519256,-23.60261340732652],[-46.41163086538484,-23.60261340732652],[-46.41158474548099,-23.60261340732652],[-46.41153862557713,-23.602678567968155],[-46.411492505673266,-23.602678567968155],[-46.41144638576941,-23.602678567968155],[-46.41140026586555,-23.602678567968155],[-46.411354145961695,-23.602678567968155],[-46.41130802605784,-23.602678567968155],[-46.41126190615398,-23.602678567968155],[-46.411215786250125,-23.602678567968155],[-46.41116966634627,-23.602678567968155],[-46.411123546442404,-23.602678567968155],[-46.41107742653855,-23.602678567968155],[-46.41103130663469,-23.602678567968155],[-46.41103130663469,-23.60261340732652],[-46.410985186730834,-23.60261340732652],[-46.41093906682698,-23.60261340732652],[-46.41089294692312,-23.60261340732652],[-46.41084682701926,-23.60261340732652],[-46.410800707115406,-23.602678567968155],[-46.41075458721154,-23.60274372860979],[-46.410708467307686,-23.60274372860979],[-46.410708467307686,-23.602808889251428],[-46.41066234740383,-23.602874049893064],[-46.41066234740383,-23.6029392105347],[-46.41061622749997,-23.603004371176336],[-46.41061622749997,-23.603069531817972],[-46.410570107596115,-23.603134692459605],[-46.41052398769226,-23.603134692459605],[-46.4104778677884,-23.603134692459605],[-46.410431747884545,-23.603134692459605],[-46.41038562798068,-23.603069531817972],[-46.41029338817297,-23.603069531817972],[-46.41024726826911,-23.603069531817972],[-46.41020114836525,-23.603134692459605],[-46.41006278865368,-23.603134692459605],[-46.40997054884596,-23.60319985310124],[-46.40987830903825,-23.60319985310124],[-46.409786069230535,-23.603265013742877],[-46.40969382942282,-23.603265013742877],[-46.40964770951896,-23.603265013742877],[-46.4096015896151,-23.603265013742877],[-46.40955546971124,-23.603330174384514],[-46.40950934980739,-23.603330174384514],[-46.40946322990353,-23.603330174384514],[-46.40941710999967,-23.603330174384514],[-46.409370990095816,-23.603330174384514],[-46.40932487019196,-23.60339533502615],[-46.409278750288095,-23.60339533502615],[-46.40923263038424,-23.60339533502615],[-46.40918651048038,-23.603460495667786],[-46.409140390576525,-23.603460495667786],[-46.40909427067267,-23.603460495667786],[-46.40904815076881,-23.603460495667786],[-46.409002030864954,-23.603460495667786],[-46.4089559109611,-23.603460495667786],[-46.40890979105723,-23.603460495667786],[-46.40890979105723,-23.603525656309422],[-46.40886367115338,-23.603525656309422],[-46.40881755124952,-23.603525656309422],[-46.40877143134566,-23.603525656309422],[-46.408725311441806,-23.603525656309422],[-46.40867919153795,-23.603525656309422],[-46.40863307163409,-23.60359081695106],[-46.408586951730236,-23.60359081695106],[-46.40854083182637,-23.60359081695106],[-46.408494711922515,-23.60359081695106],[-46.40844859201866,-23.603655977592695],[-46.4084024721148,-23.603655977592695],[-46.408356352210944,-23.60372113823433],[-46.40831023230709,-23.60372113823433],[-46.40826411240323,-23.603786298875963],[-46.408217992499374,-23.603786298875963],[-46.408217992499374,-23.6038514595176],[-46.40817187259551,-23.6038514595176],[-46.40812575269165,-23.603916620159236],[-46.40812575269165,-23.603981780800872],[-46.408079632787796,-23.603981780800872],[-46.408079632787796,-23.60404694144251],[-46.40803351288394,-23.60404694144251],[-46.40798739298008,-23.60404694144251],[-46.40798739298008,-23.604112102084144],[-46.407941273076226,-23.604112102084144],[-46.40789515317237,-23.604112102084144],[-46.40784903326851,-23.604112102084144],[-46.40780291336465,-23.604112102084144],[-46.40775679346079,-23.60417726272578],[-46.407710673556934,-23.60417726272578],[-46.40766455365308,-23.60417726272578],[-46.40766455365308,-23.604242423367417],[-46.40761843374922,-23.604242423367417],[-46.40761843374922,-23.604307584009053],[-46.407572313845364,-23.604307584009053],[-46.40752619394151,-23.60437274465069],[-46.40748007403765,-23.604437905292322],[-46.407433954133786,-23.604503065933958],[-46.40738783422993,-23.604503065933958],[-46.40734171432607,-23.604503065933958],[-46.40724947451836,-23.604568226575594],[-46.407157234710645,-23.604568226575594],[-46.40711111480679,-23.604568226575594],[-46.407064994902925,-23.60463338721723],[-46.40701887499907,-23.60463338721723],[-46.40697275509521,-23.60463338721723],[-46.4068805152875,-23.60463338721723],[-46.40683439538364,-23.60463338721723],[-46.406788275479784,-23.60463338721723],[-46.406788275479784,-23.604568226575594],[-46.40674215557593,-23.604568226575594],[-46.40669603567206,-23.604568226575594],[-46.406649915768206,-23.604568226575594],[-46.40660379586435,-23.60463338721723],[-46.40660379586435,-23.604698547858867],[-46.40655767596049,-23.604698547858867],[-46.40655767596049,-23.604763708500503],[-46.40655767596049,-23.60482886914214],[-46.406511556056635,-23.60482886914214],[-46.40646543615278,-23.60482886914214],[-46.40641931624892,-23.60482886914214],[-46.40641931624892,-23.604894029783775],[-46.40637319634506,-23.604894029783775],[-46.40637319634506,-23.60482886914214],[-46.4063270764412,-23.60482886914214],[-46.406280956537344,-23.60482886914214],[-46.40623483663349,-23.60482886914214],[-46.40618871672963,-23.60482886914214],[-46.406142596825774,-23.60482886914214],[-46.40609647692192,-23.60482886914214],[-46.40609647692192,-23.604894029783775],[-46.40605035701806,-23.604894029783775],[-46.406004237114196,-23.604894029783775],[-46.40595811721034,-23.604894029783775],[-46.40591199730648,-23.60495919042541],[-46.405865877402626,-23.60495919042541],[-46.405865877402626,-23.605024351067048],[-46.40581975749877,-23.605024351067048],[-46.40577363759491,-23.605089511708684],[-46.40577363759491,-23.605154672350317],[-46.4056813977872,-23.605219832991953],[-46.4056813977872,-23.60528499363359],[-46.405635277883334,-23.60528499363359],[-46.40558915797948,-23.605350154275225],[-46.40554303807562,-23.605350154275225],[-46.405496918171764,-23.60541531491686],[-46.40545079826791,-23.60541531491686],[-46.40545079826791,-23.605480475558497],[-46.40540467836405,-23.605480475558497],[-46.40540467836405,-23.605545636200134],[-46.40535855846019,-23.605545636200134],[-46.40531243855634,-23.60561079684177],[-46.40526631865247,-23.60561079684177],[-46.40526631865247,-23.605675957483406],[-46.405220198748616,-23.605675957483406],[-46.40517407884476,-23.605675957483406],[-46.4051279589409,-23.605675957483406],[-46.405081839037045,-23.605675957483406],[-46.40503571913319,-23.605675957483406],[-46.40503571913319,-23.605741118125042],[-46.405081839037045,-23.605741118125042],[-46.40503571913319,-23.605741118125042],[-46.40503571913319,-23.605806278766675],[-46.40498959922933,-23.60587143940831],[-46.40498959922933,-23.605936600049947],[-46.40498959922933,-23.606001760691584],[-46.404943479325475,-23.606001760691584],[-46.404943479325475,-23.60606692133322],[-46.40489735942161,-23.606132081974856],[-46.40489735942161,-23.606197242616492],[-46.404851239517754,-23.60626240325813],[-46.4048051196139,-23.60626240325813],[-46.40475899971004,-23.60626240325813],[-46.40475899971004,-23.606327563899764],[-46.40471287980618,-23.606327563899764],[-46.40471287980618,-23.6063927245414],[-46.40471287980618,-23.606457885183033],[-46.40471287980618,-23.60652304582467],[-46.40475899971004,-23.60652304582467],[-46.4048051196139,-23.60652304582467],[-46.4048051196139,-23.606588206466306],[-46.4048051196139,-23.606653367107942],[-46.40475899971004,-23.606718527749578],[-46.40471287980618,-23.606718527749578],[-46.40471287980618,-23.606783688391214],[-46.40466675990233,-23.606783688391214],[-46.40466675990233,-23.60684884903285],[-46.40457452009461,-23.606914009674487],[-46.40457452009461,-23.606979170316123],[-46.40452840019075,-23.606979170316123],[-46.40452840019075,-23.60704433095776],[-46.40448228028689,-23.60704433095776],[-46.404436160383035,-23.60704433095776],[-46.40439004047918,-23.60704433095776],[-46.40434392057532,-23.60704433095776],[-46.404297800671465,-23.60704433095776],[-46.40425168076761,-23.60704433095776],[-46.40420556086375,-23.607109491599395],[-46.40415944095989,-23.607109491599395],[-46.40411332105603,-23.607174652241028],[-46.40411332105603,-23.607239812882664],[-46.40406720115217,-23.607239812882664],[-46.40406720115217,-23.6073049735243],[-46.40406720115217,-23.607370134165937],[-46.40402108124832,-23.607370134165937],[-46.40397496134446,-23.607435294807573],[-46.4039288414406,-23.607435294807573],[-46.403882721536746,-23.607435294807573],[-46.40383660163289,-23.607435294807573],[-46.403790481729025,-23.60750045544921],[-46.40374436182517,-23.60750045544921],[-46.40369824192131,-23.60750045544921],[-46.403652122017455,-23.60750045544921],[-46.403652122017455,-23.607565616090845],[-46.4036060021136,-23.607565616090845],[-46.4036060021136,-23.60763077673248],[-46.40355988220974,-23.60763077673248],[-46.40355988220974,-23.607695937374118],[-46.403513762305884,-23.607695937374118],[-46.40346764240203,-23.607761098015754],[-46.403421522498164,-23.607761098015754],[-46.403421522498164,-23.607826258657386],[-46.40337540259431,-23.607826258657386],[-46.40332928269045,-23.607891419299023],[-46.40328316278659,-23.607891419299023],[-46.403237042882736,-23.607891419299023],[-46.40319092297888,-23.60795657994066],[-46.40314480307502,-23.60795657994066],[-46.403098683171166,-23.608021740582295],[-46.4030525632673,-23.608021740582295],[-46.4030525632673,-23.60808690122393],[-46.403006443363445,-23.60808690122393],[-46.40296032345959,-23.60808690122393],[-46.40291420355573,-23.60808690122393],[-46.402868083651875,-23.60808690122393],[-46.40282196374802,-23.60808690122393],[-46.40277584384416,-23.608152061865567],[-46.402729723940304,-23.608152061865567],[-46.40268360403644,-23.608152061865567],[-46.40268360403644,-23.608217222507204],[-46.40263748413258,-23.60828238314884],[-46.40263748413258,-23.608347543790476],[-46.402591364228726,-23.608347543790476],[-46.40254524432487,-23.608347543790476],[-46.40249912442101,-23.608412704432112],[-46.402453004517156,-23.608412704432112],[-46.4024068846133,-23.608412704432112],[-46.4024068846133,-23.608477865073745],[-46.40236076470944,-23.608477865073745],[-46.40231464480558,-23.608477865073745],[-46.40226852490172,-23.608477865073745],[-46.40226852490172,-23.60854302571538],[-46.40226852490172,-23.608608186357017],[-46.402222404997865,-23.608608186357017],[-46.402222404997865,-23.608673346998653],[-46.40217628509401,-23.608673346998653],[-46.40213016519015,-23.608673346998653],[-46.402084045286294,-23.608673346998653],[-46.40203792538244,-23.608673346998653],[-46.40203792538244,-23.60873850764029],[-46.40199180547858,-23.60873850764029],[-46.40199180547858,-23.608803668281926],[-46.40203792538244,-23.608803668281926],[-46.40203792538244,-23.608868828923562],[-46.40199180547858,-23.608933989565198],[-46.40199180547858,-23.608999150206834],[-46.40194568557472,-23.608999150206834],[-46.40189956567086,-23.608999150206834],[-46.40189956567086,-23.60906431084847],[-46.401853445767,-23.60906431084847],[-46.401807325863146,-23.60906431084847],[-46.40176120595929,-23.609129471490103],[-46.40171508605543,-23.609129471490103],[-46.401668966151576,-23.609129471490103],[-46.40162284624772,-23.60919463213174],[-46.401576726343855,-23.60919463213174],[-46.40153060644,-23.60919463213174],[-46.40153060644,-23.609259792773376],[-46.40148448653614,-23.609259792773376],[-46.401438366632284,-23.609259792773376],[-46.40139224672843,-23.609259792773376],[-46.40134612682457,-23.609324953415012],[-46.401300006920714,-23.609324953415012],[-46.401300006920714,-23.609390114056648],[-46.40125388701685,-23.609390114056648],[-46.40120776711299,-23.609455274698284],[-46.401161647209136,-23.609455274698284],[-46.401161647209136,-23.60952043533992],[-46.40111552730528,-23.60952043533992],[-46.40106940740142,-23.60952043533992],[-46.401023287497566,-23.609585595981557],[-46.40097716759371,-23.609585595981557],[-46.40093104768985,-23.609585595981557],[-46.40088492778599,-23.609585595981557],[-46.40088492778599,-23.609650756623193],[-46.40083880788213,-23.609650756623193],[-46.400792687978274,-23.609650756623193],[-46.40074656807442,-23.60971591726483],[-46.40070044817056,-23.60971591726483],[-46.400654328266704,-23.60971591726483],[-46.400654328266704,-23.609781077906465],[-46.40060820836285,-23.609781077906465],[-46.40060820836285,-23.609846238548098],[-46.40056208845899,-23.609911399189734],[-46.400515968555126,-23.609911399189734],[-46.40046984865127,-23.609911399189734],[-46.40042372874741,-23.609911399189734],[-46.40042372874741,-23.60997655983137],[-46.400377608843556,-23.60997655983137],[-46.4003314889397,-23.60997655983137],[-46.4003314889397,-23.610041720473006],[-46.40028536903584,-23.610041720473006],[-46.400239249131985,-23.610041720473006],[-46.40019312922813,-23.610106881114643],[-46.400147009324265,-23.610106881114643],[-46.40010088942041,-23.610106881114643],[-46.40010088942041,-23.61017204175628],[-46.40010088942041,-23.610237202397915],[-46.400147009324265,-23.610237202397915],[-46.40010088942041,-23.610237202397915],[-46.40010088942041,-23.61030236303955],[-46.40005476951655,-23.61030236303955],[-46.400008649612694,-23.61030236303955],[-46.400008649612694,-23.610367523681187],[-46.40005476951655,-23.610367523681187],[-46.40010088942041,-23.610367523681187],[-46.40010088942041,-23.610432684322824],[-46.40005476951655,-23.610432684322824],[-46.40005476951655,-23.610497844964456],[-46.400008649612694,-23.610497844964456],[-46.39996252970884,-23.610563005606092],[-46.39991640980498,-23.610563005606092],[-46.39991640980498,-23.61062816624773],[-46.39987028990112,-23.61062816624773],[-46.39982416999727,-23.61062816624773],[-46.3997780500934,-23.61062816624773],[-46.399731930189546,-23.61062816624773],[-46.39968581028569,-23.61062816624773],[-46.39963969038183,-23.61062816624773],[-46.39963969038183,-23.610693326889365],[-46.399593570477975,-23.610693326889365],[-46.39954745057412,-23.610693326889365],[-46.39954745057412,-23.610758487531],[-46.39950133067026,-23.610758487531],[-46.399455210766405,-23.610823648172637],[-46.39940909086254,-23.610823648172637],[-46.39940909086254,-23.610888808814273],[-46.399362970958684,-23.610888808814273],[-46.39940909086254,-23.610888808814273],[-46.399362970958684,-23.610888808814273],[-46.399362970958684,-23.61095396945591],[-46.39931685105483,-23.61095396945591],[-46.39927073115097,-23.61095396945591],[-46.399224611247114,-23.611019130097546],[-46.39917849134326,-23.611019130097546],[-46.3991323714394,-23.611019130097546],[-46.3991323714394,-23.611084290739182],[-46.39908625153554,-23.611084290739182],[-46.39904013163168,-23.611149451380815],[-46.39904013163168,-23.61121461202245],[-46.39899401172782,-23.611279772664087],[-46.398947891823966,-23.611344933305723],[-46.398947891823966,-23.61141009394736],[-46.39890177192011,-23.61141009394736],[-46.39885565201625,-23.61141009394736],[-46.39885565201625,-23.611475254588996],[-46.398809532112395,-23.611475254588996],[-46.39876341220854,-23.611475254588996],[-46.39876341220854,-23.611540415230632],[-46.39871729230468,-23.611540415230632],[-46.39871729230468,-23.611605575872268],[-46.39867117240082,-23.611605575872268],[-46.39862505249696,-23.611605575872268],[-46.398578932593104,-23.611670736513904],[-46.39848669278539,-23.611670736513904],[-46.39848669278539,-23.61173589715554],[-46.39844057288153,-23.61173589715554],[-46.39844057288153,-23.611801057797177],[-46.398394452977676,-23.611801057797177],[-46.398394452977676,-23.61186621843881],[-46.39834833307382,-23.61186621843881],[-46.39834833307382,-23.611931379080445],[-46.398302213169956,-23.611931379080445],[-46.398302213169956,-23.61199653972208],[-46.3982560932661,-23.61199653972208],[-46.3982560932661,-23.612061700363718],[-46.3982560932661,-23.612126861005354],[-46.3982560932661,-23.61219202164699],[-46.39820997336224,-23.61219202164699],[-46.39820997336224,-23.612257182288626],[-46.398163853458385,-23.612257182288626],[-46.39811773355453,-23.612257182288626],[-46.39811773355453,-23.612322342930263],[-46.39807161365067,-23.612322342930263],[-46.398025493746815,-23.612322342930263],[-46.39797937384296,-23.6123875035719],[-46.39788713403524,-23.612452664213535],[-46.39788713403524,-23.612517824855168],[-46.39784101413138,-23.612517824855168],[-46.39779489422752,-23.612582985496804],[-46.39779489422752,-23.61264814613844],[-46.39779489422752,-23.612713306780076],[-46.39779489422752,-23.612778467421712],[-46.39779489422752,-23.61284362806335],[-46.39774877432367,-23.61284362806335],[-46.39774877432367,-23.612908788704985],[-46.39774877432367,-23.61297394934662],[-46.39774877432367,-23.613039109988257],[-46.39774877432367,-23.613104270629893],[-46.39770265441981,-23.613169431271526],[-46.39765653451595,-23.613234591913162],[-46.39765653451595,-23.6132997525548],[-46.397610414612096,-23.613364913196435],[-46.397610414612096,-23.61343007383807],[-46.39756429470823,-23.613495234479707],[-46.39756429470823,-23.613560395121343],[-46.397518174804375,-23.613560395121343],[-46.397518174804375,-23.61362555576298],[-46.39747205490052,-23.613690716404616],[-46.39742593499666,-23.613755877046252],[-46.397379815092805,-23.613821037687888],[-46.397379815092805,-23.61388619832952],[-46.39733369518895,-23.613951358971157],[-46.39733369518895,-23.614016519612793],[-46.39733369518895,-23.61408168025443],[-46.39728757528509,-23.61408168025443],[-46.39728757528509,-23.614146840896066],[-46.39728757528509,-23.6142120015377],[-46.397241455381234,-23.6142120015377],[-46.397241455381234,-23.614277162179338],[-46.397241455381234,-23.614342322820974],[-46.39728757528509,-23.614472644104247],[-46.397379815092805,-23.61453780474588],[-46.39742593499666,-23.614602965387515],[-46.39742593499666,-23.614733286670788],[-46.39747205490052,-23.61486360795406],[-46.39756429470823,-23.614993929237333],[-46.397610414612096,-23.615124250520605],[-46.397610414612096,-23.615189411162238],[-46.397610414612096,-23.615254571803874],[-46.39765653451595,-23.615450053728782],[-46.397610414612096,-23.615775856936963],[-46.39756429470823,-23.6158410175786],[-46.39765653451595,-23.61597133886187],[-46.39779489422752,-23.61610166014514],[-46.39779489422752,-23.616166820786777],[-46.39774877432367,-23.61642746335332],[-46.39774877432367,-23.61655778463659],[-46.39779489422752,-23.61688358784477],[-46.39779489422752,-23.616948748486408],[-46.39779489422752,-23.61707906976968],[-46.39774877432367,-23.61707906976968],[-46.39774877432367,-23.617144230411316],[-46.39770265441981,-23.617144230411316],[-46.39770265441981,-23.61720939105295],[-46.39770265441981,-23.617274551694585],[-46.39770265441981,-23.61733971233622],[-46.39770265441981,-23.61753519426113],[-46.39770265441981,-23.617665515544402],[-46.39774877432367,-23.61799131875258],[-46.39774877432367,-23.618121640035852],[-46.39774877432367,-23.61818680067749],[-46.39784101413138,-23.61831712196076],[-46.397933253939094,-23.618447443244033],[-46.398025493746815,-23.61851260388567],[-46.398025493746815,-23.618577764527302],[-46.398025493746815,-23.61864292516894],[-46.398025493746815,-23.618708085810574],[-46.39807161365067,-23.618838407093847],[-46.398163853458385,-23.61896872837712],[-46.39820997336224,-23.619033889018755],[-46.398302213169956,-23.61909904966039],[-46.398394452977676,-23.619164210302028],[-46.39853281268925,-23.61922937094366],[-46.39862505249696,-23.619294531585297],[-46.39885565201625,-23.61942485286857],[-46.3991323714394,-23.619685495435114],[-46.39927073115097,-23.619815816718386],[-46.399362970958684,-23.619946138001655],[-46.39940909086254,-23.619946138001655],[-46.39968581028569,-23.620076459284927],[-46.40005476951655,-23.6202067805682],[-46.400239249131985,-23.620271941209836],[-46.4003314889397,-23.620337101851472],[-46.40046984865127,-23.620467423134745],[-46.40060820836285,-23.62053258377638],[-46.40056208845899,-23.620728065701286],[-46.400515968555126,-23.621053868909467],[-46.40056208845899,-23.621249350834372],[-46.40060820836285,-23.621314511476008],[-46.40060820836285,-23.621379672117644],[-46.400654328266704,-23.62144483275928],[-46.40070044817056,-23.621575154042553],[-46.40074656807442,-23.62164031468419],[-46.400792687978274,-23.62177063596746],[-46.40083880788213,-23.621835796609098],[-46.40083880788213,-23.621966117892367],[-46.40088492778599,-23.62209643917564],[-46.40088492778599,-23.622161599817275],[-46.40093104768985,-23.622291921100548],[-46.40097716759371,-23.622357081742184],[-46.401023287497566,-23.622357081742184],[-46.401023287497566,-23.62242224238382],[-46.40106940740142,-23.62242224238382],[-46.40111552730528,-23.622487403025456],[-46.401161647209136,-23.622487403025456],[-46.40125388701685,-23.622487403025456],[-46.40134612682457,-23.622552563667092],[-46.40139224672843,-23.622552563667092],[-46.401438366632284,-23.622552563667092],[-46.40148448653614,-23.622552563667092],[-46.401576726343855,-23.622552563667092],[-46.40162284624772,-23.622617724308725],[-46.401668966151576,-23.622617724308725],[-46.40171508605543,-23.622617724308725],[-46.40176120595929,-23.62268288495036],[-46.401807325863146,-23.622748045591997],[-46.40189956567086,-23.622748045591997],[-46.40194568557472,-23.622748045591997],[-46.40199180547858,-23.622813206233634],[-46.40213016519015,-23.622813206233634],[-46.402222404997865,-23.622813206233634],[-46.40231464480558,-23.62287836687527],[-46.4024068846133,-23.622943527516906],[-46.40249912442101,-23.622943527516906],[-46.40254524432487,-23.623008688158542],[-46.40263748413258,-23.623139009441815],[-46.402729723940304,-23.62320417008345],[-46.40277584384416,-23.62320417008345],[-46.40282196374802,-23.62333449136672],[-46.40291420355573,-23.623399652008356],[-46.40296032345959,-23.623529973291628],[-46.403006443363445,-23.623595133933264],[-46.4030525632673,-23.623725455216537],[-46.403098683171166,-23.623790615858173],[-46.40314480307502,-23.62385577649981],[-46.40319092297888,-23.623920937141442],[-46.40328316278659,-23.623920937141442],[-46.40332928269045,-23.623986097783078],[-46.403421522498164,-23.623986097783078],[-46.403513762305884,-23.623986097783078],[-46.403652122017455,-23.623920937141442],[-46.40434392057532,-23.623529973291628],[-46.40439004047918,-23.623464812649992],[-46.40448228028689,-23.623399652008356],[-46.40457452009461,-23.62333449136672],[-46.40466675990233,-23.623269330725083],[-46.404851239517754,-23.623269330725083],[-46.40498959922933,-23.623139009441815],[-46.40503571913319,-23.623139009441815],[-46.405220198748616,-23.62307384880018],[-46.40526631865247,-23.623008688158542],[-46.40535855846019,-23.623008688158542],[-46.40540467836405,-23.623008688158542],[-46.40545079826791,-23.623008688158542],[-46.40558915797948,-23.62307384880018],[-46.405635277883334,-23.62307384880018],[-46.405727517691055,-23.62307384880018],[-46.40577363759491,-23.623139009441815],[-46.40581975749877,-23.623139009441815],[-46.40581975749877,-23.62320417008345],[-46.405865877402626,-23.62320417008345],[-46.405865877402626,-23.623269330725083],[-46.40591199730648,-23.623269330725083],[-46.406004237114196,-23.623269330725083],[-46.40605035701806,-23.62320417008345],[-46.40609647692192,-23.62320417008345],[-46.40618871672963,-23.623139009441815],[-46.40623483663349,-23.623139009441815],[-46.406280956537344,-23.623139009441815],[-46.4063270764412,-23.623139009441815],[-46.40637319634506,-23.623139009441815],[-46.40641931624892,-23.623139009441815],[-46.40646543615278,-23.623139009441815],[-46.406511556056635,-23.62320417008345],[-46.40655767596049,-23.623269330725083],[-46.40660379586435,-23.623269330725083],[-46.406649915768206,-23.62333449136672],[-46.40669603567206,-23.623399652008356],[-46.406788275479784,-23.623464812649992],[-46.40683439538364,-23.623529973291628],[-46.40683439538364,-23.623595133933264],[-46.4068805152875,-23.623725455216537],[-46.406926635191354,-23.623790615858173],[-46.406926635191354,-23.623920937141442],[-46.40701887499907,-23.62411641906635],[-46.407157234710645,-23.62444222227453],[-46.40734171432607,-23.624833186124345],[-46.40734171432607,-23.62509382869089],[-46.40738783422993,-23.62554995318234],[-46.40738783422993,-23.625615113823976],[-46.40738783422993,-23.625680274465612],[-46.40752619394151,-23.62574543510725],[-46.407572313845364,-23.62574543510725],[-46.40798739298008,-23.626592523448515],[-46.40803351288394,-23.626592523448515],[-46.40812575269165,-23.626592523448515],[-46.40817187259551,-23.626657684090148],[-46.40826411240323,-23.626657684090148],[-46.40831023230709,-23.626722844731784],[-46.408356352210944,-23.626722844731784],[-46.408356352210944,-23.62678800537342],[-46.408356352210944,-23.626853166015056],[-46.408356352210944,-23.626918326656693],[-46.408356352210944,-23.62698348729833],[-46.4084024721148,-23.6271138085816],[-46.408356352210944,-23.6271138085816],[-46.40831023230709,-23.627178969223237],[-46.408356352210944,-23.627244129864874],[-46.408356352210944,-23.627309290506506],[-46.40831023230709,-23.627374451148142],[-46.40812575269165,-23.627374451148142],[-46.40789515317237,-23.627504772431415],[-46.40775679346079,-23.627635093714687],[-46.40766455365308,-23.62776541499796],[-46.40752619394151,-23.627895736281232],[-46.40748007403765,-23.627960896922865],[-46.40748007403765,-23.6280260575645],[-46.407433954133786,-23.6280260575645],[-46.40738783422993,-23.628091218206137],[-46.40738783422993,-23.628156378847773],[-46.40734171432607,-23.62822153948941],[-46.40734171432607,-23.628286700131046],[-46.40734171432607,-23.628417021414318],[-46.40734171432607,-23.628482182055954],[-46.40734171432607,-23.62854734269759],[-46.40738783422993,-23.62867766398086],[-46.40738783422993,-23.628742824622496],[-46.407433954133786,-23.628873145905768],[-46.40738783422993,-23.628938306547404],[-46.40734171432607,-23.62900346718904],[-46.40724947451836,-23.629133788472313],[-46.407064994902925,-23.629264109755585],[-46.406926635191354,-23.629329270397218],[-46.40683439538364,-23.629394431038854],[-46.40669603567206,-23.629524752322126],[-46.406649915768206,-23.629589912963763],[-46.40669603567206,-23.629720234247035],[-46.40669603567206,-23.629850555530307],[-46.406788275479784,-23.63011119809685],[-46.40683439538364,-23.630306680021757],[-46.4068805152875,-23.63043700130503],[-46.40697275509521,-23.630567322588302],[-46.40701887499907,-23.630632483229938],[-46.407064994902925,-23.63069764387157],[-46.40701887499907,-23.630762804513207],[-46.40701887499907,-23.630958286438116],[-46.40697275509521,-23.631153768363024],[-46.406926635191354,-23.631284089646297],[-46.406926635191354,-23.631414410929565],[-46.406926635191354,-23.631544732212838],[-46.4068805152875,-23.63167505349611],[-46.4068805152875,-23.631805374779383],[-46.4068805152875,-23.631935696062655],[-46.4068805152875,-23.632000856704288],[-46.406926635191354,-23.632066017345924],[-46.40697275509521,-23.63213117798756],[-46.40724947451836,-23.63232665991247],[-46.40738783422993,-23.632391820554105],[-46.40748007403765,-23.632391820554105],[-46.40766455365308,-23.632391820554105],[-46.40784903326851,-23.63245698119574],[-46.407941273076226,-23.632522141837377],[-46.40844859201866,-23.632847945045555],[-46.40867919153795,-23.633173748253736],[-46.40881755124952,-23.633304069537008],[-46.40886367115338,-23.633434390820277],[-46.40890979105723,-23.633499551461913],[-46.409002030864954,-23.63356471210355],[-46.409140390576525,-23.633629872745185],[-46.40923263038424,-23.63369503338682],[-46.4096015896151,-23.633760194028458],[-46.41006278865368,-23.63389051531173],[-46.41029338817297,-23.634020836595],[-46.410570107596115,-23.63415115787827],[-46.41066234740383,-23.634216318519908],[-46.41066234740383,-23.634281479161544],[-46.410708467307686,-23.63434663980318],[-46.410708467307686,-23.634476961086452],[-46.41075458721154,-23.63454212172809],[-46.410800707115406,-23.63454212172809],[-46.41107742653855,-23.63467244301136],[-46.41130802605784,-23.63480276429463],[-46.41153862557713,-23.635063406861175],[-46.41181534500027,-23.635519531352625],[-46.41190758480799,-23.63558469199426],[-46.41204594451956,-23.635649852635897],[-46.412138184327276,-23.635715013277533],[-46.41218430423113,-23.635715013277533],[-46.412230424135,-23.635715013277533],[-46.41227654403885,-23.635715013277533],[-46.41232266394271,-23.635715013277533],[-46.41250714355814,-23.635649852635897],[-46.412553263461994,-23.635649852635897],[-46.41259938336586,-23.63558469199426],[-46.412645503269715,-23.63558469199426],[-46.41273774307743,-23.63558469199426],[-46.412783862981286,-23.63558469199426],[-46.41282998288514,-23.63558469199426],[-46.412876102789,-23.63558469199426],[-46.412922222692856,-23.63558469199426],[-46.41301446250058,-23.635649852635897],[-46.413060582404434,-23.635649852635897],[-46.41324506201986,-23.63578017391917],[-46.41329118192372,-23.63578017391917],[-46.41333730182758,-23.63578017391917],[-46.41338342173144,-23.635845334560805],[-46.413567901346866,-23.63591049520244],[-46.41361402125072,-23.63591049520244],[-46.41379850086616,-23.636105977127347],[-46.41389074067387,-23.636171137768983],[-46.41393686057773,-23.63623629841062],[-46.41393686057773,-23.636301459052255],[-46.41393686057773,-23.636431780335528],[-46.413982980481585,-23.6365621016188],[-46.41402910038544,-23.636757583543705],[-46.414075220289305,-23.63701822611025],[-46.41412134019316,-23.637278868676795],[-46.41412134019316,-23.6374743506017],[-46.41416746009702,-23.637604671884972],[-46.41416746009702,-23.637865314451517],[-46.414213580000876,-23.63799563573479],[-46.41425969990473,-23.638191117659694],[-46.414351939712446,-23.638321438942967],[-46.4143980596163,-23.63845176022624],[-46.41444417952017,-23.63858208150951],[-46.414490299424024,-23.638777563434417],[-46.414490299424024,-23.63890788471769],[-46.41453641932788,-23.63903820600096],[-46.41453641932788,-23.639103366642598],[-46.41453641932788,-23.639298848567506],[-46.41458253923174,-23.639364009209142],[-46.414628659135595,-23.639429169850775],[-46.41467477903945,-23.63949433049241],[-46.414767018847165,-23.639559491134047],[-46.414859258654886,-23.639559491134047],[-46.414997618366456,-23.639624651775684],[-46.41504373827031,-23.63968981241732],[-46.41513597807803,-23.639754973058956],[-46.415274337789604,-23.63988529434223],[-46.41536657759732,-23.6400156156255],[-46.41545881740503,-23.640211097550406],[-46.41555105721275,-23.640211097550406],[-46.41578165673204,-23.640211097550406],[-46.415920016443614,-23.640211097550406],[-46.41596613634747,-23.640211097550406],[-46.41601225625133,-23.640276258192042],[-46.416058376155185,-23.640406579475314],[-46.4161506159629,-23.640536900758587],[-46.416196735866755,-23.640602061400223],[-46.41624285577061,-23.640602061400223],[-46.416288975674476,-23.640602061400223],[-46.41633509557833,-23.64066722204186],[-46.41638121548219,-23.64066722204186],[-46.41642733538605,-23.64066722204186],[-46.41656569509762,-23.640602061400223],[-46.416704054809195,-23.640602061400223],[-46.41675017471305,-23.640602061400223],[-46.41679629461691,-23.640602061400223],[-46.416842414520765,-23.640602061400223],[-46.41688853442462,-23.640602061400223],[-46.41693465432848,-23.640602061400223],[-46.41698077423234,-23.64066722204186],[-46.4170268941362,-23.64066722204186],[-46.41707301404006,-23.64066722204186],[-46.41711913394391,-23.640732382683492],[-46.41721137375163,-23.640797543325128],[-46.417257493655484,-23.640862703966764],[-46.41730361355934,-23.640862703966764],[-46.417349733463205,-23.640862703966764],[-46.41739585336706,-23.6409278646084],[-46.41744197327092,-23.640993025250037],[-46.417488093174775,-23.640993025250037],[-46.41753421307863,-23.641058185891673],[-46.417626452886346,-23.641058185891673],[-46.417718692694066,-23.64112334653331],[-46.41776481259792,-23.64112334653331],[-46.41781093250178,-23.641188507174945],[-46.41785705240564,-23.641188507174945],[-46.41794929221335,-23.641188507174945],[-46.418041532021064,-23.641188507174945],[-46.418133771828785,-23.641188507174945],[-46.418272131540355,-23.641188507174945],[-46.418410491251926,-23.641188507174945],[-46.41850273105965,-23.641188507174945],[-46.41859497086736,-23.641188507174945],[-46.41873333057893,-23.64125366781658],[-46.41887169029051,-23.64125366781658],[-46.41901005000208,-23.64125366781658],[-46.419056169905936,-23.641188507174945],[-46.41914840971365,-23.64125366781658],[-46.41924064952137,-23.64125366781658],[-46.419332889329084,-23.64125366781658],[-46.41937900923294,-23.64125366781658],[-46.41951736894451,-23.641188507174945],[-46.41960960875223,-23.641188507174945],[-46.419701848559946,-23.641188507174945],[-46.41979408836766,-23.64112334653331],[-46.41988632817537,-23.64112334653331],[-46.41993244807924,-23.64112334653331],[-46.42016304759852,-23.64112334653331],[-46.420347527213956,-23.64112334653331],[-46.42043976702167,-23.64112334653331],[-46.420485886925526,-23.641188507174945],[-46.42057812673324,-23.641188507174945],[-46.42067036654096,-23.64125366781658],[-46.420762606348674,-23.641383989099854],[-46.4209470859641,-23.641514310383123],[-46.42103932577182,-23.641644631666395],[-46.42122380538725,-23.641774952949667],[-46.42122380538725,-23.641840113591304],[-46.42122380538725,-23.64190527423294],[-46.42122380538725,-23.641970434874576],[-46.42122380538725,-23.642035595516212],[-46.42126992529111,-23.64216591679948],[-46.42131604519496,-23.64216591679948],[-46.42136216509882,-23.642296238082753],[-46.42136216509882,-23.64236139872439],[-46.421408285002684,-23.64236139872439],[-46.42145440490654,-23.642426559366026],[-46.42145440490654,-23.642491720007662],[-46.42145440490654,-23.6425568806493],[-46.42145440490654,-23.642622041290934],[-46.421408285002684,-23.642622041290934],[-46.421408285002684,-23.64268720193257],[-46.421408285002684,-23.642752362574203],[-46.421408285002684,-23.64281752321584],[-46.421408285002684,-23.642882683857476],[-46.42145440490654,-23.642947844499112],[-46.42145440490654,-23.643013005140748],[-46.4215005248104,-23.643078165782384],[-46.4215005248104,-23.64314332642402],[-46.4215005248104,-23.643208487065657],[-46.421546644714255,-23.643273647707293],[-46.4215005248104,-23.64333880834893],[-46.42145440490654,-23.64333880834893],[-46.421408285002684,-23.643403968990565],[-46.42136216509882,-23.643403968990565],[-46.42131604519496,-23.643469129632198],[-46.42126992529111,-23.643534290273834],[-46.42126992529111,-23.64359945091547],[-46.42122380538725,-23.64359945091547],[-46.42122380538725,-23.643664611557107],[-46.42126992529111,-23.643664611557107],[-46.42126992529111,-23.643729772198743],[-46.42136216509882,-23.643729772198743],[-46.42145440490654,-23.64379493284038],[-46.421546644714255,-23.643860093482015],[-46.42159276461811,-23.643860093482015],[-46.421777244233546,-23.643990414765288],[-46.421915603945116,-23.644120736048556],[-46.42196172384897,-23.644185896690193],[-46.42210008356055,-23.644316217973465],[-46.422192323368265,-23.644316217973465],[-46.42228456317598,-23.644316217973465],[-46.42237680298369,-23.644316217973465],[-46.42242292288755,-23.6443813786151],[-46.42246904279141,-23.6443813786151],[-46.42288412192613,-23.64457686054001],[-46.4230224816377,-23.644772342464915],[-46.42325308115699,-23.645098145673096],[-46.42334532096471,-23.645098145673096],[-46.42348368067628,-23.64503298503146],[-46.423529800580134,-23.644967824389823],[-46.423529800580134,-23.644902663748187],[-46.423622040387855,-23.644707181823282],[-46.42371428019557,-23.644642021181646],[-46.42380652000328,-23.644642021181646],[-46.42385263990714,-23.64457686054001],[-46.423898759810996,-23.644511699898374],[-46.42394487971486,-23.644446539256737],[-46.42403711952257,-23.6443813786151],[-46.42408323942643,-23.6443813786151],[-46.424221599138,-23.644316217973465],[-46.42426771904186,-23.644185896690193],[-46.42431383894572,-23.644055575406924],[-46.424406078753435,-23.643990414765288],[-46.42445219865729,-23.643860093482015],[-46.424544438465006,-23.643729772198743],[-46.424544438465006,-23.643664611557107],[-46.42459055836886,-23.643534290273834],[-46.42459055836886,-23.64333880834893],[-46.42463667827272,-23.643273647707293],[-46.42468279817658,-23.64314332642402],[-46.42472891808044,-23.643078165782384],[-46.42472891808044,-23.642882683857476],[-46.42472891808044,-23.642752362574203],[-46.42472891808044,-23.642622041290934],[-46.42468279817658,-23.642426559366026],[-46.42463667827272,-23.64216591679948],[-46.42459055836886,-23.641970434874576],[-46.424544438465006,-23.641774952949667],[-46.424544438465006,-23.641644631666395],[-46.42449831856115,-23.641188507174945],[-46.42449831856115,-23.6409278646084],[-46.42449831856115,-23.640797543325128],[-46.424544438465006,-23.64066722204186],[-46.42463667827272,-23.640406579475314],[-46.42472891808044,-23.640211097550406],[-46.4247750379843,-23.64014593690877],[-46.42486727779201,-23.640080776267133],[-46.42500563750358,-23.639950454983865],[-46.42514399721516,-23.63988529434223],[-46.42523623702287,-23.639754973058956],[-46.42542071663831,-23.63968981241732],[-46.42555907634988,-23.639624651775684],[-46.42569743606145,-23.639559491134047],[-46.425743555965305,-23.639559491134047],[-46.42578967586917,-23.639559491134047],[-46.425835795773025,-23.639559491134047],[-46.42588191567688,-23.639429169850775],[-46.42592803558074,-23.639298848567506],[-46.425974155484596,-23.639168527284234],[-46.42620475500389,-23.63890788471769],[-46.426389234619315,-23.638647242151148],[-46.426619834138606,-23.638386599584603],[-46.426896553561754,-23.638060796376422],[-46.427403872504186,-23.63766983252661],[-46.4274961123119,-23.637604671884972],[-46.42754223221576,-23.637604671884972],[-46.42758835211962,-23.637539511243336],[-46.42763447202348,-23.637539511243336],[-46.427680591927334,-23.637539511243336],[-46.427818951638905,-23.6374743506017],[-46.42800343125434,-23.63734402931843],[-46.42818791086977,-23.637278868676795],[-46.428464630292915,-23.637083386751886],[-46.42855687010063,-23.63701822611025],[-46.42874134971606,-23.636953065468614],[-46.42920254875464,-23.63682274418534],[-46.429387028370066,-23.636692422902073],[-46.429663747793214,-23.6365621016188],[-46.42980210750479,-23.6365621016188],[-46.429894347312505,-23.636431780335528],[-46.42994046721636,-23.636431780335528],[-46.430032707024075,-23.636431780335528],[-46.43026330654337,-23.636496940977164],[-46.430309426447224,-23.636496940977164],[-46.43035554635108,-23.636496940977164],[-46.43040166625494,-23.6365621016188],[-46.43049390606265,-23.636627262260436],[-46.430540025966515,-23.636627262260436],[-46.43058614587037,-23.636627262260436],[-46.4307706254858,-23.636757583543705],[-46.43104734490895,-23.63682274418534],[-46.431093464812804,-23.636887904826978],[-46.43113958471666,-23.63701822611025],[-46.431231824524374,-23.637083386751886],[-46.43141630413981,-23.637278868676795],[-46.43155466385138,-23.63734402931843],[-46.4316469036591,-23.637409189960064],[-46.43178526337067,-23.63766983252661],[-46.431877503178384,-23.638060796376422],[-46.431877503178384,-23.638125957018058],[-46.43192362308224,-23.63825627830133],[-46.43192362308224,-23.638386599584603],[-46.431877503178384,-23.638516920867875],[-46.43192362308224,-23.638647242151148],[-46.43192362308224,-23.638712402792784],[-46.43178526337067,-23.638842724076053],[-46.4316469036591,-23.638973045359325],[-46.431600783755236,-23.63903820600096],[-46.43155466385138,-23.639103366642598],[-46.43150854394752,-23.639168527284234],[-46.43150854394752,-23.639298848567506],[-46.43150854394752,-23.639364009209142],[-46.43155466385138,-23.639364009209142],[-46.43155466385138,-23.639429169850775],[-46.43155466385138,-23.63949433049241],[-46.431600783755236,-23.63949433049241],[-46.431600783755236,-23.639559491134047],[-46.43155466385138,-23.639559491134047],[-46.43150854394752,-23.639559491134047],[-46.431462424043666,-23.639624651775684],[-46.43137018423595,-23.63968981241732],[-46.431324064332095,-23.639950454983865],[-46.43127794442824,-23.640080776267133],[-46.43127794442824,-23.640276258192042],[-46.43127794442824,-23.64034141883368],[-46.431324064332095,-23.640406579475314],[-46.43141630413981,-23.640536900758587],[-46.43150854394752,-23.640602061400223],[-46.4316469036591,-23.64066722204186],[-46.43169302356296,-23.64066722204186],[-46.431739143466814,-23.640732382683492],[-46.43178526337067,-23.640797543325128],[-46.431739143466814,-23.640862703966764],[-46.43169302356296,-23.640993025250037],[-46.4316469036591,-23.641058185891673],[-46.43169302356296,-23.641188507174945],[-46.43178526337067,-23.641188507174945],[-46.43192362308224,-23.64125366781658],[-46.43201586288996,-23.64125366781658],[-46.432108102697676,-23.64125366781658],[-46.43215422260153,-23.64125366781658],[-46.432246462409246,-23.641318828458218],[-46.4322925823131,-23.641318828458218],[-46.432384822120824,-23.641383989099854],[-46.43247706192854,-23.641449149741486],[-46.43261542164011,-23.641514310383123],[-46.432661541543965,-23.64157947102476],[-46.43270766144783,-23.641644631666395],[-46.432753781351686,-23.64170979230803],[-46.432753781351686,-23.641774952949667],[-46.4328460211594,-23.641840113591304],[-46.433168860486404,-23.641840113591304],[-46.433307220197975,-23.641840113591304],[-46.43339946000569,-23.641840113591304],[-46.43358393962112,-23.64190527423294],[-46.433814539140414,-23.64190527423294],[-46.434091258563555,-23.64190527423294],[-46.434183498371276,-23.64190527423294],[-46.43422961827513,-23.64190527423294],[-46.4343679779867,-23.64190527423294],[-46.434506337698274,-23.64190527423294],[-46.43469081731371,-23.64190527423294],[-46.434875296929135,-23.641840113591304],[-46.434921416833,-23.641774952949667],[-46.43501365664071,-23.641774952949667],[-46.43519813625614,-23.641644631666395],[-46.43524425616,-23.641644631666395],[-46.43533649596772,-23.641644631666395],[-46.43547485567929,-23.64157947102476],[-46.43561321539086,-23.641514310383123],[-46.435936054717864,-23.641449149741486],[-46.436028294525585,-23.641383989099854],[-46.43607441442944,-23.641383989099854],[-46.436166654237155,-23.641383989099854],[-46.43621277414101,-23.641383989099854],[-46.436305013948726,-23.641383989099854],[-46.43648949356416,-23.641449149741486],[-46.43690457269888,-23.64157947102476],[-46.43699681250659,-23.641644631666395],[-46.437227412025884,-23.64170979230803],[-46.437365771737454,-23.64170979230803],[-46.43741189164131,-23.64170979230803],[-46.43778085087217,-23.641774952949667],[-46.438011450391464,-23.641840113591304],[-46.43833428971847,-23.641970434874576],[-46.438380409622326,-23.641970434874576],[-46.43847264943004,-23.642035595516212],[-46.43856488923776,-23.642035595516212],[-46.43870324894933,-23.642035595516212],[-46.438795488757044,-23.642035595516212],[-46.43897996837248,-23.641970434874576],[-46.439026088276336,-23.641970434874576],[-46.439164447987906,-23.641970434874576],[-46.43921056789176,-23.641970434874576],[-46.439441167411054,-23.64190527423294],[-46.43953340721877,-23.64190527423294],[-46.4397178868342,-23.64190527423294],[-46.44004072616121,-23.64190527423294],[-46.440086846065064,-23.64190527423294],[-46.44017908587278,-23.64190527423294],[-46.44050192519978,-23.642035595516212],[-46.44096312423836,-23.64216591679948],[-46.441009244142215,-23.64216591679948],[-46.44105536404607,-23.64216591679948],[-46.44114760385379,-23.642231077441117],[-46.441239843661506,-23.642296238082753],[-46.44133208346922,-23.64236139872439],[-46.44174716260394,-23.642622041290934],[-46.44193164221937,-23.642752362574203],[-46.442070001930944,-23.642882683857476],[-46.442438961161805,-23.643273647707293],[-46.44276180048881,-23.643664611557107],[-46.442946280104245,-23.643860093482015],[-46.443084639815815,-23.64392525412365],[-46.44317687962353,-23.643990414765288],[-46.44326911943124,-23.643990414765288],[-46.44331523933511,-23.643990414765288],[-46.44336135923896,-23.643990414765288],[-46.44345359904668,-23.643990414765288],[-46.443499718950534,-23.643990414765288],[-46.44354583885439,-23.64392525412365],[-46.443638078662104,-23.64392525412365],[-46.443638078662104,-23.643860093482015],[-46.44368419856597,-23.643860093482015],[-46.443730318469825,-23.643860093482015],[-46.44377643837368,-23.64379493284038],[-46.44382255827754,-23.64379493284038],[-46.443868678181396,-23.643860093482015],[-46.444007037892966,-23.643860093482015],[-46.44432987721997,-23.64392525412365],[-46.44437599712383,-23.64392525412365],[-46.44442211702769,-23.64392525412365],[-46.44460659664312,-23.64392525412365],[-46.444652716546976,-23.64392525412365],[-46.44474495635469,-23.643860093482015],[-46.444929435970124,-23.643860093482015],[-46.445160035489415,-23.64379493284038],[-46.44534451510484,-23.643729772198743],[-46.4453906350087,-23.643729772198743],[-46.445436754912556,-23.643729772198743],[-46.44552899472028,-23.643729772198743],[-46.445575114624134,-23.643729772198743],[-46.44562123452799,-23.643729772198743],[-46.445713474335705,-23.64379493284038],[-46.44589795395114,-23.643860093482015],[-46.44599019375885,-23.643860093482015],[-46.44612855347042,-23.643990414765288],[-46.44622079327814,-23.643990414765288],[-46.44631303308586,-23.644055575406924],[-46.446359152989714,-23.644055575406924],[-46.44645139279743,-23.644055575406924],[-46.44654363260514,-23.644120736048556],[-46.44668199231672,-23.644120736048556],[-46.44677423212443,-23.644055575406924],[-46.44686647193215,-23.644055575406924],[-46.447004831643724,-23.643990414765288],[-46.44718931125915,-23.643860093482015],[-46.44723543116301,-23.643860093482015],[-46.4474660306823,-23.643729772198743],[-46.44765051029773,-23.643664611557107],[-46.44774275010545,-23.643664611557107],[-46.448065589432446,-23.643534290273834],[-46.44811170933631,-23.643534290273834],[-46.44820394914402,-23.643534290273834],[-46.44848066856717,-23.643469129632198],[-46.448572908374885,-23.643469129632198],[-46.4486651481826,-23.643469129632198],[-46.44875738799031,-23.643534290273834],[-46.44875738799031,-23.643469129632198],[-46.44903410741346,-23.64333880834893],[-46.44903410741346,-23.643273647707293],[-46.44908022731732,-23.643273647707293],[-46.449126347221174,-23.643273647707293],[-46.44917246712504,-23.643273647707293],[-46.449218587028895,-23.64333880834893],[-46.44926470693275,-23.64333880834893],[-46.44931082683661,-23.64333880834893],[-46.4498642656829,-23.643013005140748],[-46.45060218414462,-23.642947844499112],[-46.450648304048485,-23.642947844499112],[-46.4507405438562,-23.642947844499112],[-46.450925023471626,-23.642882683857476],[-46.45097114337548,-23.64281752321584],[-46.45101726327935,-23.642752362574203],[-46.45110950308706,-23.64268720193257],[-46.451201742894774,-23.642622041290934],[-46.45129398270249,-23.6425568806493],[-46.45138622251021,-23.642491720007662],[-46.451432342414066,-23.642491720007662],[-46.45152458222178,-23.642491720007662],[-46.45166294193335,-23.6425568806493],[-46.45175518174107,-23.6425568806493],[-46.451985781260355,-23.6425568806493],[-46.452216380779646,-23.642491720007662],[-46.45230862058736,-23.6425568806493],[-46.45244698029893,-23.6425568806493],[-46.45258534001051,-23.6425568806493],[-46.4534616181838,-23.64170979230803],[-46.45355385799152,-23.64157947102476],[-46.45378445751081,-23.64157947102476],[-46.45378445751081,-23.641514310383123],[-46.453830577414664,-23.641449149741486],[-46.45387669731852,-23.641449149741486],[-46.45387669731852,-23.641383989099854],[-46.453922817222384,-23.641383989099854],[-46.453922817222384,-23.641318828458218],[-46.45396893712624,-23.641318828458218],[-46.4540150570301,-23.641318828458218],[-46.4540150570301,-23.64125366781658],[-46.454061176933955,-23.64125366781658],[-46.45410729683781,-23.64125366781658],[-46.45410729683781,-23.641188507174945],[-46.45415341674167,-23.641188507174945],[-46.454199536645525,-23.641188507174945],[-46.454199536645525,-23.64112334653331],[-46.45424565654938,-23.64112334653331],[-46.45424565654938,-23.641058185891673],[-46.45424565654938,-23.640993025250037],[-46.454291776453246,-23.640993025250037],[-46.4543378963571,-23.640993025250037],[-46.45438401626096,-23.640993025250037],[-46.45438401626096,-23.6409278646084],[-46.45443013616482,-23.6409278646084],[-46.45447625606867,-23.6409278646084],[-46.45452237597253,-23.6409278646084],[-46.45456849587639,-23.6409278646084],[-46.45456849587639,-23.640993025250037],[-46.454614615780244,-23.640993025250037],[-46.454614615780244,-23.641058185891673],[-46.45466073568411,-23.641058185891673],[-46.454706855587965,-23.640993025250037],[-46.45475297549182,-23.640993025250037],[-46.45479909539568,-23.640993025250037],[-46.454845215299535,-23.640993025250037],[-46.45489133520339,-23.640993025250037],[-46.45493745510725,-23.640993025250037],[-46.454983575011106,-23.640993025250037],[-46.45502969491497,-23.640993025250037],[-46.45507581481883,-23.640993025250037],[-46.45512193472268,-23.640993025250037],[-46.45516805462654,-23.640993025250037],[-46.4552141745304,-23.640993025250037],[-46.455260294434254,-23.641058185891673],[-46.45530641433811,-23.641058185891673],[-46.45535253424197,-23.641058185891673],[-46.45535253424197,-23.64112334653331],[-46.45539865414583,-23.64112334653331],[-46.45544477404969,-23.64112334653331],[-46.455490893953545,-23.64112334653331],[-46.4555370138574,-23.64112334653331],[-46.45558313376126,-23.64112334653331],[-46.455629253665116,-23.64112334653331],[-46.45567537356897,-23.64112334653331],[-46.45572149347283,-23.64112334653331],[-46.45576761337669,-23.64112334653331],[-46.45581373328055,-23.64112334653331],[-46.45585985318441,-23.64112334653331],[-46.455905973088264,-23.64112334653331],[-46.45595209299212,-23.64112334653331],[-46.45599821289598,-23.64112334653331],[-46.456044332799834,-23.64112334653331],[-46.45609045270369,-23.64112334653331],[-46.45609045270369,-23.641188507174945],[-46.456136572607555,-23.641188507174945],[-46.45618269251141,-23.641188507174945],[-46.45622881241527,-23.641188507174945],[-46.456274932319126,-23.641188507174945],[-46.456274932319126,-23.64125366781658],[-46.45632105222298,-23.64125366781658],[-46.45636717212684,-23.64125366781658],[-46.456413292030696,-23.64125366781658],[-46.456413292030696,-23.641318828458218],[-46.45645941193455,-23.641318828458218],[-46.45650553183842,-23.641318828458218],[-46.456551651742274,-23.641318828458218],[-46.45659777164613,-23.641383989099854],[-46.456690011453844,-23.641383989099854],[-46.4567361313577,-23.641383989099854],[-46.45678225126156,-23.641383989099854],[-46.456828371165415,-23.641383989099854],[-46.45687449106928,-23.641383989099854],[-46.456920610973135,-23.641383989099854],[-46.45696673087699,-23.641383989099854],[-46.45701285078085,-23.641383989099854],[-46.45701285078085,-23.641449149741486],[-46.45701285078085,-23.641514310383123],[-46.457058970684706,-23.641514310383123],[-46.45710509058856,-23.641514310383123],[-46.45715121049242,-23.641514310383123],[-46.45724345030014,-23.64157947102476],[-46.457289570204,-23.64157947102476],[-46.457289570204,-23.641644631666395],[-46.457335690107854,-23.641644631666395],[-46.45738181001171,-23.641644631666395],[-46.45742792991557,-23.641644631666395],[-46.45742792991557,-23.64170979230803],[-46.457474049819425,-23.64170979230803],[-46.45752016972328,-23.641774952949667],[-46.45756628962714,-23.641774952949667],[-46.457612409531,-23.641840113591304],[-46.45765852943486,-23.641840113591304],[-46.457704649338716,-23.641840113591304],[-46.457704649338716,-23.64190527423294],[-46.45775076924257,-23.64190527423294],[-46.45779688914643,-23.64190527423294],[-46.457843009050286,-23.64190527423294],[-46.45788912895414,-23.64190527423294],[-46.45788912895414,-23.641970434874576],[-46.457935248858,-23.641970434874576],[-46.457935248858,-23.642035595516212],[-46.457981368761864,-23.642035595516212],[-46.45802748866572,-23.642035595516212],[-46.45807360856958,-23.642035595516212],[-46.45807360856958,-23.641970434874576],[-46.458119728473434,-23.641970434874576],[-46.45816584837729,-23.64190527423294],[-46.45821196828115,-23.64190527423294],[-46.458258088185005,-23.64190527423294],[-46.45830420808886,-23.64190527423294],[-46.458350327992726,-23.64190527423294],[-46.45839644789658,-23.64190527423294],[-46.45844256780044,-23.64190527423294],[-46.458488687704296,-23.64190527423294],[-46.458488687704296,-23.641840113591304],[-46.45853480760815,-23.641840113591304],[-46.45853480760815,-23.641774952949667],[-46.45858092751201,-23.641774952949667],[-46.45858092751201,-23.64170979230803],[-46.45862704741587,-23.64170979230803],[-46.45867316731973,-23.64170979230803],[-46.45867316731973,-23.641644631666395],[-46.45871928722359,-23.641644631666395],[-46.458765407127444,-23.64157947102476],[-46.4588115270313,-23.64157947102476],[-46.45885764693516,-23.64157947102476],[-46.45885764693516,-23.641514310383123],[-46.45885764693516,-23.641449149741486],[-46.458903766839015,-23.641449149741486],[-46.45894988674287,-23.641449149741486],[-46.45899600664673,-23.641449149741486],[-46.45904212655059,-23.641449149741486],[-46.45904212655059,-23.641383989099854],[-46.45908824645445,-23.641383989099854],[-46.459134366358306,-23.641383989099854],[-46.45918048626216,-23.641383989099854],[-46.45922660616602,-23.641383989099854],[-46.45922660616602,-23.641318828458218],[-46.45927272606988,-23.641318828458218],[-46.45931884597373,-23.641318828458218],[-46.45931884597373,-23.64125366781658],[-46.45931884597373,-23.641188507174945],[-46.45936496587759,-23.641188507174945],[-46.459411085781454,-23.641188507174945],[-46.459411085781454,-23.64112334653331],[-46.45945720568531,-23.64112334653331],[-46.45945720568531,-23.641058185891673],[-46.45950332558917,-23.641058185891673],[-46.459549445493025,-23.640993025250037],[-46.45959556539688,-23.640993025250037],[-46.45964168530074,-23.640993025250037],[-46.459687805204595,-23.640993025250037],[-46.45973392510845,-23.6409278646084],[-46.45973392510845,-23.640862703966764],[-46.459780045012316,-23.640862703966764],[-46.45982616491617,-23.640862703966764],[-46.45987228482003,-23.640862703966764],[-46.45991840472389,-23.640862703966764],[-46.45991840472389,-23.640797543325128],[-46.45996452462774,-23.640797543325128],[-46.4600106445316,-23.640797543325128],[-46.4600106445316,-23.640732382683492],[-46.46005676443546,-23.640732382683492],[-46.460102884339314,-23.640732382683492],[-46.46014900424318,-23.640732382683492],[-46.460195124147035,-23.640732382683492],[-46.46024124405089,-23.640732382683492],[-46.46028736395475,-23.640732382683492],[-46.460333483858605,-23.640732382683492],[-46.460333483858605,-23.64066722204186],[-46.46037960376246,-23.64066722204186],[-46.46042572366632,-23.64066722204186],[-46.460471843570176,-23.64066722204186],[-46.46051796347404,-23.64066722204186],[-46.460564083377896,-23.640602061400223],[-46.46061020328175,-23.640602061400223],[-46.46065632318561,-23.640602061400223],[-46.46070244308947,-23.640602061400223],[-46.460748562993324,-23.640602061400223],[-46.460748562993324,-23.640536900758587],[-46.460748562993324,-23.64047174011695],[-46.46079468289718,-23.64047174011695],[-46.46079468289718,-23.640406579475314],[-46.46079468289718,-23.64034141883368],[-46.460748562993324,-23.64034141883368],[-46.46070244308947,-23.64034141883368],[-46.46065632318561,-23.64034141883368],[-46.46065632318561,-23.640276258192042],[-46.46070244308947,-23.640276258192042],[-46.460748562993324,-23.640276258192042],[-46.46079468289718,-23.640276258192042],[-46.46084080280104,-23.640276258192042],[-46.4608869227049,-23.640276258192042],[-46.4608869227049,-23.640211097550406],[-46.46093304260876,-23.640211097550406],[-46.46093304260876,-23.64014593690877],[-46.460979162512615,-23.64014593690877],[-46.46102528241647,-23.640080776267133],[-46.46107140232033,-23.6400156156255],[-46.461117522224185,-23.6400156156255],[-46.46116364212804,-23.6400156156255],[-46.46116364212804,-23.639950454983865],[-46.4612097620319,-23.639950454983865],[-46.46125588193576,-23.639950454983865],[-46.46130200183962,-23.639950454983865],[-46.46134812174348,-23.639950454983865],[-46.46134812174348,-23.6400156156255],[-46.461394241647334,-23.6400156156255],[-46.46144036155119,-23.6400156156255],[-46.46148648145505,-23.6400156156255],[-46.461532601358904,-23.6400156156255],[-46.46157872126276,-23.6400156156255],[-46.461624841166625,-23.6400156156255],[-46.461624841166625,-23.639950454983865],[-46.461624841166625,-23.63988529434223],[-46.46167096107048,-23.63988529434223],[-46.46171708097434,-23.639820133700592],[-46.461763200878195,-23.639820133700592],[-46.46180932078205,-23.639754973058956],[-46.46185544068591,-23.639754973058956],[-46.46185544068591,-23.63968981241732],[-46.461901560589766,-23.639624651775684],[-46.461901560589766,-23.639559491134047],[-46.46194768049362,-23.639559491134047],[-46.46199380039749,-23.63949433049241],[-46.46203992030134,-23.63949433049241],[-46.4620860402052,-23.63949433049241],[-46.46213216010906,-23.639429169850775],[-46.462178280012914,-23.639429169850775],[-46.46222439991677,-23.639364009209142],[-46.46227051982063,-23.639364009209142],[-46.462316639724484,-23.639364009209142],[-46.46236275962835,-23.639364009209142],[-46.462408879532205,-23.639364009209142],[-46.46245499943606,-23.639298848567506],[-46.46250111933992,-23.639298848567506],[-46.462547239243776,-23.639298848567506],[-46.46259335914763,-23.639298848567506],[-46.46263947905149,-23.639298848567506],[-46.462685598955346,-23.639298848567506],[-46.46273171885921,-23.639298848567506],[-46.46277783876307,-23.639298848567506],[-46.462823958666924,-23.639298848567506],[-46.46287007857078,-23.639298848567506],[-46.46287007857078,-23.63923368792587],[-46.46291619847464,-23.63923368792587],[-46.462962318378494,-23.639168527284234],[-46.46300843828235,-23.639168527284234],[-46.46305455818621,-23.639168527284234],[-46.46305455818621,-23.639103366642598],[-46.46310067809007,-23.63903820600096],[-46.46314679799393,-23.63903820600096],[-46.46323903780164,-23.638973045359325],[-46.46323903780164,-23.63890788471769],[-46.4632851577055,-23.63890788471769],[-46.4632851577055,-23.638842724076053],[-46.463331277609356,-23.638842724076053],[-46.46337739751321,-23.638842724076053],[-46.46342351741707,-23.638842724076053],[-46.46342351741707,-23.63890788471769],[-46.463469637320934,-23.63890788471769],[-46.46351575722479,-23.63890788471769],[-46.46356187712865,-23.638973045359325],[-46.463607997032504,-23.638973045359325],[-46.463607997032504,-23.63890788471769],[-46.46365411693636,-23.63890788471769],[-46.46370023684022,-23.63890788471769],[-46.46370023684022,-23.638842724076053],[-46.463746356744075,-23.638842724076053],[-46.46379247664794,-23.638842724076053],[-46.463838596551795,-23.638842724076053],[-46.46388471645565,-23.638842724076053],[-46.46388471645565,-23.638777563434417],[-46.46393083635951,-23.638777563434417],[-46.463976956263366,-23.638777563434417],[-46.46402307616722,-23.638777563434417],[-46.46406919607108,-23.638712402792784],[-46.46411531597494,-23.638712402792784],[-46.46411531597494,-23.638777563434417],[-46.46411531597494,-23.638842724076053],[-46.4641614358788,-23.638842724076053],[-46.46420755578266,-23.638842724076053],[-46.464253675686514,-23.638842724076053],[-46.46429979559037,-23.638842724076053],[-46.46429979559037,-23.638777563434417],[-46.46434591549423,-23.638777563434417],[-46.46434591549423,-23.638712402792784],[-46.464392035398085,-23.638712402792784],[-46.46443815530194,-23.638647242151148],[-46.4644842752058,-23.638647242151148],[-46.46453039510966,-23.638647242151148],[-46.46457651501352,-23.638647242151148],[-46.464622634917376,-23.638647242151148],[-46.46466875482123,-23.638647242151148],[-46.46471487472509,-23.638647242151148],[-46.464760994628946,-23.638647242151148],[-46.4648071145328,-23.638647242151148],[-46.46485323443666,-23.63858208150951],[-46.464899354340524,-23.63858208150951],[-46.46494547424438,-23.63858208150951],[-46.46499159414824,-23.63858208150951],[-46.465037714052094,-23.63858208150951],[-46.46508383395595,-23.63858208150951],[-46.46508383395595,-23.638647242151148],[-46.46512995385981,-23.638647242151148],[-46.465176073763665,-23.638647242151148],[-46.46522219366752,-23.638647242151148],[-46.46522219366752,-23.63858208150951],[-46.46522219366752,-23.638516920867875],[-46.465268313571386,-23.638516920867875],[-46.46531443347524,-23.63858208150951],[-46.4653605533791,-23.63858208150951],[-46.465406673282956,-23.63858208150951],[-46.465406673282956,-23.638516920867875],[-46.46545279318681,-23.638516920867875],[-46.46549891309067,-23.638516920867875],[-46.46549891309067,-23.63858208150951],[-46.46549891309067,-23.638516920867875],[-46.46554503299453,-23.638516920867875],[-46.465591152898384,-23.638516920867875],[-46.46563727280225,-23.638516920867875],[-46.465683392706104,-23.638516920867875],[-46.465683392706104,-23.63858208150951],[-46.46572951260996,-23.63858208150951],[-46.46572951260996,-23.638647242151148],[-46.46577563251382,-23.638647242151148],[-46.465821752417675,-23.638647242151148],[-46.465821752417675,-23.638712402792784],[-46.46586787232153,-23.638712402792784],[-46.46586787232153,-23.638777563434417],[-46.46586787232153,-23.638842724076053],[-46.46591399222539,-23.638842724076053],[-46.465960112129245,-23.638842724076053],[-46.46600623203311,-23.63890788471769],[-46.466052351936966,-23.63890788471769],[-46.46609847184082,-23.63890788471769],[-46.46609847184082,-23.638973045359325],[-46.46614459174468,-23.638973045359325],[-46.46619071164854,-23.63890788471769],[-46.46623683155239,-23.63890788471769],[-46.46628295145625,-23.63890788471769],[-46.46628295145625,-23.638842724076053],[-46.46632907136011,-23.638842724076053],[-46.46637519126397,-23.638842724076053],[-46.46637519126397,-23.638777563434417],[-46.46642131116783,-23.638777563434417],[-46.466467431071685,-23.638712402792784],[-46.46651355097554,-23.638712402792784],[-46.4665596708794,-23.638712402792784],[-46.4665596708794,-23.638647242151148],[-46.466605790783255,-23.63858208150951],[-46.46665191068711,-23.63858208150951],[-46.46669803059097,-23.63858208150951],[-46.46669803059097,-23.638516920867875],[-46.46674415049483,-23.638516920867875],[-46.46679027039869,-23.638516920867875],[-46.46683639030255,-23.638516920867875],[-46.4668825102064,-23.638516920867875],[-46.46692863011026,-23.63845176022624],[-46.46697475001412,-23.63845176022624],[-46.46697475001412,-23.638516920867875],[-46.467020869917974,-23.638516920867875],[-46.467020869917974,-23.63858208150951],[-46.46706698982183,-23.63858208150951],[-46.46706698982183,-23.638647242151148],[-46.467113109725695,-23.638647242151148],[-46.467113109725695,-23.638712402792784],[-46.46715922962955,-23.638712402792784],[-46.46715922962955,-23.638777563434417],[-46.46715922962955,-23.638842724076053],[-46.46715922962955,-23.63890788471769],[-46.46720534953341,-23.63890788471769],[-46.467251469437265,-23.63890788471769],[-46.46729758934112,-23.638973045359325],[-46.46734370924498,-23.638973045359325],[-46.46734370924498,-23.63890788471769],[-46.467389829148836,-23.63890788471769],[-46.46743594905269,-23.63890788471769],[-46.46743594905269,-23.638842724076053],[-46.467482068956556,-23.638842724076053],[-46.46752818886041,-23.638842724076053],[-46.46757430876427,-23.638842724076053],[-46.46757430876427,-23.63890788471769],[-46.46762042866813,-23.63890788471769],[-46.467666548571984,-23.63890788471769],[-46.467666548571984,-23.638842724076053],[-46.46771266847584,-23.638842724076053],[-46.4677587883797,-23.638842724076053],[-46.467804908283554,-23.638842724076053],[-46.46785102818742,-23.638842724076053],[-46.467897148091275,-23.638842724076053],[-46.46794326799513,-23.638842724076053],[-46.46798938789899,-23.638842724076053],[-46.468035507802846,-23.638842724076053],[-46.4680816277067,-23.638842724076053],[-46.46812774761056,-23.638842724076053],[-46.468173867514416,-23.638842724076053],[-46.46821998741828,-23.638842724076053],[-46.46826610732214,-23.638842724076053],[-46.468312227225994,-23.638842724076053],[-46.46835834712985,-23.638842724076053],[-46.46840446703371,-23.638842724076053],[-46.468450586937564,-23.638842724076053],[-46.46849670684142,-23.638842724076053],[-46.46854282674528,-23.638842724076053],[-46.46858894664914,-23.638842724076053],[-46.468635066553,-23.638842724076053],[-46.468681186456855,-23.638842724076053],[-46.46872730636071,-23.638842724076053],[-46.46877342626457,-23.638842724076053],[-46.46877342626457,-23.63890788471769],[-46.468819546168426,-23.63890788471769],[-46.46886566607228,-23.63890788471769],[-46.46891178597615,-23.63890788471769],[-46.46895790588,-23.63890788471769],[-46.46900402578386,-23.638842724076053],[-46.46905014568772,-23.638842724076053],[-46.469096265591574,-23.63890788471769],[-46.46914238549543,-23.63890788471769],[-46.46918850539929,-23.63890788471769],[-46.469234625303145,-23.63890788471769],[-46.46928074520701,-23.63890788471769],[-46.469326865110865,-23.63890788471769],[-46.46937298501472,-23.63890788471769],[-46.46941910491858,-23.63890788471769],[-46.469465224822436,-23.63890788471769],[-46.46951134472629,-23.63890788471769],[-46.46955746463015,-23.63890788471769],[-46.469603584534006,-23.63890788471769],[-46.46964970443787,-23.63890788471769],[-46.46969582434173,-23.63890788471769],[-46.469741944245584,-23.638842724076053],[-46.46978806414944,-23.638842724076053],[-46.4698341840533,-23.638842724076053],[-46.469880303957154,-23.638842724076053],[-46.46992642386101,-23.638842724076053],[-46.46997254376487,-23.638842724076053],[-46.47001866366873,-23.638842724076053],[-46.47006478357259,-23.638842724076053],[-46.470110903476446,-23.638842724076053],[-46.4701570233803,-23.638842724076053],[-46.47020314328416,-23.638777563434417],[-46.470249263188016,-23.638777563434417],[-46.47029538309187,-23.638777563434417],[-46.47034150299573,-23.638777563434417],[-46.470387622899594,-23.638777563434417],[-46.47043374280345,-23.638777563434417],[-46.47047986270731,-23.638777563434417],[-46.47057210251502,-23.638712402792784],[-46.47061822241888,-23.638712402792784],[-46.470664342322735,-23.638712402792784],[-46.47071046222659,-23.638712402792784],[-46.470756582130456,-23.638712402792784],[-46.47080270203431,-23.638712402792784],[-46.47084882193817,-23.638712402792784],[-46.470894941842026,-23.638712402792784],[-46.47094106174588,-23.638647242151148],[-46.47098718164974,-23.638647242151148],[-46.4710333015536,-23.638647242151148],[-46.47107942145745,-23.638647242151148],[-46.47112554136132,-23.638647242151148],[-46.471171661265174,-23.638647242151148],[-46.47126390107289,-23.638647242151148],[-46.4713561408806,-23.638647242151148],[-46.47140226078446,-23.638647242151148],[-46.471448380688315,-23.638647242151148],[-46.471448380688315,-23.638712402792784],[-46.47149450059218,-23.638712402792784],[-46.471540620496036,-23.638712402792784],[-46.47158674039989,-23.638712402792784],[-46.47163286030375,-23.638712402792784],[-46.47167898020761,-23.638712402792784],[-46.47172510011146,-23.638712402792784],[-46.47177122001532,-23.638712402792784],[-46.47181733991918,-23.638712402792784],[-46.47186345982304,-23.638712402792784],[-46.4719095797269,-23.638712402792784],[-46.4719095797269,-23.638777563434417],[-46.471955699630755,-23.638777563434417],[-46.47200181953461,-23.638777563434417],[-46.47204793943847,-23.638777563434417],[-46.472094059342325,-23.638777563434417],[-46.47214017924618,-23.638777563434417],[-46.47218629915004,-23.638777563434417],[-46.47218629915004,-23.638842724076053],[-46.4722324190539,-23.638842724076053],[-46.47227853895776,-23.638842724076053],[-46.47227853895776,-23.63890788471769],[-46.472324658861616,-23.63890788471769],[-46.47237077876547,-23.63890788471769],[-46.47241689866933,-23.63890788471769],[-46.47246301857319,-23.63890788471769],[-46.472509138477044,-23.63890788471769],[-46.472509138477044,-23.638842724076053],[-46.4725552583809,-23.638842724076053],[-46.472601378284764,-23.638842724076053],[-46.472601378284764,-23.638777563434417],[-46.47264749818862,-23.638777563434417],[-46.47264749818862,-23.638712402792784],[-46.47269361809248,-23.638712402792784],[-46.47269361809248,-23.638647242151148],[-46.472739737996335,-23.638647242151148],[-46.472739737996335,-23.63858208150951],[-46.47278585790019,-23.63858208150951],[-46.47278585790019,-23.638516920867875],[-46.47283197780405,-23.638516920867875],[-46.472878097707905,-23.638516920867875],[-46.472878097707905,-23.63845176022624],[-46.47292421761176,-23.63845176022624],[-46.472970337515626,-23.63845176022624],[-46.472970337515626,-23.638386599584603],[-46.47301645741948,-23.638386599584603],[-46.47306257732334,-23.638386599584603],[-46.47306257732334,-23.638321438942967],[-46.4731086972272,-23.638321438942967],[-46.473154817131054,-23.638321438942967],[-46.473154817131054,-23.63825627830133],[-46.47320093703491,-23.63825627830133],[-46.47324705693877,-23.63825627830133],[-46.47324705693877,-23.638191117659694],[-46.473293176842624,-23.638191117659694],[-46.473293176842624,-23.638125957018058],[-46.473293176842624,-23.638060796376422],[-46.47333929674649,-23.638060796376422],[-46.473385416650345,-23.638060796376422],[-46.473385416650345,-23.63799563573479],[-46.4734315365542,-23.63799563573479],[-46.4734315365542,-23.637930475093153],[-46.473385416650345,-23.637865314451517],[-46.473385416650345,-23.63780015380988],[-46.473385416650345,-23.637734993168245],[-46.4734315365542,-23.637734993168245],[-46.4734315365542,-23.63766983252661],[-46.47347765645806,-23.63766983252661],[-46.47347765645806,-23.637734993168245],[-46.473523776361915,-23.637734993168245],[-46.473523776361915,-23.63766983252661],[-46.47356989626577,-23.63766983252661],[-46.47361601616963,-23.63766983252661],[-46.47361601616963,-23.637604671884972],[-46.473662136073486,-23.637604671884972],[-46.47370825597735,-23.637539511243336],[-46.47375437588121,-23.637539511243336],[-46.47375437588121,-23.6374743506017],[-46.47380049578506,-23.6374743506017],[-46.47380049578506,-23.637409189960064],[-46.47380049578506,-23.63734402931843],[-46.47384661568892,-23.63734402931843],[-46.47384661568892,-23.637278868676795],[-46.47384661568892,-23.63721370803516],[-46.47380049578506,-23.63721370803516],[-46.47380049578506,-23.637148547393522],[-46.47375437588121,-23.637148547393522],[-46.47375437588121,-23.637083386751886],[-46.47370825597735,-23.637083386751886],[-46.47370825597735,-23.63701822611025],[-46.473662136073486,-23.63701822611025],[-46.473662136073486,-23.636953065468614],[-46.473662136073486,-23.636887904826978],[-46.47370825597735,-23.636887904826978],[-46.47370825597735,-23.63682274418534],[-46.47370825597735,-23.636757583543705],[-46.47375437588121,-23.636757583543705],[-46.47375437588121,-23.636692422902073],[-46.47375437588121,-23.636627262260436],[-46.47380049578506,-23.6365621016188],[-46.47380049578506,-23.636496940977164],[-46.47384661568892,-23.636496940977164],[-46.47384661568892,-23.636431780335528],[-46.47389273559278,-23.636431780335528],[-46.473938855496634,-23.636431780335528],[-46.473938855496634,-23.63636661969389],[-46.473938855496634,-23.636301459052255],[-46.47398497540049,-23.636301459052255],[-46.47398497540049,-23.63623629841062],[-46.474031095304355,-23.63623629841062],[-46.474031095304355,-23.636171137768983],[-46.474031095304355,-23.636105977127347],[-46.47407721520821,-23.636105977127347],[-46.47407721520821,-23.63604081648571],[-46.47412333511207,-23.63604081648571],[-46.47412333511207,-23.635975655844078],[-46.47412333511207,-23.63591049520244],[-46.474169455015925,-23.63591049520244],[-46.474169455015925,-23.635845334560805],[-46.47421557491978,-23.63578017391917],[-46.47426169482364,-23.635715013277533],[-46.47426169482364,-23.635649852635897],[-46.474307814727496,-23.63558469199426],[-46.474307814727496,-23.635519531352625],[-46.47435393463135,-23.635519531352625],[-46.47440005453522,-23.63545437071099],[-46.47444617443907,-23.635389210069352],[-46.47449229434293,-23.63532404942772],[-46.47453841424679,-23.635258888786083],[-46.474584534150644,-23.635258888786083],[-46.4746306540545,-23.635193728144447],[-46.474722893862214,-23.63512856750281],[-46.47476901376608,-23.63512856750281],[-46.47476901376608,-23.635063406861175],[-46.474815133669935,-23.635063406861175],[-46.47486125357379,-23.63499824621954],[-46.47490737347765,-23.63499824621954],[-46.474953493381506,-23.634933085577902],[-46.47499961328536,-23.634933085577902],[-46.47499961328536,-23.634867924936266],[-46.47504573318922,-23.634867924936266],[-46.475091853093076,-23.63480276429463],[-46.47513797299694,-23.634737603652994],[-46.4751840929008,-23.634737603652994],[-46.4751840929008,-23.63467244301136],[-46.475230212804654,-23.63467244301136],[-46.47527633270851,-23.634607282369725],[-46.47527633270851,-23.63454212172809],[-46.47532245261237,-23.634476961086452],[-46.47532245261237,-23.634411800444816],[-46.475368572516224,-23.63434663980318],[-46.47541469242008,-23.634281479161544],[-46.47541469242008,-23.634216318519908],[-46.47546081232394,-23.63415115787827],[-46.47546081232394,-23.634085997236635],[-46.4755069322278,-23.634020836595],[-46.4755069322278,-23.633955675953366],[-46.47555305213166,-23.63389051531173],[-46.475599172035515,-23.633825354670094],[-46.475599172035515,-23.633760194028458],[-46.475599172035515,-23.63369503338682],[-46.47564529193937,-23.633629872745185],[-46.47564529193937,-23.63356471210355],[-46.47569141184323,-23.63356471210355],[-46.47564529193937,-23.63356471210355],[-46.47564529193937,-23.633499551461913],[-46.475599172035515,-23.633434390820277],[-46.475599172035515,-23.63336923017864],[-46.47555305213166,-23.63336923017864],[-46.47555305213166,-23.633304069537008],[-46.47555305213166,-23.633238908895372],[-46.4755069322278,-23.633238908895372],[-46.47555305213166,-23.633173748253736],[-46.475599172035515,-23.633043426970463],[-46.47564529193937,-23.633043426970463],[-46.47564529193937,-23.632978266328827],[-46.47569141184323,-23.63291310568719],[-46.475737531747086,-23.632847945045555],[-46.475737531747086,-23.63278278440392],[-46.475737531747086,-23.632717623762282],[-46.475737531747086,-23.63265246312065],[-46.47569141184323,-23.632587302479013],[-46.47569141184323,-23.632522141837377],[-46.47569141184323,-23.63245698119574],[-46.47569141184323,-23.632391820554105],[-46.47569141184323,-23.632196338629196],[-46.47569141184323,-23.63213117798756],[-46.47569141184323,-23.632066017345924],[-46.47569141184323,-23.632000856704288],[-46.47569141184323,-23.63187053542102],[-46.47569141184323,-23.631805374779383],[-46.47569141184323,-23.631740214137746],[-46.47569141184323,-23.63167505349611],[-46.47569141184323,-23.631609892854474],[-46.47569141184323,-23.6314795715712],[-46.475737531747086,-23.6314795715712],[-46.475737531747086,-23.631414410929565],[-46.47578365165094,-23.63134925028793],[-46.4758297715548,-23.631284089646297],[-46.4758297715548,-23.63121892900466],[-46.47578365165094,-23.631153768363024],[-46.475737531747086,-23.631088607721388],[-46.47569141184323,-23.631088607721388],[-46.47569141184323,-23.63102344707975],[-46.47564529193937,-23.63102344707975],[-46.47564529193937,-23.630958286438116],[-46.475599172035515,-23.630958286438116],[-46.475599172035515,-23.63089312579648],[-46.475599172035515,-23.630827965154843],[-46.47564529193937,-23.630827965154843],[-46.47569141184323,-23.630827965154843],[-46.475737531747086,-23.630762804513207],[-46.47578365165094,-23.630762804513207],[-46.47578365165094,-23.63069764387157],[-46.47578365165094,-23.630632483229938],[-46.4758297715548,-23.630632483229938],[-46.4758297715548,-23.630567322588302],[-46.47592201136252,-23.630502161946666],[-46.47596813126638,-23.63043700130503],[-46.47596813126638,-23.630371840663393],[-46.476014251170234,-23.630371840663393],[-46.47606037107409,-23.630306680021757],[-46.476244850689525,-23.630176358738485],[-46.476244850689525,-23.63011119809685],[-46.47629097059338,-23.63011119809685],[-46.47633709049724,-23.630046037455212],[-46.476383210401096,-23.630046037455212],[-46.47642933030495,-23.630046037455212],[-46.47647545020881,-23.630046037455212],[-46.476521570112666,-23.629980876813576],[-46.47656769001652,-23.629980876813576],[-46.47656769001652,-23.629915716171944],[-46.47661380992039,-23.629915716171944],[-46.476659929824244,-23.629850555530307],[-46.4767060497281,-23.629850555530307],[-46.4767060497281,-23.62978539488867],[-46.47675216963196,-23.62978539488867],[-46.47675216963196,-23.629720234247035],[-46.47675216963196,-23.6296550736054],[-46.47675216963196,-23.629589912963763],[-46.47675216963196,-23.629524752322126],[-46.476798289535814,-23.629394431038854],[-46.47684440943967,-23.629264109755585],[-46.47689052934353,-23.629264109755585],[-46.47689052934353,-23.62919894911395],[-46.47689052934353,-23.629133788472313],[-46.476936649247385,-23.629133788472313],[-46.476936649247385,-23.629068627830677],[-46.476936649247385,-23.62900346718904],[-46.47698276915125,-23.62900346718904],[-46.47698276915125,-23.628938306547404],[-46.47698276915125,-23.628873145905768],[-46.47707500895896,-23.628742824622496],[-46.47712112886282,-23.628612503339227],[-46.47721336867053,-23.628351860772682],[-46.47725948857439,-23.628156378847773],[-46.47725948857439,-23.628091218206137],[-46.47730560847825,-23.6280260575645],[-46.47730560847825,-23.627895736281232],[-46.47730560847825,-23.62776541499796],[-46.47735172838211,-23.62756993307305],[-46.47735172838211,-23.627374451148142],[-46.47739784828597,-23.627309290506506],[-46.47739784828597,-23.627178969223237],[-46.47739784828597,-23.62698348729833],[-46.47739784828597,-23.626853166015056],[-46.47739784828597,-23.626657684090148],[-46.47739784828597,-23.62652736280688],[-46.47739784828597,-23.626462202165243],[-46.47739784828597,-23.626397041523607],[-46.47739784828597,-23.626266720240334],[-46.477443968189824,-23.626136398957062],[-46.477443968189824,-23.626071238315426],[-46.47749008809368,-23.62600607767379],[-46.47753620799754,-23.62600607767379],[-46.477582327901395,-23.625940917032153],[-46.47776680751683,-23.62587575639052],[-46.4779051672284,-23.62587575639052],[-46.47799740703611,-23.625810595748884],[-46.47818188665155,-23.62574543510725],[-46.478366366266975,-23.625680274465612],[-46.478458606074696,-23.625615113823976],[-46.47850472597855,-23.625615113823976],[-46.47855084588241,-23.625615113823976],[-46.47859696578627,-23.625615113823976],[-46.47882756530556,-23.625615113823976],[-46.47891980511327,-23.625615113823976],[-46.479012044920985,-23.625615113823976],[-46.4791042847287,-23.625615113823976],[-46.47915040463256,-23.62554995318234],[-46.47919652453642,-23.62554995318234],[-46.479242644440276,-23.62554995318234],[-46.47928876434413,-23.62554995318234],[-46.479427124055704,-23.625419631899067],[-46.47974996338271,-23.625289310615795],[-46.47993444299814,-23.625158989332526],[-46.48002668280586,-23.625158989332526],[-46.480072802709714,-23.62509382869089],[-46.48011892261357,-23.62509382869089],[-46.48016504251743,-23.62509382869089],[-46.48039564203672,-23.624963507407617],[-46.48062624155601,-23.624702864841073],[-46.48090296097915,-23.624507382916168],[-46.48094908088301,-23.624507382916168],[-46.481225800306156,-23.62431190099126],[-46.48136416001773,-23.62411641906635],[-46.48136416001773,-23.624051258424714],[-46.48145639982545,-23.623920937141442],[-46.48168699934473,-23.623595133933264],[-46.48168699934473,-23.623529973291628],[-46.48191759886402,-23.6236602945749],[-46.48210207847946,-23.623725455216537],[-46.48219431828717,-23.623725455216537],[-46.48219431828717,-23.623790615858173],[-46.48224043819103,-23.623790615858173],[-46.4823787979026,-23.62385577649981],[-46.482424917806455,-23.623790615858173],[-46.482517157614176,-23.623790615858173],[-46.48256327751803,-23.623790615858173],[-46.4827016372296,-23.623790615858173],[-46.48274775713346,-23.623725455216537],[-46.48283999694118,-23.623725455216537],[-46.48297835665275,-23.6236602945749],[-46.48302447655661,-23.6236602945749],[-46.483070596460465,-23.6236602945749],[-46.48316283626818,-23.6236602945749],[-46.4832550760759,-23.623725455216537],[-46.483301195979756,-23.623790615858173],[-46.48334731588361,-23.623790615858173],[-46.48334731588361,-23.62385577649981],[-46.48339343578747,-23.62385577649981],[-46.48348567559518,-23.62385577649981],[-46.48367015521062,-23.623920937141442],[-46.483716275114475,-23.623920937141442],[-46.4839007547299,-23.623986097783078],[-46.483946874633766,-23.623986097783078],[-46.48399299453762,-23.623986097783078],[-46.48403911444148,-23.623986097783078],[-46.48403911444148,-23.623920937141442],[-46.48399299453762,-23.623725455216537],[-46.483946874633766,-23.623595133933264],[-46.483946874633766,-23.623464812649992],[-46.4839007547299,-23.623269330725083],[-46.483854634826045,-23.62307384880018],[-46.48380851492219,-23.623008688158542],[-46.48380851492219,-23.62287836687527],[-46.48380851492219,-23.622748045591997],[-46.48380851492219,-23.622617724308725],[-46.48380851492219,-23.622552563667092],[-46.48380851492219,-23.622487403025456],[-46.48376239501833,-23.62242224238382],[-46.483716275114475,-23.622291921100548],[-46.483716275114475,-23.622161599817275],[-46.48367015521062,-23.622031278534003],[-46.48362403530676,-23.62190095725073],[-46.483577915402904,-23.62177063596746],[-46.48348567559518,-23.621575154042553],[-46.48348567559518,-23.62144483275928],[-46.48343955569133,-23.621379672117644],[-46.48343955569133,-23.621314511476008],[-46.48343955569133,-23.621249350834372],[-46.48343955569133,-23.62118419019274],[-46.48343955569133,-23.621119029551103],[-46.48343955569133,-23.621053868909467],[-46.48343955569133,-23.62098870826783],[-46.48348567559518,-23.620793226342922],[-46.48353179549904,-23.62066290505965],[-46.48353179549904,-23.620597744418014],[-46.483577915402904,-23.62053258377638],[-46.483577915402904,-23.620467423134745],[-46.48362403530676,-23.62040226249311],[-46.48362403530676,-23.620337101851472],[-46.48362403530676,-23.620271941209836],[-46.48362403530676,-23.6202067805682],[-46.48362403530676,-23.62001129864329],[-46.48362403530676,-23.619815816718386],[-46.48362403530676,-23.619685495435114],[-46.48362403530676,-23.619490013510205],[-46.48362403530676,-23.619294531585297],[-46.48362403530676,-23.61922937094366],[-46.48362403530676,-23.61909904966039],[-46.48362403530676,-23.619033889018755],[-46.48362403530676,-23.61896872837712],[-46.48367015521062,-23.618903567735483],[-46.483716275114475,-23.61877324645221],[-46.48376239501833,-23.61864292516894],[-46.48380851492219,-23.618577764527302],[-46.48380851492219,-23.61851260388567],[-46.483854634826045,-23.618447443244033],[-46.483854634826045,-23.618382282602397],[-46.483854634826045,-23.61831712196076],[-46.483854634826045,-23.618251961319125],[-46.483854634826045,-23.61818680067749],[-46.483854634826045,-23.618121640035852],[-46.48380851492219,-23.61799131875258],[-46.48380851492219,-23.617795836827675],[-46.48376239501833,-23.617665515544402],[-46.483716275114475,-23.61753519426113],[-46.483716275114475,-23.617470033619494],[-46.483716275114475,-23.617404872977858],[-46.483716275114475,-23.61733971233622],[-46.48376239501833,-23.617274551694585],[-46.48376239501833,-23.61720939105295],[-46.48380851492219,-23.617144230411316],[-46.4839007547299,-23.617013909128044],[-46.483946874633766,-23.61688358784477],[-46.48399299453762,-23.6167532665615],[-46.484085234345336,-23.616622945278227],[-46.484085234345336,-23.61655778463659],[-46.48417747415305,-23.61642746335332],[-46.48426971396077,-23.616231981428413],[-46.48431583386463,-23.61610166014514],[-46.484361953768484,-23.616036499503505],[-46.48454643338391,-23.615906178220232],[-46.48463867319163,-23.615775856936963],[-46.48468479309549,-23.61564553565369],[-46.484730912999346,-23.61564553565369],[-46.484730912999346,-23.615580375012055],[-46.4847770329032,-23.615580375012055],[-46.4847770329032,-23.615450053728782],[-46.48482315280706,-23.61531973244551],[-46.48486927271092,-23.615124250520605],[-46.484915392614774,-23.614993929237333],[-46.48496151251863,-23.614798447312424],[-46.485007632422494,-23.61466812602915],[-46.48505375232635,-23.614472644104247],[-46.48509987223021,-23.614277162179338],[-46.485145992134065,-23.614146840896066],[-46.48519211203792,-23.613951358971157],[-46.48523823194178,-23.613755877046252],[-46.48533047174949,-23.61362555576298],[-46.48533047174949,-23.613495234479707],[-46.485376591653356,-23.613364913196435],[-46.485376591653356,-23.6132997525548],[-46.48542271155721,-23.613104270629893],[-46.48546883146107,-23.61297394934662],[-46.48551495136493,-23.612778467421712],[-46.48556107126878,-23.612582985496804],[-46.48560719117264,-23.612452664213535],[-46.48560719117264,-23.612322342930263],[-46.4856533110765,-23.612126861005354],[-46.485699430980354,-23.612126861005354],[-46.48574555088422,-23.611931379080445],[-46.485791670788075,-23.611801057797177],[-46.48583779069193,-23.611605575872268],[-46.48588391059579,-23.61141009394736],[-46.485930030499645,-23.611279772664087],[-46.485930030499645,-23.61121461202245],[-46.4859761504035,-23.611084290739182],[-46.4859761504035,-23.611019130097546],[-46.48602227030736,-23.610888808814273],[-46.486068390211216,-23.610693326889365],[-46.486068390211216,-23.61062816624773],[-46.48602227030736,-23.61062816624773],[-46.4859761504035,-23.610563005606092],[-46.48588391059579,-23.610563005606092],[-46.485791670788075,-23.610497844964456],[-46.48574555088422,-23.610497844964456],[-46.485699430980354,-23.610497844964456],[-46.4856533110765,-23.610497844964456],[-46.48556107126878,-23.610432684322824],[-46.48551495136493,-23.610432684322824],[-46.48542271155721,-23.610432684322824],[-46.485284351845635,-23.610432684322824],[-46.485145992134065,-23.610432684322824],[-46.485007632422494,-23.610432684322824],[-46.48496151251863,-23.610432684322824],[-46.484915392614774,-23.610432684322824],[-46.484730912999346,-23.610497844964456],[-46.48468479309549,-23.610497844964456],[-46.48454643338391,-23.610563005606092],[-46.48454643338391,-23.61062816624773],[-46.484500313480055,-23.61062816624773],[-46.4844541935762,-23.61062816624773],[-46.484500313480055,-23.61030236303955],[-46.48459255328777,-23.609911399189734],[-46.48482315280706,-23.608868828923562],[-46.48496151251863,-23.60828238314884],[-46.48533047174949,-23.607826258657386],[-46.4856533110765,-23.60750045544921],[-46.48588391059579,-23.607174652241028],[-46.48629898973051,-23.606914009674487],[-46.48662182905751,-23.60684884903285],[-46.48694466838452,-23.606783688391214],[-46.487221387807665,-23.60684884903285],[-46.487498107230806,-23.606914009674487],[-46.4880515460771,-23.60704433095776],[-46.48869722473111,-23.607174652241028],[-46.48911230386583,-23.6073049735243],[-46.48975798251984,-23.607435294807573],[-46.49017306165456,-23.607565616090845],[-46.490495900981564,-23.60763077673248],[-46.49104933982785,-23.607761098015754],[-46.491648898578006,-23.607891419299023],[-46.49275577627059,-23.608152061865567],[-46.493263095213024,-23.608217222507204],[-46.49538461079048,-23.608999150206834],[-46.495476850598195,-23.608999150206834],[-46.49603028944449,-23.60919463213174],[-46.49658372829078,-23.60952043533992],[-46.49764448607951,-23.609911399189734],[-46.49838240454123,-23.61017204175628],[-46.49879748367595,-23.610367523681187],[-46.498889723483664,-23.609585595981557],[-46.49884360357981,-23.609585595981557],[-46.498751363772094,-23.60952043533992],[-46.49870524386824,-23.609455274698284],[-46.49861300406052,-23.609390114056648],[-46.4985207642528,-23.609324953415012],[-46.498474644348946,-23.609259792773376],[-46.49838240454123,-23.60919463213174],[-46.49829016473352,-23.60906431084847],[-46.498197924925805,-23.608999150206834],[-46.49815180502194,-23.608933989565198],[-46.49801344531037,-23.608803668281926],[-46.4978750855988,-23.608673346998653],[-46.49782896569494,-23.608608186357017],[-46.49778284579108,-23.60854302571538],[-46.497690605983365,-23.608477865073745],[-46.49764448607951,-23.608412704432112],[-46.49759836617565,-23.60828238314884],[-46.497552246271795,-23.608217222507204],[-46.49750612636794,-23.60808690122393],[-46.49746000646408,-23.608021740582295],[-46.49746000646408,-23.60795657994066],[-46.49741388656022,-23.607826258657386],[-46.49736776665636,-23.607695937374118],[-46.4973216467525,-23.60763077673248],[-46.4973216467525,-23.607565616090845],[-46.4973216467525,-23.60750045544921],[-46.49727552684865,-23.607370134165937],[-46.49727552684865,-23.6073049735243],[-46.49722940694479,-23.607174652241028],[-46.49722940694479,-23.60704433095776],[-46.49718328704093,-23.606979170316123],[-46.49718328704093,-23.606914009674487],[-46.497137167137076,-23.606783688391214],[-46.49709104723322,-23.606588206466306],[-46.49709104723322,-23.60652304582467],[-46.497044927329355,-23.6063927245414],[-46.4969988074255,-23.606197242616492],[-46.49695268752164,-23.606001760691584],[-46.49695268752164,-23.605936600049947],[-46.496906567617785,-23.605741118125042],[-46.49686044771393,-23.60561079684177],[-46.49686044771393,-23.605545636200134],[-46.49681432781007,-23.605350154275225],[-46.496768207906214,-23.605154672350317],[-46.49672208800236,-23.605089511708684],[-46.496675968098494,-23.60495919042541],[-46.49662984819464,-23.604763708500503],[-46.49662984819464,-23.604698547858867],[-46.49662984819464,-23.60463338721723],[-46.49658372829078,-23.604503065933958],[-46.49658372829078,-23.604437905292322],[-46.49658372829078,-23.60437274465069],[-46.49658372829078,-23.604307584009053],[-46.49658372829078,-23.604242423367417],[-46.49662984819464,-23.604112102084144],[-46.49662984819464,-23.603981780800872],[-46.496675968098494,-23.603916620159236],[-46.49672208800236,-23.603786298875963],[-46.49672208800236,-23.603655977592695],[-46.49681432781007,-23.603525656309422],[-46.49686044771393,-23.60339533502615],[-46.49686044771393,-23.603330174384514],[-46.496906567617785,-23.603265013742877],[-46.496906567617785,-23.60319985310124],[-46.4969988074255,-23.603004371176336],[-46.496768207906214,-23.601896640268524],[-46.496675968098494,-23.600854070002352],[-46.49658372829078,-23.600202463585994],[-46.49639924867535,-23.59929021460309],[-46.496491488483066,-23.59929021460309],[-46.49639924867535,-23.599094732678182],[-46.49630700886763,-23.598964411394913],[-46.49621476905992,-23.59883409011164],[-46.49616864915606,-23.59870376882837],[-46.49607640934835,-23.598573447545096],[-46.49603028944449,-23.598443126261824],[-46.49593804963677,-23.59824764433692],[-46.49589192973291,-23.598117323053646],[-46.495845809829056,-23.59805216241201],[-46.4957996899252,-23.5978566804871],[-46.49575357002134,-23.59772635920383],[-46.495707450117486,-23.59759603792056],[-46.49566133021363,-23.597530877278924],[-46.49566133021363,-23.597465716637288],[-46.49561521030977,-23.59727023471238],[-46.49556909040591,-23.597205074070743],[-46.49556909040591,-23.597139913429107],[-46.49552297050205,-23.596944431504202],[-46.495476850598195,-23.59681411022093],[-46.49543073069434,-23.596683788937657],[-46.49538461079048,-23.59648830701275],[-46.49538461079048,-23.596292825087843],[-46.49538461079048,-23.596227664446207],[-46.49538461079048,-23.59616250380457],[-46.495338490886624,-23.595967021879662],[-46.495338490886624,-23.595901861238026],[-46.495338490886624,-23.595771539954754],[-46.495338490886624,-23.595706379313118],[-46.495338490886624,-23.595445736746576],[-46.49538461079048,-23.595445736746576],[-46.49543073069434,-23.595445736746576],[-46.49556909040591,-23.595445736746576],[-46.49566133021363,-23.595445736746576],[-46.495707450117486,-23.595445736746576],[-46.4957996899252,-23.595445736746576],[-46.496122529252204,-23.59538057610494],[-46.49616864915606,-23.59538057610494],[-46.496353128771496,-23.59538057610494],[-46.49639924867535,-23.59538057610494],[-46.49644536857921,-23.59538057610494],[-46.49653760838692,-23.595445736746576],[-46.49662984819464,-23.595510897388213],[-46.496675968098494,-23.595510897388213],[-46.49681432781007,-23.595510897388213],[-46.49695268752164,-23.595510897388213],[-46.4969988074255,-23.59557605802985],[-46.497044927329355,-23.595510897388213],[-46.497137167137076,-23.595706379313118],[-46.497137167137076,-23.595771539954754],[-46.49718328704093,-23.59583670059639],[-46.49722940694479,-23.595901861238026],[-46.49722940694479,-23.595967021879662],[-46.49736776665636,-23.5960321825213],[-46.49736776665636,-23.596097343162935],[-46.49741388656022,-23.596097343162935],[-46.49746000646408,-23.59616250380457],[-46.49750612636794,-23.59616250380457],[-46.49750612636794,-23.596227664446207],[-46.49764448607951,-23.596357985729476],[-46.497690605983365,-23.596357985729476],[-46.49778284579108,-23.59648830701275],[-46.4978750855988,-23.59661862829602],[-46.49792120550266,-23.59661862829602],[-46.49796732540651,-23.596683788937657],[-46.49805956521423,-23.596748949579293],[-46.498105685118084,-23.596748949579293],[-46.49815180502194,-23.596748949579293],[-46.498197924925805,-23.596748949579293],[-46.49824404482966,-23.596748949579293],[-46.49838240454123,-23.59681411022093],[-46.49842852444509,-23.59681411022093],[-46.49893584338753,-23.597009592145838],[-46.498981963291385,-23.597009592145838],[-46.49916644290681,-23.596944431504202],[-46.49921256281067,-23.596944431504202],[-46.49935092252225,-23.596944431504202],[-46.49948928223382,-23.596879270862566],[-46.499627641945395,-23.59681411022093],[-46.49981212156082,-23.59681411022093],[-46.49985824146468,-23.596748949579293],[-46.49995048127239,-23.596748949579293],[-46.50004272108011,-23.596683788937657],[-46.50008884098397,-23.596683788937657],[-46.5002733205994,-23.59661862829602],[-46.500319440503254,-23.59661862829602],[-46.50045780021483,-23.596553467654385],[-46.50050392011869,-23.59661862829602],[-46.50050392011869,-23.596683788937657],[-46.500550040022546,-23.596748949579293],[-46.5005961599264,-23.59681411022093],[-46.50064227983026,-23.596879270862566],[-46.500688399734116,-23.597009592145838],[-46.500826759445694,-23.596944431504202],[-46.50091899925341,-23.596879270862566],[-46.50101123906112,-23.59681411022093],[-46.501195718676556,-23.596748949579293],[-46.50128795848427,-23.596748949579293],[-46.50138019829198,-23.596683788937657],[-46.50156467790742,-23.59661862829602],[-46.50165691771513,-23.59661862829602],[-46.501749157522845,-23.596553467654385],[-46.50193363713828,-23.59648830701275],[-46.50202587694599,-23.596423146371112],[-46.50216423665756,-23.596357985729476],[-46.502348716273,-23.596292825087843],[-46.50257931579229,-23.596227664446207],[-46.5026715556,-23.5960321825213],[-46.50271767550386,-23.595901861238026],[-46.50280991531157,-23.595706379313118],[-46.50290215511929,-23.59557605802985],[-46.50290215511929,-23.595510897388213],[-46.503040514830865,-23.595315415463304],[-46.50322499444629,-23.595250254821668],[-46.50331723425401,-23.59518509418003],[-46.503409474061726,-23.595119933538395],[-46.503593953677154,-23.59505477289676],[-46.50373231338873,-23.594989612255127],[-46.504377992042734,-23.594728969688582],[-46.504470231850455,-23.594663809046946],[-46.504608591562025,-23.59459864840531],[-46.50465471146588,-23.59459864840531],[-46.50479307117746,-23.594533487763673],[-46.50497755079289,-23.594468327122037],[-46.505023670696744,-23.5944031664804],[-46.50520815031218,-23.594338005838765],[-46.50530039011989,-23.594272845197132],[-46.505392629927606,-23.594272845197132],[-46.505392629927606,-23.594207684555496],[-46.50548486973533,-23.594207684555496],[-46.50557710954304,-23.594207684555496],[-46.5056232294469,-23.59414252391386],[-46.50571546925461,-23.59414252391386],[-46.505807709062324,-23.594077363272223],[-46.505899948870045,-23.594012202630587],[-46.506176668293186,-23.59394704198895],[-46.506453387716334,-23.59381672070568],[-46.50663786733177,-23.593751560064042],[-46.506822346947196,-23.593621238780774],[-46.506960706658774,-23.593621238780774],[-46.506960706658774,-23.5934909174975],[-46.506960706658774,-23.593295435572593],[-46.506960706658774,-23.59316511428932],[-46.506960706658774,-23.592774150439507],[-46.50700682656263,-23.59251350787296],[-46.50700682656263,-23.592448347231326],[-46.50700682656263,-23.592187704664784],[-46.50700682656263,-23.592122544023148],[-46.50700682656263,-23.59173158017333],[-46.50700682656263,-23.591405776965154],[-46.50700682656263,-23.59127545568188],[-46.50700682656263,-23.591079973756973],[-46.50700682656263,-23.590949652473704],[-46.50700682656263,-23.590623849265523],[-46.506960706658774,-23.59049352798225],[-46.506960706658774,-23.59029804605734],[-46.506960706658774,-23.590167724774073],[-46.506960706658774,-23.5900374034908],[-46.50700682656263,-23.589972242849164],[-46.506960706658774,-23.589776760924256],[-46.506960706658774,-23.589646439640983],[-46.50691458675491,-23.589646439640983],[-46.50691458675491,-23.589516118357714],[-46.50686846685105,-23.58945095771608],[-46.506822346947196,-23.589385797074442],[-46.506822346947196,-23.589320636432806],[-46.50677622704334,-23.58925547579117],[-46.50677622704334,-23.589190315149533],[-46.506683987235625,-23.58905999386626],[-46.50663786733177,-23.589125154507897],[-46.50659174742791,-23.58905999386626],[-46.50654562752405,-23.589125154507897],[-46.50654562752405,-23.58905999386626],[-46.50649950762019,-23.588994833224625],[-46.50636114790862,-23.58879935129972],[-46.50626890810091,-23.588734190658084],[-46.506176668293186,-23.588538708733175],[-46.506038308581616,-23.588343226808266],[-46.50599218867776,-23.58827806616663],[-46.5059460687739,-23.588212905524998],[-46.505899948870045,-23.58814774488336],[-46.50585382896619,-23.588082584241725],[-46.50585382896619,-23.58801742360009],[-46.505807709062324,-23.58801742360009],[-46.505807709062324,-23.587952262958453],[-46.50576158915847,-23.587952262958453],[-46.505669349350754,-23.587756781033544],[-46.5056232294469,-23.587756781033544],[-46.50553098963918,-23.58756129910864],[-46.50548486973533,-23.587496138467003],[-46.50543874983146,-23.587496138467003],[-46.505392629927606,-23.58736581718373],[-46.50534651002375,-23.58736581718373],[-46.50530039011989,-23.587235495900458],[-46.50520815031218,-23.587105174617186],[-46.50516203040832,-23.58704001397555],[-46.505115910504465,-23.58690969269228],[-46.5050697906006,-23.58677937140901],[-46.50497755079289,-23.586649050125736],[-46.50497755079289,-23.586518728842464],[-46.50493143088903,-23.58638840755919],[-46.50488531098517,-23.58625808627592],[-46.50488531098517,-23.58612776499265],[-46.50488531098517,-23.586062604351014],[-46.50488531098517,-23.585867122426105],[-46.50488531098517,-23.58580196178447],[-46.50488531098517,-23.585736801142833],[-46.50488531098517,-23.58560647985956],[-46.50488531098517,-23.585541319217928],[-46.50488531098517,-23.585410997934655],[-46.50488531098517,-23.585215516009747],[-46.50488531098517,-23.585020034084838],[-46.50488531098517,-23.584954873443202],[-46.50488531098517,-23.58488971280157],[-46.50483919108132,-23.584759391518297],[-46.50483919108132,-23.58469423087666],[-46.50479307117746,-23.58456390959339],[-46.504746951273596,-23.584498748951752],[-46.50470083136974,-23.58436842766848],[-46.50465471146588,-23.584303267026844],[-46.50465471146588,-23.58423810638521],[-46.50456247165817,-23.58410778510194],[-46.504470231850455,-23.583977463818666],[-46.5044241119466,-23.583847142535394],[-46.504377992042734,-23.58371682125212],[-46.50428575223502,-23.58358649996885],[-46.50419351242731,-23.583391018043944],[-46.50414739252345,-23.583391018043944],[-46.50410127261959,-23.58326069676067],[-46.504055152715736,-23.583195536119035],[-46.503962912908015,-23.583065214835763],[-46.50391679300416,-23.58293489355249],[-46.503824553196445,-23.58280457226922],[-46.50373231338873,-23.582609090344313],[-46.50364007358101,-23.58247876906104],[-46.5035478337733,-23.58234844777777],[-46.50350171386944,-23.582283287136132],[-46.503409474061726,-23.582087805211227],[-46.50336335415787,-23.582087805211227],[-46.50327111435015,-23.581957483927955],[-46.503178874542435,-23.581827162644682],[-46.50313275463858,-23.58169684136141],[-46.503040514830865,-23.581566520078137],[-46.50290215511929,-23.58143619879487],[-46.50280991531157,-23.581305877511596],[-46.50271767550386,-23.581175556228324],[-46.50257931579229,-23.580980074303415],[-46.50248707598457,-23.580849753020146],[-46.502394836176855,-23.58078459237851],[-46.50230259636914,-23.5805891104536],[-46.50221035656143,-23.580523949811965],[-46.50216423665756,-23.58045878917033],[-46.50207199684985,-23.580393628528693],[-46.50202587694599,-23.58026330724542],[-46.50193363713828,-23.580067825320516],[-46.50188751723442,-23.58000266467888],[-46.50188751723442,-23.579937504037243],[-46.501841397330566,-23.579872343395607],[-46.501841397330566,-23.57980718275397],[-46.501841397330566,-23.5796768614707],[-46.501841397330566,-23.579481379545793],[-46.501841397330566,-23.579416218904157],[-46.501841397330566,-23.57935105826252],[-46.50188751723442,-23.579285897620885],[-46.50188751723442,-23.57922073697925],[-46.50188751723442,-23.579155576337612],[-46.50193363713828,-23.579090415695976],[-46.50193363713828,-23.578960094412704],[-46.501979757042136,-23.5787646124878],[-46.50202587694599,-23.578634291204526],[-46.50202587694599,-23.57856913056289],[-46.50207199684985,-23.57837364863798],[-46.50211811675371,-23.57824332735471],[-46.50216423665756,-23.578047845429804],[-46.50221035656143,-23.577852363504896],[-46.502256476465284,-23.577722042221623],[-46.502256476465284,-23.57759172093835],[-46.50230259636914,-23.577396239013446],[-46.502348716273,-23.577265917730173],[-46.502348716273,-23.577200757088537],[-46.502348716273,-23.5771355964469],[-46.502394836176855,-23.577070435805265],[-46.502394836176855,-23.57700527516363],[-46.502394836176855,-23.576940114521992],[-46.502394836176855,-23.576874953880356],[-46.502394836176855,-23.576809793238724],[-46.502394836176855,-23.576744632597087],[-46.502394836176855,-23.576614311313815],[-46.502348716273,-23.576614311313815],[-46.502256476465284,-23.576483990030543],[-46.50216423665756,-23.576418829388906],[-46.50207199684985,-23.57635366874727],[-46.50193363713828,-23.576223347463998],[-46.50188751723442,-23.576223347463998],[-46.501841397330566,-23.576288508105634],[-46.501749157522845,-23.576418829388906],[-46.501610797811274,-23.576483990030543],[-46.50151855800356,-23.576614311313815],[-46.50142631819584,-23.57667947195545],[-46.50128795848427,-23.576809793238724],[-46.501195718676556,-23.576874953880356],[-46.50110347886884,-23.576940114521992],[-46.50101123906112,-23.577070435805265],[-46.50087287934955,-23.5771355964469],[-46.50078063954184,-23.577265917730173],[-46.500688399734116,-23.577265917730173],[-46.5005961599264,-23.57733107837181],[-46.5005961599264,-23.577396239013446],[-46.500550040022546,-23.577396239013446],[-46.50050392011869,-23.577461399655082],[-46.500411680310975,-23.577526560296718],[-46.5002733205994,-23.57759172093835],[-46.50013496088783,-23.577656881579987],[-46.50004272108011,-23.577722042221623],[-46.499904361368536,-23.57778720286326],[-46.499766001656965,-23.57791752414653],[-46.499627641945395,-23.577982684788168],[-46.49944316232996,-23.578047845429804],[-46.49935092252225,-23.578047845429804],[-46.49921256281067,-23.57811300607144],[-46.499120323002956,-23.578178166713077],[-46.498981963291385,-23.57824332735471],[-46.49879748367595,-23.57824332735471],[-46.49870524386824,-23.578308487996345],[-46.498566884156666,-23.57837364863798],[-46.49838240454123,-23.57837364863798],[-46.49824404482966,-23.578438809279618],[-46.49805956521423,-23.578438809279618],[-46.4978750855988,-23.578503969921254],[-46.49778284579108,-23.578503969921254],[-46.497690605983365,-23.578503969921254],[-46.49750612636794,-23.578503969921254],[-46.4973216467525,-23.578503969921254],[-46.49722940694479,-23.578503969921254],[-46.49718328704093,-23.578503969921254],[-46.497137167137076,-23.578503969921254],[-46.497044927329355,-23.578503969921254],[-46.4969988074255,-23.578503969921254],[-46.496906567617785,-23.578503969921254],[-46.49681432781007,-23.578503969921254],[-46.49672208800236,-23.578503969921254],[-46.49653760838692,-23.578503969921254],[-46.496491488483066,-23.578503969921254],[-46.49630700886763,-23.578503969921254],[-46.496122529252204,-23.578503969921254],[-46.49593804963677,-23.578503969921254],[-46.49575357002134,-23.578503969921254],[-46.49561521030977,-23.57856913056289],[-46.49543073069434,-23.57856913056289],[-46.49538461079048,-23.57856913056289],[-46.49524625107891,-23.57856913056289],[-46.49520013117505,-23.57856913056289],[-46.49501565155962,-23.578634291204526],[-46.49487729184805,-23.578634291204526],[-46.49478505204033,-23.578699451846163],[-46.49473893213647,-23.578699451846163],[-46.494554452521044,-23.5787646124878],[-46.494416092809466,-23.5787646124878],[-46.494416092809466,-23.578829773129435],[-46.49436997290561,-23.578829773129435],[-46.49413937338632,-23.578894933771068],[-46.49409325348246,-23.578960094412704],[-46.49395489377089,-23.57902525505434],[-46.49386265396318,-23.57902525505434],[-46.49381653405932,-23.579090415695976],[-46.493770414155456,-23.579090415695976],[-46.49367817434774,-23.579155576337612],[-46.493632054443886,-23.579155576337612],[-46.49358593454003,-23.57922073697925],[-46.49353981463617,-23.57922073697925],[-46.493493694732315,-23.579285897620885],[-46.49344757482846,-23.57935105826252],[-46.49335533502074,-23.57935105826252],[-46.49330921511688,-23.579416218904157],[-46.493263095213024,-23.579481379545793],[-46.49317085540531,-23.579481379545793],[-46.49312473550145,-23.579546540187426],[-46.4930786155976,-23.579611700829062],[-46.49303249569373,-23.579611700829062],[-46.492986375789876,-23.5796768614707],[-46.49294025588602,-23.579742022112335],[-46.49289413598216,-23.579742022112335],[-46.492848016078305,-23.57980718275397],[-46.49280189617445,-23.579872343395607],[-46.49275577627059,-23.579937504037243],[-46.49266353646287,-23.58000266467888],[-46.492617416559014,-23.580067825320516],[-46.49257129665516,-23.580132985962152],[-46.49247905684744,-23.580198146603788],[-46.49243293694359,-23.58026330724542],[-46.49234069713587,-23.580393628528693],[-46.49224845732815,-23.580523949811965],[-46.49215621752044,-23.5805891104536],[-46.492063977712725,-23.580719431736874],[-46.49197173790501,-23.580849753020146],[-46.49187949809729,-23.58091491366178],[-46.491833378193434,-23.58104523494505],[-46.49174113838572,-23.581110395586688],[-46.49169501848186,-23.581110395586688],[-46.491648898578006,-23.581175556228324],[-46.49160277867415,-23.58124071686996],[-46.491556658770286,-23.58124071686996],[-46.49151053886643,-23.581305877511596],[-46.49146441896257,-23.581371038153232],[-46.491418299058715,-23.581371038153232],[-46.491326059251,-23.58143619879487],[-46.491279939347145,-23.58143619879487],[-46.49123381944329,-23.58143619879487],[-46.491187699539424,-23.581501359436505],[-46.49109545973171,-23.581501359436505],[-46.491003219923996,-23.581501359436505],[-46.49091098011628,-23.581501359436505],[-46.490864860212426,-23.581566520078137],[-46.49081874030856,-23.581566520078137],[-46.49072650050085,-23.581566520078137],[-46.49068038059699,-23.581566520078137],[-46.490634260693135,-23.581566520078137],[-46.49058814078928,-23.581566520078137],[-46.49054202088542,-23.581501359436505],[-46.490495900981564,-23.581501359436505],[-46.49040366117384,-23.581501359436505],[-46.49035754126999,-23.581501359436505],[-46.49026530146227,-23.58143619879487],[-46.490219181558416,-23.58143619879487],[-46.49017306165456,-23.58143619879487],[-46.4901269417507,-23.581371038153232],[-46.49008082184684,-23.581371038153232],[-46.49017306165456,-23.58143619879487],[-46.49026530146227,-23.581566520078137],[-46.49040366117384,-23.581631680719774],[-46.49054202088542,-23.581762002003046],[-46.49081874030856,-23.581957483927955],[-46.49068038059699,-23.582152965852863],[-46.490634260693135,-23.582152965852863],[-46.490495900981564,-23.582283287136132],[-46.4904497810777,-23.58234844777777],[-46.49040366117384,-23.582413608419404],[-46.49035754126999,-23.58247876906104],[-46.490219181558416,-23.582609090344313],[-46.49017306165456,-23.582739411627585],[-46.4901269417507,-23.58280457226922],[-46.49003470194298,-23.582869732910858],[-46.489988582039125,-23.583000054194127],[-46.48989634223141,-23.583065214835763],[-46.489850222327554,-23.58326069676067],[-46.48975798251984,-23.583391018043944],[-46.48975798251984,-23.58345617868558],[-46.48966574271212,-23.58358649996885],[-46.48961962280826,-23.583651660610485],[-46.489573502904406,-23.58371682125212],[-46.48952738300055,-23.583781981893758],[-46.48948126309669,-23.583781981893758],[-46.48948126309669,-23.583847142535394],[-46.489435143192836,-23.583847142535394],[-46.489342903385115,-23.584042624460302],[-46.489342903385115,-23.58410778510194],[-46.489204543673544,-23.58423810638521],[-46.48911230386583,-23.58436842766848],[-46.48902006405811,-23.584498748951752],[-46.48902006405811,-23.58456390959339],[-46.488927824250396,-23.584629070235025],[-46.48883558444268,-23.584824552159933],[-46.488789464538826,-23.584824552159933],[-46.48869722473111,-23.585020034084838],[-46.48860498492339,-23.585085194726474],[-46.48851274511568,-23.585215516009747],[-46.488420505307964,-23.58534583729302],[-46.48832826550025,-23.58547615857629],[-46.48823602569253,-23.585541319217928],[-46.48818990578867,-23.585671640501197],[-46.48809766598096,-23.585736801142833],[-46.4880515460771,-23.58580196178447],[-46.48795930626939,-23.585867122426105],[-46.48786706646167,-23.58593228306774],[-46.487774826653954,-23.585997443709378],[-46.48768258684624,-23.586062604351014],[-46.48759034703853,-23.58612776499265],[-46.48754422713466,-23.586192925634286],[-46.48740586742309,-23.58625808627592],[-46.48726750771152,-23.586323246917555],[-46.4871752679038,-23.58638840755919],[-46.48703690819223,-23.586453568200827],[-46.48694466838452,-23.586453568200827],[-46.48680630867294,-23.586518728842464],[-46.486714068865226,-23.5865838894841],[-46.48666794896137,-23.5865838894841],[-46.486575709153655,-23.5865838894841],[-46.48648346934594,-23.586649050125736],[-46.48639122953822,-23.586649050125736],[-46.48629898973051,-23.586649050125736],[-46.48616063001894,-23.586714210767372],[-46.486068390211216,-23.586714210767372],[-46.4859761504035,-23.586714210767372],[-46.48583779069193,-23.586714210767372],[-46.485699430980354,-23.586714210767372],[-46.48551495136493,-23.586714210767372],[-46.48533047174949,-23.586714210767372],[-46.48519211203792,-23.586714210767372],[-46.485007632422494,-23.586714210767372],[-46.48496151251863,-23.586714210767372],[-46.48482315280706,-23.586714210767372],[-46.48463867319163,-23.586714210767372],[-46.48459255328777,-23.586714210767372],[-46.484361953768484,-23.586714210767372],[-46.48417747415305,-23.586714210767372],[-46.48403911444148,-23.586649050125736],[-46.4839007547299,-23.586649050125736],[-46.48376239501833,-23.586649050125736],[-46.48362403530676,-23.586714210767372],[-46.48353179549904,-23.586714210767372],[-46.48343955569133,-23.586714210767372],[-46.48334731588361,-23.586714210767372],[-46.48320895617204,-23.58677937140901],[-46.48311671636432,-23.58677937140901],[-46.48302447655661,-23.58677937140901],[-46.48297835665275,-23.586844532050645],[-46.482932236748894,-23.586844532050645],[-46.48283999694118,-23.586844532050645],[-46.48274775713346,-23.58690969269228],[-46.48260939742189,-23.58690969269228],[-46.4823787979026,-23.58704001397555],[-46.482286558094884,-23.587105174617186],[-46.482148198383314,-23.587170335258822],[-46.48205595857559,-23.587235495900458],[-46.481871478960166,-23.58736581718373],[-46.48177923915245,-23.587496138467003],[-46.48168699934473,-23.58756129910864],[-46.48159475953702,-23.587691620391908],[-46.481502519729304,-23.587756781033544],[-46.48136416001773,-23.587952262958453],[-46.48127192021001,-23.58801742360009],[-46.4811796804023,-23.58814774488336],[-46.48104132069073,-23.58827806616663],[-46.48090296097915,-23.58847354809154],[-46.48076460126758,-23.58860386937481],[-46.48067236145987,-23.588734190658084],[-46.48053400174829,-23.588864511941356],[-46.48048788184443,-23.588929672582992],[-46.480441761940575,-23.588994833224625],[-46.48034952213286,-23.58905999386626],[-46.480303402229005,-23.58905999386626],[-46.48025728232515,-23.589125154507897],[-46.480211162421284,-23.589190315149533],[-46.48011892261357,-23.58925547579117],[-46.48002668280586,-23.58925547579117],[-46.479980562902,-23.589320636432806],[-46.479888323094286,-23.589385797074442],[-46.47984220319042,-23.589385797074442],[-46.479796083286566,-23.58945095771608],[-46.47974996338271,-23.58945095771608],[-46.47970384347885,-23.58945095771608],[-46.479657723574995,-23.589516118357714],[-46.47961160367114,-23.589516118357714],[-46.47956548376728,-23.58958127899935],[-46.479519363863425,-23.58958127899935],[-46.479427124055704,-23.58958127899935],[-46.47938100415185,-23.589646439640983],[-46.47933488424799,-23.589646439640983],[-46.47928876434413,-23.589646439640983],[-46.47919652453642,-23.589646439640983],[-46.47915040463256,-23.58971160028262],[-46.4791042847287,-23.58971160028262],[-46.479012044920985,-23.58971160028262],[-46.47891980511327,-23.589776760924256],[-46.47882756530556,-23.589776760924256],[-46.47873532549784,-23.589776760924256],[-46.47864308569012,-23.589841921565892],[-46.47855084588241,-23.589841921565892],[-46.47850472597855,-23.589841921565892],[-46.47841248617083,-23.589841921565892],[-46.47832024636312,-23.589907082207528],[-46.478228006555405,-23.589907082207528],[-46.47818188665155,-23.589907082207528],[-46.478089646843834,-23.589972242849164],[-46.47804352693997,-23.589972242849164],[-46.47799740703611,-23.589972242849164],[-46.4779051672284,-23.5900374034908],[-46.47785904732454,-23.5900374034908],[-46.47776680751683,-23.590102564132437],[-46.47772068761297,-23.590102564132437],[-46.47767456770911,-23.590102564132437],[-46.477582327901395,-23.590167724774073],[-46.47753620799754,-23.590167724774073],[-46.47749008809368,-23.59023288541571],[-46.47739784828597,-23.59023288541571],[-46.47735172838211,-23.59023288541571],[-46.47730560847825,-23.59029804605734],[-46.47725948857439,-23.59029804605734],[-46.47721336867053,-23.590363206698978],[-46.477167248766676,-23.590363206698978],[-46.47707500895896,-23.590428367340614],[-46.477028889055106,-23.59049352798225],[-46.476936649247385,-23.59049352798225],[-46.47689052934353,-23.590558688623886],[-46.47675216963196,-23.590623849265523],[-46.476659929824244,-23.59068900990716],[-46.476521570112666,-23.59081933119043],[-46.47642933030495,-23.590884491832067],[-46.47629097059338,-23.591014813115336],[-46.47610649097795,-23.59114513439861],[-46.47596813126638,-23.591210295040245],[-46.475875891458664,-23.591340616323517],[-46.47578365165094,-23.591405776965154],[-46.47569141184323,-23.59147093760679],[-46.475599172035515,-23.591536098248426],[-46.4755069322278,-23.591601258890062],[-46.47546081232394,-23.591666419531695],[-46.475368572516224,-23.59173158017333],[-46.47527633270851,-23.59173158017333],[-46.475230212804654,-23.591796740814967],[-46.47513797299694,-23.591796740814967],[-46.475091853093076,-23.591861901456603],[-46.47499961328536,-23.59192706209824],[-46.474953493381506,-23.59192706209824],[-46.47490737347765,-23.59192706209824],[-46.47486125357379,-23.591992222739876],[-46.474815133669935,-23.591992222739876],[-46.474722893862214,-23.592057383381512],[-46.47467677395836,-23.592057383381512],[-46.4746306540545,-23.592057383381512],[-46.474584534150644,-23.592122544023148],[-46.47453841424679,-23.592122544023148],[-46.47449229434293,-23.592122544023148],[-46.47444617443907,-23.592187704664784],[-46.47440005453522,-23.592187704664784],[-46.47435393463135,-23.592187704664784],[-46.47426169482364,-23.59225286530642],[-46.47421557491978,-23.59225286530642],[-46.47412333511207,-23.59225286530642],[-46.47407721520821,-23.59225286530642],[-46.474031095304355,-23.592318025948053],[-46.473938855496634,-23.592318025948053],[-46.47389273559278,-23.592318025948053],[-46.47384661568892,-23.592318025948053],[-46.47375437588121,-23.59238318658969],[-46.47370825597735,-23.59238318658969],[-46.47361601616963,-23.59238318658969],[-46.47356989626577,-23.59238318658969],[-46.473523776361915,-23.59238318658969],[-46.4734315365542,-23.592448347231326],[-46.473385416650345,-23.592448347231326],[-46.47333929674649,-23.592448347231326],[-46.473293176842624,-23.592448347231326],[-46.47324705693877,-23.592448347231326],[-46.47320093703491,-23.592448347231326],[-46.4731086972272,-23.592448347231326],[-46.47306257732334,-23.592448347231326],[-46.47301645741948,-23.592448347231326],[-46.47292421761176,-23.592448347231326],[-46.47283197780405,-23.592448347231326],[-46.47269361809248,-23.59251350787296],[-46.472509138477044,-23.59251350787296],[-46.47241689866933,-23.59251350787296],[-46.47218629915004,-23.59251350787296],[-46.47200181953461,-23.59251350787296],[-46.47181733991918,-23.59251350787296],[-46.47163286030375,-23.59251350787296],[-46.471448380688315,-23.59251350787296],[-46.47126390107289,-23.59251350787296],[-46.47107942145745,-23.592578668514598],[-46.470894941842026,-23.592578668514598],[-46.47071046222659,-23.592578668514598],[-46.470664342322735,-23.592578668514598],[-46.47047986270731,-23.592578668514598],[-46.47029538309187,-23.592578668514598],[-46.470249263188016,-23.592578668514598],[-46.47006478357259,-23.592578668514598],[-46.47001866366873,-23.592578668514598],[-46.4698341840533,-23.592578668514598],[-46.46964970443787,-23.592643829156234],[-46.469603584534006,-23.592643829156234],[-46.46941910491858,-23.592643829156234],[-46.469326865110865,-23.592643829156234],[-46.46914238549543,-23.592643829156234],[-46.46891178597615,-23.592643829156234],[-46.46872730636071,-23.592643829156234],[-46.46858894664914,-23.592643829156234],[-46.46840446703371,-23.592643829156234],[-46.46835834712985,-23.592643829156234],[-46.468173867514416,-23.59270898979787],[-46.46798938789899,-23.59270898979787],[-46.467804908283554,-23.59270898979787],[-46.46762042866813,-23.59270898979787],[-46.46743594905269,-23.59270898979787],[-46.467251469437265,-23.592774150439507],[-46.46720534953341,-23.592774150439507],[-46.467113109725695,-23.592839311081143],[-46.46692863011026,-23.59290447172278],[-46.4668825102064,-23.59290447172278],[-46.46669803059097,-23.592969632364415],[-46.466605790783255,-23.593034793006048],[-46.46642131116783,-23.59316511428932],[-46.46632907136011,-23.593230274930956],[-46.46628295145625,-23.593230274930956],[-46.46614459174468,-23.59336059621423],[-46.46600623203311,-23.5934909174975],[-46.46591399222539,-23.593621238780774],[-46.46586787232153,-23.593686399422406],[-46.465821752417675,-23.593751560064042],[-46.46572951260996,-23.59381672070568],[-46.465683392706104,-23.59394704198895],[-46.465591152898384,-23.594077363272223],[-46.46554503299453,-23.594207684555496],[-46.46554503299453,-23.594272845197132],[-46.46549891309067,-23.594338005838765],[-46.46545279318681,-23.594338005838765],[-46.46531443347524,-23.594338005838765],[-46.465268313571386,-23.5944031664804],[-46.46522219366752,-23.5944031664804],[-46.465176073763665,-23.5944031664804],[-46.465037714052094,-23.594468327122037],[-46.46485323443666,-23.594533487763673],[-46.464760994628946,-23.59459864840531],[-46.46471487472509,-23.59459864840531],[-46.46457651501352,-23.594663809046946],[-46.4644842752058,-23.594728969688582],[-46.46443815530194,-23.594794130330218],[-46.464392035398085,-23.594794130330218],[-46.46429979559037,-23.594859290971854],[-46.464253675686514,-23.594859290971854],[-46.46420755578266,-23.59492445161349],[-46.46411531597494,-23.59492445161349],[-46.46388471645565,-23.59505477289676],[-46.46388471645565,-23.594989612255127],[-46.463838596551795,-23.594989612255127],[-46.463838596551795,-23.59492445161349],[-46.463838596551795,-23.594859290971854],[-46.46379247664794,-23.594859290971854],[-46.46379247664794,-23.594794130330218],[-46.463746356744075,-23.594794130330218],[-46.463746356744075,-23.594728969688582],[-46.463746356744075,-23.594663809046946],[-46.463746356744075,-23.59459864840531],[-46.463746356744075,-23.594533487763673],[-46.463746356744075,-23.594468327122037],[-46.46379247664794,-23.594468327122037],[-46.46379247664794,-23.5944031664804],[-46.463838596551795,-23.5944031664804],[-46.463838596551795,-23.594338005838765],[-46.46379247664794,-23.594338005838765],[-46.46365411693636,-23.594338005838765],[-46.46356187712865,-23.594338005838765],[-46.46351575722479,-23.594272845197132],[-46.463469637320934,-23.594272845197132],[-46.46342351741707,-23.594207684555496],[-46.46337739751321,-23.594207684555496],[-46.463331277609356,-23.59414252391386],[-46.4632851577055,-23.59414252391386],[-46.46323903780164,-23.59414252391386],[-46.463192917897786,-23.59414252391386],[-46.46314679799393,-23.59414252391386],[-46.46314679799393,-23.594077363272223],[-46.463192917897786,-23.594077363272223],[-46.46314679799393,-23.594012202630587],[-46.46310067809007,-23.594012202630587],[-46.46305455818621,-23.594012202630587],[-46.46305455818621,-23.594077363272223],[-46.46300843828235,-23.594077363272223],[-46.46300843828235,-23.594012202630587],[-46.462962318378494,-23.594012202630587],[-46.46291619847464,-23.594012202630587],[-46.46287007857078,-23.594012202630587],[-46.46277783876307,-23.594012202630587],[-46.46273171885921,-23.594012202630587],[-46.462685598955346,-23.594012202630587],[-46.462547239243776,-23.594077363272223],[-46.46250111933992,-23.594077363272223],[-46.46245499943606,-23.594077363272223],[-46.462408879532205,-23.594077363272223],[-46.46236275962835,-23.594077363272223],[-46.462316639724484,-23.594012202630587],[-46.46227051982063,-23.594012202630587],[-46.46222439991677,-23.594012202630587],[-46.462178280012914,-23.594012202630587],[-46.46213216010906,-23.594077363272223],[-46.4620860402052,-23.59414252391386],[-46.4620860402052,-23.594207684555496],[-46.4620860402052,-23.594272845197132],[-46.46213216010906,-23.594272845197132],[-46.46213216010906,-23.594338005838765],[-46.462178280012914,-23.5944031664804],[-46.46222439991677,-23.5944031664804],[-46.46227051982063,-23.5944031664804],[-46.462316639724484,-23.594468327122037],[-46.46236275962835,-23.594468327122037],[-46.462408879532205,-23.594468327122037],[-46.46245499943606,-23.594468327122037],[-46.46250111933992,-23.594468327122037],[-46.462547239243776,-23.594468327122037],[-46.46259335914763,-23.594468327122037],[-46.46263947905149,-23.594533487763673],[-46.46263947905149,-23.59459864840531],[-46.46263947905149,-23.594663809046946],[-46.46259335914763,-23.594663809046946],[-46.46259335914763,-23.594728969688582],[-46.462547239243776,-23.594794130330218],[-46.462547239243776,-23.594859290971854],[-46.46250111933992,-23.59492445161349],[-46.46245499943606,-23.59492445161349],[-46.46236275962835,-23.59492445161349],[-46.462316639724484,-23.59492445161349],[-46.46227051982063,-23.59492445161349],[-46.46222439991677,-23.59492445161349],[-46.462178280012914,-23.59492445161349],[-46.46213216010906,-23.59492445161349],[-46.4620860402052,-23.59492445161349],[-46.46203992030134,-23.59492445161349],[-46.46203992030134,-23.594859290971854],[-46.46199380039749,-23.594859290971854],[-46.46194768049362,-23.594859290971854],[-46.461901560589766,-23.594859290971854],[-46.46185544068591,-23.594859290971854],[-46.46185544068591,-23.59492445161349],[-46.46180932078205,-23.59492445161349],[-46.46180932078205,-23.594989612255127],[-46.461763200878195,-23.594989612255127],[-46.461763200878195,-23.59505477289676],[-46.46171708097434,-23.59505477289676],[-46.46171708097434,-23.595119933538395],[-46.46167096107048,-23.595119933538395],[-46.46167096107048,-23.59518509418003],[-46.461624841166625,-23.595250254821668],[-46.46167096107048,-23.595250254821668],[-46.46167096107048,-23.595315415463304],[-46.46171708097434,-23.595315415463304],[-46.46171708097434,-23.59538057610494],[-46.461763200878195,-23.59538057610494],[-46.46180932078205,-23.595445736746576],[-46.46185544068591,-23.595445736746576],[-46.46185544068591,-23.595510897388213],[-46.461901560589766,-23.595510897388213],[-46.461901560589766,-23.59557605802985],[-46.46194768049362,-23.59557605802985],[-46.46194768049362,-23.595641218671485],[-46.46199380039749,-23.595641218671485],[-46.46199380039749,-23.595706379313118],[-46.46203992030134,-23.595706379313118],[-46.46203992030134,-23.595771539954754],[-46.4620860402052,-23.595771539954754],[-46.4620860402052,-23.59583670059639],[-46.46213216010906,-23.59583670059639],[-46.46213216010906,-23.595901861238026],[-46.462178280012914,-23.595901861238026],[-46.462178280012914,-23.595967021879662],[-46.46227051982063,-23.596097343162935],[-46.462316639724484,-23.59616250380457],[-46.462316639724484,-23.596292825087843],[-46.46236275962835,-23.596423146371112],[-46.462408879532205,-23.59648830701275],[-46.46236275962835,-23.596553467654385],[-46.46227051982063,-23.596748949579293],[-46.46222439991677,-23.59681411022093],[-46.462178280012914,-23.596879270862566],[-46.46213216010906,-23.597009592145838],[-46.46203992030134,-23.597139913429107],[-46.461901560589766,-23.59727023471238],[-46.46180932078205,-23.597335395354015],[-46.461624841166625,-23.597335395354015],[-46.46157872126276,-23.597335395354015],[-46.461532601358904,-23.597335395354015],[-46.46144036155119,-23.597335395354015],[-46.46125588193576,-23.59740055599565],[-46.461117522224185,-23.597465716637288],[-46.460979162512615,-23.597661198562196],[-46.46084080280104,-23.597791519845465],[-46.460748562993324,-23.5978566804871],[-46.46065632318561,-23.597921841128738],[-46.46061020328175,-23.597921841128738],[-46.460564083377896,-23.597921841128738],[-46.460333483858605,-23.597921841128738],[-46.46024124405089,-23.597921841128738],[-46.46014900424318,-23.597921841128738],[-46.45996452462774,-23.597921841128738],[-46.45973392510845,-23.5978566804871],[-46.45950332558917,-23.5978566804871],[-46.45945720568531,-23.5978566804871],[-46.459411085781454,-23.5978566804871],[-46.45936496587759,-23.597791519845465],[-46.45936496587759,-23.59772635920383],[-46.45936496587759,-23.597661198562196],[-46.45936496587759,-23.59759603792056],[-46.459411085781454,-23.597530877278924],[-46.459411085781454,-23.597465716637288],[-46.45945720568531,-23.59740055599565],[-46.45950332558917,-23.597335395354015],[-46.45945720568531,-23.59727023471238],[-46.459411085781454,-23.597205074070743],[-46.459411085781454,-23.597139913429107],[-46.45936496587759,-23.597139913429107],[-46.45931884597373,-23.59707475278747],[-46.459134366358306,-23.596944431504202],[-46.45908824645445,-23.596944431504202],[-46.45904212655059,-23.596879270862566],[-46.45899600664673,-23.59681411022093],[-46.458903766839015,-23.596748949579293],[-46.458765407127444,-23.59661862829602],[-46.45862704741587,-23.59648830701275],[-46.45858092751201,-23.596423146371112],[-46.458488687704296,-23.596292825087843],[-46.45844256780044,-23.596227664446207],[-46.458350327992726,-23.59616250380457],[-46.45830420808886,-23.59616250380457],[-46.45821196828115,-23.5960321825213],[-46.458119728473434,-23.595901861238026],[-46.457981368761864,-23.595706379313118],[-46.45788912895414,-23.595641218671485],[-46.457843009050286,-23.59557605802985],[-46.45779688914643,-23.59557605802985],[-46.45775076924257,-23.595510897388213],[-46.457612409531,-23.595445736746576],[-46.45752016972328,-23.595315415463304],[-46.45742792991557,-23.595250254821668],[-46.457289570204,-23.595119933538395],[-46.45724345030014,-23.59505477289676],[-46.457197330396276,-23.59505477289676],[-46.45715121049242,-23.594989612255127],[-46.45710509058856,-23.59492445161349],[-46.45701285078085,-23.594794130330218],[-46.45696673087699,-23.594728969688582],[-46.45687449106928,-23.594663809046946],[-46.456828371165415,-23.594663809046946],[-46.4567361313577,-23.59459864840531],[-46.45664389154999,-23.594533487763673],[-46.45659777164613,-23.594533487763673],[-46.45659777164613,-23.594468327122037],[-46.456551651742274,-23.594468327122037],[-46.45650553183842,-23.594468327122037],[-46.456413292030696,-23.5944031664804],[-46.45636717212684,-23.5944031664804],[-46.45632105222298,-23.5944031664804],[-46.456274932319126,-23.594338005838765],[-46.45622881241527,-23.594272845197132],[-46.45618269251141,-23.594272845197132],[-46.456136572607555,-23.594272845197132],[-46.456136572607555,-23.594207684555496],[-46.45609045270369,-23.594272845197132],[-46.456044332799834,-23.594272845197132],[-46.45599821289598,-23.594272845197132],[-46.45595209299212,-23.594272845197132],[-46.455905973088264,-23.594272845197132],[-46.45576761337669,-23.5944031664804],[-46.45572149347283,-23.5944031664804],[-46.45572149347283,-23.594468327122037],[-46.45567537356897,-23.594468327122037],[-46.455629253665116,-23.594533487763673],[-46.45558313376126,-23.594533487763673],[-46.4555370138574,-23.594533487763673],[-46.455490893953545,-23.594533487763673],[-46.45544477404969,-23.594533487763673],[-46.45539865414583,-23.594533487763673],[-46.45530641433811,-23.594468327122037],[-46.455260294434254,-23.594468327122037],[-46.45516805462654,-23.5944031664804],[-46.45512193472268,-23.5944031664804],[-46.45507581481883,-23.594338005838765],[-46.45502969491497,-23.594338005838765],[-46.45502969491497,-23.594272845197132],[-46.454983575011106,-23.594207684555496],[-46.454983575011106,-23.59414252391386],[-46.45493745510725,-23.594077363272223],[-46.454845215299535,-23.594012202630587],[-46.45479909539568,-23.594012202630587],[-46.45479909539568,-23.59394704198895],[-46.45466073568411,-23.59394704198895],[-46.45452237597253,-23.593881881347315],[-46.454291776453246,-23.593881881347315],[-46.45424565654938,-23.593881881347315],[-46.45415341674167,-23.593881881347315],[-46.454061176933955,-23.593881881347315],[-46.453922817222384,-23.593881881347315],[-46.45373833760695,-23.593881881347315],[-46.45369221770309,-23.593881881347315],[-46.45359997789538,-23.59381672070568],[-46.45350773808766,-23.59381672070568],[-46.45336937837609,-23.593751560064042],[-46.453184898760654,-23.593686399422406],[-46.45290817933751,-23.593621238780774],[-46.452631459914365,-23.5934909174975],[-46.45258534001051,-23.5934909174975],[-46.45253922010665,-23.593425756855865],[-46.452493100202794,-23.593425756855865],[-46.45244698029893,-23.593425756855865],[-46.45230862058736,-23.59336059621423],[-46.45207802106807,-23.59336059621423],[-46.4519396613565,-23.59336059621423],[-46.45189354145264,-23.59336059621423],[-46.45180130164493,-23.59336059621423],[-46.451201742894774,-23.593295435572593],[-46.45101726327935,-23.593295435572593],[-46.450556064240764,-23.593295435572593],[-46.45046382443305,-23.593295435572593],[-46.45037158462534,-23.593295435572593],[-46.45027934481762,-23.593295435572593],[-46.450002625394475,-23.593295435572593],[-46.449633666163614,-23.593425756855865],[-46.4495414263559,-23.593425756855865],[-46.44944918654818,-23.593425756855865],[-46.449356946740465,-23.593425756855865],[-46.44926470693275,-23.593425756855865],[-46.44875738799031,-23.593295435572593],[-46.44848066856717,-23.593230274930956],[-46.448434548663315,-23.593230274930956],[-46.44811170933631,-23.59316511428932],[-46.44801946952859,-23.593099953647684],[-46.447927229720875,-23.59316511428932],[-46.44783498991316,-23.59316511428932],[-46.44774275010545,-23.59316511428932],[-46.44760439039387,-23.59316511428932],[-46.44755827049001,-23.59316511428932],[-46.44751215058616,-23.59316511428932],[-46.4474660306823,-23.59316511428932],[-46.447281551066865,-23.59316511428932],[-46.44718931125915,-23.593230274930956],[-46.44709707145144,-23.593230274930956],[-46.447004831643724,-23.593230274930956],[-46.44695871173986,-23.593230274930956],[-46.44686647193215,-23.593230274930956],[-46.44677423212443,-23.593230274930956],[-46.446728112220576,-23.593230274930956],[-46.44663587241286,-23.593230274930956],[-46.446497512701285,-23.593230274930956],[-46.44645139279743,-23.593230274930956],[-46.44640527289357,-23.59316511428932],[-46.446359152989714,-23.59316511428932],[-46.44617467337428,-23.593099953647684],[-46.44599019375885,-23.593099953647684],[-46.44589795395114,-23.593099953647684],[-46.445851834047275,-23.593034793006048],[-46.44580571414342,-23.593034793006048],[-46.44575959423956,-23.593034793006048],[-46.445713474335705,-23.592969632364415],[-46.44566735443185,-23.592969632364415],[-46.44562123452799,-23.59290447172278],[-46.44552899472028,-23.59290447172278],[-46.4453906350087,-23.592839311081143],[-46.445298395200986,-23.592774150439507],[-46.44520615539327,-23.592774150439507],[-46.44511391558555,-23.59270898979787],[-46.445067795681695,-23.59270898979787],[-46.44502167577784,-23.59270898979787],[-46.44497555587398,-23.59270898979787],[-46.44483719616241,-23.592774150439507],[-46.44474495635469,-23.592774150439507],[-46.44469883645083,-23.592774150439507],[-46.444514356835406,-23.592774150439507],[-46.44442211702769,-23.592774150439507],[-46.44432987721997,-23.592774150439507],[-46.44423763741226,-23.592839311081143],[-46.4441915175084,-23.592839311081143],[-46.444145397604544,-23.592839311081143],[-46.44405315779683,-23.592839311081143],[-46.44396091798911,-23.592839311081143],[-46.443868678181396,-23.59290447172278],[-46.44382255827754,-23.59290447172278],[-46.44377643837368,-23.59290447172278],[-46.44368419856597,-23.59290447172278],[-46.443638078662104,-23.592969632364415],[-46.44354583885439,-23.592969632364415],[-46.443499718950534,-23.592969632364415],[-46.44345359904668,-23.592969632364415],[-46.44340747914282,-23.593034793006048],[-46.44336135923896,-23.593034793006048],[-46.44336135923896,-23.593099953647684],[-46.44331523933511,-23.593099953647684],[-46.44331523933511,-23.59316511428932],[-46.44326911943124,-23.59316511428932],[-46.443222999527386,-23.59316511428932],[-46.44317687962353,-23.59316511428932],[-46.44313075971967,-23.59316511428932],[-46.443084639815815,-23.59316511428932],[-46.44303851991196,-23.593099953647684],[-46.4429924000081,-23.593099953647684],[-46.442946280104245,-23.593034793006048],[-46.44290016020038,-23.592969632364415],[-46.44290016020038,-23.59290447172278],[-46.44290016020038,-23.592839311081143],[-46.44290016020038,-23.592774150439507],[-46.44290016020038,-23.59270898979787],[-46.44290016020038,-23.592643829156234],[-46.44290016020038,-23.592578668514598],[-46.44290016020038,-23.59251350787296],[-46.442854040296524,-23.592448347231326],[-46.442854040296524,-23.59238318658969],[-46.44280792039267,-23.592318025948053],[-46.442854040296524,-23.59225286530642],[-46.442854040296524,-23.592187704664784],[-46.44290016020038,-23.592122544023148],[-46.44290016020038,-23.592057383381512],[-46.442946280104245,-23.592057383381512],[-46.442946280104245,-23.591992222739876],[-46.442946280104245,-23.59192706209824],[-46.442946280104245,-23.591861901456603],[-46.44290016020038,-23.591861901456603],[-46.442854040296524,-23.591861901456603],[-46.44280792039267,-23.591796740814967],[-46.44276180048881,-23.591796740814967],[-46.44271568058495,-23.591796740814967],[-46.4426695606811,-23.59173158017333],[-46.442577320873376,-23.591666419531695],[-46.44248508106566,-23.591601258890062],[-46.442438961161805,-23.591601258890062],[-46.44239284125795,-23.591601258890062],[-46.44239284125795,-23.591536098248426],[-46.442300601450235,-23.591536098248426],[-46.44225448154638,-23.591536098248426],[-46.442208361642514,-23.591536098248426],[-46.44216224173866,-23.591536098248426],[-46.4421161218348,-23.591536098248426],[-46.442070001930944,-23.591536098248426],[-46.44202388202709,-23.591536098248426],[-46.44197776212323,-23.591536098248426],[-46.441885522315516,-23.591536098248426],[-46.441885522315516,-23.59147093760679],[-46.441793282507795,-23.59147093760679],[-46.44174716260394,-23.59147093760679],[-46.44170104270008,-23.59147093760679],[-46.44160880289237,-23.59147093760679],[-46.44156268298851,-23.59147093760679],[-46.441516563084654,-23.59147093760679],[-46.44147044318079,-23.59147093760679],[-46.441424323276934,-23.59147093760679],[-46.44137820337308,-23.59147093760679],[-46.44133208346922,-23.59147093760679],[-46.44128596356536,-23.59147093760679],[-46.441239843661506,-23.59147093760679],[-46.44119372375765,-23.591405776965154],[-46.44114760385379,-23.591405776965154],[-46.44110148394993,-23.591340616323517],[-46.44105536404607,-23.591340616323517],[-46.441009244142215,-23.591340616323517],[-46.44096312423836,-23.591340616323517],[-46.4409170043345,-23.591340616323517],[-46.440870884430645,-23.591340616323517],[-46.44082476452679,-23.591340616323517],[-46.44077864462293,-23.591405776965154],[-46.44073252471907,-23.591405776965154],[-46.44068640481521,-23.591405776965154],[-46.44068640481521,-23.59147093760679],[-46.44068640481521,-23.591536098248426],[-46.44068640481521,-23.591601258890062],[-46.44073252471907,-23.591601258890062],[-46.44073252471907,-23.59173158017333],[-46.44068640481521,-23.591796740814967],[-46.44064028491135,-23.591861901456603],[-46.4405941650075,-23.59192706209824],[-46.44054804510364,-23.59192706209824],[-46.44050192519978,-23.59192706209824],[-46.440455805295926,-23.59192706209824],[-46.44040968539207,-23.59192706209824],[-46.440363565488205,-23.59192706209824],[-46.44027132568049,-23.591861901456603],[-46.440225205776635,-23.591861901456603],[-46.44017908587278,-23.591796740814967],[-46.440086846065064,-23.59173158017333],[-46.44004072616121,-23.59173158017333],[-46.43999460625734,-23.59173158017333],[-46.43994848635349,-23.59173158017333],[-46.43990236644963,-23.59173158017333],[-46.439810126641916,-23.59173158017333],[-46.43976400673806,-23.591796740814967],[-46.4397178868342,-23.591861901456603],[-46.439671766930346,-23.59192706209824],[-46.43962564702648,-23.592057383381512],[-46.439579527122625,-23.592057383381512],[-46.439579527122625,-23.592122544023148],[-46.43953340721877,-23.592122544023148],[-46.43948728731491,-23.592187704664784],[-46.439441167411054,-23.59225286530642],[-46.439441167411054,-23.592318025948053],[-46.439441167411054,-23.59238318658969],[-46.439441167411054,-23.592448347231326],[-46.439441167411054,-23.59251350787296],[-46.439441167411054,-23.592578668514598],[-46.4393950475072,-23.592578668514598],[-46.4393950475072,-23.592643829156234],[-46.439302807699484,-23.59270898979787],[-46.43925668779562,-23.59270898979787],[-46.43921056789176,-23.592774150439507],[-46.439164447987906,-23.592774150439507],[-46.439164447987906,-23.592839311081143],[-46.43911832808405,-23.592839311081143],[-46.43907220818019,-23.592839311081143],[-46.439026088276336,-23.59290447172278],[-46.43897996837248,-23.59290447172278],[-46.43897996837248,-23.592969632364415],[-46.43893384846862,-23.592969632364415],[-46.43893384846862,-23.593034793006048],[-46.43888772856476,-23.593099953647684],[-46.4388416086609,-23.59316511428932],[-46.438795488757044,-23.593230274930956],[-46.43874936885319,-23.593230274930956],[-46.43870324894933,-23.593295435572593],[-46.438657129045474,-23.593295435572593],[-46.43861100914162,-23.59336059621423],[-46.43856488923776,-23.59336059621423],[-46.43847264943004,-23.59336059621423],[-46.43842652952618,-23.593425756855865],[-46.438380409622326,-23.5934909174975],[-46.43833428971847,-23.5934909174975],[-46.43828816981461,-23.5934909174975],[-46.438242049910755,-23.5934909174975],[-46.4381959300069,-23.593556078139137],[-46.438149810103035,-23.593556078139137],[-46.43810369019918,-23.593556078139137],[-46.43787309067989,-23.593621238780774],[-46.43782697077604,-23.593621238780774],[-46.43768861106446,-23.593621238780774],[-46.4376424911606,-23.593621238780774],[-46.43755025135289,-23.593621238780774],[-46.43750413144903,-23.593686399422406],[-46.43741189164131,-23.593686399422406],[-46.437365771737454,-23.593621238780774],[-46.4373196518336,-23.593621238780774],[-46.437227412025884,-23.593621238780774],[-46.43718129212203,-23.593556078139137],[-46.43713517221817,-23.593556078139137],[-46.43713517221817,-23.5934909174975],[-46.437089052314306,-23.593425756855865],[-46.437089052314306,-23.59336059621423],[-46.43704293241045,-23.593295435572593],[-46.43699681250659,-23.593295435572593],[-46.436950692602736,-23.593230274930956],[-46.43690457269888,-23.593230274930956],[-46.43685845279502,-23.59316511428932],[-46.436812332891165,-23.59316511428932],[-46.43676621298731,-23.593099953647684],[-46.436720093083444,-23.593099953647684],[-46.43667397317959,-23.593099953647684],[-46.43662785327573,-23.593099953647684],[-46.436581733371874,-23.593099953647684],[-46.43648949356416,-23.59316511428932],[-46.4364433736603,-23.59316511428932],[-46.43635113385258,-23.593230274930956],[-46.436305013948726,-23.593230274930956],[-46.43621277414101,-23.593295435572593],[-46.436166654237155,-23.59336059621423],[-46.43607441442944,-23.5934909174975],[-46.43598217462172,-23.593556078139137],[-46.43588993481401,-23.593621238780774],[-46.43588993481401,-23.593686399422406],[-46.43584381491015,-23.593751560064042],[-46.43579769500629,-23.59381672070568],[-46.43575157510244,-23.59381672070568],[-46.43570545519858,-23.593881881347315],[-46.435567095487,-23.59394704198895],[-46.43547485567929,-23.59394704198895],[-46.43533649596772,-23.594012202630587],[-46.43524425616,-23.594012202630587],[-46.43519813625614,-23.594012202630587],[-46.43505977654457,-23.594012202630587],[-46.43501365664071,-23.59394704198895],[-46.434921416833,-23.59394704198895],[-46.43482917702528,-23.59394704198895],[-46.434736937217565,-23.593881881347315],[-46.43469081731371,-23.593881881347315],[-46.43464469740985,-23.593881881347315],[-46.43446021779442,-23.59381672070568],[-46.4343679779867,-23.59381672070568],[-46.434321858082846,-23.59381672070568],[-46.434183498371276,-23.59381672070568],[-46.43413737846741,-23.59381672070568],[-46.43399901875584,-23.59381672070568],[-46.43386065904427,-23.593751560064042],[-46.43376841923655,-23.593751560064042],[-46.43363005952498,-23.593751560064042],[-46.433537819717266,-23.593751560064042],[-46.43349169981341,-23.593751560064042],[-46.43339946000569,-23.59381672070568],[-46.43335334010183,-23.59381672070568],[-46.433307220197975,-23.593881881347315],[-46.43321498039026,-23.59394704198895],[-46.433168860486404,-23.59394704198895],[-46.433168860486404,-23.594012202630587],[-46.43312274058255,-23.594012202630587],[-46.43307662067869,-23.594012202630587],[-46.43303050077483,-23.594012202630587],[-46.43298438087097,-23.594012202630587],[-46.43293826096711,-23.594012202630587],[-46.43293826096711,-23.594077363272223],[-46.432892141063256,-23.594077363272223],[-46.4328460211594,-23.594077363272223],[-46.43279990125554,-23.59414252391386],[-46.432753781351686,-23.59414252391386],[-46.43270766144783,-23.59414252391386],[-46.43261542164011,-23.594207684555496],[-46.43256930173625,-23.594272845197132],[-46.432523181832394,-23.594272845197132],[-46.43247706192854,-23.594338005838765],[-46.43243094202468,-23.594338005838765],[-46.43243094202468,-23.5944031664804],[-46.432384822120824,-23.5944031664804],[-46.432384822120824,-23.594468327122037],[-46.43233870221697,-23.594468327122037],[-46.4322925823131,-23.594468327122037],[-46.432246462409246,-23.594468327122037],[-46.43220034250539,-23.594468327122037],[-46.43215422260153,-23.594468327122037],[-46.43215422260153,-23.594533487763673],[-46.432108102697676,-23.594533487763673],[-46.43206198279382,-23.594533487763673],[-46.43201586288996,-23.594533487763673],[-46.4319697429861,-23.59459864840531],[-46.43192362308224,-23.59459864840531],[-46.431877503178384,-23.59459864840531],[-46.43183138327453,-23.59459864840531],[-46.43183138327453,-23.594533487763673],[-46.43178526337067,-23.594468327122037],[-46.43178526337067,-23.5944031664804],[-46.43178526337067,-23.594338005838765],[-46.43178526337067,-23.594272845197132],[-46.431739143466814,-23.594207684555496],[-46.43169302356296,-23.59414252391386],[-46.4316469036591,-23.594077363272223],[-46.431600783755236,-23.594077363272223],[-46.43155466385138,-23.594012202630587],[-46.43150854394752,-23.594012202630587],[-46.431462424043666,-23.594012202630587],[-46.43141630413981,-23.594012202630587],[-46.431324064332095,-23.59394704198895],[-46.431231824524374,-23.59394704198895],[-46.43118570462052,-23.59394704198895],[-46.43113958471666,-23.59394704198895],[-46.431093464812804,-23.59394704198895],[-46.43104734490895,-23.59394704198895],[-46.43100122500509,-23.59394704198895],[-46.43095510510123,-23.594012202630587],[-46.43095510510123,-23.594077363272223],[-46.43095510510123,-23.59414252391386],[-46.43090898519738,-23.594207684555496],[-46.43086286529351,-23.594207684555496],[-46.43086286529351,-23.594272845197132],[-46.430816745389656,-23.594338005838765],[-46.430816745389656,-23.5944031664804],[-46.43086286529351,-23.5944031664804],[-46.43086286529351,-23.594468327122037],[-46.43086286529351,-23.594533487763673],[-46.430816745389656,-23.594533487763673],[-46.430816745389656,-23.59459864840531],[-46.43072450558194,-23.59459864840531],[-46.43072450558194,-23.594663809046946],[-46.430678385678085,-23.594663809046946],[-46.43063226577423,-23.594663809046946],[-46.43058614587037,-23.594663809046946],[-46.430540025966515,-23.594663809046946],[-46.43049390606265,-23.594663809046946],[-46.43049390606265,-23.59459864840531],[-46.430447786158794,-23.59459864840531],[-46.43040166625494,-23.59459864840531],[-46.43040166625494,-23.594663809046946],[-46.43035554635108,-23.594663809046946],[-46.43026330654337,-23.594728969688582],[-46.43026330654337,-23.594794130330218],[-46.43021718663951,-23.594794130330218],[-46.43017106673565,-23.594794130330218],[-46.43007882692793,-23.594859290971854],[-46.430032707024075,-23.594859290971854],[-46.42998658712022,-23.594859290971854],[-46.42994046721636,-23.594859290971854],[-46.42984822740865,-23.594794130330218],[-46.42980210750479,-23.594794130330218],[-46.42975598760093,-23.594794130330218],[-46.42975598760093,-23.594728969688582],[-46.42970986769707,-23.594728969688582],[-46.429663747793214,-23.594728969688582],[-46.4295715079855,-23.594728969688582],[-46.42952538808164,-23.594728969688582],[-46.429479268177786,-23.594728969688582],[-46.429387028370066,-23.594728969688582],[-46.42929478856235,-23.594663809046946],[-46.42920254875464,-23.594663809046946],[-46.429110308946925,-23.59459864840531],[-46.429018069139204,-23.594533487763673],[-46.42892582933149,-23.594533487763673],[-46.42887970942763,-23.594533487763673],[-46.42878746961992,-23.594468327122037],[-46.428695229812206,-23.594468327122037],[-46.42864910990834,-23.5944031664804],[-46.428602990004485,-23.5944031664804],[-46.42851075019677,-23.5944031664804],[-46.42841851038906,-23.594338005838765],[-46.4283723904852,-23.594338005838765],[-46.428326270581344,-23.594272845197132],[-46.42828015067748,-23.594272845197132],[-46.42823403077362,-23.594272845197132],[-46.42814179096591,-23.594207684555496],[-46.428049551158196,-23.59414252391386],[-46.42795731135048,-23.59414252391386],[-46.42791119144662,-23.59414252391386],[-46.427818951638905,-23.594077363272223],[-46.42777283173505,-23.594077363272223],[-46.42772671183119,-23.594077363272223],[-46.427680591927334,-23.594012202630587],[-46.42758835211962,-23.594012202630587],[-46.42754223221576,-23.59394704198895],[-46.4274961123119,-23.59394704198895],[-46.42744999240804,-23.59394704198895],[-46.427403872504186,-23.593881881347315],[-46.42735775260033,-23.593881881347315],[-46.42731163269647,-23.593881881347315],[-46.427265512792616,-23.59381672070568],[-46.42721939288876,-23.59381672070568],[-46.42712715308104,-23.59381672070568],[-46.427034913273324,-23.59381672070568],[-46.427034913273324,-23.593751560064042],[-46.42694267346561,-23.593751560064042],[-46.42685043365789,-23.593686399422406],[-46.42680431375403,-23.593621238780774],[-46.426758193850176,-23.593621238780774],[-46.42671207394632,-23.593621238780774],[-46.426619834138606,-23.593556078139137],[-46.42652759433089,-23.5934909174975],[-46.42643535452317,-23.5934909174975],[-46.42634311471546,-23.593425756855865],[-46.4262969948116,-23.593425756855865],[-46.42620475500389,-23.593425756855865],[-46.426112515196166,-23.5934909174975],[-46.42602027538845,-23.5934909174975],[-46.42592803558074,-23.5934909174975],[-46.42588191567688,-23.5934909174975],[-46.425835795773025,-23.593556078139137],[-46.425743555965305,-23.593556078139137],[-46.42569743606145,-23.593556078139137],[-46.42555907634988,-23.593556078139137],[-46.42551295644602,-23.5934909174975],[-46.425466836542164,-23.5934909174975],[-46.42537459673444,-23.5934909174975],[-46.425328476830586,-23.5934909174975],[-46.4250978773113,-23.593425756855865],[-46.42500563750358,-23.5934909174975],[-46.424959517599724,-23.593425756855865],[-46.42491339769587,-23.593425756855865],[-46.42486727779201,-23.593425756855865],[-46.4247750379843,-23.5934909174975],[-46.42468279817658,-23.5934909174975],[-46.42463667827272,-23.5934909174975],[-46.42459055836886,-23.5934909174975],[-46.42449831856115,-23.5934909174975],[-46.424406078753435,-23.5934909174975],[-46.42431383894572,-23.5934909174975],[-46.42426771904186,-23.593425756855865],[-46.424175479234144,-23.593425756855865],[-46.42408323942643,-23.593425756855865],[-46.42403711952257,-23.593425756855865],[-46.42399099961872,-23.59336059621423],[-46.423898759810996,-23.59336059621423],[-46.42385263990714,-23.59336059621423],[-46.42380652000328,-23.59336059621423],[-46.423760400099425,-23.59336059621423],[-46.42366816029171,-23.593295435572593],[-46.423575920484,-23.593295435572593],[-46.42348368067628,-23.59336059621423],[-46.42334532096471,-23.59336059621423],[-46.42329920106085,-23.593295435572593],[-46.42316084134927,-23.593295435572593],[-46.42306860154156,-23.593295435572593],[-46.422976361733845,-23.593230274930956],[-46.42288412192613,-23.593230274930956],[-46.422838002022274,-23.593230274930956],[-46.422745762214554,-23.59316511428932],[-46.4226996423107,-23.593099953647684],[-46.42260740250298,-23.593099953647684],[-46.422561282599126,-23.593099953647684],[-46.42246904279141,-23.593099953647684],[-46.42242292288755,-23.593099953647684],[-46.42237680298369,-23.593099953647684],[-46.422330683079835,-23.593099953647684],[-46.42228456317598,-23.593099953647684],[-46.42223844327212,-23.593099953647684],[-46.422192323368265,-23.593034793006048],[-46.42214620346441,-23.593034793006048],[-46.42210008356055,-23.593034793006048],[-46.42200784375283,-23.592969632364415],[-46.42196172384897,-23.592969632364415],[-46.421915603945116,-23.59290447172278],[-46.4218233641374,-23.59290447172278],[-46.421777244233546,-23.592839311081143],[-46.42173112432968,-23.592839311081143],[-46.421685004425825,-23.592839311081143],[-46.421685004425825,-23.592774150439507],[-46.42163888452197,-23.592774150439507],[-46.421546644714255,-23.59270898979787],[-46.4215005248104,-23.592643829156234],[-46.42145440490654,-23.592643829156234],[-46.421408285002684,-23.592643829156234],[-46.42136216509882,-23.592643829156234],[-46.42131604519496,-23.592643829156234],[-46.42126992529111,-23.592643829156234],[-46.42122380538725,-23.592578668514598],[-46.42117768548339,-23.592578668514598],[-46.421131565579536,-23.59251350787296],[-46.42103932577182,-23.592448347231326],[-46.42099320586796,-23.592448347231326],[-46.4209470859641,-23.592448347231326],[-46.420900966060245,-23.592448347231326],[-46.420762606348674,-23.592448347231326],[-46.42071648644482,-23.59238318658969],[-46.42067036654096,-23.592318025948053],[-46.4206242466371,-23.592318025948053],[-46.42057812673324,-23.59225286530642],[-46.42053200682938,-23.59225286530642],[-46.42053200682938,-23.592187704664784],[-46.42053200682938,-23.592122544023148],[-46.420485886925526,-23.592057383381512],[-46.42039364711781,-23.592057383381512],[-46.4203014073101,-23.592057383381512],[-46.42020916750238,-23.592057383381512],[-46.42007080779081,-23.592057383381512],[-46.419978567983094,-23.592122544023148],[-46.41988632817537,-23.592122544023148],[-46.41979408836766,-23.592187704664784],[-46.4197479684638,-23.59225286530642],[-46.419701848559946,-23.59225286530642],[-46.41965572865609,-23.592318025948053],[-46.41960960875223,-23.59238318658969],[-46.41951736894451,-23.59238318658969],[-46.4194251291368,-23.59238318658969],[-46.41937900923294,-23.59238318658969],[-46.41928676942523,-23.59238318658969],[-46.41924064952137,-23.59238318658969],[-46.41919452961751,-23.59238318658969],[-46.41914840971365,-23.59238318658969],[-46.419056169905936,-23.592318025948053],[-46.41901005000208,-23.592318025948053],[-46.418917810194365,-23.592318025948053],[-46.41887169029051,-23.592318025948053],[-46.41882557038665,-23.59238318658969],[-46.41882557038665,-23.592448347231326],[-46.41882557038665,-23.59251350787296],[-46.41877945048279,-23.59251350787296],[-46.41873333057893,-23.592578668514598],[-46.41864109077122,-23.592578668514598],[-46.41859497086736,-23.592578668514598],[-46.418548850963504,-23.592578668514598],[-46.41850273105965,-23.592578668514598],[-46.41845661115579,-23.592643829156234],[-46.418410491251926,-23.592643829156234],[-46.41836437134807,-23.59270898979787],[-46.418272131540355,-23.59270898979787],[-46.4182260116365,-23.59270898979787],[-46.4182260116365,-23.592774150439507]]]}}]}