{"type":"FeatureCollection","features":[{"type":"Feature","properties":{"DATA_ULT_A":"2009/10/09","DATA_CRIAC":"2009/10/09","id":23,"name":"São Miguel","area":24.3,"pop_2010":369496,"pop_density_2010":15206,"budget_2015":48962279},"geometry":{"type":"Polygon","coordinates":[[[-46.476383210401096,-23.517057484858643],[-46.476383210401096,-23.516927163575374],[-46.47642933030495,-23.51686200293374],[-46.47642933030495,-23.516796842292102],[-46.47642933030495,-23.51666652100883],[-46.47647545020881,-23.51647103908392],[-46.47647545020881,-23.516275557159016],[-46.476521570112666,-23.516145235875744],[-46.47656769001652,-23.515949753950835],[-46.47656769001652,-23.515819432667563],[-46.47656769001652,-23.515623950742658],[-46.47661380992039,-23.51542846881775],[-46.47689052934353,-23.513473649568674],[-46.477028889055106,-23.512365918660862],[-46.47721336867053,-23.511453669677962],[-46.47735172838211,-23.51067174197833],[-46.47753620799754,-23.509694332353792],[-46.47776680751683,-23.508782083370892],[-46.4779051672284,-23.50800015567126],[-46.47799740703611,-23.507544031179812],[-46.478089646843834,-23.50708790668836],[-46.47818188665155,-23.506827264121817],[-46.47813576674769,-23.506827264121817],[-46.478089646843834,-23.50676210348018],[-46.47795128713226,-23.50676210348018],[-46.477812927420686,-23.50663178219691],[-46.47767456770911,-23.506566621555272],[-46.47749008809368,-23.506501460913636],[-46.47730560847825,-23.506436300272],[-46.47712112886282,-23.506371139630364],[-46.47707500895896,-23.506371139630364],[-46.47707500895896,-23.506305978988728],[-46.477028889055106,-23.506305978988728],[-46.476936649247385,-23.506305978988728],[-46.47675216963196,-23.50617565770546],[-46.47656769001652,-23.506110497063823],[-46.476521570112666,-23.506110497063823],[-46.47633709049724,-23.50598017578055],[-46.47619873078566,-23.50598017578055],[-46.476014251170234,-23.505849854497278],[-46.475875891458664,-23.50578469385564],[-46.4758297715548,-23.50578469385564],[-46.47578365165094,-23.505719533214005],[-46.47569141184323,-23.505719533214005],[-46.475599172035515,-23.50565437257237],[-46.4755069322278,-23.50565437257237],[-46.47546081232394,-23.505589211930733],[-46.47541469242008,-23.505589211930733],[-46.475230212804654,-23.5055240512891],[-46.4751840929008,-23.505458890647464],[-46.47513797299694,-23.505458890647464],[-46.47504573318922,-23.505393730005828],[-46.474953493381506,-23.505393730005828],[-46.47490737347765,-23.505393730005828],[-46.47486125357379,-23.505328569364192],[-46.47476901376608,-23.505328569364192],[-46.474722893862214,-23.505263408722556],[-46.4746306540545,-23.505263408722556],[-46.47453841424679,-23.50519824808092],[-46.47449229434293,-23.505133087439283],[-46.47444617443907,-23.505133087439283],[-46.47440005453522,-23.505133087439283],[-46.47421557491978,-23.50500276615601],[-46.47412333511207,-23.504937605514375],[-46.474031095304355,-23.504872444872742],[-46.473938855496634,-23.50474212358947],[-46.47380049578506,-23.504676962947833],[-46.47375437588121,-23.504611802306197],[-46.473662136073486,-23.50454664166456],[-46.47356989626577,-23.504481481022925],[-46.4734315365542,-23.50441632038129],[-46.47333929674649,-23.504285999098016],[-46.47324705693877,-23.504220838456384],[-46.473154817131054,-23.504155677814747],[-46.47306257732334,-23.50409051717311],[-46.47292421761176,-23.50396019588984],[-46.47278585790019,-23.503829874606566],[-46.472739737996335,-23.503829874606566],[-46.472601378284764,-23.503699553323294],[-46.4725552583809,-23.503699553323294],[-46.47246301857319,-23.503634392681658],[-46.47237077876547,-23.50350407139839],[-46.4722324190539,-23.503438910756753],[-46.472094059342325,-23.50330858947348],[-46.47200181953461,-23.503243428831844],[-46.471955699630755,-23.503178268190208],[-46.4719095797269,-23.503178268190208],[-46.4719095797269,-23.50311310754857],[-46.47186345982304,-23.50311310754857],[-46.47181733991918,-23.50311310754857],[-46.47181733991918,-23.503047946906936],[-46.47177122001532,-23.5029827862653],[-46.47172510011146,-23.502917625623663],[-46.47172510011146,-23.50285246498203],[-46.47167898020761,-23.502787304340394],[-46.47163286030375,-23.502722143698758],[-46.47158674039989,-23.50252666177385],[-46.471540620496036,-23.50252666177385],[-46.47149450059218,-23.502396340490577],[-46.47149450059218,-23.50233117984894],[-46.471448380688315,-23.502200858565672],[-46.4713561408806,-23.5020705372824],[-46.471310020976745,-23.502005376640764],[-46.471310020976745,-23.501940215999127],[-46.47126390107289,-23.50187505535749],[-46.47121778116903,-23.501809894715855],[-46.471171661265174,-23.50174473407422],[-46.47112554136132,-23.501679573432583],[-46.47112554136132,-23.501614412790946],[-46.47107942145745,-23.501614412790946],[-46.4710333015536,-23.50154925214931],[-46.47094106174588,-23.50141893086604],[-46.470756582130456,-23.50128860958277],[-46.47071046222659,-23.501223448941133],[-46.47061822241888,-23.501158288299496],[-46.470525982611164,-23.501027967016224],[-46.47047986270731,-23.500962806374588],[-46.470387622899594,-23.50089764573295],[-46.47029538309187,-23.50083248509132],[-46.47020314328416,-23.500702163808047],[-46.470110903476446,-23.50063700316641],[-46.47006478357259,-23.500571842524774],[-46.47001866366873,-23.500506681883138],[-46.469880303957154,-23.500376360599866],[-46.469741944245584,-23.50031119995823],[-46.46964970443787,-23.50018087867496],[-46.46951134472629,-23.500115718033324],[-46.46937298501472,-23.499985396750052],[-46.469326865110865,-23.499920236108416],[-46.46914238549543,-23.49985507546678],[-46.469096265591574,-23.49985507546678],[-46.46900402578386,-23.499789914825143],[-46.46891178597615,-23.499724754183507],[-46.468819546168426,-23.49965959354187],[-46.46877342626457,-23.49965959354187],[-46.46877342626457,-23.499594432900235],[-46.468681186456855,-23.499594432900235],[-46.46858894664914,-23.4995292722586],[-46.46854282674528,-23.499464111616966],[-46.46849670684142,-23.499464111616966],[-46.46840446703371,-23.49939895097533],[-46.46835834712985,-23.49939895097533],[-46.46826610732214,-23.499333790333694],[-46.46821998741828,-23.499333790333694],[-46.468173867514416,-23.499268629692057],[-46.46812774761056,-23.499268629692057],[-46.467897148091275,-23.499138308408785],[-46.46771266847584,-23.499007987125513],[-46.4677587883797,-23.498942826483876],[-46.467804908283554,-23.49874734455897],[-46.467804908283554,-23.498682183917335],[-46.46785102818742,-23.498551862634063],[-46.46785102818742,-23.49842154135079],[-46.467897148091275,-23.498291220067518],[-46.467897148091275,-23.49816089878425],[-46.46794326799513,-23.498030577500977],[-46.46794326799513,-23.49796541685934],[-46.46798938789899,-23.497769934934432],[-46.46798938789899,-23.497704774292796],[-46.468035507802846,-23.497574453009523],[-46.468035507802846,-23.497509292367887],[-46.4680816277067,-23.49737897108462],[-46.4680816277067,-23.497248649801346],[-46.468035507802846,-23.497118328518074],[-46.4680816277067,-23.497053167876437],[-46.4680816277067,-23.49685768595153],[-46.4680816277067,-23.496792525309896],[-46.46812774761056,-23.496597043384988],[-46.46812774761056,-23.496466722101715],[-46.46812774761056,-23.496336400818443],[-46.468173867514416,-23.49620607953517],[-46.46821998741828,-23.4960757582519],[-46.46821998741828,-23.49594543696863],[-46.468312227225994,-23.495815115685357],[-46.46835834712985,-23.495684794402084],[-46.46840446703371,-23.495619633760448],[-46.46849670684142,-23.495554473118812],[-46.468635066553,-23.495358991193907],[-46.468681186456855,-23.495358991193907],[-46.468681186456855,-23.49529383055227],[-46.46877342626457,-23.495228669910635],[-46.46886566607228,-23.495163509269],[-46.46891178597615,-23.495098348627362],[-46.46895790588,-23.495033187985726],[-46.46900402578386,-23.495033187985726],[-46.46905014568772,-23.49496802734409],[-46.469096265591574,-23.494902866702454],[-46.46918850539929,-23.494837706060817],[-46.469234625303145,-23.494837706060817],[-46.46928074520701,-23.494772545419185],[-46.469326865110865,-23.494772545419185],[-46.469326865110865,-23.49470738477755],[-46.46937298501472,-23.49470738477755],[-46.46941910491858,-23.49470738477755],[-46.46941910491858,-23.494642224135912],[-46.46951134472629,-23.494642224135912],[-46.469603584534006,-23.494577063494276],[-46.469741944245584,-23.49451190285264],[-46.46992642386101,-23.494446742211004],[-46.47001866366873,-23.494381581569368],[-46.470110903476446,-23.49431642092773],[-46.4701570233803,-23.49431642092773],[-46.47020314328416,-23.494251260286095],[-46.470249263188016,-23.494251260286095],[-46.47029538309187,-23.49418609964446],[-46.47029538309187,-23.494120939002826],[-46.47034150299573,-23.49405577836119],[-46.470387622899594,-23.493990617719554],[-46.470387622899594,-23.493925457077918],[-46.470387622899594,-23.49386029643628],[-46.470387622899594,-23.493795135794645],[-46.470387622899594,-23.49372997515301],[-46.470387622899594,-23.493664814511373],[-46.47034150299573,-23.493469332586464],[-46.47029538309187,-23.49327385066156],[-46.47029538309187,-23.493208690019923],[-46.470249263188016,-23.49307836873665],[-46.470249263188016,-23.49294804745338],[-46.47020314328416,-23.492817726170106],[-46.4701570233803,-23.492687404886837],[-46.4701570233803,-23.4926222442452],[-46.470110903476446,-23.49249192296193],[-46.470110903476446,-23.492426762320292],[-46.47006478357259,-23.49229644103702],[-46.47006478357259,-23.492231280395384],[-46.47001866366873,-23.492100959112115],[-46.46997254376487,-23.491970637828842],[-46.46997254376487,-23.491905477187206],[-46.46992642386101,-23.491775155903934],[-46.469880303957154,-23.49164483462066],[-46.469880303957154,-23.491579673979025],[-46.4698341840533,-23.491449352695753],[-46.4698341840533,-23.49138419205412],[-46.4698341840533,-23.491253870770848],[-46.46978806414944,-23.491123549487575],[-46.46978806414944,-23.49105838884594],[-46.46978806414944,-23.490928067562667],[-46.46978806414944,-23.490797746279394],[-46.46978806414944,-23.490732585637762],[-46.46978806414944,-23.490537103712853],[-46.4698341840533,-23.49040678242958],[-46.4698341840533,-23.49027646114631],[-46.4698341840533,-23.490211300504672],[-46.4698341840533,-23.490146139863036],[-46.4698341840533,-23.490015818579767],[-46.4698341840533,-23.489885497296495],[-46.4698341840533,-23.48982033665486],[-46.4698341840533,-23.489690015371586],[-46.4698341840533,-23.48962485472995],[-46.4698341840533,-23.489559694088314],[-46.4698341840533,-23.489494533446678],[-46.4698341840533,-23.489429372805045],[-46.46978806414944,-23.489429372805045],[-46.46978806414944,-23.48936421216341],[-46.46969582434173,-23.489233890880136],[-46.46955746463015,-23.489233890880136],[-46.469465224822436,-23.4891687302385],[-46.46941910491858,-23.4891687302385],[-46.469326865110865,-23.4891687302385],[-46.46914238549543,-23.489103569596864],[-46.46900402578386,-23.489103569596864],[-46.46895790588,-23.489038408955228],[-46.46886566607228,-23.489038408955228],[-46.468681186456855,-23.48897324831359],[-46.46858894664914,-23.48897324831359],[-46.46840446703371,-23.488908087671955],[-46.46835834712985,-23.488908087671955],[-46.468312227225994,-23.488908087671955],[-46.46826610732214,-23.488908087671955],[-46.46826610732214,-23.48884292703032],[-46.46821998741828,-23.48884292703032],[-46.468173867514416,-23.488777766388687],[-46.4680816277067,-23.488647445105414],[-46.4680816277067,-23.488582284463778],[-46.468035507802846,-23.48838680253887],[-46.468035507802846,-23.488321641897233],[-46.468035507802846,-23.488256481255597],[-46.4680816277067,-23.488126159972325],[-46.46812774761056,-23.487995838689056],[-46.468173867514416,-23.487865517405783],[-46.46821998741828,-23.487800356764147],[-46.46826610732214,-23.487670035480875],[-46.468312227225994,-23.48760487483924],[-46.468312227225994,-23.487539714197602],[-46.46835834712985,-23.487539714197602],[-46.46849670684142,-23.48714875034779],[-46.46854282674528,-23.487018429064516],[-46.46858894664914,-23.486888107781244],[-46.468635066553,-23.486757786497975],[-46.468681186456855,-23.48669262585634],[-46.46872730636071,-23.486562304573066],[-46.46877342626457,-23.486431983289794],[-46.468819546168426,-23.48630166200652],[-46.46886566607228,-23.486236501364885],[-46.46886566607228,-23.48617134072325],[-46.46900402578386,-23.485845537515072],[-46.46905014568772,-23.485650055590163],[-46.469096265591574,-23.485584894948527],[-46.46914238549543,-23.485454573665255],[-46.46918850539929,-23.485389413023622],[-46.46918850539929,-23.485324252381986],[-46.469234625303145,-23.485324252381986],[-46.469234625303145,-23.48525909174035],[-46.46928074520701,-23.485193931098713],[-46.469326865110865,-23.485193931098713],[-46.469326865110865,-23.485128770457077],[-46.46937298501472,-23.485128770457077],[-46.46941910491858,-23.48506360981544],[-46.469465224822436,-23.484998449173805],[-46.469603584534006,-23.48493328853217],[-46.46969582434173,-23.484802967248896],[-46.46978806414944,-23.484737806607264],[-46.469880303957154,-23.484672645965627],[-46.47001866366873,-23.484542324682355],[-46.47020314328416,-23.484412003399083],[-46.470387622899594,-23.484216521474174],[-46.47061822241888,-23.48402103954927],[-46.47084882193817,-23.48382555762436],[-46.4710333015536,-23.483695236341088],[-46.47112554136132,-23.483564915057816],[-46.47121778116903,-23.48349975441618],[-46.47121778116903,-23.483434593774543],[-46.471310020976745,-23.483239111849638],[-46.4713561408806,-23.483108790566366],[-46.4713561408806,-23.48304362992473],[-46.4713561408806,-23.482978469283093],[-46.47121778116903,-23.482978469283093],[-46.47112554136132,-23.482978469283093],[-46.4710333015536,-23.482978469283093],[-46.470894941842026,-23.482978469283093],[-46.470756582130456,-23.48304362992473],[-46.470664342322735,-23.48304362992473],[-46.470525982611164,-23.483108790566366],[-46.47043374280345,-23.483108790566366],[-46.47029538309187,-23.483173951208002],[-46.47020314328416,-23.483173951208002],[-46.47006478357259,-23.482913308641457],[-46.47006478357259,-23.48284814799982],[-46.46997254376487,-23.48258750543328],[-46.46997254376487,-23.482522344791644],[-46.469880303957154,-23.4822617022251],[-46.4698341840533,-23.482131380941826],[-46.46978806414944,-23.48193589901692],[-46.46969582434173,-23.481675256450377],[-46.46964970443787,-23.481414613883832],[-46.46955746463015,-23.481219131958927],[-46.46951134472629,-23.481088810675654],[-46.46905014568772,-23.4813494532422],[-46.46835834712985,-23.481544935167104],[-46.46706698982183,-23.482001059658558],[-46.46577563251382,-23.48239202350837],[-46.465176073763665,-23.482522344791644],[-46.46420755578266,-23.482782987358185],[-46.46356187712865,-23.48284814799982],[-46.46287007857078,-23.482913308641457],[-46.462316639724484,-23.482978469283093],[-46.46199380039749,-23.48304362992473],[-46.461901560589766,-23.48304362992473],[-46.46180932078205,-23.48304362992473],[-46.46148648145505,-23.483108790566366],[-46.46093304260876,-23.483108790566366],[-46.46014900424318,-23.482978469283093],[-46.45927272606988,-23.482717826716552],[-46.45871928722359,-23.482522344791644],[-46.45844256780044,-23.482522344791644],[-46.45816584837729,-23.48258750543328],[-46.457704649338716,-23.482782987358185],[-46.456920610973135,-23.482782987358185],[-46.45581373328055,-23.482652666074916],[-46.45447625606867,-23.482326862866735],[-46.454199536645525,-23.4822617022251],[-46.4519396613565,-23.48193589901692],[-46.44926470693275,-23.481284292600563],[-46.447004831643724,-23.480893328750746],[-46.44497555587398,-23.480306882976024],[-46.44216224173866,-23.479459794634757],[-46.44174716260394,-23.479459794634757],[-46.44114760385379,-23.479524955276393],[-46.44077864462293,-23.47959011591803],[-46.44050192519978,-23.4797204372013],[-46.44040968539207,-23.47991591912621],[-46.44013296596892,-23.480111401051115],[-46.43962564702648,-23.48017656169275],[-46.43778085087217,-23.479850758484574],[-46.43718129212203,-23.479655276559665],[-46.43662785327573,-23.47926431270985],[-46.43625889404487,-23.479068830784943],[-46.43575157510244,-23.478873348860034],[-46.43542873577543,-23.478743027576762],[-46.43524425616,-23.478612706293493],[-46.43515201635228,-23.478547545651857],[-46.43510589644843,-23.47848238501022],[-46.43510589644843,-23.47835206372695],[-46.43510589644843,-23.478221742443676],[-46.43510589644843,-23.478091421160403],[-46.43519813625614,-23.4778959392355],[-46.435382615871575,-23.477765617952226],[-46.435567095487,-23.47770045731059],[-46.43579769500629,-23.477570136027317],[-46.436028294525585,-23.477439814744045],[-46.43625889404487,-23.477309493460776],[-46.4364433736603,-23.477114011535868],[-46.43653561346802,-23.47691852961096],[-46.436581733371874,-23.476788208327687],[-46.43662785327573,-23.476527565761145],[-46.43667397317959,-23.4762669231946],[-46.43662785327573,-23.47613660191133],[-46.436581733371874,-23.475941119986423],[-46.436397253756446,-23.47581079870315],[-46.4361205343333,-23.475745638061515],[-46.43588993481401,-23.475745638061515],[-46.43570545519858,-23.47581079870315],[-46.43533649596772,-23.47581079870315],[-46.43501365664071,-23.475941119986423],[-46.43469081731371,-23.476006280628056],[-46.43446021779442,-23.476071441269692],[-46.43427573817899,-23.476071441269692],[-46.4340451386597,-23.47613660191133],[-46.433814539140414,-23.4762669231946],[-46.43372229933269,-23.476332083836237],[-46.43363005952498,-23.476527565761145],[-46.43358393962112,-23.476657887044418],[-46.433537819717266,-23.476788208327687],[-46.433537819717266,-23.476853368969323],[-46.433537819717266,-23.47691852961096],[-46.433537819717266,-23.476983690252595],[-46.433537819717266,-23.477114011535868],[-46.433537819717266,-23.47724433281914],[-46.43344557990955,-23.47737465410241],[-46.43321498039026,-23.477439814744045],[-46.43307662067869,-23.47750497538568],[-46.43293826096711,-23.47750497538568],[-46.432892141063256,-23.477570136027317],[-46.432753781351686,-23.477570136027317],[-46.43261542164011,-23.477570136027317],[-46.43243094202468,-23.477570136027317],[-46.432246462409246,-23.477635296668954],[-46.43206198279382,-23.47770045731059],[-46.431877503178384,-23.477830778593862],[-46.431600783755236,-23.477961099877135],[-46.43150854394752,-23.478026260518767],[-46.431324064332095,-23.478026260518767],[-46.43127794442824,-23.478026260518767],[-46.43118570462052,-23.478026260518767],[-46.43113958471666,-23.477961099877135],[-46.43104734490895,-23.477961099877135],[-46.43100122500509,-23.477830778593862],[-46.43095510510123,-23.47770045731059],[-46.43095510510123,-23.477635296668954],[-46.43104734490895,-23.47750497538568],[-46.431093464812804,-23.47737465410241],[-46.43118570462052,-23.47737465410241],[-46.431324064332095,-23.477309493460776],[-46.431462424043666,-23.47724433281914],[-46.431600783755236,-23.477114011535868],[-46.431739143466814,-23.47704885089423],[-46.43178526337067,-23.476853368969323],[-46.43178526337067,-23.476788208327687],[-46.43183138327453,-23.476657887044418],[-46.43183138327453,-23.47659272640278],[-46.43178526337067,-23.47646240511951],[-46.43169302356296,-23.476332083836237],[-46.4316469036591,-23.476332083836237],[-46.43150854394752,-23.4762669231946],[-46.43141630413981,-23.4762669231946],[-46.43127794442824,-23.4762669231946],[-46.431093464812804,-23.476332083836237],[-46.43090898519738,-23.476397244477873],[-46.430678385678085,-23.476397244477873],[-46.43049390606265,-23.476397244477873],[-46.43026330654337,-23.476332083836237],[-46.43017106673565,-23.476332083836237],[-46.43007882692793,-23.4762669231946],[-46.430032707024075,-23.476201762552964],[-46.42998658712022,-23.476071441269692],[-46.42994046721636,-23.476006280628056],[-46.42994046721636,-23.47581079870315],[-46.42994046721636,-23.47568047741988],[-46.42998658712022,-23.475550156136606],[-46.430032707024075,-23.475419834853334],[-46.43012494683179,-23.47522435292843],[-46.43017106673565,-23.475159192286792],[-46.43017106673565,-23.475094031645156],[-46.43021718663951,-23.474963710361884],[-46.430309426447224,-23.47470306779534],[-46.430309426447224,-23.474507585870434],[-46.430309426447224,-23.474312103945525],[-46.430309426447224,-23.474181782662253],[-46.43026330654337,-23.473986300737344],[-46.43021718663951,-23.47379081881244],[-46.43012494683179,-23.47359533688753],[-46.42998658712022,-23.47346501560426],[-46.42975598760093,-23.473334694320986],[-46.42961762788936,-23.473334694320986],[-46.429479268177786,-23.473334694320986],[-46.42934090846621,-23.473269533679353],[-46.42915642885078,-23.47313921239608],[-46.42897194923535,-23.47300889111281],[-46.42883358952378,-23.472878569829536],[-46.42864910990834,-23.4728134091879],[-46.428464630292915,-23.472748248546264],[-46.4283723904852,-23.472683087904628],[-46.42823403077362,-23.47255276662136],[-46.42800343125434,-23.472422445338086],[-46.42791119144662,-23.47235728469645],[-46.42777283173505,-23.472292124054814],[-46.427680591927334,-23.472226963413178],[-46.42744999240804,-23.47216180277154],[-46.42731163269647,-23.47203148148827],[-46.42712715308104,-23.47203148148827],[-46.42694267346561,-23.47203148148827],[-46.42685043365789,-23.47203148148827],[-46.42671207394632,-23.472096642129905],[-46.42657371423475,-23.472096642129905],[-46.42643535452317,-23.47216180277154],[-46.426250874907744,-23.472292124054814],[-46.425974155484596,-23.472422445338086],[-46.42588191567688,-23.472487605979723],[-46.425743555965305,-23.47255276662136],[-46.42555907634988,-23.47255276662136],[-46.42528235692673,-23.472683087904628],[-46.42500563750358,-23.472748248546264],[-46.424821157888154,-23.4728134091879],[-46.42459055836886,-23.4728134091879],[-46.42435995884958,-23.472878569829536],[-46.42403711952257,-23.472878569829536],[-46.42380652000328,-23.472878569829536],[-46.42366816029171,-23.472943730471172],[-46.42348368067628,-23.472943730471172],[-46.42339144086856,-23.472943730471172],[-46.423206961253136,-23.47300889111281],[-46.4230224816377,-23.47300889111281],[-46.4226996423107,-23.473074051754445],[-46.42246904279141,-23.473074051754445],[-46.42242292288755,-23.473074051754445],[-46.42214620346441,-23.473074051754445],[-46.42186948404126,-23.473204373037717],[-46.42159276461811,-23.473334694320986],[-46.42131604519496,-23.47359533688753],[-46.421131565579536,-23.473660497529167],[-46.4209470859641,-23.47379081881244],[-46.42071648644482,-23.473855979454076],[-46.420485886925526,-23.473855979454076],[-46.42020916750238,-23.473855979454076],[-46.41979408836766,-23.474116622020617],[-46.41965572865609,-23.474181782662253],[-46.419332889329084,-23.47437726458716],[-46.41919452961751,-23.474442425228798],[-46.41910228980979,-23.474442425228798],[-46.41896393009822,-23.474442425228798],[-46.41882557038665,-23.474442425228798],[-46.41864109077122,-23.47437726458716],[-46.418548850963504,-23.474312103945525],[-46.418548850963504,-23.47424694330389],[-46.418548850963504,-23.474116622020617],[-46.41859497086736,-23.47392114009571],[-46.41864109077122,-23.473855979454076],[-46.418687210675074,-23.47359533688753],[-46.418687210675074,-23.47346501560426],[-46.41864109077122,-23.473269533679353],[-46.418548850963504,-23.473074051754445],[-46.41831825144421,-23.472878569829536],[-46.41817989173264,-23.472748248546264],[-46.41799541211721,-23.472748248546264],[-46.41776481259792,-23.472617927262995],[-46.41758033298249,-23.472487605979723],[-46.417488093174775,-23.472487605979723],[-46.41730361355934,-23.472487605979723],[-46.41711913394391,-23.472487605979723],[-46.416842414520765,-23.47255276662136],[-46.416611815001474,-23.472748248546264],[-46.41642733538605,-23.472943730471172],[-46.416288975674476,-23.473074051754445],[-46.41624285577061,-23.473204373037717],[-46.41610449605904,-23.47346501560426],[-46.416058376155185,-23.473660497529167],[-46.41596613634747,-23.47379081881244],[-46.41587389653975,-23.473986300737344],[-46.41587389653975,-23.474116622020617],[-46.41573553682818,-23.474312103945525],[-46.41568941692432,-23.47437726458716],[-46.41555105721275,-23.47437726458716],[-46.41545881740503,-23.474442425228798],[-46.41532045769346,-23.474442425228798],[-46.41522821788575,-23.474442425228798],[-46.414997618366456,-23.474442425228798],[-46.4149514984626,-23.47437726458716],[-46.41472089894331,-23.474312103945525],[-46.41453641932788,-23.474181782662253],[-46.4143980596163,-23.47405146137898],[-46.41416746009702,-23.47379081881244],[-46.41416746009702,-23.473660497529167],[-46.41416746009702,-23.473530176245895],[-46.41430581980859,-23.473399854962622],[-46.414351939712446,-23.473269533679353],[-46.41453641932788,-23.47313921239608],[-46.414997618366456,-23.47300889111281],[-46.41518209798189,-23.47300889111281],[-46.41536657759732,-23.472943730471172],[-46.415412697501175,-23.472943730471172],[-46.415412697501175,-23.472878569829536],[-46.415412697501175,-23.4728134091879],[-46.41536657759732,-23.472683087904628],[-46.415274337789604,-23.47255276662136],[-46.41508985817417,-23.472422445338086],[-46.41481313875103,-23.472226963413178],[-46.41458253923174,-23.472096642129905],[-46.414213580000876,-23.471770838921728],[-46.41389074067387,-23.471510196355183],[-46.413706261058444,-23.471314714430275],[-46.41352178144301,-23.471249553788642],[-46.41269162317357,-23.47079342929719],[-46.412414903750424,-23.470597947372283],[-46.41218430423113,-23.47046762608901],[-46.41204594451956,-23.47046762608901],[-46.411861464904135,-23.47046762608901],[-46.41172310519256,-23.470532786730647],[-46.41158474548099,-23.470532786730647],[-46.41144638576941,-23.470532786730647],[-46.411215786250125,-23.47046762608901],[-46.41107742653855,-23.470402465447375],[-46.41089294692312,-23.47046762608901],[-46.41066234740383,-23.47046762608901],[-46.4104778677884,-23.470597947372283],[-46.41038562798068,-23.470663108013916],[-46.410339508076824,-23.470728268655552],[-46.41029338817297,-23.47079342929719],[-46.41029338817297,-23.470858589938825],[-46.410339508076824,-23.47092375058046],[-46.410431747884545,-23.471054071863733],[-46.41052398769226,-23.471184393147006],[-46.41052398769226,-23.471249553788642],[-46.41052398769226,-23.47137987507191],[-46.410431747884545,-23.471510196355183],[-46.410339508076824,-23.47157535699682],[-46.41020114836525,-23.47170567828009],[-46.41001666874982,-23.47170567828009],[-46.40969382942282,-23.471835999563364],[-46.40941710999967,-23.471901160205],[-46.409140390576525,-23.47203148148827],[-46.40877143134566,-23.472096642129905],[-46.40854083182637,-23.472096642129905],[-46.4084024721148,-23.472096642129905],[-46.40826411240323,-23.472096642129905],[-46.40817187259551,-23.472096642129905],[-46.408079632787796,-23.47216180277154],[-46.40798739298008,-23.47216180277154],[-46.40789515317237,-23.472292124054814],[-46.40784903326851,-23.472422445338086],[-46.40775679346079,-23.472683087904628],[-46.40775679346079,-23.472748248546264],[-46.40784903326851,-23.472943730471172],[-46.407941273076226,-23.473074051754445],[-46.40803351288394,-23.473204373037717],[-46.40817187259551,-23.473334694320986],[-46.408494711922515,-23.47346501560426],[-46.40863307163409,-23.473530176245895],[-46.40877143134566,-23.473530176245895],[-46.40890979105723,-23.473660497529167],[-46.409140390576525,-23.473725658170803],[-46.40946322990353,-23.47392114009571],[-46.40969382942282,-23.473986300737344],[-46.40987830903825,-23.474116622020617],[-46.41010890855754,-23.474312103945525],[-46.410155028461396,-23.47437726458716],[-46.41020114836525,-23.47437726458716],[-46.41024726826911,-23.474442425228798],[-46.41029338817297,-23.474507585870434],[-46.41029338817297,-23.47457274651207],[-46.41029338817297,-23.47470306779534],[-46.41029338817297,-23.474768228436975],[-46.41029338817297,-23.474898549720248],[-46.41024726826911,-23.47502887100352],[-46.410155028461396,-23.475094031645156],[-46.41010890855754,-23.475159192286792],[-46.40997054884596,-23.47522435292843],[-46.40987830903825,-23.475289513570065],[-46.40973994932668,-23.475289513570065],[-46.4096015896151,-23.475289513570065],[-46.40877143134566,-23.47502887100352],[-46.40831023230709,-23.474963710361884],[-46.407710673556934,-23.474898549720248],[-46.40761843374922,-23.474898549720248],[-46.407572313845364,-23.474898549720248],[-46.40748007403765,-23.474963710361884],[-46.40738783422993,-23.47502887100352],[-46.40734171432607,-23.475094031645156],[-46.40724947451836,-23.475094031645156],[-46.4072033546145,-23.475159192286792],[-46.40711111480679,-23.475289513570065],[-46.4072033546145,-23.475419834853334],[-46.40734171432607,-23.475550156136606],[-46.40748007403765,-23.475615316778242],[-46.407941273076226,-23.475745638061515],[-46.40831023230709,-23.47581079870315],[-46.40844859201866,-23.476006280628056],[-46.40844859201866,-23.47613660191133],[-46.408494711922515,-23.4762669231946],[-46.40854083182637,-23.476397244477873],[-46.408494711922515,-23.476527565761145],[-46.408494711922515,-23.476657887044418],[-46.40844859201866,-23.476657887044418],[-46.40831023230709,-23.47691852961096],[-46.40812575269165,-23.47704885089423],[-46.40803351288394,-23.477179172177504],[-46.40784903326851,-23.477309493460776],[-46.40766455365308,-23.477439814744045],[-46.40752619394151,-23.47750497538568],[-46.407433954133786,-23.477635296668954],[-46.407295594422216,-23.47770045731059],[-46.407157234710645,-23.477765617952226],[-46.407064994902925,-23.477765617952226],[-46.40697275509521,-23.477830778593862],[-46.406926635191354,-23.477765617952226],[-46.40683439538364,-23.477765617952226],[-46.406788275479784,-23.477765617952226],[-46.40674215557593,-23.47770045731059],[-46.406649915768206,-23.477635296668954],[-46.40655767596049,-23.477570136027317],[-46.406511556056635,-23.47750497538568],[-46.40641931624892,-23.477309493460776],[-46.40637319634506,-23.477114011535868],[-46.4063270764412,-23.47704885089423],[-46.406280956537344,-23.476983690252595],[-46.406280956537344,-23.476788208327687],[-46.40623483663349,-23.476657887044418],[-46.40618871672963,-23.476527565761145],[-46.40609647692192,-23.47646240511951],[-46.40605035701806,-23.476397244477873],[-46.40595811721034,-23.476332083836237],[-46.405865877402626,-23.4762669231946],[-46.405727517691055,-23.4762669231946],[-46.40558915797948,-23.4762669231946],[-46.405496918171764,-23.476332083836237],[-46.40545079826791,-23.476332083836237],[-46.40540467836405,-23.476397244477873],[-46.40540467836405,-23.47646240511951],[-46.40535855846019,-23.476527565761145],[-46.40540467836405,-23.47672304768605],[-46.405496918171764,-23.476983690252595],[-46.405496918171764,-23.477114011535868],[-46.405496918171764,-23.47724433281914],[-46.405496918171764,-23.47737465410241],[-46.405496918171764,-23.477439814744045],[-46.40545079826791,-23.47750497538568],[-46.40540467836405,-23.477570136027317],[-46.40535855846019,-23.477570136027317],[-46.40517407884476,-23.47770045731059],[-46.404943479325475,-23.477830778593862],[-46.40475899971004,-23.478026260518767],[-46.40462063999847,-23.47815658180204],[-46.40457452009461,-23.478221742443676],[-46.40452840019075,-23.47835206372695],[-46.40452840019075,-23.478417224368584],[-46.40462063999847,-23.478547545651857],[-46.40475899971004,-23.478612706293493],[-46.404943479325475,-23.478612706293493],[-46.405220198748616,-23.47867786693513],[-46.40545079826791,-23.478743027576762],[-46.40558915797948,-23.478808188218398],[-46.4056813977872,-23.478873348860034],[-46.40581975749877,-23.47893850950167],[-46.405865877402626,-23.479068830784943],[-46.40581975749877,-23.47913399142658],[-46.40581975749877,-23.47926431270985],[-46.40577363759491,-23.479329473351488],[-46.405727517691055,-23.479459794634757],[-46.40554303807562,-23.47959011591803],[-46.40540467836405,-23.4797204372013],[-46.4048051196139,-23.480241722334387],[-46.40471287980618,-23.480306882976024],[-46.40448228028689,-23.480437204259296],[-46.40434392057532,-23.48056752554257],[-46.40420556086375,-23.48069784682584],[-46.40411332105603,-23.48082816810911],[-46.40411332105603,-23.480958489392382],[-46.40411332105603,-23.481088810675654],[-46.40415944095989,-23.481219131958927],[-46.40420556086375,-23.481219131958927],[-46.404297800671465,-23.481284292600563],[-46.40434392057532,-23.4813494532422],[-46.404436160383035,-23.481414613883832],[-46.40462063999847,-23.481479774525468],[-46.40466675990233,-23.481479774525468],[-46.4048051196139,-23.481479774525468],[-46.404943479325475,-23.481479774525468],[-46.40517407884476,-23.481414613883832],[-46.40531243855634,-23.4813494532422],[-46.40545079826791,-23.4813494532422],[-46.40558915797948,-23.4813494532422],[-46.4056813977872,-23.481284292600563],[-46.40595811721034,-23.481284292600563],[-46.40609647692192,-23.4813494532422],[-46.40618871672963,-23.481414613883832],[-46.406280956537344,-23.481479774525468],[-46.406280956537344,-23.481544935167104],[-46.4063270764412,-23.48161009580874],[-46.4063270764412,-23.481675256450377],[-46.406280956537344,-23.481870738375285],[-46.406280956537344,-23.482001059658558],[-46.4063270764412,-23.482326862866735],[-46.40637319634506,-23.48258750543328],[-46.406511556056635,-23.482978469283093],[-46.40655767596049,-23.483108790566366],[-46.40660379586435,-23.483239111849638],[-46.40669603567206,-23.48336943313291],[-46.40674215557593,-23.483564915057816],[-46.406788275479784,-23.48382555762436],[-46.406788275479784,-23.4840862001909],[-46.40674215557593,-23.48447716404072],[-46.40674215557593,-23.484802967248896],[-46.40669603567206,-23.484998449173805],[-46.406649915768206,-23.48525909174035],[-46.40655767596049,-23.485454573665255],[-46.40646543615278,-23.485584894948527],[-46.40641931624892,-23.485650055590163],[-46.4063270764412,-23.485780376873436],[-46.40618871672963,-23.485975858798344],[-46.40595811721034,-23.486106180081613],[-46.405727517691055,-23.48617134072325],[-46.405496918171764,-23.486236501364885],[-46.4051279589409,-23.48617134072325],[-46.40489735942161,-23.486106180081613],[-46.40471287980618,-23.485975858798344],[-46.40452840019075,-23.485845537515072],[-46.40434392057532,-23.485584894948527],[-46.40420556086375,-23.485454573665255],[-46.40420556086375,-23.485324252381986],[-46.40420556086375,-23.485128770457077],[-46.40420556086375,-23.484998449173805],[-46.40406720115217,-23.48493328853217],[-46.4039288414406,-23.484868127890532],[-46.403790481729025,-23.48493328853217],[-46.4036060021136,-23.484998449173805],[-46.403421522498164,-23.485128770457077],[-46.40328316278659,-23.485324252381986],[-46.4030525632673,-23.48551973430689],[-46.402729723940304,-23.4857152162318],[-46.40254524432487,-23.485845537515072],[-46.4024068846133,-23.485975858798344],[-46.40217628509401,-23.486236501364885],[-46.402084045286294,-23.486431983289794],[-46.40203792538244,-23.486562304573066],[-46.40194568557472,-23.486822947139608],[-46.401853445767,-23.486822947139608],[-46.401807325863146,-23.486888107781244],[-46.40162284624772,-23.48695326842288],[-46.40153060644,-23.48695326842288],[-46.40139224672843,-23.48695326842288],[-46.40134612682457,-23.48695326842288],[-46.401300006920714,-23.487018429064516],[-46.40125388701685,-23.487018429064516],[-46.40120776711299,-23.487018429064516],[-46.401161647209136,-23.487018429064516],[-46.40111552730528,-23.487018429064516],[-46.40106940740142,-23.487018429064516],[-46.40106940740142,-23.48695326842288],[-46.401023287497566,-23.48695326842288],[-46.40097716759371,-23.48695326842288],[-46.40093104768985,-23.48695326842288],[-46.40088492778599,-23.48695326842288],[-46.40083880788213,-23.48695326842288],[-46.400792687978274,-23.48695326842288],[-46.40074656807442,-23.48695326842288],[-46.40070044817056,-23.48695326842288],[-46.400654328266704,-23.48695326842288],[-46.40060820836285,-23.486888107781244],[-46.40060820836285,-23.486822947139608],[-46.40056208845899,-23.486757786497975],[-46.40056208845899,-23.48669262585634],[-46.40056208845899,-23.486627465214703],[-46.400515968555126,-23.486627465214703],[-46.400515968555126,-23.486562304573066],[-46.400515968555126,-23.48649714393143],[-46.40046984865127,-23.486431983289794],[-46.40046984865127,-23.486366822648158],[-46.40042372874741,-23.48630166200652],[-46.400377608843556,-23.486236501364885],[-46.4003314889397,-23.486236501364885],[-46.4003314889397,-23.48617134072325],[-46.40028536903584,-23.48617134072325],[-46.400239249131985,-23.48617134072325],[-46.400239249131985,-23.486106180081613],[-46.40019312922813,-23.486106180081613],[-46.400147009324265,-23.486106180081613],[-46.40010088942041,-23.48604101943998],[-46.40005476951655,-23.48604101943998],[-46.400008649612694,-23.48604101943998],[-46.39996252970884,-23.48604101943998],[-46.39996252970884,-23.485975858798344],[-46.39991640980498,-23.485975858798344],[-46.39987028990112,-23.485975858798344],[-46.39982416999727,-23.485975858798344],[-46.3997780500934,-23.485975858798344],[-46.399731930189546,-23.485975858798344],[-46.39968581028569,-23.485975858798344],[-46.39963969038183,-23.485975858798344],[-46.399593570477975,-23.485975858798344],[-46.39954745057412,-23.485975858798344],[-46.39950133067026,-23.485975858798344],[-46.399455210766405,-23.485975858798344],[-46.39940909086254,-23.485975858798344],[-46.399362970958684,-23.48604101943998],[-46.39931685105483,-23.48604101943998],[-46.39927073115097,-23.48604101943998],[-46.399224611247114,-23.48604101943998],[-46.39917849134326,-23.48604101943998],[-46.3991323714394,-23.48604101943998],[-46.39908625153554,-23.48604101943998],[-46.39904013163168,-23.48604101943998],[-46.39904013163168,-23.486106180081613],[-46.39899401172782,-23.486106180081613],[-46.398947891823966,-23.48604101943998],[-46.39890177192011,-23.48604101943998],[-46.39885565201625,-23.48604101943998],[-46.398809532112395,-23.48604101943998],[-46.39876341220854,-23.48604101943998],[-46.39871729230468,-23.48604101943998],[-46.39867117240082,-23.48604101943998],[-46.39862505249696,-23.48604101943998],[-46.398578932593104,-23.48604101943998],[-46.39853281268925,-23.48604101943998],[-46.39848669278539,-23.48604101943998],[-46.39844057288153,-23.48604101943998],[-46.398394452977676,-23.48604101943998],[-46.398394452977676,-23.486106180081613],[-46.39834833307382,-23.486106180081613],[-46.398302213169956,-23.48617134072325],[-46.3982560932661,-23.486106180081613],[-46.39820997336224,-23.486106180081613],[-46.398163853458385,-23.486106180081613],[-46.39811773355453,-23.486106180081613],[-46.39807161365067,-23.486106180081613],[-46.398025493746815,-23.486106180081613],[-46.39797937384296,-23.48604101943998],[-46.397933253939094,-23.48604101943998],[-46.39788713403524,-23.48604101943998],[-46.39784101413138,-23.48604101943998],[-46.39784101413138,-23.485975858798344],[-46.39779489422752,-23.485975858798344],[-46.39779489422752,-23.485910698156708],[-46.39774877432367,-23.485845537515072],[-46.39774877432367,-23.485780376873436],[-46.39774877432367,-23.4857152162318],[-46.39770265441981,-23.4857152162318],[-46.39770265441981,-23.485650055590163],[-46.39770265441981,-23.485584894948527],[-46.39770265441981,-23.48551973430689],[-46.39765653451595,-23.485454573665255],[-46.397610414612096,-23.485454573665255],[-46.39756429470823,-23.485454573665255],[-46.397518174804375,-23.485454573665255],[-46.39747205490052,-23.485454573665255],[-46.39742593499666,-23.485454573665255],[-46.397379815092805,-23.485454573665255],[-46.39733369518895,-23.485454573665255],[-46.39733369518895,-23.485389413023622],[-46.39733369518895,-23.485324252381986],[-46.39728757528509,-23.48525909174035],[-46.39728757528509,-23.485193931098713],[-46.397241455381234,-23.485128770457077],[-46.397241455381234,-23.48506360981544],[-46.397241455381234,-23.484998449173805],[-46.39728757528509,-23.48493328853217],[-46.39733369518895,-23.48493328853217],[-46.39733369518895,-23.484868127890532],[-46.39733369518895,-23.484802967248896],[-46.39733369518895,-23.484737806607264],[-46.39728757528509,-23.484737806607264],[-46.397241455381234,-23.484672645965627],[-46.39719533547737,-23.484672645965627],[-46.39714921557351,-23.484672645965627],[-46.39710309566966,-23.484672645965627],[-46.3970569757658,-23.48460748532399],[-46.39701085586194,-23.48460748532399],[-46.396964735958086,-23.484542324682355],[-46.396964735958086,-23.48447716404072],[-46.396964735958086,-23.484412003399083],[-46.39691861605423,-23.484412003399083],[-46.39687249615037,-23.484412003399083],[-46.39664189663108,-23.484151360832538],[-46.39641129711179,-23.483890718265997],[-46.39627293740022,-23.483760396982724],[-46.39599621797707,-23.48349975441618],[-46.39562725874621,-23.483108790566366],[-46.39544277913078,-23.48284814799982],[-46.39521217961149,-23.482652666074916],[-46.39502769999606,-23.482457184150007],[-46.394658740765195,-23.4822617022251],[-46.39456650095748,-23.482196541583463],[-46.3943359014382,-23.482001059658558],[-46.394105301918906,-23.481870738375285],[-46.393966942207335,-23.481740417092013],[-46.39382858249576,-23.48161009580874],[-46.39369022278419,-23.481544935167104],[-46.39359798297647,-23.481414613883832],[-46.393459623264896,-23.4813494532422],[-46.393321263553325,-23.481219131958927],[-46.39318290384175,-23.481088810675654],[-46.39304454413018,-23.481023650034018],[-46.39290618441861,-23.480958489392382],[-46.39276782470703,-23.48082816810911],[-46.39262946499546,-23.480763007467473],[-46.39239886547617,-23.48069784682584],[-46.39216826595688,-23.480632686184205],[-46.392029906245305,-23.48056752554257],[-46.39184542662988,-23.48056752554257],[-46.391753186822164,-23.48056752554257],[-46.391660947014444,-23.480632686184205],[-46.39152258730287,-23.480763007467473],[-46.39133810768744,-23.480893328750746],[-46.39119974797587,-23.481023650034018],[-46.39119974797587,-23.481088810675654],[-46.391107508168155,-23.481088810675654],[-46.39092302855272,-23.4813494532422],[-46.390830788745006,-23.481479774525468],[-46.390692429033436,-23.481544935167104],[-46.390600189225715,-23.481544935167104],[-46.390461829514145,-23.481544935167104],[-46.390323469802574,-23.48161009580874],[-46.390185110091,-23.481675256450377],[-46.390046750379426,-23.481740417092013],[-46.38986227076399,-23.48180557773365],[-46.38972391105242,-23.48193589901692],[-46.38953943143699,-23.482001059658558],[-46.389401071725416,-23.482131380941826],[-46.38912435230227,-23.482326862866735],[-46.389032112494554,-23.48239202350837],[-46.388893752782984,-23.48239202350837],[-46.388755393071406,-23.48239202350837],[-46.38834031393669,-23.482196541583463],[-46.38801747460968,-23.48206622030019],[-46.38774075518654,-23.48193589901692],[-46.387602395474964,-23.481740417092013],[-46.387464035763394,-23.4813494532422],[-46.387325676051816,-23.481088810675654],[-46.387187316340246,-23.48069784682584],[-46.387048956628675,-23.480502364900932],[-46.386956716820954,-23.480306882976024],[-46.386818357109384,-23.48017656169275],[-46.386633877493956,-23.48004624040948],[-46.386541637686236,-23.479981079767846],[-46.38644939787852,-23.479850758484574],[-46.386403277974665,-23.479785597842938],[-46.38635715807081,-23.4797204372013],[-46.38635715807081,-23.479655276559665],[-46.38635715807081,-23.47959011591803],[-46.386403277974665,-23.479524955276393],[-46.386403277974665,-23.47939463399312],[-46.386403277974665,-23.47926431270985],[-46.386403277974665,-23.479199152068215],[-46.38644939787852,-23.479068830784943],[-46.386541637686236,-23.47893850950167],[-46.38658775759009,-23.478808188218398],[-46.38667999739781,-23.47867786693513],[-46.38677223720553,-23.47848238501022],[-46.38686447701324,-23.478286903085312],[-46.386956716820954,-23.47815658180204],[-46.38700283672482,-23.477961099877135],[-46.387048956628675,-23.477830778593862],[-46.38714119643639,-23.477570136027317],[-46.3872334362441,-23.47737465410241],[-46.38727955614796,-23.47724433281914],[-46.38727955614796,-23.477114011535868],[-46.3872334362441,-23.476983690252595],[-46.3872334362441,-23.476853368969323],[-46.3872334362441,-23.476657887044418],[-46.38714119643639,-23.476527565761145],[-46.38709507653253,-23.476397244477873],[-46.38700283672482,-23.4762669231946],[-46.3869105969171,-23.476201762552964],[-46.38672611730167,-23.476071441269692],[-46.386633877493956,-23.475941119986423],[-46.386541637686236,-23.475875959344787],[-46.38644939787852,-23.47581079870315],[-46.38644939787852,-23.47568047741988],[-46.38649551778238,-23.475550156136606],[-46.386633877493956,-23.475354674211697],[-46.38672611730167,-23.47522435292843],[-46.386818357109384,-23.475159192286792],[-46.3869105969171,-23.475094031645156],[-46.3869105969171,-23.474963710361884],[-46.38686447701324,-23.474898549720248],[-46.38686447701324,-23.474768228436975],[-46.386818357109384,-23.47470306779534],[-46.38677223720553,-23.474637907153706],[-46.38667999739781,-23.47457274651207],[-46.386541637686236,-23.474507585870434],[-46.38649551778238,-23.474507585870434],[-46.386403277974665,-23.474507585870434],[-46.38631103816695,-23.474507585870434],[-46.386264918263095,-23.474507585870434],[-46.38621879835923,-23.474507585870434],[-46.38612655855152,-23.474507585870434],[-46.3860343187438,-23.474637907153706],[-46.38594207893609,-23.47470306779534],[-46.38589595903223,-23.47483338907861],[-46.38584983912837,-23.474963710361884],[-46.385757599320655,-23.47502887100352],[-46.3857114794168,-23.475159192286792],[-46.385619239609085,-23.47522435292843],[-46.38548087989751,-23.475289513570065],[-46.38534252018594,-23.475354674211697],[-46.3851580405705,-23.47548499549497],[-46.38506580076279,-23.47548499549497],[-46.384835201243504,-23.475550156136606],[-46.38460460172421,-23.475615316778242],[-46.38446624201264,-23.475615316778242],[-46.38428176239721,-23.47568047741988],[-46.38409728278178,-23.47568047741988],[-46.3839589230702,-23.475615316778242],[-46.383774443454776,-23.475550156136606],[-46.3836360837432,-23.47548499549497],[-46.38349772403163,-23.475354674211697],[-46.383405484223914,-23.475159192286792],[-46.38331324441619,-23.47502887100352],[-46.38331324441619,-23.474963710361884],[-46.38331324441619,-23.474898549720248],[-46.38335936432006,-23.474768228436975],[-46.38345160412777,-23.47470306779534],[-46.38358996383934,-23.474637907153706],[-46.38372832355092,-23.474637907153706],[-46.38386668326249,-23.474637907153706],[-46.38400504297406,-23.474637907153706],[-46.38414340268564,-23.47457274651207],[-46.38428176239721,-23.474507585870434],[-46.38437400220492,-23.474442425228798],[-46.38442012210878,-23.47437726458716],[-46.38446624201264,-23.47424694330389],[-46.38446624201264,-23.474181782662253],[-46.38442012210878,-23.47405146137898],[-46.38423564249335,-23.473855979454076],[-46.38405116287792,-23.473725658170803],[-46.38382056335863,-23.47359533688753],[-46.383682203647055,-23.47346501560426],[-46.383543843935485,-23.473269533679353],[-46.38345160412777,-23.473269533679353],[-46.383405484223914,-23.473334694320986],[-46.383405484223914,-23.473269533679353],[-46.38335936432006,-23.473269533679353],[-46.38331324441619,-23.473269533679353],[-46.38326712451234,-23.473269533679353],[-46.38322100460848,-23.473269533679353],[-46.383128764800766,-23.473204373037717],[-46.38308264489691,-23.473204373037717],[-46.382990405089195,-23.47313921239608],[-46.38294428518533,-23.47313921239608],[-46.382898165281475,-23.47313921239608],[-46.38285204537762,-23.473074051754445],[-46.38280592547376,-23.473074051754445],[-46.382759805569904,-23.473074051754445],[-46.38271368566605,-23.473074051754445],[-46.382621445858334,-23.47300889111281],[-46.38257532595447,-23.47300889111281],[-46.382483086146756,-23.47300889111281],[-46.3824369662429,-23.47300889111281],[-46.38239084633904,-23.47300889111281],[-46.382344726435186,-23.47300889111281],[-46.38229860653133,-23.473074051754445],[-46.38225248662747,-23.473074051754445],[-46.38220636672361,-23.473074051754445],[-46.38216024681975,-23.473074051754445],[-46.382114126915894,-23.47313921239608],[-46.38202188710818,-23.473204373037717],[-46.38192964730047,-23.473269533679353],[-46.38188352739661,-23.473269533679353],[-46.381837407492746,-23.473269533679353],[-46.381837407492746,-23.473334694320986],[-46.38179128758889,-23.47346501560426],[-46.381837407492746,-23.47359533688753],[-46.381837407492746,-23.473725658170803],[-46.38179128758889,-23.47392114009571],[-46.38179128758889,-23.47405146137898],[-46.38174516768503,-23.474181782662253],[-46.381699047781176,-23.474312103945525],[-46.38165292787732,-23.474442425228798],[-46.38165292787732,-23.474507585870434],[-46.38160680797346,-23.474637907153706],[-46.38160680797346,-23.474768228436975],[-46.38160680797346,-23.47483338907861],[-46.381560688069605,-23.474898549720248],[-46.381560688069605,-23.47502887100352],[-46.381560688069605,-23.475094031645156],[-46.38151456816575,-23.47522435292843],[-46.38151456816575,-23.475289513570065],[-46.381468448261884,-23.475419834853334],[-46.38142232835803,-23.475550156136606],[-46.38142232835803,-23.475615316778242],[-46.381330088550314,-23.47568047741988],[-46.38128396864646,-23.47581079870315],[-46.3812378487426,-23.475875959344787],[-46.38114560893489,-23.475941119986423],[-46.38109948903102,-23.476006280628056],[-46.381053369127166,-23.476006280628056],[-46.38100724922331,-23.476071441269692],[-46.38096112931945,-23.47613660191133],[-46.380915009415595,-23.476201762552964],[-46.38086888951174,-23.4762669231946],[-46.38082276960788,-23.4762669231946],[-46.380776649704025,-23.476332083836237],[-46.38073052980016,-23.476397244477873],[-46.380684409896304,-23.476397244477873],[-46.38063828999245,-23.47646240511951],[-46.38059217008859,-23.47646240511951],[-46.38054605018473,-23.476527565761145],[-46.38054605018473,-23.47659272640278],[-46.38049993028088,-23.476657887044418],[-46.38045381037702,-23.47672304768605],[-46.38045381037702,-23.476788208327687],[-46.38040769047316,-23.476788208327687],[-46.38040769047316,-23.476853368969323],[-46.3803615705693,-23.47691852961096],[-46.38031545066544,-23.47704885089423],[-46.38031545066544,-23.477114011535868],[-46.38031545066544,-23.477179172177504],[-46.380269330761585,-23.477179172177504],[-46.380269330761585,-23.47724433281914],[-46.380269330761585,-23.477309493460776],[-46.380269330761585,-23.47737465410241],[-46.38022321085773,-23.477439814744045],[-46.38022321085773,-23.47750497538568],[-46.38017709095387,-23.477570136027317],[-46.38017709095387,-23.477635296668954],[-46.380130971050015,-23.47770045731059],[-46.380130971050015,-23.477765617952226],[-46.38008485114616,-23.477830778593862],[-46.380038731242294,-23.4778959392355],[-46.380038731242294,-23.477961099877135],[-46.380038731242294,-23.478026260518767],[-46.37999261133844,-23.478091421160403],[-46.37994649143458,-23.478091421160403],[-46.379900371530724,-23.47815658180204],[-46.37980813172301,-23.478221742443676],[-46.37976201181915,-23.478221742443676],[-46.379715891915296,-23.478286903085312],[-46.37966977201143,-23.47835206372695],[-46.37957753220372,-23.478417224368584],[-46.379485292396005,-23.47848238501022],[-46.37943917249215,-23.47848238501022],[-46.379346932684435,-23.478547545651857],[-46.379254692876714,-23.478612706293493],[-46.37920857297286,-23.478612706293493],[-46.379162453069,-23.47867786693513],[-46.37911633316514,-23.47867786693513],[-46.379070213261286,-23.478743027576762],[-46.37902409335743,-23.478743027576762],[-46.37897797345357,-23.478808188218398],[-46.37888573364585,-23.478808188218398],[-46.378839613741995,-23.478873348860034],[-46.37879349383814,-23.47893850950167],[-46.37874737393428,-23.479003670143307],[-46.378701254030425,-23.47913399142658],[-46.37865513412657,-23.47926431270985],[-46.37865513412657,-23.479329473351488],[-46.37865513412657,-23.479459794634757],[-46.37865513412657,-23.479524955276393],[-46.37865513412657,-23.47959011591803],[-46.37865513412657,-23.4797204372013],[-46.37865513412657,-23.479785597842938],[-46.37865513412657,-23.47991591912621],[-46.37865513412657,-23.48004624040948],[-46.37865513412657,-23.48017656169275],[-46.37865513412657,-23.480241722334387],[-46.378701254030425,-23.480437204259296],[-46.378701254030425,-23.48056752554257],[-46.378701254030425,-23.480632686184205],[-46.378701254030425,-23.480763007467473],[-46.378701254030425,-23.480893328750746],[-46.378701254030425,-23.481023650034018],[-46.378701254030425,-23.48115397131729],[-46.378701254030425,-23.481219131958927],[-46.37865513412657,-23.4813494532422],[-46.37860901422271,-23.481544935167104],[-46.37856289431885,-23.481675256450377],[-46.37851677441499,-23.481740417092013],[-46.37851677441499,-23.481870738375285],[-46.379162453069,-23.482001059658558],[-46.379715891915296,-23.482196541583463],[-46.38017709095387,-23.482326862866735],[-46.38054605018473,-23.482522344791644],[-46.38059217008859,-23.482457184150007],[-46.380776649704025,-23.48258750543328],[-46.3812378487426,-23.482782987358185],[-46.38142232835803,-23.48284814799982],[-46.381699047781176,-23.482978469283093],[-46.381975767204324,-23.483173951208002],[-46.38229860653133,-23.483304272491274],[-46.382621445858334,-23.48349975441618],[-46.382898165281475,-23.483630075699452],[-46.38322100460848,-23.483760396982724],[-46.38349772403163,-23.483955878907633],[-46.383774443454776,-23.4840862001909],[-46.38405116287792,-23.484216521474174],[-46.38437400220492,-23.484346842757446],[-46.38469684153193,-23.484542324682355],[-46.38506580076279,-23.484737806607264],[-46.38501968085893,-23.484802967248896],[-46.385111920666645,-23.484802967248896],[-46.385204160474366,-23.484868127890532],[-46.38538864008979,-23.484998449173805],[-46.385757599320655,-23.485193931098713],[-46.38598819883995,-23.485324252381986],[-46.3860343187438,-23.485324252381986],[-46.386172678455374,-23.485389413023622],[-46.386403277974665,-23.48551973430689],[-46.38649551778238,-23.485584894948527],[-46.386633877493956,-23.485650055590163],[-46.386818357109384,-23.485780376873436],[-46.38700283672482,-23.485780376873436],[-46.38714119643639,-23.485845537515072],[-46.38727955614796,-23.485975858798344],[-46.38741791585954,-23.48604101943998],[-46.387602395474964,-23.486106180081613],[-46.38769463528268,-23.48617134072325],[-46.387832994994255,-23.486236501364885],[-46.387971354705826,-23.48630166200652],[-46.3881097144174,-23.486366822648158],[-46.388248074128974,-23.486431983289794],[-46.38829419403283,-23.486431983289794],[-46.38834031393669,-23.486431983289794],[-46.388386433840544,-23.486431983289794],[-46.38852479355212,-23.48649714393143],[-46.38857091345598,-23.48649714393143],[-46.388617033359836,-23.486562304573066],[-46.38866315326369,-23.486562304573066],[-46.388755393071406,-23.486627465214703],[-46.38884763287913,-23.486627465214703],[-46.38893987268684,-23.48669262585634],[-46.38907823239841,-23.486757786497975],[-46.389170472206125,-23.486822947139608],[-46.389262712013846,-23.486888107781244],[-46.38935495182156,-23.48695326842288],[-46.38944719162927,-23.48695326842288],[-46.38953943143699,-23.487018429064516],[-46.38958555134085,-23.487083589706153],[-46.389677791148564,-23.48714875034779],[-46.38977003095628,-23.487213910989425],[-46.38986227076399,-23.48727907163106],[-46.39000063047557,-23.487344232272697],[-46.390046750379426,-23.487409392914333],[-46.39000063047557,-23.487474553555966],[-46.390185110091,-23.48760487483924],[-46.39023122999485,-23.487539714197602],[-46.39027734989871,-23.48760487483924],[-46.39041570961029,-23.487670035480875],[-46.390507949418,-23.48773519612251],[-46.390507949418,-23.487800356764147],[-46.39055406932186,-23.487800356764147],[-46.390600189225715,-23.487865517405783],[-46.39064630912957,-23.48793067804742],[-46.39073854893729,-23.487995838689056],[-46.39087690864886,-23.488126159972325],[-46.39092302855272,-23.488126159972325],[-46.39096914845658,-23.48819132061396],[-46.391015268360434,-23.488321641897233],[-46.3910613882643,-23.488321641897233],[-46.391107508168155,-23.48838680253887],[-46.39115362807201,-23.48838680253887],[-46.391245867879725,-23.48851712382214],[-46.39133810768744,-23.488647445105414],[-46.391476467399016,-23.48871260574705],[-46.39152258730287,-23.48884292703032],[-46.39156870720673,-23.48884292703032],[-46.3917070669183,-23.48897324831359],[-46.391660947014444,-23.48897324831359],[-46.3917070669183,-23.489038408955228],[-46.39179930672602,-23.489103569596864],[-46.39184542662988,-23.4891687302385],[-46.391891546533735,-23.4891687302385],[-46.391891546533735,-23.489233890880136],[-46.39193766643759,-23.489299051521773],[-46.392029906245305,-23.48936421216341],[-46.39207602614916,-23.489429372805045],[-46.392122146053026,-23.489494533446678],[-46.39221438586074,-23.489559694088314],[-46.3922605057646,-23.48962485472995],[-46.39230662566845,-23.489690015371586],[-46.39235274557231,-23.489690015371586],[-46.39239886547617,-23.489755176013222],[-46.392444985380024,-23.48982033665486],[-46.392537225187745,-23.489885497296495],[-46.3925833450916,-23.48995065793813],[-46.39262946499546,-23.490015818579767],[-46.392675584899315,-23.490080979221403],[-46.39272170480317,-23.490146139863036],[-46.392813944610886,-23.490211300504672],[-46.39295230432246,-23.490341621787945],[-46.39304454413018,-23.490471943071217],[-46.39318290384175,-23.490667424996126],[-46.39364410288033,-23.491123549487575],[-46.39369022278419,-23.491123549487575],[-46.393736342688044,-23.49118871012921],[-46.3937824625919,-23.491253870770848],[-46.39382858249576,-23.491253870770848],[-46.39382858249576,-23.491319031412484],[-46.393874702399614,-23.49138419205412],[-46.39392082230347,-23.49138419205412],[-46.393966942207335,-23.491449352695753],[-46.393966942207335,-23.49151451333739],[-46.39401306211119,-23.49151451333739],[-46.39405918201505,-23.49151451333739],[-46.394105301918906,-23.49151451333739],[-46.394105301918906,-23.491579673979025],[-46.39415142182276,-23.491579673979025],[-46.39419754172662,-23.49164483462066],[-46.394243661630476,-23.491709995262298],[-46.39428978153433,-23.491709995262298],[-46.3943359014382,-23.491775155903934],[-46.394382021342054,-23.49184031654557],[-46.39442814124591,-23.491905477187206],[-46.39447426114977,-23.491970637828842],[-46.394520381053624,-23.491970637828842],[-46.394520381053624,-23.49203579847048],[-46.39461262086134,-23.492100959112115],[-46.39470486066906,-23.492166119753747],[-46.394750980572915,-23.492231280395384],[-46.39484322038063,-23.49229644103702],[-46.394889340284486,-23.492361601678656],[-46.39493546018834,-23.492426762320292],[-46.3949815800922,-23.49249192296193],[-46.39507381989992,-23.492557083603565],[-46.395166059707634,-23.492687404886837],[-46.39521217961149,-23.492752565528473],[-46.39525829951535,-23.492752565528473],[-46.395304419419205,-23.492817726170106],[-46.39535053932306,-23.492817726170106],[-46.39539665922692,-23.492882886811742],[-46.39548889903464,-23.49294804745338],[-46.395535018938496,-23.493013208095014],[-46.39558113884235,-23.493013208095014],[-46.39562725874621,-23.49307836873665],[-46.395673378650066,-23.49307836873665],[-46.39576561845778,-23.493143529378287],[-46.395811738361644,-23.493143529378287],[-46.395811738361644,-23.493208690019923],[-46.3958578582655,-23.493208690019923],[-46.395950098073214,-23.49327385066156],[-46.39599621797707,-23.493339011303195],[-46.396088457784785,-23.493339011303195],[-46.396180697592506,-23.49340417194483],[-46.39627293740022,-23.493469332586464],[-46.39641129711179,-23.4935344932281],[-46.39650353691951,-23.4935344932281],[-46.396595776727224,-23.493599653869737],[-46.39664189663108,-23.493599653869737],[-46.39668801653494,-23.493599653869737],[-46.396734136438795,-23.493599653869737],[-46.39678025634265,-23.493664814511373],[-46.39687249615037,-23.493664814511373],[-46.39691861605423,-23.493664814511373],[-46.3970569757658,-23.49372997515301],[-46.39714921557351,-23.49372997515301],[-46.397241455381234,-23.49372997515301],[-46.39733369518895,-23.493795135794645],[-46.39747205490052,-23.493795135794645],[-46.39756429470823,-23.493795135794645],[-46.39765653451595,-23.493795135794645],[-46.39770265441981,-23.493795135794645],[-46.39779489422752,-23.493795135794645],[-46.39788713403524,-23.493795135794645],[-46.39797937384296,-23.49386029643628],[-46.39807161365067,-23.49386029643628],[-46.39811773355453,-23.49386029643628],[-46.398163853458385,-23.49386029643628],[-46.39820997336224,-23.49386029643628],[-46.3982560932661,-23.49386029643628],[-46.398302213169956,-23.49386029643628],[-46.39834833307382,-23.49386029643628],[-46.398394452977676,-23.49386029643628],[-46.39844057288153,-23.49386029643628],[-46.39848669278539,-23.49386029643628],[-46.398578932593104,-23.49386029643628],[-46.39867117240082,-23.49386029643628],[-46.39871729230468,-23.49386029643628],[-46.39876341220854,-23.49386029643628],[-46.398809532112395,-23.49386029643628],[-46.39890177192011,-23.49386029643628],[-46.398947891823966,-23.49386029643628],[-46.39899401172782,-23.493925457077918],[-46.39904013163168,-23.493925457077918],[-46.39908625153554,-23.493925457077918],[-46.39917849134326,-23.493925457077918],[-46.39927073115097,-23.493925457077918],[-46.39931685105483,-23.493925457077918],[-46.399362970958684,-23.493925457077918],[-46.39940909086254,-23.493925457077918],[-46.39950133067026,-23.493925457077918],[-46.39954745057412,-23.493925457077918],[-46.399593570477975,-23.493925457077918],[-46.39968581028569,-23.493925457077918],[-46.3997780500934,-23.493925457077918],[-46.39987028990112,-23.493990617719554],[-46.400008649612694,-23.493990617719554],[-46.40056208845899,-23.49405577836119],[-46.40056208845899,-23.494120939002826],[-46.40056208845899,-23.49418609964446],[-46.40236076470944,-23.494251260286095],[-46.4024068846133,-23.49431642092773],[-46.40277584384416,-23.49431642092773],[-46.402868083651875,-23.49431642092773],[-46.404436160383035,-23.494381581569368],[-46.404436160383035,-23.49431642092773],[-46.40457452009461,-23.49431642092773],[-46.40462063999847,-23.49431642092773],[-46.40471287980618,-23.49431642092773],[-46.404851239517754,-23.49431642092773],[-46.40489735942161,-23.49431642092773],[-46.40503571913319,-23.49431642092773],[-46.4051279589409,-23.49431642092773],[-46.40517407884476,-23.49431642092773],[-46.40535855846019,-23.49431642092773],[-46.40540467836405,-23.49431642092773],[-46.40558915797948,-23.49431642092773],[-46.4056813977872,-23.49431642092773],[-46.40577363759491,-23.49431642092773],[-46.40581975749877,-23.49431642092773],[-46.405865877402626,-23.49431642092773],[-46.40605035701806,-23.49431642092773],[-46.406280956537344,-23.49431642092773],[-46.40655767596049,-23.49431642092773],[-46.40683439538364,-23.49431642092773],[-46.40683439538364,-23.494381581569368],[-46.40697275509521,-23.49431642092773],[-46.407064994902925,-23.49431642092773],[-46.407295594422216,-23.49431642092773],[-46.407433954133786,-23.49431642092773],[-46.407572313845364,-23.494251260286095],[-46.40780291336465,-23.494251260286095],[-46.40798739298008,-23.494251260286095],[-46.40817187259551,-23.49418609964446],[-46.40831023230709,-23.49418609964446],[-46.40844859201866,-23.49418609964446],[-46.408586951730236,-23.49418609964446],[-46.408725311441806,-23.49418609964446],[-46.40886367115338,-23.494120939002826],[-46.409002030864954,-23.494120939002826],[-46.40918651048038,-23.494120939002826],[-46.40918651048038,-23.49405577836119],[-46.40923263038424,-23.49405577836119],[-46.409278750288095,-23.49405577836119],[-46.409370990095816,-23.49405577836119],[-46.40941710999967,-23.49405577836119],[-46.40946322990353,-23.49405577836119],[-46.40955546971124,-23.493990617719554],[-46.40964770951896,-23.493990617719554],[-46.409786069230535,-23.493990617719554],[-46.40983218913439,-23.493990617719554],[-46.40987830903825,-23.493990617719554],[-46.41010890855754,-23.493990617719554],[-46.41029338817297,-23.493925457077918],[-46.41038562798068,-23.493925457077918],[-46.41066234740383,-23.493925457077918],[-46.410800707115406,-23.493925457077918],[-46.41089294692312,-23.49386029643628],[-46.41103130663469,-23.49386029643628],[-46.41107742653855,-23.49386029643628],[-46.411123546442404,-23.49386029643628],[-46.41116966634627,-23.49386029643628],[-46.41130802605784,-23.49386029643628],[-46.41140026586555,-23.49386029643628],[-46.41144638576941,-23.493795135794645],[-46.41153862557713,-23.493795135794645],[-46.41158474548099,-23.493795135794645],[-46.411769225096414,-23.493795135794645],[-46.41204594451956,-23.493795135794645],[-46.41218430423113,-23.493795135794645],[-46.41246102365428,-23.493795135794645],[-46.412876102789,-23.49372997515301],[-46.41361402125072,-23.493664814511373],[-46.414351939712446,-23.493599653869737],[-46.41481313875103,-23.4935344932281],[-46.415274337789604,-23.493469332586464],[-46.41545881740503,-23.493469332586464],[-46.415643297020466,-23.493469332586464],[-46.4161506159629,-23.49340417194483],[-46.41642733538605,-23.49340417194483],[-46.41679629461691,-23.493339011303195],[-46.41721137375163,-23.493339011303195],[-46.41776481259792,-23.49327385066156],[-46.41808765192493,-23.493208690019923],[-46.418410491251926,-23.493208690019923],[-46.418548850963504,-23.493143529378287],[-46.41887169029051,-23.493143529378287],[-46.41896393009822,-23.493143529378287],[-46.419332889329084,-23.49307836873665],[-46.41951736894451,-23.49307836873665],[-46.419701848559946,-23.49307836873665],[-46.41979408836766,-23.493013208095014],[-46.420347527213956,-23.49294804745338],[-46.420762606348674,-23.492882886811742],[-46.420900966060245,-23.492882886811742],[-46.42126992529111,-23.492817726170106],[-46.42186948404126,-23.492817726170106],[-46.42210008356055,-23.492752565528473],[-46.42246904279141,-23.492752565528473],[-46.4226996423107,-23.492687404886837],[-46.42288412192613,-23.492687404886837],[-46.423114721445415,-23.492687404886837],[-46.42334532096471,-23.4926222442452],[-46.42334532096471,-23.492687404886837],[-46.423622040387855,-23.4926222442452],[-46.42366816029171,-23.4926222442452],[-46.423760400099425,-23.4926222442452],[-46.42385263990714,-23.4926222442452],[-46.42394487971486,-23.4926222442452],[-46.42408323942643,-23.4926222442452],[-46.424175479234144,-23.4926222442452],[-46.42426771904186,-23.492557083603565],[-46.42435995884958,-23.492557083603565],[-46.424406078753435,-23.492557083603565],[-46.42449831856115,-23.492557083603565],[-46.42459055836886,-23.492557083603565],[-46.42463667827272,-23.492557083603565],[-46.42472891808044,-23.492557083603565],[-46.42486727779201,-23.492557083603565],[-46.42500563750358,-23.49249192296193],[-46.42514399721516,-23.49249192296193],[-46.425328476830586,-23.49249192296193],[-46.425466836542164,-23.49249192296193],[-46.42565131615759,-23.492426762320292],[-46.425835795773025,-23.492426762320292],[-46.425974155484596,-23.492426762320292],[-46.426250874907744,-23.492361601678656],[-46.42643535452317,-23.492361601678656],[-46.42648147442703,-23.492361601678656],[-46.42652759433089,-23.492361601678656],[-46.426619834138606,-23.492361601678656],[-46.42671207394632,-23.492361601678656],[-46.42685043365789,-23.492361601678656],[-46.42694267346561,-23.49229644103702],[-46.42698879336947,-23.49229644103702],[-46.427034913273324,-23.49229644103702],[-46.42712715308104,-23.49229644103702],[-46.42721939288876,-23.49229644103702],[-46.42754223221576,-23.49229644103702],[-46.42763447202348,-23.492231280395384],[-46.427680591927334,-23.492231280395384],[-46.42777283173505,-23.492231280395384],[-46.42786507154276,-23.492231280395384],[-46.42795731135048,-23.492231280395384],[-46.42814179096591,-23.492166119753747],[-46.428464630292915,-23.492166119753747],[-46.42855687010063,-23.492166119753747],[-46.42864910990834,-23.492166119753747],[-46.42864910990834,-23.492100959112115],[-46.42874134971606,-23.492100959112115],[-46.42883358952378,-23.492100959112115],[-46.42887970942763,-23.492100959112115],[-46.42892582933149,-23.492100959112115],[-46.42897194923535,-23.492100959112115],[-46.42906418904307,-23.492100959112115],[-46.429110308946925,-23.492100959112115],[-46.42929478856235,-23.492100959112115],[-46.42943314827393,-23.492100959112115],[-46.42952538808164,-23.492100959112115],[-46.42961762788936,-23.492100959112115],[-46.42994046721636,-23.49203579847048],[-46.42998658712022,-23.49203579847048],[-46.430032707024075,-23.49203579847048],[-46.43007882692793,-23.49203579847048],[-46.430309426447224,-23.49203579847048],[-46.43035554635108,-23.49203579847048],[-46.43049390606265,-23.491970637828842],[-46.430678385678085,-23.491970637828842],[-46.43086286529351,-23.491970637828842],[-46.43095510510123,-23.491970637828842],[-46.43104734490895,-23.491905477187206],[-46.43113958471666,-23.491905477187206],[-46.43127794442824,-23.491905477187206],[-46.43141630413981,-23.491905477187206],[-46.43155466385138,-23.491905477187206],[-46.43155466385138,-23.49184031654557],[-46.43169302356296,-23.49184031654557],[-46.43183138327453,-23.49184031654557],[-46.431877503178384,-23.49184031654557],[-46.43206198279382,-23.49184031654557],[-46.43215422260153,-23.49184031654557],[-46.432246462409246,-23.49184031654557],[-46.43243094202468,-23.491775155903934],[-46.432523181832394,-23.491775155903934],[-46.43256930173625,-23.491775155903934],[-46.43261542164011,-23.491775155903934],[-46.432753781351686,-23.491775155903934],[-46.43293826096711,-23.491775155903934],[-46.43312274058255,-23.491709995262298],[-46.43349169981341,-23.491709995262298],[-46.43441409789056,-23.491579673979025],[-46.436028294525585,-23.49138419205412],[-46.43598217462172,-23.491579673979025],[-46.43584381491015,-23.491775155903934],[-46.43570545519858,-23.491970637828842],[-46.435567095487,-23.492100959112115],[-46.43542873577543,-23.492166119753747],[-46.43533649596772,-23.492231280395384],[-46.43519813625614,-23.49229644103702],[-46.43501365664071,-23.49229644103702],[-46.43478305712142,-23.492361601678656],[-46.43455245760214,-23.492361601678656],[-46.43427573817899,-23.492361601678656],[-46.43386065904427,-23.492361601678656],[-46.43358393962112,-23.492361601678656],[-46.43335334010183,-23.492426762320292],[-46.433168860486404,-23.492426762320292],[-46.43298438087097,-23.49249192296193],[-46.432892141063256,-23.49249192296193],[-46.432753781351686,-23.49249192296193],[-46.43270766144783,-23.492557083603565],[-46.43261542164011,-23.4926222442452],[-46.43243094202468,-23.492687404886837],[-46.432246462409246,-23.492687404886837],[-46.43201586288996,-23.492752565528473],[-46.431877503178384,-23.492817726170106],[-46.431739143466814,-23.492882886811742],[-46.4316469036591,-23.49294804745338],[-46.4316469036591,-23.493013208095014],[-46.43155466385138,-23.49307836873665],[-46.43150854394752,-23.49307836873665],[-46.43141630413981,-23.493143529378287],[-46.431324064332095,-23.493143529378287],[-46.431231824524374,-23.493143529378287],[-46.43113958471666,-23.493143529378287],[-46.43100122500509,-23.493143529378287],[-46.43090898519738,-23.49307836873665],[-46.430816745389656,-23.49307836873665],[-46.43072450558194,-23.493143529378287],[-46.430678385678085,-23.493143529378287],[-46.43058614587037,-23.493208690019923],[-46.43049390606265,-23.49327385066156],[-46.430447786158794,-23.49327385066156],[-46.43040166625494,-23.493339011303195],[-46.430309426447224,-23.49340417194483],[-46.43012494683179,-23.4935344932281],[-46.42998658712022,-23.493664814511373],[-46.42994046721636,-23.493664814511373],[-46.429894347312505,-23.49372997515301],[-46.42980210750479,-23.49386029643628],[-46.42975598760093,-23.493925457077918],[-46.42970986769707,-23.49405577836119],[-46.429663747793214,-23.494120939002826],[-46.429663747793214,-23.494251260286095],[-46.429663747793214,-23.49431642092773],[-46.42961762788936,-23.494446742211004],[-46.42961762788936,-23.49451190285264],[-46.42961762788936,-23.494642224135912],[-46.4295715079855,-23.494772545419185],[-46.4295715079855,-23.494902866702454],[-46.4295715079855,-23.49496802734409],[-46.42952538808164,-23.495033187985726],[-46.429387028370066,-23.495098348627362],[-46.42934090846621,-23.495098348627362],[-46.42929478856235,-23.495163509269],[-46.429248668658495,-23.495228669910635],[-46.429248668658495,-23.495358991193907],[-46.429110308946925,-23.495684794402084],[-46.429018069139204,-23.495880276326993],[-46.42883358952378,-23.496466722101715],[-46.42874134971606,-23.49672736466826],[-46.42864910990834,-23.496922846593165],[-46.428464630292915,-23.497444131726255],[-46.42841851038906,-23.497704774292796],[-46.4283723904852,-23.498095738142613],[-46.428326270581344,-23.49842154135079],[-46.42828015067748,-23.498812505200608],[-46.42823403077362,-23.499138308408785],[-46.42823403077362,-23.499333790333694],[-46.42823403077362,-23.499789914825143],[-46.42823403077362,-23.50031119995823],[-46.42823403077362,-23.500506681883138],[-46.42823403077362,-23.500571842524774],[-46.428326270581344,-23.50109312765786],[-46.4283723904852,-23.501223448941133],[-46.42841851038906,-23.501484091507677],[-46.428602990004485,-23.501940215999127],[-46.42887970942763,-23.502591822415486],[-46.42915642885078,-23.50330858947348],[-46.42915642885078,-23.503373750115117],[-46.42920254875464,-23.503438910756753],[-46.429248668658495,-23.503634392681658],[-46.429387028370066,-23.50396019588984],[-46.429479268177786,-23.504285999098016],[-46.429663747793214,-23.504611802306197],[-46.42975598760093,-23.504872444872742],[-46.429894347312505,-23.505133087439283],[-46.43012494683179,-23.505458890647464],[-46.430309426447224,-23.505719533214005],[-46.43040166625494,-23.505849854497278],[-46.430540025966515,-23.506045336422186],[-46.43072450558194,-23.506240818347095],[-46.43086286529351,-23.506501460913636],[-46.43104734490895,-23.506827264121817],[-46.431231824524374,-23.50708790668836],[-46.431324064332095,-23.507283388613267],[-46.43141630413981,-23.507478870538176],[-46.43150854394752,-23.507609191821444],[-46.4316469036591,-23.507804673746353],[-46.43178526337067,-23.508065316312898],[-46.4319697429861,-23.508391119521075],[-46.43220034250539,-23.508716922729256],[-46.4322925823131,-23.508977565295798],[-46.43233870221697,-23.509042725937434],[-46.43243094202468,-23.509238207862342],[-46.43243094202468,-23.50943368978725],[-46.43247706192854,-23.509564011070523],[-46.43247706192854,-23.50975949299543],[-46.43243094202468,-23.51008529620361],[-46.432384822120824,-23.51021561748688],[-46.432246462409246,-23.510606581336695],[-46.43206198279382,-23.510932384544876],[-46.43192362308224,-23.511258187753054],[-46.431877503178384,-23.51132334839469],[-46.431877503178384,-23.511388509036326],[-46.43178526337067,-23.511583990961235],[-46.431739143466814,-23.511649151602867],[-46.43169302356296,-23.511714312244504],[-46.4316469036591,-23.51177947288614],[-46.43155466385138,-23.511844633527776],[-46.431462424043666,-23.51197495481105],[-46.43141630413981,-23.51210527609432],[-46.43137018423595,-23.512235597377593],[-46.43127794442824,-23.51230075801923],[-46.431231824524374,-23.512431079302498],[-46.431231824524374,-23.51256140058577],[-46.43118570462052,-23.512691721869043],[-46.43113958471666,-23.512822043152315],[-46.43113958471666,-23.51288720379395],[-46.43113958471666,-23.512952364435588],[-46.43113958471666,-23.513082685718857],[-46.431093464812804,-23.513147846360493],[-46.43104734490895,-23.51321300700213],[-46.43100122500509,-23.5133433282854],[-46.43095510510123,-23.5133433282854],[-46.43090898519738,-23.513408488927038],[-46.43086286529351,-23.513473649568674],[-46.430816745389656,-23.513603970851946],[-46.4307706254858,-23.513603970851946],[-46.430678385678085,-23.513734292135215],[-46.43063226577423,-23.51379945277685],[-46.43058614587037,-23.513864613418487],[-46.430540025966515,-23.51399493470176],[-46.430540025966515,-23.514060095343396],[-46.430540025966515,-23.514125255985032],[-46.43049390606265,-23.51432073790994],[-46.43049390606265,-23.51445105919321],[-46.43049390606265,-23.514581380476482],[-46.43049390606265,-23.514711701759754],[-46.430447786158794,-23.514842023043027],[-46.430447786158794,-23.514907183684663],[-46.43049390606265,-23.515037504967932],[-46.430447786158794,-23.515102665609568],[-46.430447786158794,-23.515167826251204],[-46.430447786158794,-23.51523298689284],[-46.430447786158794,-23.515298147534477],[-46.43049390606265,-23.515363308176113],[-46.430447786158794,-23.515493629459385],[-46.430447786158794,-23.51555879010102],[-46.430447786158794,-23.515623950742658],[-46.43040166625494,-23.51568911138429],[-46.43040166625494,-23.515754272025926],[-46.43040166625494,-23.5158845933092],[-46.43035554635108,-23.515949753950835],[-46.43035554635108,-23.51601491459247],[-46.43035554635108,-23.516080075234107],[-46.430309426447224,-23.516145235875744],[-46.43026330654337,-23.516275557159016],[-46.43021718663951,-23.516340717800652],[-46.43012494683179,-23.51647103908392],[-46.430032707024075,-23.516536199725557],[-46.42998658712022,-23.516601360367194],[-46.42994046721636,-23.516731681650466],[-46.429894347312505,-23.516796842292102],[-46.429894347312505,-23.51686200293374],[-46.429894347312505,-23.516927163575374],[-46.429894347312505,-23.51699232421701],[-46.42994046721636,-23.517057484858643],[-46.42994046721636,-23.517187806141916],[-46.42994046721636,-23.517252966783552],[-46.42994046721636,-23.517318127425188],[-46.42998658712022,-23.517383288066824],[-46.43012494683179,-23.517578769991733],[-46.43021718663951,-23.517774251916638],[-46.430309426447224,-23.517969733841547],[-46.430447786158794,-23.518165215766455],[-46.430540025966515,-23.51823037640809],[-46.43063226577423,-23.51836069769136],[-46.43072450558194,-23.518491018974633],[-46.4307706254858,-23.518621340257905],[-46.4307706254858,-23.51868650089954],[-46.4307706254858,-23.518751661541177],[-46.4307706254858,-23.518816822182814],[-46.43072450558194,-23.51888198282445],[-46.430540025966515,-23.519207786032627],[-46.43040166625494,-23.5193381073159],[-46.43035554635108,-23.519403267957536],[-46.43035554635108,-23.519468428599172],[-46.43035554635108,-23.519598749882444],[-46.43035554635108,-23.51966391052408],[-46.43040166625494,-23.51979423180735],[-46.430540025966515,-23.52012003501553],[-46.43058614587037,-23.520250356298803],[-46.43063226577423,-23.52031551694044],[-46.43063226577423,-23.520445838223708],[-46.430678385678085,-23.52057615950698],[-46.4307706254858,-23.520706480790253],[-46.4307706254858,-23.52077164143189],[-46.430816745389656,-23.520836802073525],[-46.4307706254858,-23.52090196271516],[-46.4307706254858,-23.520967123356797],[-46.430678385678085,-23.521162605281702],[-46.43063226577423,-23.521292926564975],[-46.43063226577423,-23.52135808720661],[-46.4307706254858,-23.521683890414792],[-46.430816745389656,-23.52181421169806],[-46.43090898519738,-23.522074854264606],[-46.43095510510123,-23.522205175547878],[-46.43095510510123,-23.52233549683115],[-46.43095510510123,-23.522530978756055],[-46.43095510510123,-23.522661300039328],[-46.43095510510123,-23.5227916213226],[-46.43095510510123,-23.522856781964236],[-46.430816745389656,-23.523378067097322],[-46.43072450558194,-23.52389935223041],[-46.43072450558194,-23.524094834155317],[-46.43072450558194,-23.52422515543859],[-46.4307706254858,-23.52422515543859],[-46.43095510510123,-23.524159994796953],[-46.43104734490895,-23.524159994796953],[-46.431231824524374,-23.524159994796953],[-46.431324064332095,-23.524159994796953],[-46.431324064332095,-23.524094834155317],[-46.43137018423595,-23.524094834155317],[-46.43141630413981,-23.524094834155317],[-46.43141630413981,-23.524159994796953],[-46.431462424043666,-23.524094834155317],[-46.43155466385138,-23.524159994796953],[-46.43155466385138,-23.52422515543859],[-46.4316469036591,-23.524420637363495],[-46.43169302356296,-23.524550958646767],[-46.43169302356296,-23.524616119288403],[-46.43178526337067,-23.524746440571676],[-46.43178526337067,-23.524876761854948],[-46.43183138327453,-23.524941922496584],[-46.431877503178384,-23.525072243779857],[-46.43192362308224,-23.52513740442149],[-46.4319697429861,-23.525202565063125],[-46.43201586288996,-23.525332886346398],[-46.43201586288996,-23.525398046988034],[-46.43206198279382,-23.52546320762967],[-46.43206198279382,-23.525528368271306],[-46.43206198279382,-23.525593528912943],[-46.43206198279382,-23.52565868955458],[-46.432108102697676,-23.525723850196215],[-46.432108102697676,-23.525789010837848],[-46.43215422260153,-23.525854171479484],[-46.432246462409246,-23.525984492762756],[-46.4322925823131,-23.526049653404392],[-46.432384822120824,-23.52611481404603],[-46.432384822120824,-23.526179974687665],[-46.43247706192854,-23.5262451353293],[-46.432523181832394,-23.5262451353293],[-46.432523181832394,-23.526310295970937],[-46.43256930173625,-23.526310295970937],[-46.43261542164011,-23.526310295970937],[-46.432661541543965,-23.5262451353293],[-46.432661541543965,-23.526179974687665],[-46.43270766144783,-23.52611481404603],[-46.43270766144783,-23.526049653404392],[-46.432753781351686,-23.525984492762756],[-46.43279990125554,-23.52591933212112],[-46.4328460211594,-23.525854171479484],[-46.432892141063256,-23.525854171479484],[-46.432892141063256,-23.525789010837848],[-46.432892141063256,-23.525723850196215],[-46.43293826096711,-23.525723850196215],[-46.43298438087097,-23.52565868955458],[-46.43303050077483,-23.52565868955458],[-46.43303050077483,-23.525593528912943],[-46.43307662067869,-23.525593528912943],[-46.43307662067869,-23.525528368271306],[-46.43312274058255,-23.525528368271306],[-46.433168860486404,-23.52546320762967],[-46.43321498039026,-23.525398046988034],[-46.43326110029412,-23.525398046988034],[-46.433307220197975,-23.525332886346398],[-46.43335334010183,-23.525332886346398],[-46.43339946000569,-23.52526772570476],[-46.43344557990955,-23.52526772570476],[-46.43349169981341,-23.525202565063125],[-46.433537819717266,-23.525202565063125],[-46.43358393962112,-23.525202565063125],[-46.43358393962112,-23.52513740442149],[-46.43363005952498,-23.52513740442149],[-46.433676179428836,-23.52513740442149],[-46.43372229933269,-23.52513740442149],[-46.43376841923655,-23.525072243779857],[-46.43386065904427,-23.525072243779857],[-46.43390677894813,-23.52500708313822],[-46.433952898851985,-23.52500708313822],[-46.4340451386597,-23.52500708313822],[-46.434091258563555,-23.524941922496584],[-46.43413737846741,-23.524941922496584],[-46.434183498371276,-23.524941922496584],[-46.43422961827513,-23.524941922496584],[-46.43427573817899,-23.524941922496584],[-46.4343679779867,-23.524941922496584],[-46.43441409789056,-23.524941922496584],[-46.434506337698274,-23.524941922496584],[-46.43455245760214,-23.524941922496584],[-46.434598577505994,-23.524876761854948],[-46.434736937217565,-23.524876761854948],[-46.43482917702528,-23.524876761854948],[-46.434875296929135,-23.524876761854948],[-46.434921416833,-23.524876761854948],[-46.434967536736856,-23.524876761854948],[-46.43501365664071,-23.524941922496584],[-46.43510589644843,-23.524941922496584],[-46.43515201635228,-23.524941922496584],[-46.43519813625614,-23.524941922496584],[-46.43524425616,-23.524941922496584],[-46.43529037606386,-23.524941922496584],[-46.43533649596772,-23.52500708313822],[-46.435382615871575,-23.52500708313822],[-46.43547485567929,-23.52500708313822],[-46.435520975583145,-23.52500708313822],[-46.435567095487,-23.525072243779857],[-46.43561321539086,-23.525072243779857],[-46.43565933529472,-23.525072243779857],[-46.43575157510244,-23.525072243779857],[-46.43579769500629,-23.525072243779857],[-46.43584381491015,-23.525072243779857],[-46.43588993481401,-23.525072243779857],[-46.435936054717864,-23.52513740442149],[-46.436028294525585,-23.52513740442149],[-46.4361205343333,-23.525202565063125],[-46.43621277414101,-23.525202565063125],[-46.43635113385258,-23.52526772570476],[-46.43648949356416,-23.525332886346398],[-46.43653561346802,-23.525332886346398],[-46.43662785327573,-23.525398046988034],[-46.436812332891165,-23.52546320762967],[-46.43699681250659,-23.525528368271306],[-46.43704293241045,-23.525528368271306],[-46.437227412025884,-23.525593528912943],[-46.4373196518336,-23.52565868955458],[-46.437365771737454,-23.52565868955458],[-46.43750413144903,-23.525723850196215],[-46.4376424911606,-23.525789010837848],[-46.43782697077604,-23.525854171479484],[-46.43787309067989,-23.525854171479484],[-46.438011450391464,-23.52591933212112],[-46.43810369019918,-23.52591933212112],[-46.438149810103035,-23.52591933212112],[-46.43833428971847,-23.525984492762756],[-46.438518769333896,-23.525984492762756],[-46.43856488923776,-23.525984492762756],[-46.438657129045474,-23.525984492762756],[-46.43874936885319,-23.525984492762756],[-46.43893384846862,-23.525984492762756],[-46.43897996837248,-23.525984492762756],[-46.439164447987906,-23.525984492762756],[-46.43934892760334,-23.52591933212112],[-46.4393950475072,-23.52591933212112],[-46.43948728731491,-23.52591933212112],[-46.439579527122625,-23.525854171479484],[-46.4397178868342,-23.525854171479484],[-46.43985624654577,-23.525789010837848],[-46.43990236644963,-23.525723850196215],[-46.440086846065064,-23.52565868955458],[-46.44013296596892,-23.52565868955458],[-46.44017908587278,-23.52565868955458],[-46.440363565488205,-23.525593528912943],[-46.44050192519978,-23.525528368271306],[-46.44054804510364,-23.525528368271306],[-46.44068640481521,-23.52546320762967],[-46.44073252471907,-23.52546320762967],[-46.440870884430645,-23.525398046988034],[-46.441009244142215,-23.525332886346398],[-46.44114760385379,-23.525332886346398],[-46.44114760385379,-23.52526772570476],[-46.441239843661506,-23.52526772570476],[-46.44133208346922,-23.52526772570476],[-46.441424323276934,-23.52526772570476],[-46.44156268298851,-23.525202565063125],[-46.44160880289237,-23.525202565063125],[-46.441654922796225,-23.525202565063125],[-46.44170104270008,-23.525202565063125],[-46.441793282507795,-23.525202565063125],[-46.441885522315516,-23.525202565063125],[-46.44197776212323,-23.52513740442149],[-46.442070001930944,-23.52513740442149],[-46.44216224173866,-23.52513740442149],[-46.44225448154638,-23.52513740442149],[-46.44234672135409,-23.52513740442149],[-46.442438961161805,-23.52513740442149],[-46.44248508106566,-23.52513740442149],[-46.442577320873376,-23.52513740442149],[-46.44262344077724,-23.52513740442149],[-46.44271568058495,-23.52513740442149],[-46.44280792039267,-23.52513740442149],[-46.442854040296524,-23.52513740442149],[-46.44290016020038,-23.52513740442149],[-46.442946280104245,-23.52513740442149],[-46.44303851991196,-23.52513740442149],[-46.443084639815815,-23.52513740442149],[-46.44317687962353,-23.52513740442149],[-46.443222999527386,-23.525202565063125],[-46.44326911943124,-23.525202565063125],[-46.44331523933511,-23.525202565063125],[-46.44340747914282,-23.525202565063125],[-46.44345359904668,-23.525202565063125],[-46.443499718950534,-23.525202565063125],[-46.44359195875825,-23.52526772570476],[-46.44368419856597,-23.52526772570476],[-46.44377643837368,-23.52526772570476],[-46.44382255827754,-23.525332886346398],[-46.44391479808525,-23.525332886346398],[-46.44396091798911,-23.525332886346398],[-46.44405315779683,-23.525398046988034],[-46.444145397604544,-23.52546320762967],[-46.4441915175084,-23.52546320762967],[-46.44423763741226,-23.52546320762967],[-46.44432987721997,-23.525528368271306],[-46.44437599712383,-23.525593528912943],[-46.44442211702769,-23.525593528912943],[-46.44446823693155,-23.525593528912943],[-46.444514356835406,-23.52565868955458],[-46.44456047673926,-23.52565868955458],[-46.44460659664312,-23.525723850196215],[-46.44469883645083,-23.525789010837848],[-46.44474495635469,-23.525789010837848],[-46.444791076258554,-23.525854171479484],[-46.44483719616241,-23.52591933212112],[-46.444929435970124,-23.525984492762756],[-46.44502167577784,-23.526049653404392],[-46.445067795681695,-23.526049653404392],[-46.44511391558555,-23.525984492762756],[-46.445160035489415,-23.525984492762756],[-46.44520615539327,-23.525984492762756],[-46.44525227529713,-23.52591933212112],[-46.445298395200986,-23.52591933212112],[-46.44534451510484,-23.525854171479484],[-46.44548287481641,-23.525789010837848],[-46.445575114624134,-23.525789010837848],[-46.44562123452799,-23.525723850196215],[-46.44566735443185,-23.525723850196215],[-46.445713474335705,-23.525723850196215],[-46.44566735443185,-23.52565868955458],[-46.44562123452799,-23.525528368271306],[-46.44552899472028,-23.525332886346398],[-46.445436754912556,-23.52513740442149],[-46.44534451510484,-23.52500708313822],[-46.44534451510484,-23.524941922496584],[-46.44525227529713,-23.52481160121331],[-46.44525227529713,-23.524746440571676],[-46.44520615539327,-23.524616119288403],[-46.445160035489415,-23.524616119288403],[-46.44511391558555,-23.52448579800513],[-46.445067795681695,-23.524420637363495],[-46.44502167577784,-23.524355476721862],[-46.44497555587398,-23.524290316080226],[-46.444929435970124,-23.52422515543859],[-46.44488331606627,-23.524159994796953],[-46.444791076258554,-23.524094834155317],[-46.44469883645083,-23.524094834155317],[-46.44460659664312,-23.52402967351368],[-46.44456047673926,-23.523964512872045],[-46.444514356835406,-23.523964512872045],[-46.44442211702769,-23.52389935223041],[-46.44437599712383,-23.523834191588772],[-46.44432987721997,-23.523834191588772],[-46.4441915175084,-23.523769030947136],[-46.444145397604544,-23.523703870305503],[-46.44405315779683,-23.523703870305503],[-46.444007037892966,-23.523638709663867],[-46.44391479808525,-23.52357354902223],[-46.44382255827754,-23.523508388380595],[-46.443730318469825,-23.52344322773896],[-46.44368419856597,-23.523378067097322],[-46.44359195875825,-23.52324774581405],[-46.44359195875825,-23.523182585172414],[-46.44354583885439,-23.523117424530778],[-46.443499718950534,-23.523052263889145],[-46.443499718950534,-23.52298710324751],[-46.44345359904668,-23.522921942605873],[-46.44345359904668,-23.522856781964236],[-46.44345359904668,-23.5227916213226],[-46.44340747914282,-23.5227916213226],[-46.44340747914282,-23.522726460680964],[-46.44340747914282,-23.522661300039328],[-46.44340747914282,-23.52259613939769],[-46.44340747914282,-23.522530978756055],[-46.44340747914282,-23.52246581811442],[-46.44340747914282,-23.522400657472783],[-46.44340747914282,-23.52233549683115],[-46.44340747914282,-23.522270336189514],[-46.44345359904668,-23.522270336189514],[-46.44345359904668,-23.522205175547878],[-46.44345359904668,-23.522140014906242],[-46.44354583885439,-23.521944532981333],[-46.44359195875825,-23.521879372339697],[-46.443638078662104,-23.52181421169806],[-46.44368419856597,-23.521749051056425],[-46.443730318469825,-23.521683890414792],[-46.44382255827754,-23.52155356913152],[-46.44391479808525,-23.521423247848247],[-46.44396091798911,-23.52135808720661],[-46.444007037892966,-23.52135808720661],[-46.444007037892966,-23.521292926564975],[-46.444007037892966,-23.52122776592334],[-46.44405315779683,-23.52122776592334],[-46.44409927770069,-23.521162605281702],[-46.44409927770069,-23.521097444640066],[-46.444145397604544,-23.521032283998434],[-46.444145397604544,-23.520967123356797],[-46.4441915175084,-23.52090196271516],[-46.4441915175084,-23.52077164143189],[-46.44423763741226,-23.520706480790253],[-46.44423763741226,-23.520641320148616],[-46.44423763741226,-23.52057615950698],[-46.44423763741226,-23.520510998865344],[-46.44423763741226,-23.520445838223708],[-46.44423763741226,-23.52038067758207],[-46.44423763741226,-23.52031551694044],[-46.4441915175084,-23.520250356298803],[-46.4441915175084,-23.52012003501553],[-46.4441915175084,-23.519989713732258],[-46.4441915175084,-23.519859392448986],[-46.444145397604544,-23.51979423180735],[-46.444145397604544,-23.519729071165713],[-46.444145397604544,-23.519598749882444],[-46.44409927770069,-23.519403267957536],[-46.44409927770069,-23.519207786032627],[-46.44409927770069,-23.51914262539099],[-46.44405315779683,-23.519012304107722],[-46.44405315779683,-23.518947143466086],[-46.44405315779683,-23.518751661541177],[-46.444007037892966,-23.51855617961627],[-46.444007037892966,-23.518491018974633],[-46.44396091798911,-23.518295537049728],[-46.44396091798911,-23.518165215766455],[-46.44396091798911,-23.517969733841547],[-46.44391479808525,-23.517839412558274],[-46.44391479808525,-23.517774251916638],[-46.443868678181396,-23.517513609350097],[-46.443868678181396,-23.517383288066824],[-46.443868678181396,-23.517187806141916],[-46.44382255827754,-23.51699232421701],[-46.44382255827754,-23.51686200293374],[-46.44377643837368,-23.51666652100883],[-46.44377643837368,-23.516536199725557],[-46.443730318469825,-23.516405878442285],[-46.443730318469825,-23.516340717800652],[-46.443730318469825,-23.516145235875744],[-46.443730318469825,-23.515949753950835],[-46.443730318469825,-23.5158845933092],[-46.44377643837368,-23.515754272025926],[-46.44377643837368,-23.515623950742658],[-46.44382255827754,-23.51555879010102],[-46.44382255827754,-23.51542846881775],[-46.443868678181396,-23.515363308176113],[-46.44391479808525,-23.515167826251204],[-46.44391479808525,-23.515102665609568],[-46.44391479808525,-23.5149723443263],[-46.44396091798911,-23.514907183684663],[-46.44396091798911,-23.514842023043027],[-46.44396091798911,-23.514711701759754],[-46.44396091798911,-23.514581380476482],[-46.44396091798911,-23.51445105919321],[-46.44391479808525,-23.51432073790994],[-46.44391479808525,-23.514125255985032],[-46.44391479808525,-23.51399493470176],[-46.443868678181396,-23.51379945277685],[-46.443868678181396,-23.51366913149358],[-46.44391479808525,-23.51366913149358],[-46.44396091798911,-23.51366913149358],[-46.444007037892966,-23.51366913149358],[-46.4441915175084,-23.51366913149358],[-46.44437599712383,-23.51366913149358],[-46.44442211702769,-23.51366913149358],[-46.44456047673926,-23.51366913149358],[-46.44474495635469,-23.513734292135215],[-46.44483719616241,-23.513734292135215],[-46.445067795681695,-23.513734292135215],[-46.44525227529713,-23.513734292135215],[-46.44534451510484,-23.513734292135215],[-46.445436754912556,-23.513734292135215],[-46.44548287481641,-23.51379945277685],[-46.445575114624134,-23.51379945277685],[-46.44566735443185,-23.51379945277685],[-46.445851834047275,-23.51379945277685],[-46.445944073854996,-23.51379945277685],[-46.44612855347042,-23.51379945277685],[-46.44622079327814,-23.51379945277685],[-46.44631303308586,-23.513864613418487],[-46.446497512701285,-23.513864613418487],[-46.44663587241286,-23.513864613418487],[-46.44686647193215,-23.513864613418487],[-46.44705095154758,-23.513864613418487],[-46.44709707145144,-23.513864613418487],[-46.44723543116301,-23.513929774060124],[-46.44732767097072,-23.513929774060124],[-46.44741991077844,-23.513929774060124],[-46.4474660306823,-23.513929774060124],[-46.44765051029773,-23.513929774060124],[-46.44774275010545,-23.513929774060124],[-46.44788110981702,-23.513929774060124],[-46.448065589432446,-23.51399493470176],[-46.44825006904788,-23.51399493470176],[-46.44838842875945,-23.51399493470176],[-46.44848066856717,-23.51399493470176],[-46.44861902827874,-23.51399493470176],[-46.44875738799031,-23.51399493470176],[-46.448803507894176,-23.51399493470176],[-46.44889574770189,-23.514060095343396],[-46.448987987509604,-23.514060095343396],[-46.44908022731732,-23.514060095343396],[-46.449126347221174,-23.514060095343396],[-46.44926470693275,-23.514060095343396],[-46.44931082683661,-23.514060095343396],[-46.449495306452036,-23.514060095343396],[-46.449633666163614,-23.514060095343396],[-46.44972590597133,-23.514125255985032],[-46.4498642656829,-23.514125255985032],[-46.44995650549062,-23.514125255985032],[-46.45009486520219,-23.514125255985032],[-46.4501871050099,-23.514125255985032],[-46.45027934481762,-23.514125255985032],[-46.45046382443305,-23.514125255985032],[-46.450648304048485,-23.51419041662667],[-46.4507405438562,-23.51419041662667],[-46.45083278366391,-23.51419041662667],[-46.45101726327935,-23.51419041662667],[-46.451201742894774,-23.51419041662667],[-46.45124786279863,-23.51419041662667],[-46.45138622251021,-23.51419041662667],[-46.451432342414066,-23.514255577268305],[-46.45161682202949,-23.514255577268305],[-46.45180130164493,-23.514255577268305],[-46.451847421548784,-23.514255577268305],[-46.45189354145264,-23.514255577268305],[-46.4519396613565,-23.514255577268305],[-46.451985781260355,-23.514255577268305],[-46.451985781260355,-23.51432073790994],[-46.45203190116421,-23.51432073790994],[-46.45207802106807,-23.51432073790994],[-46.4522625006835,-23.514385898551573],[-46.45235474049122,-23.51445105919321],[-46.45244698029893,-23.51445105919321],[-46.452493100202794,-23.514516219834846],[-46.45258534001051,-23.514516219834846],[-46.45267757981822,-23.514581380476482],[-46.452769819625935,-23.514581380476482],[-46.452862059433656,-23.51464654111812],[-46.453000419145226,-23.51464654111812],[-46.4531387788568,-23.514711701759754],[-46.453184898760654,-23.514711701759754],[-46.45323101866452,-23.51477686240139],[-46.45336937837609,-23.51477686240139],[-46.453415498279945,-23.514842023043027],[-46.45359997789538,-23.514907183684663],[-46.45369221770309,-23.514907183684663],[-46.45373833760695,-23.5149723443263],[-46.45378445751081,-23.5149723443263],[-46.453922817222384,-23.515037504967932],[-46.454061176933955,-23.515037504967932],[-46.45415341674167,-23.515102665609568],[-46.45424565654938,-23.515102665609568],[-46.4543378963571,-23.515167826251204],[-46.45443013616482,-23.51523298689284],[-46.45452237597253,-23.51523298689284],[-46.45456849587639,-23.51523298689284],[-46.45466073568411,-23.515298147534477],[-46.45475297549182,-23.515298147534477],[-46.45475297549182,-23.515363308176113],[-46.454845215299535,-23.515363308176113],[-46.45489133520339,-23.515363308176113],[-46.45502969491497,-23.51542846881775],[-46.45516805462654,-23.515493629459385],[-46.4552141745304,-23.515493629459385],[-46.45535253424197,-23.515493629459385],[-46.45544477404969,-23.515493629459385],[-46.455490893953545,-23.515493629459385],[-46.45558313376126,-23.515493629459385],[-46.455629253665116,-23.515493629459385],[-46.45595209299212,-23.51555879010102],[-46.456044332799834,-23.51555879010102],[-46.45618269251141,-23.51555879010102],[-46.45632105222298,-23.51555879010102],[-46.45636717212684,-23.51555879010102],[-46.45650553183842,-23.51555879010102],[-46.456690011453844,-23.51555879010102],[-46.45687449106928,-23.51555879010102],[-46.45701285078085,-23.51555879010102],[-46.457197330396276,-23.51555879010102],[-46.45738181001171,-23.51555879010102],[-46.45742792991557,-23.51555879010102],[-46.457612409531,-23.51555879010102],[-46.45779688914643,-23.51555879010102],[-46.45788912895414,-23.51555879010102],[-46.45802748866572,-23.51555879010102],[-46.458119728473434,-23.51555879010102],[-46.45821196828115,-23.51555879010102],[-46.458350327992726,-23.51555879010102],[-46.45853480760815,-23.51555879010102],[-46.45858092751201,-23.51555879010102],[-46.458765407127444,-23.51555879010102],[-46.45885764693516,-23.51555879010102],[-46.458903766839015,-23.51555879010102],[-46.45899600664673,-23.51555879010102],[-46.45904212655059,-23.51555879010102],[-46.45918048626216,-23.51555879010102],[-46.45922660616602,-23.51555879010102],[-46.459411085781454,-23.51555879010102],[-46.45950332558917,-23.51555879010102],[-46.459687805204595,-23.51555879010102],[-46.45982616491617,-23.51555879010102],[-46.45987228482003,-23.51555879010102],[-46.46005676443546,-23.51555879010102],[-46.460102884339314,-23.51555879010102],[-46.46024124405089,-23.51555879010102],[-46.46042572366632,-23.51555879010102],[-46.46065632318561,-23.51555879010102],[-46.46084080280104,-23.51555879010102],[-46.4608869227049,-23.51555879010102],[-46.46102528241647,-23.51555879010102],[-46.46107140232033,-23.51555879010102],[-46.46116364212804,-23.51555879010102],[-46.46125588193576,-23.51555879010102],[-46.46134812174348,-23.51555879010102],[-46.46148648145505,-23.51555879010102],[-46.461532601358904,-23.51555879010102],[-46.46167096107048,-23.51555879010102],[-46.46171708097434,-23.51555879010102],[-46.46180932078205,-23.51555879010102],[-46.461901560589766,-23.51555879010102],[-46.46203992030134,-23.51555879010102],[-46.4620860402052,-23.51555879010102],[-46.46222439991677,-23.51555879010102],[-46.46227051982063,-23.51555879010102],[-46.46236275962835,-23.51555879010102],[-46.46250111933992,-23.51555879010102],[-46.462547239243776,-23.51555879010102],[-46.462685598955346,-23.51555879010102],[-46.46277783876307,-23.51555879010102],[-46.46287007857078,-23.51555879010102],[-46.46291619847464,-23.51555879010102],[-46.46300843828235,-23.51555879010102],[-46.46310067809007,-23.51555879010102],[-46.4632851577055,-23.51555879010102],[-46.46337739751321,-23.51555879010102],[-46.46342351741707,-23.51555879010102],[-46.463469637320934,-23.51555879010102],[-46.46351575722479,-23.51555879010102],[-46.46356187712865,-23.51555879010102],[-46.46365411693636,-23.515623950742658],[-46.463746356744075,-23.515623950742658],[-46.46393083635951,-23.515623950742658],[-46.46402307616722,-23.515623950742658],[-46.46406919607108,-23.51568911138429],[-46.46411531597494,-23.51568911138429],[-46.4641614358788,-23.51568911138429],[-46.46429979559037,-23.51568911138429],[-46.46434591549423,-23.51568911138429],[-46.46443815530194,-23.51568911138429],[-46.46457651501352,-23.515754272025926],[-46.464760994628946,-23.515754272025926],[-46.4648071145328,-23.515754272025926],[-46.46494547424438,-23.515819432667563],[-46.46499159414824,-23.515819432667563],[-46.46508383395595,-23.515819432667563],[-46.465176073763665,-23.515819432667563],[-46.46531443347524,-23.5158845933092],[-46.465406673282956,-23.5158845933092],[-46.46554503299453,-23.5158845933092],[-46.46572951260996,-23.515949753950835],[-46.46591399222539,-23.515949753950835],[-46.465960112129245,-23.515949753950835],[-46.46609847184082,-23.515949753950835],[-46.46619071164854,-23.51601491459247],[-46.46623683155239,-23.51601491459247],[-46.46637519126397,-23.51601491459247],[-46.46651355097554,-23.516080075234107],[-46.4665596708794,-23.516080075234107],[-46.46669803059097,-23.516080075234107],[-46.46674415049483,-23.516080075234107],[-46.46692863011026,-23.516145235875744],[-46.467020869917974,-23.516145235875744],[-46.46720534953341,-23.516145235875744],[-46.46729758934112,-23.516145235875744],[-46.46734370924498,-23.51621039651738],[-46.467389829148836,-23.51621039651738],[-46.46752818886041,-23.51621039651738],[-46.46757430876427,-23.51621039651738],[-46.46762042866813,-23.51621039651738],[-46.46771266847584,-23.516275557159016],[-46.4677587883797,-23.516275557159016],[-46.467804908283554,-23.516275557159016],[-46.46798938789899,-23.516405878442285],[-46.468035507802846,-23.516405878442285],[-46.46812774761056,-23.516536199725557],[-46.468173867514416,-23.516601360367194],[-46.46821998741828,-23.51666652100883],[-46.46826610732214,-23.516731681650466],[-46.46835834712985,-23.516927163575374],[-46.468450586937564,-23.517057484858643],[-46.46854282674528,-23.517252966783552],[-46.468635066553,-23.517383288066824],[-46.46872730636071,-23.517513609350097],[-46.46872730636071,-23.517578769991733],[-46.46877342626457,-23.517578769991733],[-46.46877342626457,-23.51764393063337],[-46.468819546168426,-23.51764393063337],[-46.46886566607228,-23.517709091275],[-46.46891178597615,-23.517839412558274],[-46.46900402578386,-23.518034894483183],[-46.469096265591574,-23.518165215766455],[-46.46918850539929,-23.518295537049728],[-46.469234625303145,-23.51836069769136],[-46.469326865110865,-23.51855617961627],[-46.46937298501472,-23.518621340257905],[-46.469465224822436,-23.518751661541177],[-46.46955746463015,-23.51888198282445],[-46.469603584534006,-23.51888198282445],[-46.46964970443787,-23.518947143466086],[-46.469741944245584,-23.519012304107722],[-46.469880303957154,-23.51914262539099],[-46.46992642386101,-23.51914262539099],[-46.46997254376487,-23.519207786032627],[-46.470110903476446,-23.519272946674263],[-46.470110903476446,-23.5193381073159],[-46.4701570233803,-23.5193381073159],[-46.47020314328416,-23.5193381073159],[-46.470249263188016,-23.5193381073159],[-46.47034150299573,-23.519403267957536],[-46.47043374280345,-23.519403267957536],[-46.47047986270731,-23.519468428599172],[-46.47061822241888,-23.519468428599172],[-46.470756582130456,-23.519533589240808],[-46.47084882193817,-23.519598749882444],[-46.47094106174588,-23.519598749882444],[-46.47098718164974,-23.519598749882444],[-46.4710333015536,-23.519598749882444],[-46.47112554136132,-23.519598749882444],[-46.471171661265174,-23.51966391052408],[-46.47121778116903,-23.51966391052408],[-46.47126390107289,-23.51966391052408],[-46.4713561408806,-23.519598749882444],[-46.47140226078446,-23.519598749882444],[-46.47149450059218,-23.519598749882444],[-46.47163286030375,-23.519598749882444],[-46.47177122001532,-23.519533589240808],[-46.47181733991918,-23.519533589240808],[-46.47186345982304,-23.519533589240808],[-46.47204793943847,-23.519468428599172],[-46.47218629915004,-23.519468428599172],[-46.47237077876547,-23.519403267957536],[-46.47246301857319,-23.519403267957536],[-46.4725552583809,-23.519403267957536],[-46.472739737996335,-23.519403267957536],[-46.472878097707905,-23.5193381073159],[-46.47292421761176,-23.5193381073159],[-46.47301645741948,-23.5193381073159],[-46.47320093703491,-23.5193381073159],[-46.473293176842624,-23.5193381073159],[-46.4734315365542,-23.519272946674263],[-46.473523776361915,-23.519272946674263],[-46.47356989626577,-23.519272946674263],[-46.47370825597735,-23.519272946674263],[-46.47375437588121,-23.519272946674263],[-46.47398497540049,-23.519207786032627],[-46.47412333511207,-23.519207786032627],[-46.474169455015925,-23.519207786032627],[-46.47421557491978,-23.519207786032627],[-46.47426169482364,-23.519207786032627],[-46.474307814727496,-23.519207786032627],[-46.47435393463135,-23.519207786032627],[-46.47440005453522,-23.51914262539099],[-46.47444617443907,-23.51914262539099],[-46.47449229434293,-23.51914262539099],[-46.47453841424679,-23.519077464749355],[-46.474584534150644,-23.519077464749355],[-46.4746306540545,-23.519077464749355],[-46.4746306540545,-23.519012304107722],[-46.47467677395836,-23.519012304107722],[-46.47467677395836,-23.518947143466086],[-46.474722893862214,-23.518947143466086],[-46.474722893862214,-23.51888198282445],[-46.47476901376608,-23.51888198282445],[-46.47486125357379,-23.51868650089954],[-46.474953493381506,-23.51855617961627],[-46.47504573318922,-23.51836069769136],[-46.47513797299694,-23.51823037640809],[-46.475230212804654,-23.518034894483183],[-46.47532245261237,-23.51790457319991],[-46.47541469242008,-23.517774251916638],[-46.4755069322278,-23.517578769991733],[-46.47555305213166,-23.517578769991733],[-46.47555305213166,-23.517513609350097],[-46.475599172035515,-23.517513609350097],[-46.475599172035515,-23.51744844870846],[-46.47564529193937,-23.51744844870846],[-46.47564529193937,-23.517383288066824],[-46.47569141184323,-23.517383288066824],[-46.475737531747086,-23.517383288066824],[-46.475737531747086,-23.517318127425188],[-46.47578365165094,-23.517318127425188],[-46.4758297715548,-23.517318127425188],[-46.4758297715548,-23.517252966783552],[-46.475875891458664,-23.517252966783552],[-46.476152610881805,-23.51712264550028],[-46.47619873078566,-23.517057484858643],[-46.476244850689525,-23.517057484858643],[-46.47629097059338,-23.517057484858643],[-46.47633709049724,-23.517057484858643],[-46.476383210401096,-23.517057484858643]]]}}]}